ID,Text,Comment
Demolish.Mark,Tháo dỡ,Demolishing is removing with the use of builders. Must be different than 'Delete' which has a slightly different meaning in the game.
Demolish.PriorityTitle,Độ ưu tiên tháo dỡ:,Setting a priority for demolition work on demolition target
DemolishSelectionTool.Description,Dùng công cụ này để đánh dấu các tài nguyên bạn muốn tháo dỡ. Tất cả tài nguyên sẽ bị mất.,
DemolishSelectionTool.Title,Đánh dấu tài nguyên để tháo dỡ,
DemolishUnselectionTool.Description,Dùng công cụ này để hủy đánh dấu các tài nguyên đã chọn tháo dỡ.,
DemolishUnselectionTool.Title,Hủy đánh dấu tháo dỡ tài nguyên,
Demolishable.Science.Grants,Thưởng,"Text shown in entity panel when a building grants science points, like e.g. 'Grants 1000 points'. Please keep short."
Distribution.BalanceInfo,Các khu vực được kết nối sẽ tự cân bằng hàng hóa lẫn nhau dựa trên tỉ lệ lấp đầy kho chứa và ngưỡng xuất khẩu tùy chỉnh.,
Distribution.ExportAll,Xuất khẩu tất cả hàng hóa không giới hạn,A setting for the distribution panel that makes it so all goods are exported.
Distribution.ExportNone,Không xuất khẩu bất kỳ hàng hóa nào,A setting for the distribution panel that makes it so no goods are exported.
Distribution.ExportThreshold,Ngưỡng xuất khẩu: {0},{0} stands for export threshold (minimum) value as percent. Tooltip for export threshold slider.
Distribution.ImportAuto,Nhập khẩu khi cần,A setting for the distribution panel that makes it so local storage will be filled based on fill rate of all storages in the network.
Distribution.ImportAuto.Description,Chỉ nhập khẩu hàng hóa nếu có kho chứa phù hợp hoặc nơi làm việc có nhu cầu.,
Distribution.ImportAutoAll,Nhập khẩu tất cả khi cần,A setting for the distribution panel that makes it so all goods are imported if there's a storage that needs them.
Distribution.ImportDisabled,Không nhập khẩu,A setting for the distribution panel that disables import of the chosen good.
Distribution.ImportDisabled.Description,Tắt hoàn toàn việc nhập khẩu hàng hóa này vào khu vực.,
Distribution.ImportDisabledAll,Không nhập khẩu gì,A setting for the distribution panel that makes it so no goods are imported.
Distribution.ImportForced,Luôn luôn nhập khẩu,"A setting for the distribution panel that makes it so all goods are imported alwyas, even if there's no storage for it."
Distribution.ImportForced.Description,Luôn nhập khẩu hàng hóa này đến Trạm trung chuyển khu vực ngay cả khi không có kho chứa phù hợp hay nhu cầu làm việc.,
Distribution.ImportForcedAll,Luôn nhập khẩu tất cả,"District Crossing should be the same as in Building.DistrictCrossing.DisplayName. A setting for the distribution panel that makes it so all goods are imported. Additionally, it takes into account internal storage of the District Crossing building."
Distribution.ImportGoodTooltip.Disabled,Việc nhập khẩu bị tắt theo thiết lập phân phối.,"The text shown on a good's tooltip when its import option is set to ""Do not import"""
Distribution.ImportGoodTooltip.Forced,Việc nhập khẩu được bắt buộc theo thiết lập phân phối.,"The text shown on a good's tooltip when its import option is set to ""Import always"""
Distribution.ImportGoodTooltip.Importable,Việc nhập khẩu được bật do có kho chứa và nhu cầu làm việc.,"The text shown on a good's tooltip when it is importable. ""Storage and workplace demand"" should be the same as in Distribution.ImportAuto.Description"
Distribution.ImportGoodTooltip.NonImportable,Việc nhập khẩu bị chặn do thiếu kho chứa và nhu cầu làm việc trong khu vực này.,"The text shown on a good's tooltip when it is not importable. ""Storage and workplace demand"" should be the same as in Distribution.ImportAuto.Description"
Distribution.ImportedGoods,Hàng hóa nhập khẩu,The header of the panel that shows importable and non-importable goods
Distribution.ManageDistribution,Quản lý phân phối,Label for button that opens distribution panel. Distribution should be the same as in BatchControl.Distribution
Distribution.Reset,Khôi phục tất cả về mặc định,A button that resets distribution settings to default.
Districts.DefaultDistrictName,Khu vực {0},"{0} is a number. By default districts are named District 1, District 2 etc."
Districts.Districts,Các khu vực,
Districts.GlobalView,Góc nhìn toàn cảnh,
Duplication.DuplicateSettingsToolDescription,Chọn mục tiêu để dán cấu hình,Description of a tool which copies configuration from one building to another
Dwelling.Dwellers,Cư dân,Header for the box of the inhabitants/tenants of this house
Dwelling.Inhabitants,Cư dân: {0},{0} stands for a number. How many beavers live in this house.
Dwelling.Newborn,{0} vừa chào đời!,{0} stands for beaver name. Notification that shows when a new beaver is born.
Dwelling.NoBeaverCanReach,Không chú hải ly nào có thể đi đến nhà ở này.,Information that this building is unreachable for any beavers.
Dwelling.NoUnemployedCanReach,Không chú hải ly thất nghiệp nào có thể đi đến nhà ở này.,Information that this building is unreachable for any unemployed beavers.
Dwellings.FreeBeds,Giường trống,Label before number of unoccupied beds
Dwellings.OccupiedBeds,Giường đã có chủ,Label before number of occupied beds
EffectProbability.High,Tỉ lệ cao bị: {0},"Text indicating a high chance of an effect occurring, {0} stands for an effect name (same as Need.Injury.DisplayName). For example: 'High chance of: Injury'"
EffectProbability.Low,Tỉ lệ thấp bị: {0},"Text indicating a low chance of an effect occurring, {0} stands for an effect name (same as Need.Injury.DisplayName). For example: 'Low chance of: Injury'"
EffectProbability.Medium,Tỉ lệ trung bình bị: {0},"Text indicating a medium chance of an effect occurring, {0} stands for an effect name (same as Need.Injury.DisplayName). For example: 'Medium chance of: Injury'"
Emptying.Empty,Dọn rỗng kho,A command for beavers to empty this storage.
Enterable.DistanceToDistrict,Khoảng cách tới Trung tâm khu vực: {0},{0} stands for distance to District Center. District Center must be the same as Building.DistrictCenter.DisplayName
Enterable.DistanceToDistrictLarge,Hãy cân nhắc tối ưu hóa đường đi hoặc chia nhỏ khu vực này ra.,
EntityPanel.ChangeName,Nhập tên mới:,Shown when renaming a beaver or a district
EntityPanel.Close,Đóng,Tooltip for close button on entity panel
EntityPanel.Customize,Tùy chỉnh,Tooltip over a button in entity panel which opens color customization
EntityPanel.Focus,Theo dõi,Tooltip over follow/focus button on entity panel
EntityPanel.Hide,Ẩn mô tả,Tooltip for a button which hides description
EntityPanel.Rename,Đổi tên,Common tooltip text for rename beaver / rename district
EntityPanel.Show,Hiện mô tả,Tooltip for a button which shows description
Experimental.Header,Thông tin Chế độ Thử nghiệm,Welcome text that is shown to players of the experimental versions of the game
Experimental.WelcomeText,"Phiên bản Timberborn này cho phép bạn trải nghiệm các tính năng thử nghiệm chưa hoàn thiện. Do đó, nó cũng dễ gặp các lỗi nghiêm trọng hơn. Bạn đúng là một chú hải ly dũng cảm!

Các bản lưu trong Chế độ Thử nghiệm được lưu riêng biệt với bản game chính. Các bản cập nhật có thể làm mất tính tương thích của bản lưu.

Trong Chế độ Thử nghiệm này, <RedHighlight>nhiều phần của trò chơi chưa được dịch và sẽ hiển thị bằng tiếng Anh</RedHighlight>, bất kể lựa chọn ngôn ngữ của bạn. Điều này giúp chúng tôi thêm nội dung mới và thực hiện điều chỉnh nhanh chóng mà không cần chờ đợi quá trình dịch thuật tốn thời gian.

Chúng tôi khuyên bạn nên tham gia máy chủ Discord chính thức của chúng tôi để thảo luận về các nội dung mới.",Welcome text that is shown to players of the experimental versions of the game.
Explosions.BlownInExplosionMessage,{0} đã bị nổ tung.,{0} stands for character name. Notification that shows when a character (Beaver/Bot) is killed/destroyed by an explosion (another bot or dynamite)
Faction.Folktails.Description,"Dễ tính nhưng vô cùng chăm chỉ, Đuôi Bông là những nông dân bậc thầy. Họ tôn trọng thiên nhiên và thiên nhiên ban tặng cho họ vụ mùa bội thu.
Khẩu hiệu của họ: <i>Thoải mái, thức ăn ngon và gỗ vững bền.</i>",Description of a beaver faction
Faction.Folktails.DisplayName,Đuôi Bông,Name of a faction
Faction.Folktails.GameOver.Flavor,"Khi bạn không biết trân trọng món quà của thiên nhiên, nó sẽ đòi lại tất cả.",Flavor text of the game over panel
Faction.Folktails.GameOver.Message,Cộng đồng Đuôi Bông của bạn đã chịu chung số phận bi thương như loài người tiền nhiệm. Đây là kết cục.,Text of the game over panel
Faction.Folktails.WonderCompletionFlavor,"Tích lũy được nguồn tài sản và tri thức to lớn, những chú hải ly của bạn đã chia sẻ thành quả lao động với hành tinh đang kiệt quệ. Vẫn còn nhiều việc phải làm, nhưng Trái Đất có thể sẽ hồi sinh một lần nữa.",Flavor text shown when the player has mastered a map with the Folktails faction. Mastery means building and activating a Wonder.
Faction.Folktails.WonderCompletionMessage,Xin chúc mừng! Bạn đã làm chủ lối sống hòa hợp với thiên nhiên của Đuôi Bông và sử dụng tài nguyên của bản đồ này để xây dựng kỳ quan cho phe phái.,A message that is shown when the player has mastered a map with the Folktails faction. Mastery means building and activating a Wonder.
Faction.IronTeeth.Description,"Tách khỏi lối sống dựa vào gỗ truyền thống, họ làm chủ sắt thép và khoa học để chế tạo máy móc tân tiến.
Họ đạt được tiến bộ nhờ sự khéo léo, hiệu quả và bất chấp môi trường.
Khẩu hiệu của họ: <i>Làm hết sức, làm hết mình.</i>",Description of a beaver faction
Faction.IronTeeth.DisplayName,Răng Sắt,Name of a faction
Faction.IronTeeth.GameOver.Flavor,"Đôi khi, chỉ một linh kiện bị lỗi nhỏ nhất cũng làm hỏng cả cỗ máy.",Flavor text of the game over panel
Faction.IronTeeth.GameOver.Message,Khu định cư Răng Sắt của bạn đã sụp đổ mà không còn cơ hội phục hồi. Đây là kết cục.,Text of the game over panel
Faction.IronTeeth.WonderCompletionFlavor,"Những nhà tiên phong của bạn đã cất cánh bay qua vùng đất hoang tàn, để lại khu định cư phồn vinh phía sau. Để Trái Đất có thể phục hồi, sự thịnh vượng mới tìm thấy của loài hải ly cần phải được chia sẻ.",Flavor text shown when the player has mastered a map with the Folktails faction. Mastery means building and activating a Wonder.
Faction.IronTeeth.WonderCompletionMessage,Làm tốt lắm! Năng lực công nghệ vượt trội đã giúp bạn khai thác tối đa sức mạnh công nghiệp của Răng Sắt để chinh phục bản đồ này và xây dựng kỳ quan cho phe phái.,A message that is shown when the player has mastered a map with the Iron Teeth faction. Mastery means building and activating a Wonder.
FactionSelection.Header,Chọn phe phái,
FactionSelection.NewFactionUnlocked,Mở khóa phe phái mới:,Followed by the name of a faction in new line
FactionSelection.WellbeingCondition,"Để mở khóa, hãy đạt mức phúc lợi trung bình là {0} khi chơi phe {1}.",{0} stands for a number {1} stand for Faction.DisplayName
Fields.Harvesting,Thu hoạch,Preceded by Fields.PriorityAction
Fields.Planting,Gieo trồng,Preceded by Fields.PriorityAction
Fields.PriorityAction,Hành động ưu tiên,Which of the actions is prioritized.
FileBrowser.Header,Chọn tệp,Header of the file browser window.
FileBrowser.NoPermission,Bạn không có quyền truy cập vào thư mục này.,Shown in the file browser when the user doesn't have permission to access the selected folder.
FileBrowser.Open,Mở,Label of the button that opens currently selected folder or loads currently selected file.
Fireworks.Type.CometBlue,Sao chổi (xanh dương),"Name of a firework type, resembling a comet in blue color. Please keep short."
Fireworks.Type.CometRed,Sao chổi (đỏ),"Name of a firework type, resembling a comet in red color. Please keep short."
Fireworks.Type.CometWhite,Sao chổi (trắng),"Name of a firework type, resembling a comet in white color. Please keep short."
Fireworks.Type.Fish,Đàn cá,"Name of a firework type, resembling a group of fish. Please keep short."
Fireworks.Type.KamuroBlue,Cúc rủ (xanh dương),"Name of a firework type, one of most popular firework styles, in blue color. Please keep short."
Fireworks.Type.KamuroOrange,Cúc rủ (cam),"Name of a firework type, one of most popular firework styles, in orange color. Please keep short."
Fireworks.Type.KamuroPink,Cúc rủ (hồng),"Name of a firework type, one of most popular firework styles, in pink color. Please keep short."
Fireworks.Type.KamuroRed,Cúc rủ (đỏ),"Name of a firework type, one of most popular firework styles, in red color. Please keep short."
Fireworks.Type.KamuroWhite,Cúc rủ (trắng),"Name of a firework type, one of most popular firework styles, in white color. Please keep short."
Fireworks.Type.PalmBlue,Lá dừa (xanh dương),"Name of a firework type, resembling a palm tree leaves, in blue color. Please keep short."
Fireworks.Type.PalmGold,Lá dừa (vàng kim),"Name of a firework type, resembling a palm tree leaves, in gold color. Please keep short."
Fireworks.Type.PalmGreen,Lá dừa (xanh lá),"Name of a firework type, resembling a palm tree leaves, in green color. Please keep short."
Fireworks.Type.PeonyRedBlue,Mẫu đơn (đỏ & xanh),"Name of a firework type, resembling a peony flower shape, in red and blue colors. Please keep short."
Fireworks.Type.PeonyViolet,Mẫu đơn (tím),"Name of a firework type, resembling a peony flower shape, in violet color. Please keep short."
Fireworks.Type.PeonyYellowGreen,Mẫu đơn (vàng & xanh),"Name of a firework type, resembling a peony flower shape, in yellow and green colors. Please keep short."
Fireworks.Type.Sparks,Tia lửa,"Name of a firework type, resembling sparks flying around. Please keep short."
Fireworks.Type.Willow,Cành liễu,"Name of a firework type, resembling willow tree leaves. Please keep short."
FlexibleStart.ChooseStartLocation,Chọn vị trí xuất phát,Text shown when the player is choosing a new starting location.
FlexibleStart.Relocate,Đổi vị trí xuất phát,Label of a button for changing the starting location.
FlexibleStart.ResetStartLocation,Đặt lại về mặc định,Label of a button for bringing back the initial starting location.
FlexibleStart.Start,Bắt đầu!,Label of a button for confirming a start location on map and starting a new game.
FlexibleStart.Unlocked,Đã mở khóa xuất phát linh hoạt,Flexible start means that player can choose any starting location on the map
GameExitPanel.Exit,Thoát,A button please keep short
GameExitPanel.Message,"Trước khi rời đi, hãy giúp chúng tôi cải thiện trò chơi bằng cách chia sẻ ý kiến đóng góp của bạn.",
GameExitPanel.ShareFeedback,Gửi góp ý,A button please keep short
GameExitPanel.Title,Cảm ơn bạn đã chơi Timberborn!,Message shown in popup box shortly before the game is closed.
GameOver.Continue,Nhìn lại một lần cuối...,Text on continue button in game over panel
GameOver.Exit,Thoát ra menu chính,Text on finish button in game over panel
GameOver.Header,Kết thúc,Header of the game over panel
GameUI.ShowDistrictList,Hiện/ẩn danh sách khu vực,Shown in tooltip over districts in main game hud
Gathering.Action,Thu thập:,"Followed by a list of goods, like Gathers: Berries"
Gathering.Nothing,Không có gì,Nothing is prioritized to be gathered.
Gathering.Prioritize,Ưu tiên,Which resource is prioritized to be gathered.
Goals.NotEligible,không khả dụng khi chơi phe này!,Preceded by Goals.Progress
Goals.Progress,Tiến độ:,
Goals.Unlocked,đã mở khóa!,Preceded by Goals.Progress
Good.Algae.DisplayName,Tảo,"Algae that's been cultivated in the Hydroponic Garden, it's processed into an edible ration. It doesn't specifically represent any specific algae kind."
Good.Algae.PluralDisplayName,Tảo,"Algae that's been cultivated in the Hydroponic Garden, it's processed into an edible ration. It doesn't specifically represent any specific algae kind."
Good.AlgaeRation.DisplayName,Khẩu phần tảo,"Algae should be the same as in Good.Algae.DisplayName. Ration should be consistent between Good.AlgaeRation.DisplayName, Good.CornRation.DisplayName, Good.EggplantRation.DisplayName and Building.FoodFactory.Description"
Good.AlgaeRation.PluralDisplayName,Khẩu phần tảo,Algae should be the same as in Good.Algae.DisplayName
Good.Antidote.DisplayName,Thuốc giải độc,Antidote made out of natural resources (used to heal badwater contamination).
Good.Antidote.PluralDisplayName,Thuốc giải độc,Antidote made out of natural resources (used to heal badwater contamination).
Good.Badwater.DisplayName,Nước bẩn,"A toxic liquid resource, a remnant of human civilization that contaminates the land, plants, and beavers. It flows on the maps in the form of toxic rivers. The name comes from 'bad' and 'water' and it does not refer to any actual resource or place in the real world, it is a name that beavers came up with. Please note that this term is very important because it is one of the core aspects of the game, the resource is as abundant in the game as normal water. If you have any doubts about the meaning of the word, please contact the developers."
Good.Badwater.PluralDisplayName,Nước bẩn,"A toxic liquid resource, a remnant of human civilization that contaminates the land, plants, and beavers. It flows on the maps in the form of toxic rivers. The name comes from 'bad' and 'water' and it does not refer to any actual resource or place in the real world, it is a name that beavers came up with. Please note that this term is very important because it is one of the core aspects of the game, the resource is as abundant in the game as normal water. If you have any doubts about the meaning of the word, please contact the developers."
Good.Berries.DisplayName,Quả mọng,Resource name
Good.Berries.PluralDisplayName,Quả mọng,Resource name
Good.Biofuel.DisplayName,Nhiên liệu sinh học,Fuel made out of natural resources like plants.
Good.Biofuel.PluralDisplayName,Nhiên liệu sinh học,Fuel made out of natural resources like plants.
Good.Book.DisplayName,Sách,A name of a good.
Good.Book.PluralDisplayName,Sách,A name of a good.
Good.BotChassis.DisplayName,Khung máy thợ máy,A big bot part that holds most of the machinery inside. Bot should be the same as Bot.TemplateName.
Good.BotChassis.PluralDisplayName,Khung máy thợ máy,A big bot part that holds most of the machinery inside. Bot should be the same as Bot.TemplateName.
Good.BotHead.DisplayName,Đầu thợ máy,A head of a bot. Bot should be the same as Bot.TemplateName.
Good.BotHead.PluralDisplayName,Đầu thợ máy,A head of a bot. Bot should be the same as Bot.TemplateName.
Good.BotLimb.DisplayName,Chi thợ máy,An unspecified limb of a bot. Bot should be the same as Bot.TemplateName.
Good.BotLimb.PluralDisplayName,Chi thợ máy,An unspecified limb of a bot. Bot should be the same as Bot.TemplateName.
Good.Bread.DisplayName,Bánh mì,A name of a good.
Good.Bread.PluralDisplayName,Bánh mì,A name of a good.
Good.CanolaOil.DisplayName,Dầu cải,Canola should be the same as in Good.CanolaSeeds.DisplayName.
Good.CanolaOil.PluralDisplayName,Dầu cải,Canola should be the same as in Good.CanolaSeeds.DisplayName.
Good.CanolaSeeds.DisplayName,Hạt cải,An oil crop that grows tall and is full of yellow flowers.
Good.CanolaSeeds.PluralDisplayName,Hạt cải,An oil crop that grows tall and is full of yellow flowers.
Good.Carrot.DisplayName,Cà rốt,Resource name
Good.Carrot.PluralDisplayName,Cà rốt,Resource name
Good.Cassava.DisplayName,Sắn,"A root vegetable that's poisonous to eat raw, also known as manioc or yuca."
Good.Cassava.PluralDisplayName,Sắn,"A root vegetable that's poisonous to eat raw, also known as manioc or yuca."
Good.Catalyst.DisplayName,Chất xúc tác,"A potent Biofuel reagent, allowing bots to work and move faster."
Good.Catalyst.PluralDisplayName,Chất xúc tác,Plural form of Good.Catalyst.DisplayName
Good.CattailCracker.DisplayName,Bánh nướng bồn bồn,"Crackers made from flour made from roots of the plant of a genus Typha, keep plant name same as NaturalResource.Cattail.DisplayName"
Good.CattailCracker.PluralDisplayName,Bánh nướng bồn bồn,"Crackers made from flour made from roots of the plant of a genus Typha, keep plant name same as NaturalResource.Cattail.DisplayName"
Good.CattailFlour.DisplayName,Bột bồn bồn,"Flour made from roots of the plant of a genus Typha, keep plant name same as NaturalResource.Cattail.DisplayName"
Good.CattailFlour.PluralDisplayName,Bột bồn bồn,"Flour made from roots of the plant of a genus Typha, keep plant name same as NaturalResource.Cattail.DisplayName"
Good.CattailRoot.DisplayName,Rễ bồn bồn,"Root of plant of a genus Typha, keep plant name same as NaturalResource.Cattail.DisplayName"
Good.CattailRoot.PluralDisplayName,Rễ bồn bồn,"Root of plant of a genus Typha, keep plant name same as NaturalResource.Cattail.DisplayName"
Good.Chestnut.DisplayName,Hạt dẻ,"Fruit of a Aesculus hippocastanum tree, also known as conkers"
Good.Chestnut.PluralDisplayName,Hạt dẻ,"Fruit of a Aesculus hippocastanum tree, also known as conkers"
Good.Coffee.DisplayName,Cà phê,Brewed coffee.
Good.Coffee.PluralDisplayName,Cà phê,Brewed coffee.
Good.CoffeeBean.DisplayName,Hạt cà phê,Coffee beans used to brew Coffee.
Good.CoffeeBean.PluralDisplayName,Hạt cà phê,Coffee beans used to brew Coffee.
Good.Corn.DisplayName,Ngô,Ordinary yellow corn plant.
Good.Corn.PluralDisplayName,Ngô,Ordinary yellow corn plant.
Good.CornRation.DisplayName,Khẩu phần ngô,"Corn should be the same as Good.Corn.DisplayName. Ration should be consistent between Good.AlgaeRation.DisplayName, Good.CornRation.DisplayName, Good.EggplantRation.DisplayName and Building.FoodFactory.Description"
Good.CornRation.PluralDisplayName,Khẩu phần ngô,"Corn should be the same as Good.Corn.DisplayName. Ration should be consistent between Good.AlgaeRation.DisplayName, Good.CornRation.DisplayName, Good.EggplantRation.DisplayName and Building.FoodFactory.Description"
Good.Dandelion.DisplayName,Bồ công anh,Healing plant
Good.Dandelion.PluralDisplayName,Bồ công anh,Healing plant
Good.Dirt.DisplayName,Đất,A resource dug out from ground and used to create blocks of terrain
Good.Dirt.PluralDisplayName,Đất,Plural form of Good.Dirt.DisplayName
Good.Eggplant.DisplayName,Cà tím,"Ordinary deep purple eggplant, also known as aubergine."
Good.Eggplant.PluralDisplayName,Cà tím,"Ordinary deep purple eggplant, also known as aubergine."
Good.EggplantRation.DisplayName,Khẩu phần cà tím,"Eggplant should be the same as Good.Eggplant.DisplayName. Ration should be consistent between Good.AlgaeRation.DisplayName, Good.CornRation.DisplayName, Good.EggplantRation.DisplayName and Building.FoodFactory.Description"
Good.EggplantRation.PluralDisplayName,Khẩu phần cà tím,"Eggplant should be the same as Good.Eggplant.DisplayName. Ration should be consistent between Good.AlgaeRation.DisplayName, Good.CornRation.DisplayName, Good.EggplantRation.DisplayName and Building.FoodFactory.Description"
Good.Explosives.DisplayName,Thuốc nổ,A name of a good. Not to be confused with the Dynamite building.
Good.Explosives.PluralDisplayName,Thuốc nổ,A name of a good. Not to be confused with the Dynamite building.
Good.Extract.DisplayName,Chất chiết xuất,"A liquid good produced from badwater in centrifuges which is used for manufacturing advanced buildings, machines and dynamite. While raw badwater is dangerous, extract is a useful chemical."
Good.Extract.PluralDisplayName,Chất chiết xuất,"A liquid good produced from badwater in centrifuges which is used for manufacturing advanced buildings, machines and dynamite. While raw badwater is dangerous, extract is a useful chemical."
Good.FermentedCassava.DisplayName,Sắn lên men,"Cassava should be the same as Good.Cassava.DisplayName, fermented should be the same as in Building.Fermenter.DisplayName or Building.Fermenter.Description"
Good.FermentedCassava.PluralDisplayName,Sắn lên men,"Cassava should be the same as Good.Cassava.DisplayName, fermented should be the same as in Building.Fermenter.DisplayName or Building.Fermenter.Description"
Good.FermentedMushroom.DisplayName,Nấm lên men,"Mushroom should be the same as Good.Mushroom.DisplayName, fermented should be the same as in Building.Fermenter.DisplayName or Building.Fermenter.Description"
Good.FermentedMushroom.PluralDisplayName,Nấm lên men,"Mushroom should be the same as Good.Mushroom.DisplayName, fermented should be the same as in Building.Fermenter.DisplayName or Building.Fermenter.Description"
Good.FermentedSoybean.DisplayName,Đậu nành lên men,"Soybean should be the same as Good.Soybean.DisplayName, fermented should be the same as in Building.Fermenter.DisplayName or Building.Fermenter.Description"
Good.FermentedSoybean.PluralDisplayName,Đậu nành lên men,"Soybean should be the same as Good.Soybean.DisplayName, fermented should be the same as in Building.Fermenter.DisplayName or Building.Fermenter.Description"
Good.Fireworks.DisplayName,Pháo hoa,A name of a good used to supply Firework Launcher building.
Good.Fireworks.PluralDisplayName,Pháo hoa,"A name of a good used to supply Firework Launcher building, plural form."
Good.Flour.DisplayName,Bột mì,A name of a good.
Good.Flour.PluralDisplayName,Bột mì,A name of a good.
Good.Gear.DisplayName,Bánh răng,A name of a good.
Good.Gear.PluralDisplayName,Bánh răng,A name of a good.
Good.Grease.DisplayName,Mỡ bôi trơn,Grease is a good used as lubricant for IronTeeth faction bot machinery to increase their performance.
Good.Grease.PluralDisplayName,Mỡ bôi trơn,Grease is a good used as lubricant for IronTeeth faction bot machinery to increase their performance.
Good.GrilledChestnut.DisplayName,Hạt dẻ nướng,"Grilled fruit of a Aesculus hippocastanum tree, also known as conkers, keep plant name same as Good.Chestnut.DisplayName."
Good.GrilledChestnut.PluralDisplayName,Hạt dẻ nướng,"Grilled fruit of a Aesculus hippocastanum tree, also known as conkers, keep plant name same as Good.Chestnut.DisplayName."
Good.GrilledPotato.DisplayName,Khoai tây nướng,A name of a good.
Good.GrilledPotato.PluralDisplayName,Khoai tây nướng,A name of a good.
Good.GrilledSpadderdock.DisplayName,Rễ hoa súng nướng,"Grilled plant Nuphar Lutea, keep plant name same as NaturalResource.Spadderdock.DisplayName"
Good.GrilledSpadderdock.PluralDisplayName,Rễ hoa súng nướng,"Grilled plant Nuphar Lutea, keep plant name same as NaturalResource.Spadderdock.DisplayName"
Good.Kohlrabi.DisplayName,Su hào,"Also called German turnip or turnip cabbage, it's a big, round turnip plant."
Good.Kohlrabi.PluralDisplayName,Su hào,"Also called German turnip or turnip cabbage, it's a big, round turnip plant."
Good.Log.DisplayName,Gỗ khúc,A name of a good.
Good.Log.PluralDisplayName,Gỗ khúc,A name of a good.
Good.MangroveFruit.DisplayName,Quả đước,"Fruit of the mangrove tree, mangrove should be the same as in NaturalResource.Mangrove.DisplayName"
Good.MangroveFruit.PluralDisplayName,Quả đước,"Fruit of the mangrove tree, mangrove should be the same as in NaturalResource.Mangrove.DisplayName"
Good.MaplePastry.DisplayName,Bánh nướng phong,A baked good filled with maple syrup.
Good.MaplePastry.PluralDisplayName,Bánh nướng phong,A baked good filled with maple syrup.
Good.MapleSyrup.DisplayName,Siro phong,Sweet syrup created from maple sap
Good.MapleSyrup.PluralDisplayName,Siro phong,Sweet syrup created from maple sap
Good.MetalBlock.DisplayName,Khối kim loại,A name of a good.
Good.MetalBlock.PluralDisplayName,Khối kim loại,A name of a good.
Good.MetalPart.DisplayName,Linh kiện kim loại,
Good.MetalPart.PluralDisplayName,Linh kiện kim loại,
Good.Mushroom.DisplayName,Nấm,"Mushroom that's been cultivated in the Hydroponic Garden, it's processed into an edible ration. It doesn't specifically represent any specific mushroom, just the type of plant."
Good.Mushroom.PluralDisplayName,Nấm,"Mushroom that's been cultivated in the Hydroponic Garden, it's processed into an edible ration. It doesn't specifically represent any specific mushroom, just the type of plant."
Good.Paper.DisplayName,Giấy,A name of a good.
Good.Paper.PluralDisplayName,Giấy,A name of a good.
Good.PineResin.DisplayName,Nhựa thông,Also known as pine sap. Pine is the type of tree defined in NaturalResource.Pine.DisplayName.
Good.PineResin.PluralDisplayName,Nhựa thông,Also known as pine sap. Pine is the type of tree defined in NaturalResource.Pine.DisplayName.
Good.Plank.DisplayName,Ván gỗ,A name of a good.
Good.Plank.PluralDisplayName,Ván gỗ,A name of a good.
Good.Potato.DisplayName,Khoai tây,A name of a good.
Good.Potato.PluralDisplayName,Khoai tây,A name of a good.
Good.PunchCard.DisplayName,Thẻ đục lỗ,"Punch cards are goods used for increasing Folktails faction bot performance. They are similar in concept to old programming cards, where code was inputted into a machine through a card with a bunch of holes punched through it."
Good.PunchCard.PluralDisplayName,Thẻ đục lỗ,"Punch cards are goods used for increasing Folktails faction bot performance. They are similar in concept to old programming cards, where code was inputted into a machine through a card with a bunch of holes punched through it."
Good.ScrapMetal.DisplayName,Phế liệu kim loại,A name of a good.
Good.ScrapMetal.PluralDisplayName,Phế liệu kim loại,A name of a good.
Good.Soybean.DisplayName,Đậu nành,Soybeans can later be made into soy.
Good.Soybean.PluralDisplayName,Đậu nành,Soybeans can later be made into soy.
Good.Spadderdock.DisplayName,Cây súng vàng,A plant formally called Nuphar Lutea
Good.Spadderdock.PluralDisplayName,Cây súng vàng,A plant formally called Nuphar Lutea
Good.SunflowerSeeds.DisplayName,Hạt hướng dương,
Good.SunflowerSeeds.PluralDisplayName,Hạt hướng dương,
Good.TreatedPlank.DisplayName,Ván gỗ đã xử lý,Plank impregnated with resin. Use the same word for plank as in Good.Plank.
Good.TreatedPlank.PluralDisplayName,Ván gỗ đã xử lý,Plank impregnated with resin. Use the same word for plank as in Good.Plank.
Good.Water.DisplayName,Nước,A name of a good.
Good.Water.PluralDisplayName,Nước,A name of a good.
Good.Wheat.DisplayName,Lúa mì,A name of a good.
Good.Wheat.PluralDisplayName,Lúa mì,A name of a good.
Good.WheatFlour.DisplayName,Bột lúa mì,Flour made out of wheat. Use the same name for wheat as in Good.Wheat.
Good.WheatFlour.PluralDisplayName,Bột lúa mì,Flour made out of wheat. Use the same name for wheat as in Good.Wheat.
GoodConsuming.NeedsHaulers,<YellowHighlight>Yêu cầu thợ vận chuyển.</YellowHighlight>,"Information, that this building won't be operational without haulers. Haulers are the same as in Building.HaulingPost.Description"
GoodConsuming.SupplyDescription,Tiêu thụ: {0},{0} stands for good name and amount per hour.
GoodConsuming.SupplyRemaining,Nguồn cung sẽ đủ dùng trong {0} giờ,"{0} stands for hours. Describes a building which requires a certain goods to operate, such as water."
Goods.Amount,Số lượng,Header of a dropdown that allows to select a good. Please keep short.
Goods.EatableRaw,Có thể ăn sống.,Shown on a tooltip of goods that can be eaten raw.
Goods.Nothing,Không có,
Goods.StoredIn,Được lưu trữ tại:,Header above a list of buildings that store selected good
GridRendering.Visibility.Hide,Ẩn hướng dẫn xây dựng,Shows construction guidelines when button is pressed.
GridRendering.Visibility.Show,Hiện hướng dẫn xây dựng,Shows construction guidelines when button is pressed.
Growing.GrowsWhenMature,Phát triển khi đã trưởng thành,"Information about fruits and other resources, that grows when plant is mature and not when it is in seedling stage"
Growing.Time,Số ngày để tăng trưởng: {0},{0} stands for a number of days. How many days left does this plant have to fully grow.
Hauling.Prioritize,Được thợ vận chuyển ưu tiên,building is a noun in this sentence. This building will be prioritized by haulers.
Inventory.Capacity,Sức chứa:,How much space there is in the storage
Inventory.Goods,Hàng hóa:,
Inventory.InStock,Trong kho:,Please keep short. Header above a list of goods in stock of the storage.
Inventory.IsEmpty,Không có hàng hóa trong kho,
Inventory.NothingSelected,Không,Text shown in a dropdown when no good is selected. Keep below 15 characters.
Inventory.StockpileOverlay.Hide,Ẩn lớp phủ kho chứa,Tooltip for button showing overlay over warehouses containing stored goods.
Inventory.StockpileOverlay.Show,Hiện lớp phủ kho chứa,Tooltip for button showing overlay over warehouses containing stored goods.
Inventory.Undesired,Không nhận:,Please keep short. Which goods are not desired in the storage.
Key.DownArrow,Mũi tên xuống,Label of the down arrow key
Key.LeftArrow,Mũi tên trái,Label of the left arrow key
Key.LeftWindows,Windows bên trái,Label of the left windows key
Key.RightArrow,Mũi tên phải,Label of the right arrow key
Key.RightWindows,Windows bên phải,Label of the right windows key
Key.Space,Dấu cách,Label of the space key
Key.UpArrow,Mũi tên lên,Label of the up arrow key
KeyBinding.AlternateClickableAction,Hành động nút thay thế,Label of the key that toggles the alternate action of some buttons
KeyBinding.AttractionsTab,Mở thẻ Phúc lợi,"Label of the key that opens the Settlement Panel and selects the Attractions tab, Well-being should be the same as Wellbeing.DisplayName"
KeyBinding.Cancel,Hủy,Label of the key that cancels actions
KeyBinding.CharactersTab,Mở thẻ Dân số,"Label of the key that opens the Settlement Panel and selects the Characters tab, Population should be the same as BatchControl.Population"
KeyBinding.Confirm,Xác nhận,Label of the key that confirms UI prompts
KeyBinding.DecreaseBrushHeight,Giảm chiều cao cọ,"Label of the key that decreases the vertical level of the brush, 'brush height' should be the same as MapEditor.Brush.Height.Label"
KeyBinding.DecreaseBrushSize,Giảm kích thước cọ,"Label of the key that decreases the size of the brush, 'brush size' should be the same as MapEditor.Brush.Size.Label"
KeyBinding.DecreaseBuildersPriority,Giảm độ ưu tiên của thợ xây,Label of the key that decreases the priority of the builders job assigned to the selected object
KeyBinding.DecreaseFloodgateHeight,Giảm chiều cao cổng xả lũ,Label of the key that decreases the height of the selected floodgate. Floodgate should be the same as Building.Floodgate.DisplayName
KeyBinding.DecreaseSpeed,Giảm tốc độ trò chơi,Label of the key that decreases the speed of the game by one step
KeyBinding.DecreaseWorkers,Giảm số lượng công nhân mong muốn,Label of the key that decreases the desired number of workers in selected building
KeyBinding.DecreaseWorkingHours,Giảm giờ làm việc,Label of the key that decreases settlement working hours
KeyBinding.DecreaseWorkplacePriority,Giảm độ ưu tiên nơi làm việc,Label of the key that decreases the priority of the selected workplace
KeyBinding.DeleteObject,Xóa đối tượng,Label of the key that deletes the selected object
KeyBinding.DistributionTab,Mở thẻ Phân phối,"Label of the key that opens the Settlement Panel and selects the Distribution tab, Distribution should be the same as BatchControl.Distribution"
KeyBinding.DuplicateObject,Sao chép,Key binding that duplicates the selected building
KeyBinding.DuplicateSettings,Sao chép cài đặt,Key binding that copies settings from one building to another
KeyBinding.DragVisibleLayer,Kéo lớp hiển thị,Binding for layer tool similar to KeyBinding.PickVisibleLayer
KeyBinding.Flip,Lật,Label of the key that flips the selected building (makes the model mirrored)
KeyBinding.Hold,Giữ:,Used to describe key binding that turns something on while the key is held.
KeyBinding.HousingTab,Mở thẻ Nhà ở,"Label of the key that opens the Settlement Panel and selects the Housing tab, Housing should be the same as BatchControl.Housing"
KeyBinding.IncreaseBrushHeight,Tăng chiều cao cọ,"Label of the key that increases the vertical level of the brush, 'brush height' should be the same as MapEditor.Brush.Height.Label"
KeyBinding.IncreaseBrushSize,Tăng kích thước cọ,"Label of the key that increases the size of the brush, 'brush size' should be the same as MapEditor.Brush.Size.Label"
KeyBinding.IncreaseBuildersPriority,Tăng độ ưu tiên của thợ xây,Label of the key that increases the priority of the builders job assigned to the selected object
KeyBinding.IncreaseFloodgateHeight,Tăng chiều cao cổng xả lũ,Label of the key that increases the height of the selected floodgate. Floodgate should be the same as Building.Floodgate.DisplayName
KeyBinding.IncreaseSpeed,Tăng tốc độ trò chơi,Label of the key that increases the speed of the game by one step
KeyBinding.IncreaseWorkers,Tăng số lượng công nhân mong muốn,Label of the key that increases the desired number of workers in selected building
KeyBinding.IncreaseWorkingHours,Tăng giờ làm việc,Label of the key that increases settlement working hours
KeyBinding.IncreaseWorkplacePriority,Tăng độ ưu tiên nơi làm việc,Label of the key that increases the priority of the selected workplace
KeyBinding.InverseBrushDirection,Đảo ngược hướng cọ,
KeyBinding.LowerVisibleLayer,Hạ thấp lớp hiển thị,Label of the key that decreases the max visible vertical level of buildings
KeyBinding.MechanicalTab,Mở thẻ Năng lượng,"Label of the key that opens the Settlement Panel and selects the Mechanical tab, Power should be the same as BatchControl.Mechanical"
KeyBinding.MigrationTab,Mở thẻ Di cư,"Label of the key that opens the Settlement Panel and selects the Migration tab, Migration should be the same as BatchControl.Migration"
KeyBinding.MoveCameraDown,Di chuyển camera xuống,Label of the key that moves the camera down
KeyBinding.MoveCameraFast,Tăng tốc độ camera,Label of the key that modifies the speed of camera movement and rotation
KeyBinding.MoveCameraLeft,Di chuyển camera sang trái,Label of the key that moves the camera left
KeyBinding.MoveCameraRight,Di chuyển camera sang phải,Label of the key that moves the camera right
KeyBinding.MoveCameraUp,Di chuyển camera lên,Label of the key that moves the camera up
KeyBinding.NextDistrict,Chọn khu vực tiếp theo,Label of the key that selects the next district
KeyBinding.NextRootButton,Nhóm công cụ tiếp theo,Label of the key that selects the next toolbar (bottom bar) category.
KeyBinding.NextTool,Công cụ tiếp theo,Label of the key that selects the next tool from currently selected toolbar category.
KeyBinding.OpenWellbeingPanel,Mở bảng Phúc lợi,"Label of the key that opens the Well-being box, Well-being should be the same as Wellbeing.DisplayName"
KeyBinding.PickVisibleLayer,Chọn tầng hiển thị,Label of the key that picks the layer of the visible terrain currently under the cursor
KeyBinding.PinnedLever1,Đòn bẩy ghim 1,The name of a key binding which switches a Lever. Must be consistent with Automation.Pinned and Building.Lever.DisplayName.
KeyBinding.PinnedLever2,Đòn bẩy ghim 2,The name of a key binding which switches a Lever. Must be consistent with Automation.Pinned and Building.Lever.DisplayName.
KeyBinding.PinnedLever3,Đòn bẩy ghim 3,The name of a key binding which switches a Lever. Must be consistent with Automation.Pinned and Building.Lever.DisplayName.
KeyBinding.PinnedLever4,Đòn bẩy ghim 4,The name of a key binding which switches a Lever. Must be consistent with Automation.Pinned and Building.Lever.DisplayName.
KeyBinding.PinnedLever5,Đòn bẩy ghim 5,The name of a key binding which switches a Lever. Must be consistent with Automation.Pinned and Building.Lever.DisplayName.
KeyBinding.PinnedLever6,Đòn bẩy ghim 6,The name of a key binding which switches a Lever. Must be consistent with Automation.Pinned and Building.Lever.DisplayName.
KeyBinding.PinnedLever7,Đòn bẩy ghim 7,The name of a key binding which switches a Lever. Must be consistent with Automation.Pinned and Building.Lever.DisplayName.
KeyBinding.PinnedLever8,Đòn bẩy ghim 8,The name of a key binding which switches a Lever. Must be consistent with Automation.Pinned and Building.Lever.DisplayName.
KeyBinding.PinnedLever9,Đòn bẩy ghim 9,The name of a key binding which switches a Lever. Must be consistent with Automation.Pinned and Building.Lever.DisplayName.
KeyBinding.PinnedLever10,Đòn bẩy ghim 10,The name of a key binding which switches a Lever. Must be consistent with Automation.Pinned and Building.Lever.DisplayName.
KeyBinding.PreviousDistrict,Chọn khu vực trước,Label of the key that selects the previous district
KeyBinding.PreviousRootButton,Nhóm công cụ trước,Label of the key that selects the previous toolbar (bottom bar) category.
KeyBinding.PreviousTool,Công cụ trước,Label of the key that selects the previous tool from currently selected toolbar category.
KeyBinding.RaiseVisibleLayer,Nâng tầng hiển thị,Label of the key that increases the max visible vertical level of buildings
KeyBinding.RedoChanges,Làm lại thao tác,Key binding for redoing changes in Map editor.
KeyBinding.ResetCamera,Đặt lại góc nhìn,Keybinding for resetting the camera to its default angle and zoom.
KeyBinding.ResetMapEditorSimulation,Đặt lại mô phỏng,Label of the key that resets the water and badwater simulations
KeyBinding.RestoreCamera,Tải vị trí góc nhìn,Label of the key that restores the camera to the position saved by KeyBinding.SaveCamera
KeyBinding.RotateCameraDown,Xoay góc nhìn xuống,Label of the key that rotates the camera down
KeyBinding.RotateCameraLeft,Xoay góc nhìn sang trái,Label of the key that rotates the camera left
KeyBinding.RotateCameraLeft90,Xoay góc nhìn sang trái 90 độ,Label of the key that rotates the camera left by 90 degrees
KeyBinding.RotateCameraRight,Xoay góc nhìn sang phải,Label of the key that rotates the camera right
KeyBinding.RotateCameraRight90,Xoay góc nhìn sang phải 90 độ,Label of the key that rotates the camera right by 90 degrees
KeyBinding.RotateCameraUp,Xoay góc nhìn lên,Label of the key that rotates the camera up
KeyBinding.RotateClockwise,Xoay theo chiều kim đồng hồ,Label of the key that rotates the selected object clockwise
KeyBinding.RotateCounterclockwise,Xoay ngược chiều kim đồng hồ,Label of the key that rotates the selected object counterclockwise
KeyBinding.SaveCamera,Lưu vị trí góc nhìn,Label of the key that saves the current camera position
KeyBinding.SaveMap,Lưu bản đồ,Label of the key that saves the map
KeyBinding.Screenshot,Chụp màn hình,Label of the key that takes a screenshot
KeyBinding.ScreenshotUpscaled,Chụp màn hình (độ phân giải cao),Label of the key that takes an upscaled screenshot
KeyBinding.ShowGuidelines,Hiện đường lưới hướng dẫn,Show guidelines when key is pressed
KeyBinding.ShowStockpileOverlay,Hiện lớp phủ kho chứa,Label of the key that shows the storage overlay
KeyBinding.SkipDeleteConfirmation,Bỏ qua xác nhận xóa,Label of the key that skips the delete confirmation when held
KeyBinding.Speed0,Bật/tắt tạm dừng,Label of the key that pauses the game speed
KeyBinding.Speed1,Tốc độ game >,Label of the key that sets the game speed to normal. > shouldn't be removed as it is the symbol for normal speed on UI button.
KeyBinding.Speed2,Tốc độ game >>,Label of the key that sets the game speed to fast. >> shouldn't be removed as it is the symbol for fast speed on UI button.
KeyBinding.Speed3,Tốc độ game >>>,Label of the key that sets the game speed to very fast. >>> shouldn't be removed as it is the symbol for very fast speed on UI button.
KeyBinding.StorageTab,Mở thẻ Kho chứa,"Label of the key that opens the Settlement Panel and selects the Storage tab, Storage should be the same as BatchControl.Storage"
KeyBinding.TickOnce,Tăng 1 nhịp mô phỏng,As in 'One clock tick'. Alternatively you can call it 'One tick' or 'Advance by one tick' or 'Step one tick'. This action causes the game's time to advance by one simulation tick.
KeyBinding.Toggle,Bật/tắt:,Used to describe key binding that toggles something on/off.
KeyBinding.ToggleBatchControlBox,Bật/tắt bảng Định cư,Label of the key that opens/close the Settlement panel
KeyBinding.ToggleBrushShape,Thay đổi hình dạng cọ,"Label of the key that toggles the shape of the brush, 'brush shape' should be the same as MapEditor.Brush.Shape.Label"
KeyBinding.ToggleBuildingPause,Tạm dừng công trình đang chọn,Label of the key that pauses the selected building
KeyBinding.ToggleConsole,Bật/tắt bảng lệnh,Label of the key that toggles the console with logs
KeyBinding.ToggleGUI,Bật/tắt giao diện người dùng,Label of the key that hides/shows the whole user interface
KeyBinding.ToggleGuidelines,Bật/tắt đường lưới hướng dẫn,Toggle guidelines on/off
KeyBinding.ToggleHaulingPriority,Bật/tắt ưu tiên vận chuyển,Label of the key that toggles the hauling priority of the selected object
KeyBinding.ToggleNaturalResources,Bật/tắt tài nguyên thiên nhiên,Label of the key that shows/hides the natural resources in map editor. Natural resources should be the same as NaturalResources.Visibility.Show
KeyBinding.ToggleStockpileOverlay,Bật/tắt lớp phủ kho chứa,Label of the key that shows/hides the storage overlay
KeyBinding.ToggleStockpilePriority,Bật/tắt ưu tiên kho chứa,Label of the key that toggles the priority of the selected warehouse between StockpilePriority.Accept/StockpilePriority.Obtain/StockpilePriority.Supply/StockpilePriority.Empty
KeyBinding.ToggleWaterVisibility,Bật/tắt độ trong suốt của nước,Label of the key that makes water semi-transparent
KeyBinding.ToggleWorkerType,Bật/tắt loại công nhân,Keybinding for toggling the worker type.
KeyBinding.UndoChanges,Hoàn tác thao tác,Key binding for undoing changes in Map editor.
KeyBinding.UniqueBuildingAction,Hành động đặc trưng của công trình,"Keybinding for execute main action assigned to selected building, for example detonate dynamite or switch lever state"
KeyBinding.UnlockTool,Mở khóa công cụ,Label of the key that unlocks the currently selected tool
KeyBinding.WorkplacesTab,Mở thẻ Nơi làm việc,"Label of the key that opens the Settlement Panel and selects the Workplaces tab, Workplaces should be the same as BatchControl.Workplaces"
KeyBinding.ZoomIn,Phóng to,Label of the key that zooms camera in
KeyBinding.ZoomOut,Thu nhỏ,Label of the key that zooms camera out
KeyBindingBox.ClearBinding,Xóa,Text on the button in rebinding dialog box that clears the current key binding. Please keep short.
KeyBindingBox.DuplicatedBinding,"Tổ hợp phím này đã được gán cho: 

{0}

Bạn vẫn muốn gán phím này chứ?","Message shown on key rebinding dialog box when the user tries to assign a key combination that is already assigned to another key binding, {0} stands for the list of key bindings e.g. KeyBinding.Speed0, KeyBinding.ToggleGUI etc."
KeyBindingBox.PrimaryBinding,Phím chính,Header of the primary key bindings column in the key bindings panel
KeyBindingBox.RebindingMessage,Nhấn một phím để gán lại cho: {0},"Message shown on key rebinding dialog box, {0} stands for the name of the key binding e.g. KeyBinding.Speed0, KeyBinding.ToggleGUI etc."
KeyBindingBox.ResetToDefault,Đặt lại mặc định,Text on the button in key bindings panel that resets all key bindings to their default bindings
KeyBindingBox.ResetToDefaultMessage,Bạn có chắc chắn muốn đặt lại tất cả phím tắt về giá trị mặc định không?,Message shown on key bindings panel when the user clicks the KeyBindingBox.ResetToDefault button
KeyBindingBox.SecondaryBinding,Phím phụ,Header of the secondary key bindings column in the key bindings panel
KeyBindingGroup.Buildings,Công trình,"Label for the key binding group associated with building controls (pausing, changing priority etc)"
KeyBindingGroup.Camera,Góc nhìn,"Label for the key binding group associated with camera controls (camera movement, rotation, zoom etc)"
KeyBindingGroup.MapEditor,Trình chỉnh sửa bản đồ,Label for the key binding group associated with map editor controls (mostly brush manipulation)
KeyBindingGroup.Objects,Điều khiển vật thể,"Label for the key binding group associated with object controls (rotating, removing, pausing etc)"
KeyBindingGroup.SettlementPanel,Bảng định cư,Label for the key binding group associated with settlement panel controls (opening panel and its tabs)
KeyBindingGroup.Time,Thời gian,Label for the key binding group associated with time controls (changing time speed)
KeyBindingGroup.UI,Giao diện người dùng,"Label for the key binding group associated with user interface controls (opening panels, toggling overlays etc)"
KeyBindingsPanel.Header,Phím tắt,Header of the key bindings box
LevelVisibility.InfoTooltip,Các tầng hiển thị,Tooltip for controls that allow the player to set the vertical level visibility
LevelVisibility.ResetTooltip,Đặt lại các tầng hiển thị,Tooltip for button that resets the vertical vertical visibility
LoadMapPanel.Delete,Xóa bản đồ,A button. Please keep short.
LoadMapPanel.DeleteMapPrompt,Bạn có chắc chắn muốn xóa {0} không?,{0} stands for map name
LoadMapPanel.Header,Chỉnh sửa bản đồ,
LoadingIssue.BlockObjectLoadingIssue,Vật thể ở vị trí không hợp lệ nên đã bị xóa: {0}.,
LoadingIssue.ContinuePlaying,Tiếp tục chơi,a button please keep short. Allows player to play dispite detected issues
LoadingIssue.LoadingIssues,Sự cố tải bản đồ,Shown when there are issues with loading map
LoadingIssue.LoadingIssuesDetected,Chi tiết:,Shown when there are issues with loading map
LoadingIssue.MapIssuesWarning,"Điều này có thể do thiếu mod hoặc phiên bản game mới hơn.

Bạn vẫn có thể tiếp tục chơi, nhưng bản đồ của bạn có thể không trọn vẹn.",Shown when there are issues with loading map - warning player about possible reason and consequences
LoadingIssue.PrefabNotFoundIssue,Vật thể thuộc loại không xác định nên đã bị xóa: {0}.,Warning shown when object type is not found in the game and cannot be instantiate.
LoadingIssue.TerrainCutOffIssue,Địa hình vượt quá chiều cao tối đa cho phép nên đã bị cắt bớt.,Warning shwon when terrain in saved map exceeds the maximum height of the map.
MainMenu.RosettaPerformanceWarning,Hiệu năng bị giảm.,"Warning message displayed in the main menu when Rosetta (MacOS compatibility mode) is enabled. Preceded by the ""Rosetta: OFF"" message."
MainMenu.SteamUpdateInfoText,"• Thêm các vật thể bản đồ tương tác mới
• Tự động hóa: Cảm biến, Rơ-le, Bộ hẹn giờ và nhiều tính năng khác
• Bản đồ mới: Oasis, Pressure, Spillage
• Cầu thang xoắn, Cổng nước, Ly hợp, Cờ trang trí
• Nâng cấp hệ thống hỗ trợ mod
• Cải tiến toàn bộ giao diện, tinh chỉnh hướng dẫn, công cụ nhân bản vật thể
• Thành tựu Steam","Text shown in the update info panel with the latest update summary. Sensor, Relay, Timer, Spiral Stairs, Gate, Banner and duplication naming must be consistent with the usage of those terms in the rest of the game."
MainMenu.UpdateInfoHeader,Cập nhật 1.0,"Header of the update info panel that is shown in the main menu, 1.0 is the current game version number. Keep consistent with MainMenu.UpdateInfoHeaderExperimental."
MainMenu.UpdateInfoHeaderExperimental,Cập nhật 1.0 - Thử nghiệm,"Header of the update info panel that is shown in the main menu of the experimental version, 1.0 is the current game version number. Keep consistent with MainMenu.UpdateInfoHeader."
MainMenu.UpdateInfoLink,<u>Đọc thêm</u>,Label of the link that opens web browser with the update details webpage.
MainMenu.UpdateInfoText,"• Thêm các vật thể bản đồ tương tác mới
• Tự động hóa: Cảm biến, Rơ-le, Bộ hẹn giờ và nhiều tính năng khác
• Bản đồ mới: Oasis, Pressure, Spillage
• Cầu thang xoắn, Cổng nước, Ly hợp, Cờ trang trí
• Nâng cấp hệ thống hỗ trợ mod
• Cải tiến toàn bộ giao diện, tinh chỉnh hướng dẫn, công cụ nhân bản vật thể","Text shown in the update info panel with the latest update summary. Sensor, Relay, Timer, Spiral Stairs, Gate, Banner and duplication naming must be consistent with the usage of those terms in the rest of the game."
MainMenu.WelcomeScreenStart,Bắt đầu!,A button please keep short
Manufactory.CurrentRecipe,Công thức,Text before a dropdown for changing factory recipe - what the factory produces from what ingredients.
Manufactory.NoRecipeOption,Không có,Text shown in a dropdown when no recipe is selected. Keep below 15 characters.
Manufactory.Recipe.BiofuelCarrot,Nhiên liệu sinh học (Cà rốt),Recipe for making Biofuel out of Carrots. Keep consistent with Good.Biofuel.DisplayName and Good.Carrot.PluralDisplayName.
Manufactory.Recipe.BiofuelPotato,Nhiên liệu sinh học (Khoai tây),Recipe for making Biofuel out of Potatoes. Keep consistent with Good.Biofuel.DisplayName and Good.Potato.PluralDisplayName.
Manufactory.Recipe.BiofuelSpadderdock,Nhiên liệu sinh học (Hoa súng),Recipe for making Biofuel out of Spadderdock. Keep consistent with Good.Biofuel.DisplayName and Good.Spadderdock.PluralDisplayName.
Manufactory.Recipe.EfficientScrapMetal,Mảnh kim loại (Hiệu quả),A more efficient way of getting scrap metal using explosives. The metal scrap itself is not more efficient. Scrap Metal is Good.ScrapMetal.PluralDisplayName
MapEditor.BlockObjectRandomizePlacement,Xoay và lật hướng ngẫu nhiên,Button to randomize the rotation and flip direction of the object being placed in the map editor
MapEditor.Brush.AbsoluteTerrainHeight,Địa hình (độ cao tuyệt đối),A tool that changes terrain height to an absolute value.
MapEditor.Brush.Density,Mật độ,Density of objects.
MapEditor.Brush.Direction.Label,Hướng cọ:,
MapEditor.Brush.Direction.Lower,Hạ thấp,
MapEditor.Brush.Direction.Raise,Nâng cao,
MapEditor.Brush.Height.Label,Độ cao cọ:,Either absolute or relative height at which brush will paint.
MapEditor.Brush.NaturalResourceRemoval,Xóa tài nguyên thiên nhiên,Natural resources meaning trees and bushes
MapEditor.Brush.NaturalResourceSpawning,Tài nguyên thiên nhiên,Natural resources meaning trees and bushes
MapEditor.Brush.RandomizeYieldGrowth,Độ trưởng thành ngẫu nhiên,"This text is next to a toggle that randomizes the percentage growth of fruit, chestnuts or other things that can be gathered and regrow"
MapEditor.Brush.RelativeTerrainHeight,Địa hình (độ cao tương đối),A tool that changes terrain height by a value relative to the original height.
MapEditor.Brush.SculptingTerrain,Địa hình (chạm khắc),Label of the brush that allows the player to sculpt the terrain (e.g. dig tunnels or create overhangs)
MapEditor.Brush.Shape.Label,Hình dạng cọ:,
MapEditor.Brush.Shape.Round,Tròn,
MapEditor.Brush.Shape.Square,Vuông,
MapEditor.Brush.Size.Label,Kích thước cọ:,
MapEditor.FlowPreview.StartTest,Bắt đầu thử nghiệm dòng chảy,Label of a button that starts water flow test in map editor.
MapEditor.FlowPreview.StopTest,Dừng thử nghiệm dòng chảy,Label of a button that stops water flow test in map editor.
MapEditor.Layers.NaturalResources,Tài nguyên thiên nhiên,
MapEditor.LoadMap.Header,Chọn bản đồ,
MapEditor.MapMetadata.Description,Mô tả bản đồ,Label of the map description
MapEditor.MapMetadata.Title,Dữ liệu bản đồ,Title of the map data panel in map editor. Currently it only contains the map description field to fill in.
MapEditor.MapWillBeSaved,Bản đồ sẽ được lưu.,Message that is shown when player clicks on the upload map button in map editor. With Ok/Cancel buttons.
MapEditor.NewMap,Bản đồ mới,A button please keep short
MapEditor.NewMap.Create,Tạo,A button which confirms new map parameters and starts the map editor
MapEditor.NewMap.Header,Bản đồ mới,
MapEditor.NewMap.Size,Kích thước:,
MapEditor.NoStartingLocation,Thêm một Vị trí xuất phát.,Notification that there is no starting location object. Keep consistent with Building.StartingLocation.DisplayName.
MapEditor.NonCompatibleMapVersion,Phiên bản bản đồ không tương thích.,Warning shown in the map editor when the map version is not compatible with the current game version.
MapEditor.NonCompatibleMapVersion.Tooltip,"Phiên bản bản đồ này ({0}) không tương thích với phiên bản game hiện tại ({1}). 
Lưu bản đồ để làm cho nó tương thích.",Tooltip shown over MapEditor.NonCompatibleMapVersion warning.
MapEditor.Redo,Làm lại,Label of a button that redoes changes in Map editor.
MapEditor.SaveMap.Header,Lưu bản đồ,
MapEditor.SaveMap.MapExists,Bản đồ {0} đã tồn tại.,{0} stands for map name
MapEditor.SaveMap.NamePlaceholder,Nhập giá trị...,Placeholder text in an empty map name text field
MapEditor.SaveMap.SavedAs,Đã lưu thành {0},{0} stands for map name. A notification when a map has been saved.
MapEditor.SimulationControls.Reset,Đặt lại,A button please keep short
MapEditor.SimulationControls.Tooltip,Mô phỏng nước,Short header
MapEditor.SizePrompt,Nhập kích thước từ {0}x{0} đến {1}x{1}.,{0} and {1} stands for a number
MapEditor.TerrainIntegrity.Warning,Chỉnh sửa này sẽ ảnh hưởng đến địa hình và công trình bên ngoài vùng chọn.,Warning shown when the player tries to edit terrain in a way that would affect terrain or objects outside the intended selection.
MapEditor.ThumbnailCapturing.CameraPosition,Vị trí camera:,Label for the controls in map editor that change the position of the thumbnail camera
MapEditor.ThumbnailCapturing.ClearOverlay,Xóa,Text on the button in map editor that clears the overlay of the thumbnail
MapEditor.ThumbnailCapturing.Description,Chọn vị trí ảnh thu nhỏ bản đồ. Ảnh màn hình sẽ được chụp khi lưu bản đồ.,Description of the map thumbnail panel in the map editor
MapEditor.ThumbnailCapturing.Overlay,Lớp phủ:,Label of the controls in map editor that change the overlay of the thumbnail
MapEditor.ThumbnailCapturing.OverlayTip,Chọn tệp PNG hoặc JPG kích thước 960x540. Sử dụng kênh alpha để hiển thị lớp phủ đè lên ảnh gốc.,Text in the thumbnail overlay selection dialog
MapEditor.ThumbnailCapturing.Reset,Đặt lại,Text on the button in map editor that resets the position of thumbnail image of the map to the default
MapEditor.ThumbnailCapturing.SelectOverlay,Chọn,Text on the button in map editor that changes the overlay of the thumbnail
MapEditor.ThumbnailCapturing.Title,Ảnh thu nhỏ bản đồ,Title of the map thumbnail panel in map editor
MapEditor.ThumbnailCapturing.UpdateThumbnail,Cập nhật,Text on the button in map editor that changes the position of the thumbnail camera
MapEditor.Undo,Hoàn tác,Label of a button that undoes changes in Map editor.
MapEditor.UploadMap,Tải bản đồ lên,Label of the button that uploads the map to some kind of online service
MapMetadata.Beaverome.Description,"Để xây dựng đại đô thị huyền thoại, tổ tiên loài hải ly đã rút cạn bảy miệng núi lửa hùng vĩ. Ngay cả với công nghệ gỗ ngày nay, đó vẫn là một kỳ tích không hề nhỏ.",
MapMetadata.Beaverome.Name,Beaverome,The name of this map comes from Beaver + Rome - an ancient beaver city.
MapMetadata.Canyon.Description,"Giữa sa mạc khô hạn, hải ly tìm kiếm những thung lũng nơi dòng sông vẫn trôi. Dễ dàng đắp đập ngăn nước, hẻm núi này sẽ trở thành bến đậu an toàn cho tất cả.",
MapMetadata.Canyon.Name,Hẻm núi,
MapMetadata.Cliffside.Description,Tàn tích kiến trúc cổ xưa của con người nằm rải rác khắp thung lũng hẻo lánh này. Hải ly khao khát để lại một dấu ấn tương tự cho thế giới.,
MapMetadata.Cliffside.Name,Vách đá,
MapMetadata.Craters.Description,Không ai biết làm thế nào những miệng núi lửa này xuất hiện. Các cuộc khai quật ban đầu cho thấy sự can thiệp tàn khốc của con người.,
MapMetadata.Craters.Name,Các miệng núi lửa,
MapMetadata.Diorama.Description,"Trước khi được phép giám sát các thuộc địa lớn, các nhà kiến thiết đầy triển vọng được giao nhiệm vụ điều hành các dự án quy mô nhỏ như dự án này.",
MapMetadata.Diorama.Name,Sa bàn,
MapMetadata.HelixMountain.Description,"Dù cảm thấy hình dáng lòng sông thiếu thực tế, hải ly vẫn phải công nhận kỹ năng thủy lợi hạn chế của loài người.",
MapMetadata.HelixMountain.Name,Núi Xoắn Ốc,The name of this map refers to the spiral shape of its central mountain.
MapMetadata.Hollows.Description,Những vùng trũng trù phú này là địa điểm hàng đầu cho cư dân định cư tương lai. Cảnh quan bị bào mòn ẩn chứa vô vàn cơ hội - những chú hải ly già nhất thậm chí còn thì thầm về kho báu bị chôn giấu.,
MapMetadata.Hollows.Name,Vùng trũng,
MapMetadata.Lakes.Description,"Thời nay, những khu vực giàu sông hồ trở nên vô cùng hiếm hoi. Những gì còn sót lại cho thấy vẫn còn hy vọng cho Trái Đất.",
MapMetadata.Lakes.Name,Các hồ nước,
MapMetadata.Meander.Description,Các kỹ sư hải ly rất háo hức khai thác độ uốn lượn tự nhiên của bờ sông. Lập kế hoạch sử dụng hiệu quả nhất không gian hạn chế mới là phần khó khăn.,
MapMetadata.Meander.Name,Khúc quanh,
MapMetadata.MountainRange.Description,"Trong cuộc tìm kiếm nước ngọt tuyệt vọng, hải ly sẵn sàng leo lên cả những dãy núi cao nhất.",
MapMetadata.MountainRange.Name,Dãy núi,
MapMetadata.NotUpdatedDescription,<RedHighlight>Bản đồ này chưa tương thích với nhánh thử nghiệm!</RedHighlight>,
MapMetadata.Oasis.Description,"Nơi trú ẩn xanh tươi đơn độc giữa vùng đất hoang hoại, được bao quanh bởi các tầng chứa nước có thể khai thác bằng kỹ thuật hải ly tài tình.",Aquifer refers to Building.Aquifer.DisplayName
MapMetadata.Oasis.Name,Ốc đảo,
MapMetadata.Plains.Description,"Với những khu vực rộng lớn bằng phẳng như đuôi hải ly, vùng đất này là nơi thử nghiệm an toàn cho các kỹ sư mới vào nghề.",
MapMetadata.Plains.Name,Đồng bằng,
MapMetadata.Pressure.Description,Hệ thống dẫn nước sáng tạo là kỹ năng đầu tiên mà một chú hải ly vùng đất hoang phải học.,
MapMetadata.Pressure.Name,Áp lực,
MapMetadata.Spillage.Description,"Sườn dốc này đầy những khu vực nhỏ được tưới nước. Tuy nhiên, nguy hiểm rình rập khắp vùng - nếu không cẩn thận, những nơi đó sẽ trở nên chẳng mấy thân thiện.",
MapMetadata.Spillage.Name,Tràn bờ,
MapMetadata.Terraces.Description,"Nhiều cộng đồng chọn định cư ở những vùng đất cao, tận dụng sở trường xây dựng theo chiều dọc mới tìm ra của loài hải ly.",
MapMetadata.Terraces.Name,Ruộng bậc thang,
MapMetadata.ThousandIslands.Description,"Ngay cả đối với những tay bơi lội bẩm sinh, việc biến một quần đảo thành thuộc địa công nghiệp hưng thịnh không phải là điều dễ dàng.",
MapMetadata.ThousandIslands.Name,Quần đảo Quần tụ,
MapMetadata.Waterfalls.Description,"Mẹo cũ của cha mẹ là bảo hải ly con rằng thác nước chỉ là một cổng xả lớn. Tại đây, chúng sẽ mất nhiều tuần để tìm cần gạt tắt.",
MapMetadata.Waterfalls.Name,Thác nước,
MapSelection.BrowseMaps,Duyệt bản đồ cục bộ,Label of the button that opens a file explorer with a folder with custom maps. Please keep short.
MapSelection.CustomMaps,Bản đồ tùy chỉnh,Label of the toggle button that shows custom maps
MapSelection.DownloadMaps,Tải bản đồ về,Label of the button that opens some panel where custom maps can be downloaded
MapSelection.Header,Chọn bản đồ,
MapSelection.LocalMap,Bản đồ cục bộ,Tooltip of an icon in map selection panel that indicates that the map is stored in Documents folder.
MapSelection.NoDescription,Chưa có mô tả.,Text shown in map selection panel when the selected map has no description
MapSelection.NonCompatibleMapVersion,Phiên bản bản đồ này ({0}) không tương thích với phiên bản game hiện tại ({1}) và không thể tải.,"{0} is the map version (e.g. 0.1.15.1), {1} is the game version (in the same format). This message is shown after a player tries to start game on (or edit) an incompatible map."
MapSelection.OfficialMaps,Bản đồ chính thức,Label of the toggle button that shows official maps
MapSelection.Recommended,Thích hợp cho người mới,Label of the maps that are recommended for beginners
MapSelection.SemiCompatibleMapVersion,"Phiên bản bản đồ này ({0}) không tương thích với phiên bản game hiện tại ({1}). Việc bắt đầu trò chơi trên bản đồ này có thể gây văng game, bạn có thể gặp lỗi hỏng game và thiếu một số tài nguyên mới quan trọng. Chúng tôi khuyên bạn nên cập nhật bản đồ để trải nghiệm trọn vẹn các tính năng mới. 

Bạn có chắc chắn muốn bắt đầu trò chơi?","{0} is the map version (e.g. 0.1.15.1), {1} is the game version (in the same format). This message is shown after a player tries to start game on an incompatible map."
MapSelection.Unconventional,Độc đáo,"Label of the maps that have some special, different, unconventional mechanics"
Mechanical.BatteryCharge,{0} / {1},"Current and total value of battery charge. {0} is current value, {1} is total value."
Mechanical.Charge,Mức sạc,Current battery charge (how much power a battery has left)
Mechanical.Efficiency,Hiệu suất: {0}%,{0} stands for efficiency percentage number. How efficient workshop is at using the power.\
Mechanical.NetworkPower,Cung cấp / Nhu cầu năng lượng mạng lưới: {0} / {1},{0} stands for supply amount {1} stands for demand amount followed by PowerSymbol
Mechanical.PowerCapacity,Dung lượng,Stands for battery capacity.
Mechanical.PowerInput,Năng lượng đầu vào: {0},{0} stands for power amount followed by PowerSymbol
Mechanical.PowerInputMaximum,Năng lượng đầu vào / tối đa: {0} / {1} ({2}%),{0} stands for input amount {1} stands for maximum amount followed by PowerSymbol {2} stands for efficency ratio in percent
Mechanical.PowerOutput,Năng lượng đầu ra: {0},{0} stands for power amount
Menu.Continue,Tiếp tục,A button in main menu which opens the previously played game. Please keep short
Menu.Credits,Danh bạ tác giả,A button please keep short
Menu.EditMap,Chỉnh sửa bản đồ,A button please keep short
Menu.ExitChangesLostPrompt,Bạn có chắc chắn muốn thoát không? Những thay đổi chưa lưu sẽ bị mất.,
Menu.ExitGame,Thoát trò chơi,A button please keep short
Menu.ExitToDesktop,Thoát ra màn hình,A button please keep short
Menu.ExitToDesktopPrompt,Bạn có chắc chắn muốn thoát khỏi trò chơi?,
Menu.ExitToMenu,Thoát ra menu chính,A button please keep short
Menu.ExitToMenuPrompt,Bạn có chắc chắn muốn thoát ra menu chính không?,
Menu.Feedback,Đến trang góp ý,A button please keep short
Menu.KeyBindings,Gán phím,A button please keep short
Menu.LoadGame,Tải trò chơi,A button please keep short
Menu.ModManager,Mod,Label of a button that opens the mod manager.
Menu.NewGame,Trò chơi mới,A button please keep short
Menu.NewMap,Tạo bản đồ mới,A button please keep short
Menu.Resume,Tiếp tục,"A button in game and map editor menu, please keep short"
Menu.SaveGame,Lưu trò chơi,A button please keep short
Menu.Settings,Cài đặt,A button please keep short
Migration.AutomaticEmigrationDisabled,Đã tắt tự động di cư đi.,Shown on tooltip of disabled automatic emigration toggle
Migration.AutomaticEmigrationEnabled,Đã bật tự động di cư đi.,Shown on tooltip of enabled automatic emigration toggle
Migration.AutomaticImmigrationDisabled,Đã tắt tự động nhập cư.,Shown on tooltip of disabled automatic immigration toggle
Migration.AutomaticImmigrationEnabled,Đã bật tự động nhập cư.,Shown on tooltip of enabled automatic immigration toggle
Migration.AutomaticMigration,Tự động di cư,Shown above list of districts' automatic migration settings
Migration.DistrictsNotConnected,Các khu vực được chọn không được kết nối với nhau.,Shown on tooltip of disabled migration buttons when the chosen districts are not connected
Migration.HighMinimumWarning,Khu vực sẽ nhận thêm cư dân từ các khu vực khác khi họ sẵn sàng.,"Shown on tooltip of warning icon, that shows up when minimum for given population is higher than it's current amount"
Migration.ManualMigration,Di cư thủ công,Shown above manual migration panel
Migration.MigratePopulation,Di cư dân số,Button please keep short
Migration.Minimum,Tối thiểu,"Label shown in front of input field, with desired minimum amount of population in district"
Migration.SameDistrict,Không thể di cư trong cùng một khu vực.,Shown on tooltip of disabled migration buttons when the chosen districts are same
Modding.ActiveMods,Mod đang hoạt động,A label for the list of mods active in the game.
Modding.BrowseMods,Duyệt mod nội bộ,Label of the button that opens a file explorer with a folder with mods. Please keep short.
Modding.CloudSource,Mod {0},"Tooltip with source of the mod. {0} is the name of the cloud platform, for example Steam Workshop."
Modding.CreateMod,Tạo mod,Label of a button that creates a new mod. Please keep short.
Modding.CreateNewMod,Tạo mod mới,Label of a button that allows to create a new mod and a header of the panel that it opens.
Modding.DecreasePriority,Giảm độ ưu tiên tải,Label of a button that decreases the loading priority of a mod.
Modding.DocumentationButton,Xem tài liệu,Label of a button that opens modding documentation. Please keep short.
Modding.DownloadMods,Tải mod về,Label of the button that opens some panel where mods can be downloaded. Please keep short.
Modding.IncreasePriority,Tăng độ ưu tiên tải,Label of a button that increases the loading priority of a mod.
Modding.LoadConfirmation,Bạn có chắc chắn muốn tải không?,A message displayed in the mod incompatibility dialog box.
Modding.LocalSource,Mod nội bộ,Tooltip saying that the mod is stored locally.
Modding.MissingMod,Bị thiếu mod.,Shown on a tooltip for an icon that indicates a missing of a mod saved in save file.
Modding.ModCreatedMessage,"Mod của bạn đã được tạo trong thư mục này:
<link><b>{0}</b></link>

Hãy khởi động lại trò chơi để tải mod.",Message shown when a mod is created successfully. {0} is a path to the mod folder. Do not remove <link><b> tags.
Modding.ModManagerHeader,Mod,Header of the mod manager panel.
Modding.ModNameTaken,Tên mod đã được sử dụng.,Error shown when trying to create a mod with a name that is already used by another mod.
Modding.ModWarning.InvalidGameVersion,Mod này yêu cầu phiên bản trò chơi mới hơn: {0}.,Message that is shown when a mod requires a higher game version. {0} is the required game version.
Modding.ModWarning.MissingRequiredMod,Thiếu mod bắt buộc: {0}.,Message that is shown when a mod is missing a required mod. {0} is the ID of the required mod.
Modding.ModWarning.RequiredModInvalidOrder,"Mod bắt buộc ""{0}"" nằm dưới mod này trong thứ tự tải.",Message that is shown when a required mod is below the mod in the load order. {0} is the ID of the required mod.
Modding.ModWarning.RequiredModInvalidVersion,Phiên bản của mod bắt buộc '{0}' thấp hơn mức tối thiểu yêu cầu.,Message that is shown when a required mod has a version below the minimum required version. {0} is the ID of the required mod.
Modding.ModWarning.RequiredModNotEnabled,"Mod bắt buộc ""{0}"" chưa được bật.",Message that is shown when a required mod is not enabled. {0} is the ID of the required mod.
Modding.ModsIncompatibilityMessage,Bạn đang cố tải tệp lưu mà không có các mod từng được dùng khi lưu.,A message displayed in the mod incompatibility dialog box.
Modding.NewModLanguage,Mã ngôn ngữ,Label of a field that allows to set a language code for a localization mod. Please keep short.
Modding.NewModName,Tên mod,Label of a field that allows to set a name for a new mod. Please keep short.
Modding.ResetOrder,Đặt lại thứ tự tải,Label of a button that resets the order of mods.
Modding.RestartWarning,Các thay đổi sẽ không có hiệu lực cho đến khi khởi động lại.,Message that is shown when the player has changed something in Mod Manager and need to restart the game for the changes to take effect.
Modding.SavedMods,Mod trong tệp lưu,A label for the list of mods found in the save file.
Modding.ShowSavedMods,Mod: {0},A label for the button that opens a panel with the list of mods found in the save file. {0} is a placeholder for the number of mods.
Modding.ShowUploadPanel,Tải mod lên,Label of a button that opens the panel with list of mods that can be uploaded to some cloud platform.
Modding.TemplateType,Mẫu,Label of a dropdown that allows to select a template type for a mod. Please keep short.
Modding.ThumbnailInfo,"Thêm một tệp hình ảnh có tên ""thumbnail"" vào thư mục mod này để đặt ảnh thu nhỏ. Tệp phải nhỏ hơn 1 MB và ưu tiên tỷ lệ khung hình 16:9.",Info text that explains how to set a thumbnail for a mod
Modding.UploadPanelHeader,Tải mod lên,Header of the panel that allows uploading mods to some cloud platform.
Modding.VersionMismatch,Không khớp phiên bản.,Shown on a tooltip for an icon that indicates a version mismatch between the mod saved in save file and the active one.
Mouse.ScrollDown,Cuộn ↓,Label of the mouse scroll down input
Mouse.ScrollLeft,Cuộn ←,Label of the mouse scroll left input
Mouse.ScrollRight,Cuộn →,Label of the mouse scroll right input
Mouse.ScrollUp,Cuộn ↑,Label of the mouse scroll up input
NaturalResource.Birch.DisplayName,Gỗ bạch dương,Tree of the genus Betula.
NaturalResource.Birch.FlavorDescription,"""Nhớ kĩ nhé các con, đừng bóc quá nhiều vỏ! Làm thế sẽ hại cây đấy!"" —Bà Ngonel","Peeling stripes of birch bark is oddly satisfying. Ma' Ngonel is an almost legendary figure - a beaver grandma, known for her stern hand, cooking skills and respect among both kits and adult beavers. Her name is an inside joke, as our community constantly demands an addition of catapults, mangonels etc."
NaturalResource.Blueberry.DisplayName,Việt quất,Plant of the genus Vaccinium
NaturalResource.Blueberry.FlavorDescription,"""Rồi các con sẽ phải mò đến xin thêm món này khi hạn hán giáng xuống cho xem."" —Bà Ngonel","Ma' Ngonel is an almost legendary figure - a beaver grandma, known for her stern hand, cooking skills and respect among both kits and adult beavers. Her name is an inside joke, as our community constantly demands an addition of catapults, mangonels etc."
NaturalResource.Canola.DisplayName,Hạt cải dầu,Should be consistent with Good.CanolaSeeds.DisplayName
NaturalResource.Canola.FlavorDescription,Cái cớ hoàn hảo nhất để trồng hoa trong một khu định cư của Răng Sắt.,"The Iron Teeth are down-to-earth workers focused on work and work only, they wouldn't care enough to grow flowers - unless it has its practical use, as is the case here."
NaturalResource.Carrot.DisplayName,Cà rốt,Daucus carota subspecies sativus
NaturalResource.Carrot.FlavorDescription,Cà rốt sống giúp hải ly cân bằng chế độ ăn uống mà không mất đi niềm vui khi nhai giòn rụm.,
NaturalResource.Cassava.DisplayName,Củ sắn,Should be consistent with Good.Cassava.DisplayName
NaturalResource.Cassava.FlavorDescription,"Do củ sắn chứa độc khi ăn sống, phe Răng Sắt đã nảy ra ý tưởng thử nghiệm lên men chúng.",Raw cassava and its leaves contain cyanide.
NaturalResource.Cattail.DisplayName,Cỏ nến,Plant of a genus Typha
NaturalResource.Cattail.FlavorDescription,"""Tôi biết đủ thứ về cái đuôi rồi, nhưng con 'mèo' rốt cuộc là cái gì thế nhỉ?"" —Pina","Makes sense only in english, feel free to adapt. Pina is a younger beaver figure that's exploring the world and isn't related to any faction in particular. Pina as a name relates to the pine tree, the translated name shouldn't suggest a gender if possible."
NaturalResource.ChestnutTree.DisplayName,Cây dẻ,A Aesculus hippocastanum tree
NaturalResource.ChestnutTree.FlavorDescription,"""Chúc ngươi dẫm phải quả dẻ gai!"" —Lời nguyền rủa cay nghiệt nhất của loài hải ly","Reference to a ""Step on a lego"" meme, chestnuts have prickly, spiky husks"
NaturalResource.Coffee.DisplayName,Bụi cà phê,Plant that produces coffee beans.
NaturalResource.Coffee.FlavorDescription,"Hải ly thời cổ đại thường nhai hạt cà phê để nạp năng lượng, nhưng phe Răng Sắt đã chế ra một cách thưởng thức tuyệt vời hơn.","According to a legend, coffee was discovered thanks to goats eating beans and becoming energectic. Also, ""distilling"" refers to the fact it's a liquid."
NaturalResource.Corn.DisplayName,Ngô,Should be consistent with Good.Corn.DisplayName
NaturalResource.Corn.FlavorDescription,"""Chẳng có điều gì tốt đẹp xảy ra khi bọn hải ly nhỏ chơi đùa trong ruộng ngô đâu."" —Bà Ngonel","""Children of the corn"" reference. Ma' Ngonel is an almost legendary figure - a beaver grandma, known for her stern hand, cooking skills and respect among both kits and adult beavers. Her name is an inside joke, as our community constantly demands an addition of catapults, mangonels etc."
NaturalResource.Dandelion.DisplayName,Bồ công anh,A flower used as an antidote ingredient. It looks like a yellow flower dandelion. Must be the same as Good.Dandelion.DisplayName
NaturalResource.Dandelion.FlavorDescription,"Trong các câu chuyện cổ tích của hải ly, hoa bồ công anh nổi tiếng với giọng hát du dương.","In Timberborn's lore, fairy tales feature talking plants (similar to human tales being about talking animals). Also, this references ""The Witcher"" - Dandelion (Jaskier) is a bard. Dandelion must be the same as Good.Dandelion.PluralDisplayName"
NaturalResource.Eggplant.DisplayName,Cà tím,Should be consistent with Good.Eggplant.DisplayName
NaturalResource.Eggplant.FlavorDescription,Bên trong quả cà tím chẳng có quả trứng nào đâu.,Do not translate literally if this doesn't make sense in a non-English language.
NaturalResource.Kohlrabi.DisplayName,Su hào,Should be consistent with Good.Kohlrabi.DisplayName
NaturalResource.Kohlrabi.FlavorDescription,"Vị nhạt như giấy, nhưng nhai giòn sần sật như gỗ trôi.","Not a very tasty food, yet consumed raw in large quantities."
NaturalResources.Leftover,(còn sót lại),This is shown under NaturalResource.DisplayName. Leftover meaning plant that was cut but not yet collected.
NaturalResource.Mangrove.DisplayName,Cây đước,"A tree that grows in shallow water. This particular name doesn't refer to a specific type, it uses a general name for this group of trees. Produces fruits that can be harvested."
NaturalResource.Mangrove.FlavorDescription,"Hạt giống được mang về bởi những lữ khách đến từ những vùng đất xa xôi, nơi sông cạn chẳng bao giờ ngừng chảy.",
NaturalResource.Maple.DisplayName,Gỗ phong,Tree of the genus Sapindaceae
NaturalResource.Maple.FlavorDescription,"Trích nhựa cây phong sẽ thu được si-rô, nhưng gỗ chất lượng cao mới là phần thưởng ngọt ngào hơn cả.",
NaturalResources.Mature,(trưởng thành),This is shown under NaturalResource.DisplayName. Fully grown plant.
NaturalResource.Oak.DisplayName,Cây sồi,Common oak tree.
NaturalResource.Oak.FlavorDescription,Những công trình tuyệt vời nhất của hải ly đều được làm từ gỗ sồi và bọc sắt.,This idiom makes perfect literal sense for the Iron Teeth.
NaturalResource.Pine.DisplayName,Cây thông,Tree of the genus Pinus
NaturalResource.Pine.FlavorDescription,"""Ôi khu rừng vĩ đại, ta khao khát ngài biết bao!"" —Thi sĩ hải ly vô danh","""Pine"" pun, feel free to adapt."
NaturalResource.Potato.DisplayName,Khoai tây,Plant Solanum tuberosum
NaturalResource.Potato.FlavorDescription,"""Có nhiều cách để chế biến một củ khoai tây."" —Tục ngữ hải ly",
NaturalResources.Seedling,(cây non),This is shown under NaturalResource.DisplayName. Not fully grown plant.
NaturalResource.Soybean.DisplayName,Đậu nành,Should be consistent with Good.Soybean.DisplayName
NaturalResource.Soybean.FlavorDescription,"Cứng và kháng nước, hạt của nó là đồ chơi hoàn hảo cho hải ly nhỏ.",
NaturalResource.Spadderdock.DisplayName,Hoa súng vàng,Plant Nuphar Lutea
NaturalResource.Spadderdock.FlavorDescription,Thiên nhiên gửi gắm thông điệp của mình qua hình dáng của những chiếc lá.,"Spadderdock has heart-shaped leaves, and it can be seen in the game."
NaturalResource.Sunflower.DisplayName,Hoa hướng dương,
NaturalResource.Sunflower.FlavorDescription,Hải ly trồng loài hoa này để chứng tỏ chúng không hề sợ hãi cái nắng thiêu đốt.,It's a reference to drought being the main threat in the game.
NaturalResource.Wheat.DisplayName,Lúa mì,Plant Triticum aestivum
NaturalResource.Wheat.FlavorDescription,"""Bạn sẽ quên đi ánh mặt trời trên bầu trời quang mây khi chúng ta rảo bước trên những cánh đồng vàng."" —Bản tình ca hải ly","Adapted from ""Fields of Gold"" by Sting."
NaturalResources.Aquatic,<YellowHighlight>Thủy sinh</YellowHighlight>: phải ngập một phần trong nước.,Aquatic is a keyword. Shown after selecting an aquatic plant. Examples of aquatic plants include spadderdock or water lilies.
NaturalResources.DaysToDie,Chết trong: {0} ngày,"Shown when natural resource is dying (from any reason), {0} stands for number of days left to die"
NaturalResources.DiedFromContamination,Chết do nhiễm độc.,Shown when a plant died after being contaminated for too long. Ideally all uses of the word contaminate/contamination/contaminated should be uniform across the project. Please keep short.
NaturalResources.DiedFromNotEnoughWater,Chết do không ngập nước.,Shown when a water plant died after not being submerged in water for too long. Please keep short.
NaturalResources.DiedFromTooMuchWater,Chết do ngập lụt.,Shown when a plant died after it had been submerged in water for too long. Please keep short.
NaturalResources.Dried,Chết do bị khô hạn.,Shown for plants which died from lack of water. Please keep short.
NaturalResources.DroughtResistance,Khả năng chịu hạn: {0} ngày,The number of days a plant can survive in a drought.
NaturalResources.GenericDied,Nó đã chết.,Refers to a plant.
NaturalResources.Healthy,Được tưới đủ nước và phát triển tốt.,Shown when plant is healthy and has no problems with growth
NaturalResources.Visibility.Hide,Ẩn tài nguyên thiên nhiên,Tooltip for button hiding natural resources
NaturalResources.Visibility.Show,Hiện tài nguyên thiên nhiên,Tooltip for button showing natural resources
Need.BadwaterContamination.DisplayName,Nhiễm độc,Title of an effect that shows up when a beaver is contaminated. Ideally all uses of the word contaminate/contamination/contaminated should be uniform across the project.
Need.BeeSting.DisplayName,Ong đốt,Title of an effect that shows up when a beaver has been stung by a bee.
Need.ChippedTeeth.DisplayName,Mẻ răng,Title of an effect that shows up when a beaver has chipped its teeth
Need.Hunger.DeathMessage,đã chết vì đói.,Preceded by beaver name.
Need.Hunger.DisplayName,Cơn đói,Title of a beaver need related to its hunger
Need.Injury.DisplayName,Chấn thương,Title of an effect that shows up when a beaver has been injured
Need.Power.DisplayName,Năng lượng,A need satisfied when a bot recharges.
Need.Roof.DisplayName,Mái nhà,"Same as Building.Roof2x2.DisplayName without the size. It refers to roofs as one of the available decorations, do not confuse with Shelter which is a separate need."
Need.Shelter.DisplayName,Nơi trú ẩn,A need that is fulfilled when a beaver has a house.
Need.Sleep.DisplayName,Giấc ngủ,A need satisfied when a beaver sleeps.
Need.Thirst.DeathMessage,đã chết vì khát.,Preceded by beaver name
Need.Thirst.DisplayName,Cơn khát,A need satisfied by providing water.
Need.WetFur.DisplayName,Bộ lông ướt,An effect that occurs when a beaver enters water and is wet. It's a positive effect and it stays for a time after the beaver leaves water.
NeedGroup.Aesthetics.DisplayName,Thẩm mỹ,"Name of a need group where needs are satisfied by decorating your settlement, previously Need.Esthetics.DisplayName"
NeedGroup.Awe.DisplayName,Kính ngạc,Same as the Need named Awe
NeedGroup.BasicNeeds.DisplayName,Nhu cầu cơ bản,"A group of needs which includes needs such as Hunger, Water, Shelter etc."
NeedGroup.Boosts.DisplayName,Tăng cường,Name of a group containing boosting effects for bots
NeedGroup.Fun.DisplayName,Giải trí,"Name of a need group where needs are satisfied by building attractions for the beavers, previously Need.Fun.DisplayName"
NeedGroup.Happiness.DisplayName,Độ hạnh phúc,General happiness of the populace
NeedGroup.Nutrition.DisplayName,Dinh dưỡng,Same as the need named Nutrition
NeedGroup.SocialLife.DisplayName,Đời sống xã hội,"Name of a need group where needs are satisfied by letting beavers be social and chat with other beavers, previously Need.SocialLife.DisplayName"
NeedGroup.Temporary.DisplayName,Hiệu ứng tạm thời,"Name of a need group containing temporary effects, both positive and negative."
Needs.Beaver.DeathWarning,Hải ly sắp qua đời.,
Needs.HeatProtection,Bảo vệ khỏi: {0},"Shown on a tooltip, when need protects from heat effects. {0} stands for heat effect name."
Needs.InRange,trong phạm vi {0} ô,"{0} stands for radius size (area of effect), text is shown after Need.DisplayName to indicate its radius"
Needs.SatisfiesInRange,Đáp ứng {0} trong phạm vi {1} ô,{0} stands for Need.DisplayName {1} stands for radius size (area of effect)
NewGame.Notification,Đã tìm thấy gỗ và nước. Một khởi đầu mới.,Notification when a new game is started
NewGameConfigurationPanel.Aged,tuổi,"Describing age of beavers, between text fields, example: 'Starting beavers: [20] aged [10]'"
NewGameConfigurationPanel.BadtideDuration,Thời gian đợt nước độc,"Label of a setting, how long badtide season could be. Badtide should be the same as Weather.Badtide"
NewGameConfigurationPanel.BadtideDurationHandicap,Giảm thời gian đợt nước độc,"Label of a setting, makes badtide season shorter during a game, example usage: 'Badtide duration handicap: 50%. Badtide should be the same as Weather.Badtide"
NewGameConfigurationPanel.ChanceForBadtide,Tỷ lệ xuất hiện đợt nước độc,"Label of a setting, what is the chance for a badtide season. Badtide should be the same as Weather.Badtide"
NewGameConfigurationPanel.Custom,Tùy chỉnh,Game mode keep short
NewGameConfigurationPanel.Customize,Tùy chỉnh,Label of the button that opens the customization panel.
NewGameConfigurationPanel.Cycles,chu kỳ,"Cycle is a unit of time shown after a number, example usage: '10 cycles'. Must be consistent with Weather.CycleAndDayLong."
NewGameConfigurationPanel.CyclesBeforeBadtideRandomization,Số chu kỳ không có nước độc,"Label of a setting, how many cycles there will be without badtide seaon possibility. Badtide should be the same as Weather.Badtide"
NewGameConfigurationPanel.Days,ngày,"Shown after a number field, example usage: '10 days'"
NewGameConfigurationPanel.DemolishableRecoveryRate,Tỷ lệ hoàn tài nguyên khi phá dỡ,"Label of a setting, defines how much goods user will get back after demolishing a building, example usage: 'Building refund rate: 75%'"
NewGameConfigurationPanel.DroughtDuration,Thời gian hạn hán,"Label of a setting, how long drought is during each cycle."
NewGameConfigurationPanel.DroughtDurationHandicap,Giảm thời gian hạn hán,"Label of a setting, makes droughts shorter during a game, example usage: 'Drought duration handicap: 50%"
NewGameConfigurationPanel.Easy,Dễ,Game mode keep short
NewGameConfigurationPanel.EasyModeDescription,"Bạn đang làm quen hoặc muốn có một trải nghiệm xây dựng thành phố thư thái.

Định cư của bạn bắt đầu với nguồn tài nguyên dồi dào.

Hải ly tiêu thụ ít thức ăn và nước uống hơn.

Hạn hán và đợt nước độc hiếm khi xảy ra và diễn ra ngắn.",Badtide should be the same as Weather.Badtide
NewGameConfigurationPanel.EnableBadtides,Đợt nước độc,"Label of the checkbox that enables badtides, ""Badtides"" should be plural of Weather.Badtide."
NewGameConfigurationPanel.EnableDroughts,Đợt hạn hán,"Label of the checkbox that enables droughts, ""Droughts"" should be plural of Weather.Drought."
NewGameConfigurationPanel.FoodConsumption,Mức tiêu thụ thức ăn,"Label of a setting, how much food beavers consume during a game. For example 'Food consumption: 60%'"
NewGameConfigurationPanel.For,trong,"Specifies a duration, between text fields, example usage: 'Drought duration handicap: [50%] for [10] cycles'"
NewGameConfigurationPanel.Hard,Khó,Game mode keep short
NewGameConfigurationPanel.HardModeDescription,"Con người đã không thể tồn tại và bạn cũng vậy.

Định cư của bạn bắt đầu với tài nguyên khan hiếm.

Hạn hán và đợt nước độc rất khắc nghiệt và ngày càng trở nên tồi tệ hơn theo thời gian.

Hãy mài sắc răng cửa của bạn đi.",Hard difficulty description. 'did not make it' as in they did not survive. 'sharpen your incisors' is meant to be a kind of a call to arms before a tough game. Badtide should be the same as Weather.Badtide
NewGameConfigurationPanel.InjuryChance,Tỷ lệ chấn thương,"Label of a setting, how often injuries occur in workshops (relative to predefined value), example usage: 'Injury chance: 50%'. Injury must be the same as Need.Injury.DisplayName"
NewGameConfigurationPanel.Normal,Bình thường,Game mode keep short
NewGameConfigurationPanel.NormalModeDescription,"Bạn muốn có một thử thách.

Định cư của bạn bắt đầu với tài nguyên vừa phải.

Hạn hán và đợt nước độc nhẹ nhàng hơn lúc ban đầu nhưng sẽ dữ dội hơn theo thời gian.", Badtide should be the same as Weather.Badtide
NewGameConfigurationPanel.Start,Bắt đầu,A button starting the game please keep short
NewGameConfigurationPanel.StartingAdults,Số hải ly trưởng thành ban đầu,"Label of a setting, number of adults spawned at the start of a game."
NewGameConfigurationPanel.StartingChildren,Số hải ly con ban đầu,"Label of a setting, number of children spawned at the start of a game."
NewGameConfigurationPanel.StartingFood,Thức ăn ban đầu,"Label of a setting, amount of food available at the start of a game."
NewGameConfigurationPanel.StartingWater,Nước uống ban đầu,"Label of a setting, amount of water available at the start of a game."
NewGameConfigurationPanel.SubHeader,Chế độ chơi,
NewGameConfigurationPanel.TemperateWeatherDuration,Thời gian thời tiết ôn hòa,"Label of a setting, how long temperate weather is during each cycle."
NewGameConfigurationPanel.To,đến,"Describes a range of numbers, example usage: '20 to 50%'"
NewGameConfigurationPanel.WaterConsumption,Mức tiêu thụ nước,"Label of a setting, how much water beavers consume during a game, for example 'Water consumption: 60%'."
NewGameFactionPanel.SubHeader,Chọn phe của bạn,
NewGameMapPanel.SubHeader,Chọn bản đồ,
NewMapPanel.Header,Tạo bản đồ mới,
Planting.NoPriorityOption,Không,No resource is prioritized
Planting.Prioritize,Tài nguyên ưu tiên,Which resource to prioritize when planting.
Planting.ReplantDeadTrees,Trồng lại các cây chết không đánh dấu chặt,Label of toggle in forester panel fragment
Planting.UnlockPrompt,Bạn cần mở khóa {0} để trồng {1}.,{0} stands for Building.DisplayName {1} stands for NaturalResource.DisplayName.
PlantingTool.Description,Sử dụng công cụ này để chỉ định vùng trồng cây.,
PlantingTool.RequiredBuilding,Yêu cầu công trình: {0},{0} stands for Building.DisplayName.
PlayerData.CorruptedDataInfo.CorruptedFilePresent,Bạn có thể xem bản sao của tệp dữ liệu người chơi bị hỏng trong <link><b>thư mục tài liệu trò chơi</b></link>.,Corrupted means broken or unusable due to some error.
PlayerData.CorruptedDataInfo.Header,"Đã xảy ra sự cố khi đọc tệp người chơi của bạn. Chúng tôi đã khôi phục nội dung từ bản sao lưu cục bộ, nhưng một số chi tiết (bao gồm các phe đã mở khóa và các bản đồ đã chinh phục) có thể đã bị mất.",
Population.AllPerished,"Và dù tất cả hải ly đã diệt vong, dòng sông vẫn tiếp tục chảy,
sự tồn tại ngắn ngủi của chúng chỉ như một hạt bụi gỗ.",UI information displayed as a tooltip when the entire population has died.
Priorities.VeryLow,Rất thấp,Please keep short
Priorities.Low,Thấp,Please keep short
Priorities.Normal,Bình thường,Please keep short
Priorities.High,Cao,Please keep short
Priorities.VeryHigh,Rất cao,Please keep short
RecoverableGood.RecoveredGoods,Tài nguyên thu hồi:,Label on tooltip that shows up when the player want to destroy building(s). Followed by list of goods.
RecoveredGoodStack.DeletePrompt,Tất cả tài nguyên lưu trữ trong đống tàn tích sẽ bị mất. Bạn có chắc chắn muốn dọn dẹp nó không?,"Prompt shown when the player clicks delete button on chosen rubble,Rubble should be the same as RecoveredGoodStack.DisplayName"
RecoveredGoodStack.Description,Vật liệu còn lại sau khi phá dỡ công trình. Thợ xây có thể đến thu gom.,Description of stack of goods spawned after destroying a building. Builders should be translated the same way as in Building.BuildersHut.Description key
RecoveredGoodStack.DisintegrationCountdown,Tự phân hủy trong: {0} ngày,Info on rubble entity panel disintegration countdown progress bar
RecoveredGoodStack.DisplayName,Tàn tích,Display name of stack of goods spawned after destroying a building
RecoveredGoodStack.FlavorDescription,Dù sao thì nó cũng cản tầm nhìn rồi.,
RecoveredGoodStack.Priority,Độ ưu tiên thu gom:,Setting a priority for goods gathering work on a Rubble. Could be similar to Demolish.PriorityTitle
Resources.GatheredBy,Thu hoạch bởi:,"Header above list of buildings that can gather certain resource. Gathered is meant as general term, containing resource gathering of gatherers, farmers, lumberjacks, tappers."
Ruins.ShuffleModel,Đổi ngẫu nhiên kiểu dáng,Shuffle as in Randomize.
Saving.Autosave,Tự động lưu,Name of the autosaved game
Saving.CycleUnknown,Chu kỳ không xác định,"Text shown in old save games labels that don't have cycle information. ""Cycle"" should be the same as in Weather.CycleAndDayLong"
Saving.DeleteSave,Xóa bản lưu,A button. Please keep short.
Saving.DeleteSavePrompt,Bạn có chắc chắn muốn xóa bản lưu {0} không?,{0} stands for save name
Saving.DeleteSettlement,Xóa khu định cư,A button. Please keep short.
Saving.DeleteSettlementPrompt,Bạn có chắc chắn muốn xóa khu định cư {0} không? Thao tác này sẽ xóa tất cả các bản lưu của khu định cư này.,{0} stands for settlement name
Saving.Error,Lưu thất bại! Tránh dùng các ký tự không hợp lệ và đảm bảo dung lượng lưu trữ còn đủ.,Message shown to player when saving game or map failed
Saving.InvalidFile,"Bản lưu bạn đang cố tải đã bị hỏng!

Khu định cư: {0}
Bản lưu: {1}",Error message shown after trying to load a save file that is corrupted.
Saving.InvalidName,Tên không hợp lệ. Hãy đảm bảo không có ký tự không cho phép trong tên.,Error message shown after inputting a settlement name with illegal characters such > < ?.
Saving.LoadGamePanelHeader,Tải trò chơi,
Saving.MissingMacOSPermissionsLocKey,Timberborn cần quyền lưu trữ trò chơi trên thiết bị của bạn. Trò chơi sẽ đóng lại và mở phần cài đặt để bạn cấp quyền cần thiết.,A message shown to players if they did not grant the necessary permissions on macOS.
Saving.NameSettlement,Bạn muốn đặt tên cho khu định cư của mình là gì?,A prompt in the box for naming your settlement after starting a new game.
Saving.NonCompatibleSaveVersion,"Bản lưu này không tương thích với phiên bản hiện tại.
Chúng tôi luôn cố gắng tránh điều này. Vui lòng bắt đầu một trò chơi mới để trải nghiệm đầy đủ các tính năng mới.",
Saving.SaveExists,"Bản lưu ""{0}"" đã tồn tại.",{0} stands for save name
Saving.SaveGamePanelHeader,Lưu trò chơi,
Saving.Saves,Các bản lưu,One of the two headers in the load game panel. Shown above a list of saves assigned to a settlement.
Saving.SemiCompatibleSaveVersion,"Phiên bản bản lưu ({0}) không tương thích với phiên bản hiện tại ({1}). Tải bản lưu này có thể gây ra lỗi văng game hoặc các sự cố nghiêm trọng. Chúng tôi khuyên bạn nên bắt đầu trò chơi mới để trải nghiệm tốt nhất các tính năng mới.  

Bạn có chắc chắn muốn tải bản lưu này không?","{0} is the save version (e.g. 0.1.15.1), {1} is the game version (in the same format). This message is shown after a player tries to load an incompatible save."
Saving.Settlements,Khu định cư,One of the two headers in the load game panel. Shown above a list of settlements.
Saving.SteamCompatibilityMessage,<RedHighlight><i>Bạn có thể chơi phiên bản cũ hơn bằng cách chuyển sang một nhánh tùy chỉnh trong ứng dụng Steam.</i></RedHighlight>,Additional message on Steam that is shown when the save is not compatible with the current version of the game. It is shown below Saving.SemiCompatibleSaveVersion and Saving.NonCompatibleSaveVersion messages.
Saving.TakenName,Đã có một khu định cư sử dụng tên này.,Error message shown after inputting a settlement name that is already used.
Science.SciencePoints,Điểm khoa học,The name of a resource which can be spent to unlock new technology
Science.UnlockableOnce,<YellowHighlight>Mở khóa một lần cho tất cả khu định cư.</YellowHighlight>,When someone unlokcs this building in one settlement it unlocks for all their other settlements. The game normally required you to unlock a building separately in each playthrough.
Settings.Accessibility.DisableStarfieldRotation,Tắt xoay bầu trời sao,Label for disabling starfield (stars in the night sky) rotation in accessibility settings
Settings.Accessibility.Header,Khả năng truy cập,Header for accessibility section in settings panel
Settings.Analytics.ConsentToggle,Cho phép phân tích dữ liệu,Selected when giving consent to data collection/analytics.
Settings.Analytics.Header,Phân tích dữ liệu,Header for the data collection/analytics consent section.
Settings.GameSaving.AutoSavingOn,Tự động lưu,
Settings.General.Header,Chung,Header for general settings section
Settings.Graphics.AnisotropicFiltering,Lọc không đẳng hướng,Label for anisotropic textures quality option
Settings.Graphics.AnisotropicTextures,Kết cấu không đẳng hướng,Label for anisotropic textures quality option
Settings.Graphics.AntiAliasing.FXAA,FXAA,Label for FXAA anti-aliasing option in graphics settings panel
Settings.Graphics.AntiAliasing.MSAAx2,MSAA x2,Label for MSAA with x2 resolution anti-aliasing option in graphics settings panel
Settings.Graphics.AntiAliasing.MSAAx4,MSAA x4,Label for MSAA with x4 resolution anti-aliasing option in graphics settings panel
Settings.Graphics.AntiAliasing.MSAAx8,MSAA x8,Label for MSAA with x8 resolution anti-aliasing option in graphics settings panel
Settings.Graphics.AntiAliasing.MacMSAAWarning,Điều này có thể gây ra hiện tượng nhiễu hình ảnh trên phần cứng cũ.,Warning message for Mac users about potential artifacts when using MSAA anti-aliasing
Settings.Graphics.AntiAliasing.SMAA,SMAA,Label for SMAA anti-aliasing option in graphics settings panel
Settings.Graphics.AntiAliasingQuality,Khử răng cưa,Antialiasing dropdown label in graphics settings panel
Settings.Graphics.Bloom,Hiệu ứng phát sáng (Bloom),Label for bloom effect dropdown in graphics settings panel
Settings.Graphics.Header,Chất lượng đồ họa,Header for graphics quality section in settings panel
Settings.Graphics.LightQuality,Chất lượng ánh sáng bổ sung,Label for additional lights quality dropdown setting
Settings.Graphics.OverallGraphicsQuality,Cấu hình sẵn,Label for graphics quality dropdown
Settings.Graphics.Quality.Custom,Tùy chỉnh,Label for custom graphics quality option
Settings.Graphics.Quality.High,Cao,Label for high quality graphics option
Settings.Graphics.Quality.Low,Thấp,Label for low quality graphics option
Settings.Graphics.Quality.Medium,Trung bình,Label for medium quality graphics option
Settings.Graphics.Quality.Off,Tắt,"Label for graphics quality option that disables certain graphic effect, please keep short"
Settings.Graphics.Quality.On,Bật,"Label for graphics quality option that enables certain graphic effect, please keep short"
Settings.Graphics.Quality.Ultra,Tối đa,Label for ultra quality graphics option
Settings.Graphics.ShadowQuality,Chất lượng bóng,Label for shadow quality option
Settings.Graphics.TextureQuality,Chất lượng kết cấu,Label for texture quality option
Settings.Graphics.WaterQuality,Chất lượng nước,"Label for water quality dropdown, used in graphics settings panel"
Settings.Header,Cài đặt,
Settings.Intro.DisableIntro,Bỏ qua đoạn giới thiệu,Label for setting to skip intro cinematic
Settings.Input.DragCamera,Kéo camera,
Settings.Input.EdgePanCamera,Cuộn màn hình bằng viền chuột,"When this option is enabled, player can move camera by moving mouse to screen edge"
Settings.Input.EdgePanCameraSpeed,Tốc độ cuộn viền,
Settings.Input.Header,Điều khiển,
Settings.Input.InvertZoom,Đảo ngược thu phóng,
Settings.Input.KeyboardCameraMovementSpeed,Tốc độ di chuyển camera bằng bàn phím,
Settings.Input.KeyboardCameraRotationSpeed,Tốc độ xoay camera bằng bàn phím,
Settings.Input.KeyboardCameraZoomSpeed,Tốc độ thu phóng camera bằng bàn phím,
Settings.Input.LockCursorInWindow,Khóa con trỏ trong cửa sổ,"When this option is enabled, mouse cursor cannot leave game window / display"
Settings.Input.MouseCameraRotationSpeed,Tốc độ xoay bằng chuột,Label in settings.
Settings.Input.MouseWheelCameraZoomSpeed,Tốc độ thu phóng bằng con lăn chuột,Label of a slider for setting the speed of camera zooming with the mouse wheel.
Settings.Input.OnScreenKeyboard.Auto,Tự động,A dropdown item indicating OnScreen Keyboard mode.
Settings.Input.OnScreenKeyboard.Disabled,Đã tắt,A dropdown item indicating OnScreen Keyboard mode.
Settings.Input.OnScreenKeyboard.Enabled,Đã bật,A dropdown item indicating OnScreen Keyboard mode.
Settings.Input.OnscreenKeyboard,Bàn phím Steam Big Picture:,Label for dropdown indicating OnScreen Keyboard mode
Settings.Input.SwapMouseCameraMovementWithRotation,Đổi nút điều khiển camera,"When this option is enabled, the middle mouse button is swapped with the right mouse button"
Settings.Input.UnlockZoom,Thu phóng không giới hạn,Label for setting to unlock zoom limits
Settings.Language.Change,Thay đổi,Please keep short
Settings.Language.Current,Ngôn ngữ:,
Settings.Language.Restart,Khởi động lại ngay,Please keep short
Settings.Language.Warning,Thay đổi yêu cầu khởi động lại trò chơi.,Warning shown when user changes language
Settings.Screen.AntiAliasing,Khử răng cưa,Label for anti-aliasing toggle in settings window
Settings.Screen.Brightness,Độ sáng,Label for overall brightness level setting in screen settings panel
Settings.Screen.FrameRateLimit,Giới hạn tốc độ khung hình,Label of a dropdown for setting a FPS limit. It should probably be left unchanged in most languages.
Settings.Screen.FrameRateLimit.Unlimited,Không giới hạn,A dropdown value indicating unlimited frame rate.
Settings.Screen.FrameRateLimit.Value,{0} FPS,{0} is a number. FPS stands for Frames Per Second.
Settings.Screen.FullScreen,Toàn màn hình,
Settings.Screen.GraphicsQuality,Chất lượng đồ họa,
Settings.Screen.Header,Đồ họa,
Settings.Screen.Quality.High,Cao,Please keep short
Settings.Screen.Quality.Low,Thấp,Please keep short
Settings.Screen.Quality.Medium,Trung bình,Please keep short
Settings.Screen.Quality.Ultra,Tối đa,Please keep short
Settings.Screen.ResolutionScale,Tỷ lệ độ phân giải,Please keep short
Settings.Screen.ScreenHeader,Màn hình,Section label in settings panel
Settings.Screen.ScreenResolution,Độ phân giải màn hình,
Settings.Screen.VSync,Đồng bộ dọc (VSync),Label of a dropdown for choosing a VSync mode.
Settings.Screen.VSync.0,Tắt,A dropdown item indicating VSync mode.
Settings.Screen.VSync.1,Bật,A dropdown item indicating VSync mode.
Settings.Screen.VSync.2,Mỗi khung hình thứ hai,A dropdown item indicating VSync mode.
Settings.Sound.EnvironmentVolume,Âm lượng môi trường,
Settings.Sound.Header,Âm thanh,
Settings.Sound.MasterVolume,Âm lượng tổng,
Settings.Sound.MusicVolume,Âm lượng nhạc nền,
Settings.Sound.MuteWhenMinimized,Tắt âm thanh khi thu nhỏ hoặc mất tập trung,
Settings.Sound.UIVolume,Âm lượng giao diện,
Settings.Tutorial.DisableTutorial,Tắt hướng dẫn,
Settings.UI.Header,Giao diện,
Settings.UI.RunInBackground,Chạy trong nền,A settings which controls whether the game should run when minimized or out of focus.
Settings.UI.ShowFps,Hiển thị FPS,
Settings.UI.UIScaleFactor,Tỷ lệ giao diện,
Status.Automation.ApiStopped,API đã dừng.,A warning when the API is stopped.
Status.Automation.ApiStopped.Short,API đã dừng,A warning when the API is stopped.
Status.Automation.AutomationLoop,Vòng lặp tự động hóa.,A warning when there is an infinite loop (a cycle) in the automation.
Status.Automation.AutomationLoop.Short,Vòng lặp tự động,A warning when there is an infinite loop (a cycle) in the automation.
Status.BadwaterContamination.Incubation,"Chú hải ly này đã ngâm mình quá lâu trong nước bẩn. Hiện tại vẫn ổn, nhưng sẽ phát bệnh trong vài ngày tới.",Shown as an status alert when beaver spents too much time in contaminated water (and will get sick soon). Badwater should be the same as Good.Badwater.DisplayName.
Status.BadwaterContamination.Incubation.Short,Hải ly không khỏe,Shown as an status alert when beaver spents too much time in contaminated badwater (and will get sick soon). Please keep short.
Status.Beaver.Dead,Đã chết,Shown in the beaver info window to explain that the beaver died
Status.BombActivationWarning,Sắp phát nổ.,Text shown in entity panel when count down is active for a water source.
Status.Bot.Dead,Đã bị phá hủy.,This shows up when a bot has been destroyed
Status.Breeding.ProgressHalted,"Tạm dừng sinh sản, đang chờ dưỡng chất",
Status.Breeding.ProgressHalted.Short,Tạm dừng sinh sản,Please keep short.
Status.Buildings.BlockedByContamination,Công trình này đang bị đình trệ do nước bẩn.,Shown as status when badwater contamination affects building and stops it from working. Badwater should be the same as Good.Badwater.DisplayName.
Status.Buildings.BlockedByContamination.Short,Bị cản trở bởi nước bẩn,Shown as status when badwater contamination affects building and stops it from working (please keep short). Badwater should be the same as Good.Badwater.DisplayName.
Status.Buildings.DirectionalBlocking,Quá trình xây dựng đang chờ công trình phía sau hoàn thành.,"Status shown on construction sites, that need to be finished in directional order."
Status.Buildings.Flooded,Bị ngập nước.,Notification that shows in the selected building's panel when it's flooded.
Status.Buildings.Flooded.Short,Công trình bị ngập,Alert that shows up when a building is flooded. Please keep short.
Status.Buildings.GateConflict,Cổng không thể mở vì đang kết nối với hai khu vực khác nhau.,A warning shown when gate cannot connect path because of two districts overlapping.
Status.Buildings.GateConflict.Short,Xung đột cổng,A warning shown when gate cannot connect path because of two districts overlapping. Please keep short.
Status.Buildings.NeedsWater,Công trình này cần mực nước sâu hơn để hoạt động.,
Status.Buildings.NeedsWater.Short,Công trình cần thêm nước,Please keep short.
Status.Buildings.Paused,Tạm dừng.,"Alternative terms: Paused, Switched off"
Status.Buildings.PipeObstructed,Đường ống bị tắc.,Text shown in building panel when input pipe of water pump is obstructed.
Status.Buildings.Unconnected,Công trình này chưa được kết nối với Trung tâm khu vực bằng đường đi.,Shown when a building isn't connected to a District Center.
Status.Buildings.Unconnected.Short,Công trình thiếu kết nối,Shown when a building isn't connected to a District Center. Please keep short.
Status.Buildings.VerticalBlocking,Quá trình xây dựng đang chờ công trình bên dưới hoàn thành.,"Status shown on construction sites, that need to be finished from bottom to top."
Status.ConstructionSites.NoMaterials,Không thể thu thập đủ nguyên liệu yêu cầu.,Shown in the building box when there are no available materials in the nearby storages or no storages nearby
Status.ConstructionSites.NoMaterials.Short,Công trình thiếu nguyên liệu,Notification that the construction can't be finished. Please keep short.
Status.Distribution.InvalidConnection,Công trình phải được kết nối với hai khu vực.,"Shown as status of District Crossing, when both entrances of the building are connected to the same district or when other half is not connected to any district"
Status.Emptying.EmptyingInProgress,Công trình đang được giải phóng kho và không tiếp nhận hàng hóa mới.,
Status.FixedStockpile.Unreachable,Hãy kết nối với một khu vực để thu gom hàng hóa.,Text shown in entity panel when a stockpile building is not connected to a district and its goods cannot be collected.
Status.Hauling.NoHaulingPost,Cần có vận chuyển viên để hoạt động.,Haulers are the same as in Building.HaulingPost.Description.
Status.Homelessness.Stranded,Bị mắc kẹt.,This status is activated after a beaver or a bot got stranded and cut off from the village.
Status.Homelessness.Stranded.Short,Bị mắc kẹt,This alert is activated after a beaver or a bot got stranded and cut off from the village. Please keep short
Status.HydroponicGarden.CultivationHalted,Quá trình trồng trọt bị gián đoạn do thiếu công nhân hoặc nước. Cây trồng sẽ sớm bị chết.,"Shown as status of Hydroponic Garden building, when it is not able to produce and its crops are about to die."
Status.HydroponicGarden.CultivationHalted.Short,Trồng trọt bị đình trệ,Alert that shows up when Hydroponic Garden building is not able to produce and growth is stopped. Please keep short.
Status.Inventory.NoGoodSelected,Chưa chọn loại hàng hóa nào.,A warning that no good is selected for storage in warehouse.
Status.Inventory.NoGoodSelected.Short,Chưa chọn hàng hóa,A warning that no good is selected for storage in warehouse. Please keep short.
Status.Inventory.UnwantedStock,Đang chờ dọn dẹp lượng hàng cũ tồn kho.,"A warning that there are different goods in a warehouse, than currently selected. Different goods needs to be taken out, before new selected goods can be brought in."
Status.Manufactory.NoRecipe,Chưa chọn công thức sản xuất.,A warning that no recipe is selected for crafting
Status.Manufactory.NoRecipe.Short,Chưa có công thức,A warning that no recipe is selected for crafting. Please keep short.
Status.Mechanical.NoPower,Công trình cần năng lượng để vận hành. Hãy kết nối với một máy phát năng lượng.,
Status.Mechanical.NoPower.Short,Công trình thiếu năng lượng,Power is not an electrical but mechanical/kinetic energy. Please keep short.
Status.Naming.DuplicateName,Tên này đã được sử dụng.,A warning when there are more than one object with the same name.
Status.Naming.DuplicateName.Short,Trùng tên,A warning when there are more than one object with the same name.
Status.NaturalResources.Contaminated,Bị nhiễm bẩn.,Shown when a plant is dying because it is contaminated. Ideally all uses of the word contaminate/contamination/contaminated should be uniform across the project.
Status.NaturalResources.Drying,Héo khô.,Shown when a plant is dying because it has no access to the water
Status.NaturalResources.NotEnoughWater,Hết nước.,Shown when a water plant is dying because its river or lake dried up.
Status.NaturalResources.TooMuchWater,Bị úng nước.,Shown when a plant is dying because it is submerged in water.
Status.Need.BadwaterContamination,Bị nhiễm độc nước bẩn.,This shows up in the selected beaver's panel when it is contaminated. Badwater should be the same as Good.Badwater.DisplayName. Ideally all uses of the word contaminate/contamination/contaminated should be uniform across the project.
Status.Need.BadwaterContamination.Short,Hải ly bị nhiễm độc,This shows up as an alert when a beaver is contaminated. Please keep short. Ideally all uses of the word contaminate/contamination/contaminated should be uniform across the project.
Status.Need.Biofuel,Hết nhiên liệu.,This shows up when a bot runs out of fuel.
Status.Need.Biofuel.Short,Robot hết nhiên liệu,This shows up when a bot runs out of fuel. Please keep short. Bot should be the same as Bot.TemplateName.
Status.Need.ChippedTeeth,Răng bị sứt mẻ.,This shows up when a beaver has broken teeth.
Status.Need.ChippedTeeth.Short,Sứt răng,This shows up when a beaver has broken teeth. Please keep short.
Status.Need.Hunger,Đang đói dữ dội.,This shows up when a beaver's hunger reaches critical levels. Please keep short.
Status.Need.Injury,Bị thương.,This shows up in the selected beaver's panel when it has an injury.
Status.Need.Injury.Short,Hải ly bị thương,This shows up as an alert when a beaver has an injury. Please keep short.
Status.Need.Power,Hết năng lượng.,This shows up when a bot runs out of power.
Status.Need.Power.Short,Robot hết năng lượng,This shows up when a bot runs out of power. Please keep short. Bot should be the same as Bot.TemplateName.
Status.Need.Sleep,Kiệt sức.,
Status.Need.Thirst,Mất nước nghiêm trọng.,This shows up on the entity panel when a beaver is extremely thirsty
Status.Object.UnreachableObject,Vị trí quá xa khu vực và không thể tiếp cận. Hãy xây thêm đường đi hoặc mở khu vực mới.,"Shown when a building, construction site, demolishable object or rubble is out of a district's range."
Status.RecoveredGoodStack.NoStorage,Không còn khoảng trống lưu trữ. Hãy xây thêm kho chứa.,Shown on Rubble's panel when there is no storage space for goods. Storage should be translated similar to ToolGroups.Storage
Status.Science.NotEnoughScience,Không đủ Điểm khoa học để vận hành.,Shown when the player doesn't have enough Science Points to power a building. Science Points should be the same as Science.SciencePoints
Status.Science.NotEnoughScience.Short,Không đủ Điểm khoa học,Prompt when player doesn't have enough science points to unlock something. Please keep short. Science Points should be the same as Science.SciencePoints
Status.TimedActivationWarning,Sắp kích hoạt.,Text shown in entity panel when count down is active for a water source.
Status.TimedComponentActivator.Short,{0} ngày,"Text shown in alert area when count down is active, please keep short."
Status.UnstableCoreActivationWarning,Sắp phát nổ.,Text shown in entity panel when count down is active for a unstable core.
Status.Wonder.NotEnoughGoods,Không đủ nguyên liệu để khởi chạy.,Shown when the player tries to activate a Wonder but the building does not have all of its materials stored yet.
Status.Wonder.NotEnoughWorkers,Không đủ công nhân để khởi chạy.,Shown when the player tries to activate a Wonder but there are not enough workers to operate the building.
Status.Work.LackOfResources,Không thể thu thập đủ nguyên liệu cần thiết.,
Status.Work.LackOfResources.Short,Công trình thiếu hàng hóa,Please keep short.
Status.Work.NoUnemployed,Không có công nhân nhàn rỗi trong khu vực.,Shown when there are no unemployed workers available in a district to work in this building.
Status.Work.NoUnemployed.Short,Công trình thiếu nhân lực,A notification that lets players know that the building has no workers. Please keep short.
Status.Yielding.NothingToDoInRange,Không có việc gì để làm trong phạm vi,
SteamWorkshop.Changelog,Nhật ký thay đổi,Label of the text field that allows entering the changelog of the item to be uploaded to Steam Workshop.
SteamWorkshop.Description,Mô tả,Label of the text field that allows entering the description of the item to be uploaded to Steam Workshop.
SteamWorkshop.LegalAgreement,"Bằng cách gửi vật phẩm này, bạn đồng ý với <link><u>điều khoản dịch vụ Workshop</u></link>.",Tagged text is a highlightable link to the Steam Workshop terms of service. Do not remove or translate tags.
SteamWorkshop.Name,Tên,Label of the text field that allows entering the name of the item to be uploaded to Steam Workshop.
SteamWorkshop.Preview,Xem trước,Label of the preview of the item to be uploaded to Steam Workshop.
SteamWorkshop.RefreshThumbnail,Làm mới,Label of a button that tries to load the preview of the item to be uploaded to Steam Workshop.
SteamWorkshop.ShowWorkshopItem,Mở trong Steam Workshop,Label of the button that opens the Steam Workshop page of the item that has been uploaded to Steam Workshop.
SteamWorkshop.SteamMapTooltip,Bản đồ Steam Workshop,Tooltip on the map icon that indicates that the map is from Steam Workshop.
SteamWorkshop.Tags,Thẻ,Label of the list of tags in Steam Workshop that user can set. It should be translated the same way as Steam is translating it: https://partner.steamgames.com/doc/features/workshop/tags
SteamWorkshop.Update,Cập nhật,Label of the checkbox that determines whether certain elements of the item to be uploaded to Steam Workshop should be updated.
SteamWorkshop.UploadAsNew,Tải lên như vật phẩm mới,Label of the checkbox that determines whether the item to be uploaded to Steam Workshop should be uploaded as a new item or as an update to an existing item.
SteamWorkshop.UploadButton,Tải lên,Text on the button that starts uploading the item to Steam Workshop.
SteamWorkshop.UploadFailed,Tải lên thất bại với mã lỗi Steam: {0},"Message that is shown when an item could not be uploaded to Steam Workshop. {0} is the error code, for example ""k_EResultAccessDenied (15)"""
SteamWorkshop.UploadHeader,Tải lên Steam Workshop,Header of the panel that allows uploading items to Steam Workshop.
SteamWorkshop.UploadProgress,Đang tải lên: {0},Message that is shown when an item is being uploaded to Steam Workshop. {0} stands for percentage value of the upload progress. Please keep short.
SteamWorkshop.UploadSuccess,Nội dung của bạn đã được tải lên thành công!,Message that is shown when an item has been successfully uploaded to Steam Workshop.
SteamWorkshop.UploadToSteamWorkshop,Tải lên Steam Workshop,Label of a button that uploads a mod to Steam Workshop.
SteamWorkshop.Visibility,Chế độ hiển thị,Label of the dropdown that allows selecting the visibility of the item to be uploaded to Steam Workshop.
SteamWorkshop.Visibility.Friends,Chỉ bạn bè,Option in the dropdown that allows selecting the visibility of the item to be uploaded to Steam Workshop.
SteamWorkshop.Visibility.Private,Riêng tư,Option in the dropdown that allows selecting the visibility of the item to be uploaded to Steam Workshop.
SteamWorkshop.Visibility.Public,Công khai,Option in the dropdown that allows selecting the visibility of the item to be uploaded to Steam Workshop.
SteamWorkshop.Visibility.Unlisted,Không công khai,Option in the dropdown that allows selecting the visibility of the item to be uploaded to Steam Workshop.
StockpilePriority.Accept,Tiếp nhận,"Please keep short. Defines a state of a warehouse, where it accepts goods if needed"
StockpilePriority.Accept.Long,Tiếp nhận hàng hóa.,"Describes a state of a warehouse, where it accepts goods if needed"
StockpilePriority.Empty,Làm rỗng,"Please keep short. Defines a state of a warehouse, where it is going to be emptied"
StockpilePriority.Empty.Long,Chuyển toàn bộ hàng hóa sang các kho khác.,"Describes a state of a warehouse, where it is going to be emptied"
StockpilePriority.Obtain,Thu gom,"Please keep short. Defines a state of a warehouse, where it is going to be actively filled"
StockpilePriority.Obtain.Long,Chủ động thu gom hàng hóa từ các kho khác.,"Describes a state of a warehouse, where it is going to be actively filled"
StockpilePriority.Supply,Cung ứng,"Please keep short. Defines a state of a warehouse, where it accepts goods, but haulers will move them to other warehouses if able"
StockpilePriority.Supply.Long,Cung ứng hàng hóa cho các kho khác.,"Defines a state of a warehouse, where it accepts goods, but haulers will move them to other warehouses if able"
TerrainPhysicsPostLoader.TerrainHasNoSupport,Địa hình thiếu điểm tựa hợp lệ nên đã bị xóa.,Warning shown when loaded terrain has invalid physical support
Thumbnail.NoPreview,Không có xem trước,Text shown with default thumbnail when the selected map or save has no preview image
TimedComponentActivator.CountdownNotActive,Tạm nghỉ,Text shown in entity panel when count down is not active for entity.
TimedComponentActivator.CyclesUntilCountdownActivation,Chu kỳ kích hoạt đếm ngược,Label for input field shown in entity panel in editor. Allows to set a cycle number in which count down will start.
TimedComponentActivator.DaysUntilActivationLoc,Thời gian đếm ngược (ngày),Label for input field shown in entity panel in editor. Allows to set a number of days until activation.
TimedComponentActivator.DaysUntilActivationProgress,Kích hoạt sau: {0} ngày,Text shown in entity panel during gameplay when count down is active. Informs abount time left until activation.
TimedComponentActivator.DaysUntilExplosionProgress,Nổ sau: {0} ngày,Text shown in entity panel during gameplay when count down is active. Informs abount time left until activation.
TimedComponentActivator.IsEnabledToggle,Kích hoạt có độ trễ,Label for toggle in entity panel in editor. Allows to enable or disable time activation.
Tip.Common.KeyBindings,"Mẹo: Sử dụng phím tắt để thực hiện các thao tác nhanh hơn, như xóa hoặc nhân bản công trình. Bạn có thể xem danh sách đầy đủ trong phần Cài đặt.",Tip on the loading screen.
Tip.Common.LayerTool,Mẹo: Sử dụng <YellowHighlight>Công cụ lớp hiển thị</YellowHighlight> để quan sát phía bên dưới địa hình và công trình.,Tip on the loading screen. Layer tool naming must be consistent with the usage of those terms in the rest of the game.
Tip.Game.Duplicate,Mẹo: Sử dụng công cụ <YellowHighlight>Nhân bản</YellowHighlight> và <YellowHighlight>Sao chép cài đặt</YellowHighlight> để nhanh chóng tạo ra các công trình giống hệt nhau.,Tip on the loading screen. 'Duplicate' and 'Copy settings' should be the same as in KeyBinding.DuplicateObject and KeyBinding.DuplicateSettings respectively.
Tip.Game.Flip,Mẹo: Sử dụng tính năng <YellowHighlight>Lật</YellowHighlight> để xoay đối xứng công trình khi đặt.,Tip on the loading screen. 'Flip' should be the same as in KeyBinding.Flip.
Tip.Game.Solid,"Mẹo: Nếu công trình được đánh dấu là <YellowHighlight>Vững chắc</YellowHighlight>, chẳng hạn như Nhà ở hoặc Kho hàng, bạn có thể xây dựng các công trình khác lên trên mái của nó.",Tip on the loading screen. Solid is a keyword.
Tip.MapEditor.Undo,Mẹo: Sử dụng <YellowHighlight>Hoàn tác</YellowHighlight> và <YellowHighlight>Làm lại</YellowHighlight> để nhanh chóng sửa sai.,Tip on the loading screen. 'Undo' and 'Redo' should be the same as in MapEditor.Undo and MapEditor.Redo respectively.
Tip.MapEditor.SeasonControls,Mẹo: Sử dụng các nút điều khiển mùa ở phía trên màn hình để mô phỏng Hạn hán và Dòng nước độc.,Tip on the loading screen.
Tip.MapEditor.SpeedControls,Mẹo: Sử dụng các nút điều khiển tốc độ nước ở phía trên màn hình để bơm nước đầy bản đồ trước.,Tip on the loading screen.
Toggle.Selected,(đã chọn),Indication in tooltip about selected item. Fore example: 'Planting (selected)'
Toggle.State.Closed,Đã đóng,Indication in tooltip about toggle state. For example 'Status: Closed'
Toggle.State.Conflict,Xung đột,Tooltip for conflict toggle state (when two districts are in conflict and gate cannot connect them)
Toggle.State.Off,tắt,Indication in tooltip about toggle state. For example 'Prioritize building by haulers: off'
Toggle.State.On,bật,Indication in tooltip about toggle state. For example 'Prioritize building by haulers: on'
Toggle.State.Open,Đang mở,Indication in tooltip about toggle state. For example 'Status: Open'
Tool.Cursor.Tooltip,Chọn,Tooltip for cursor on bottom bar
Tool.Options.Tooltip,Cài đặt,Tooltip for options on bottom bar
ToolGroups.Decoration,Trang trí,Buildings and objects that are for decoration
ToolGroups.Demolishing,Dỡ bỏ công trình và tài nguyên,
ToolGroups.DistrictManagement,Quản lý khu vực,"Toolbar category for buildings used for district management - that includes builders, moving goods and making new districts"
ToolGroups.FieldsPlanting,Trồng nông sản,This is in active voice as in 'to plant crops'
ToolGroups.Food,Thức ăn,Buildings pertaining to growing and production of food
ToolGroups.ForestryPlanting,Trồng cây và bụi cây,This is in active voice
ToolGroups.Housing,Nhà ở,Buildings that beavers can live in
ToolGroups.Landscaping,Cải tạo địa hình,Buildings that allow changes to land such as Dams or Dynamite
ToolGroups.MapEditor,Trình chỉnh sửa bản đồ,Objects specific to map editor such as starting point or water source
ToolGroups.MapEditorObjects,Vật thể,
ToolGroups.MapEditorWater,Nước,
ToolGroups.Metal,Kim loại,Buildings that allow to collect and produce with metal
ToolGroups.Monuments,Tượng đài,Awe-inspiring statues and fantastic contraptions
ToolGroups.NaturalOverhangs,Mái đá tự nhiên,Name for the category grouping natural/rock overhangs in the toolbar.
ToolGroups.Other,Khác,Buildings that don't fit in other categories
ToolGroups.Paths,Đường đi và Cấu trúc hỗ trợ,"Buildings that are made to be built and walked upon or to support other buildings such as paths, stairs and platforms"
ToolGroups.Power,Năng lượng,Buildings that produce and transfer power
ToolGroups.Priority,Phân công độ ưu tiên,This is in active voice
ToolGroups.Ruins,Tàn tích,Group for different types of ruin objects
ToolGroups.Science,Khoa học,Buildings that produce Science points
ToolGroups.Storage,Kho chứa,Buildings that store goods and resources
ToolGroups.TreeCutting,Chặt cây,This is in active voice
ToolGroups.Water,Nước,Buildings that gather and store water.
ToolGroups.Wood,Gỗ,Buildings that allow gathering and producing using wood
TopBar.Badwater,Nước độc,A group of goods. Please keep short.
TopBar.Food,Thức ăn,A group of goods. Please keep short.
TopBar.GoodStockpileTooltip.Inputs,Đầu vào,Label in topbar tooltip - for goods keeped in input directories - please keep short
TopBar.GoodStockpileTooltip.Outputs,Đầu ra,Label in topbar tooltip - for goods ready to use - please keep short
TopBar.GoodStockpileTooltip.Stockpiles,Kho chứa,Label in topbar tooltip - for goods keeped in stockpiles warehouses etc - please keep short
TopBar.Ingredients,Nguyên liệu,Please keep short.
TopBar.Logs,Gỗ khúc,A group of goods. Please keep short.
TopBar.Materials,Vật liệu,A group of goods. Please keep short.
TopBar.Nothing,Không có,A group of goods. Please keep short.
TopBar.Science,Khoa học,A group of goods. Please keep short.
TopBar.Water,Nước,A group of goods. Please keep short.
TreeCuttingSelectionTool.Description,Sử dụng công cụ này để đánh dấu khu vực cần chặt cây.,Doesn't have to use a personal verb
TreeCuttingSelectionTool.Title,Đánh dấu khu vực chặt cây,
TreeCuttingUnselectionTool.Description,Sử dụng công cụ này để bỏ đánh dấu khu vực chặt cây.,Doesn't have to use a personal verb
TreeCuttingUnselectionTool.Title,Hủy đánh dấu khu vực chặt cây,
Tutorial.Badtides,Dòng nước độc,"Tutorial title, Badtides refers to Weather.Badtide"
Tutorial.Badtides.Description,"Khu định cư của bạn đã vượt qua đợt nước độc đầu tiên.
                               
Tương tự như hạn hán, nước độc là một phần của chu kỳ mùa vụ. 
                               
Các đợt nước độc trong tương lai sẽ khắc nghiệt hơn nhiều, vì vậy hãy luôn cảnh giác.",Badtide refers to Weather.Badtide
Tutorial.Basics,Căn bản,Header of the tutorial section that covers the basic concepts
Tutorial.Basics.ManagePause,"Trò chơi có thể tạm dừng bất cứ lúc nào, giúp bạn đánh giá tình hình và lập kế hoạch.",
Tutorial.Basics.ManageSpeed,Bạn cũng có thể tăng tốc độ trò chơi để giảm thời gian chờ đợi khi hải ly đang làm việc hoặc ngủ.,
Tutorial.Basics.MoveCamera,"Trước tiên, hãy cùng quan sát xung quanh khu vực.",
Tutorial.Basics.MoveCameraDown,Di chuyển ống kính lùi lại,
Tutorial.Basics.MoveCameraLeft,Di chuyển ống kính sang trái,
Tutorial.Basics.MoveCameraRight,Di chuyển ống kính sang phải,
Tutorial.Basics.MoveCameraUp,Di chuyển ống kính tiến lên,
Tutorial.Basics.Pause,Tạm dừng,
Tutorial.Basics.RotateCamera,"Bây giờ, hãy xoay góc nhìn.",
Tutorial.Basics.RotateCameraLeft,Xoay ống kính sang trái,
Tutorial.Basics.RotateCameraRight,Xoay ống kính sang phải,
Tutorial.Basics.SetSpeed1,Đặt tốc độ thành >,> shouldn't be removed as it is the symbol for normal speed on UI button.
Tutorial.Basics.SetSpeed2,Đặt tốc độ thành >>,>> shouldn't be removed as it is the symbol for fast speed on UI button.
Tutorial.Basics.SetSpeed3,Đặt tốc độ thành >>>,>>> shouldn't be removed as it is the symbol for very fast speed on UI button.
AnalyticsConsent.Agree,"Có, tôi đồng ý",
AnalyticsConsent.Disagree,"Không, tôi không đồng ý",
AnalyticsConsent.Header,Dữ liệu lối chơi,Header of the panel that allows the player to consent to sending user data to the developers.
AnalyticsConsent.Info,"Hãy giúp chúng tôi cải thiện trò chơi bằng cách chia sẻ dữ liệu về cách bạn chơi Timberborn.

Nếu đồng ý, chúng tôi sẽ tự động thu thập thông tin liên quan đến lối chơi trong các phiên chơi của bạn.

Bạn có thể vào phần cài đặt trong game để rút lại sự đồng ý và xóa dữ liệu của mình bất kỳ lúc nào. Để biết thêm thông tin, hãy xem <link><u>chính sách quyền riêng tư</u></link> của chúng tôi.

Cảm ơn bạn!",
Attractions.LoadRate,Độ phổ biến,Header above a panel showing how popular an attraction is in each hour during the day
Attractions.Visitors,Khách ghé thăm,"A header above a list of beavers visiting an attraction, such as a campfire."
Attractions.VisitorsLimit,Khách ghé thăm: {0},{0} stands for capacity. Tells players the max capacity of the attraction in a shorter way
Automation.Api.OpenBrowser,Mở trình duyệt,A button which opens the web browser.
Automation.Api.Port,Cổng,Port as in the port number of a web server.
Automation.Api.StartApi,Bắt đầu API,A button which starts the game's API. You may likely want to keep the term API in other languages.
Automation.Api.StopApi,Dừng API,A button which stop the game's API. You may likely want to keep the term API in other languages.
Automation.Api.UnsafeWebhooksWarning,Việc khởi chạy API sẽ bật các webhook gọi tới dịch vụ bên ngoài:,This is an important safety warning so please make sure it is understandable. The message is followed by a list of web addresses.
Automation.Api.UnsafeWebhooksWarning.IUnderstandTheRisk,Tôi hiểu rủi ro này,
Automation.Automate,Tự động hóa,This is for a button which adds automation to a building. Must be consistent with Automation.Automation.
Automation.Automation,Tự động hóa,This is a collective name for the automation system and a set of buildings in the game which allow players to automate many processes.
Automation.AutomationNone,Không có,Dropdown value when no automation is selected
Automation.AutomationOptional,Tùy chọn,Dropdown value when no automation is selected but it is optional
Automation.NoAutomation,Không tự động hóa,Dropdown value when no automation is selected
Automation.Input.A,A,"This should be one character, optionally two if you really need it. Those are labels preceding dropdowns for selecting input A and input B."
Automation.Input.B,B,"This should be one character, optionally two if you really need it. Those are labels preceding dropdowns for selecting input A and input B."
Automation.Input.Reset,RST,"Abbreviation for Reset, it should correspond to Automation.ResetButton. Three characters are OK for narrow letters but CJK and other languages with wider characters should be at most two - please let us know if it's a problem. It's likely that 'RST' is the best option in all languages because it is a very common abbreviation in electronics and schematics."
Automation.Measurement,Đo lường: {0},Label for the measurement value in the automation panel. {0} is a measured value.
Automation.Mode,Chế độ,Keep short. This is a label for a dropdown in which select a mode of operation for different automation buildings.
Automation.Mode.Automated,Tự động,"A mode in a dropdown or a radio button which denotes that this building will be automated as opposed to manually controlled. Gender should be consistent with Automation.Mode. Please keep short, at most the width of 10 latin characters."
Automation.PausedByAutomation,Đã tạm dừng bởi tự động hóa.,Dropdown value when no automation is selected
Automation.Pinned,Đã ghim,Checkbox label - when something is pinned it is always visible in the HUD.
Automation.PinnedAlways,Luôn ghim,Must be consistent with Automation.Pinned.
Automation.PinnedWhenOn,Ghim khi bật,Must be consistent with Automation.Pinned. This mode means that something is pinned to the HUD only when in the ON state.
Automation.ResetButton,Reset,A text for a button which resets the logic memory of the selected element to zero. It's likely that 'Reset' is a good option in many languages.
Automation.ResetCircuitButton,Đặt lại mạch,A text for a button which resets the logic memory of all elements in this circuit to zero.
Automation.ResetsWhenResetInput,Đặt lại khi <YellowHighlight>{0}</YellowHighlight>.,A text appended to some of the other mode descriptions such as Timer.Mode.* or Memory.Mode.*. {0} is Automation.Input.ResetInput. This text is meant to explain that the RST input resets this element.
Automation.SelectTransmitter,Chọn bộ phát,A description of a tool which allows player to select a building which sends an automation signal (a transmitter).
Automation.State.Error,Lỗi,A state label when a signal has an error. Keep very short because the other states are 'On' and 'Off'.
Automation.State.Off,Tắt,A state label when a signal is switched off which is shown next to lightbulb icon.
Automation.State.On,Bật,A state label when a signal is switched on which is shown next to lightbulb icon.
Automation.State.Processing,Đang xử lý...,A state label when a signal is switched on which is shown next to lightbulb icon. This state indicates that the element is in the middle of processing new data.
Automation.Threshold,Ngưỡng: {0},Label for the threshold value in the automation panel. {0} is a value being a threshold.
Automation.Usages,Lượt dùng: {0},As in the number of usages - how many objects use this one.
Autosave.Failure,Tự động lưu thất bại,Notification on top of the window when autosave failed. It disappears after 10 seconds
Autosave.FailureDueToFullDisk,Tự động lưu thất bại do dung lượng đĩa không đủ,Notification on top of the window when autosave failed. It disappears after 10 seconds
Autosave.Success,Đã tự động lưu,"Notification on top of the window when autosave succeeded. Keep short, it disappears after 2 seconds"
BatchControl.Distribution,Phân phối,Title of the distribution panel
BatchControl.Housing,Nhà ở,Tooltip of a tab allowing to manage housing buildings.
BatchControl.Mechanical,Năng lượng,Tooltip of a tab allowing to manage mechanical buildings. Power must be the same as used in Mechanical.PowerInput and other Mechanical. keys.
BatchControl.Migration,Di cư,Title of migration panel
BatchControl.NoDistrict,Chưa chọn khu vực nào.,Shown when no district is selected on some batch control tabs
BatchControl.Population,Dân số,Tooltip of a tab allowing to manage population.
BatchControl.ShowInfo,Quản lý khu định cư,Button opening a window to view and manage multiple buildings and characters at once . Please keep short
BatchControl.Storage,Kho chứa,Tooltip of a tab allowing to manage warehouses.
BatchControl.Workplaces,Nơi làm việc,Tooltip of a tab allowing to manage workplaces.
Beaver.Adult.TemplateName,Hải ly trưởng thành,
Beaver.Adulthood,Tuổi trưởng thành,Next to a progress bar that shows when a baby beaver reaches adulthood.
Beaver.Age,Tuổi: {0},"{0} stands for number of days, for example 'Age: 5'."
Beaver.Child.TemplateName,Hải ly con,
Beaver.DeadNameSuffix,(đã chết),Preceded by beaver name and age
Beaver.DiedOldAge,{0} đã qua đời vì tuổi già.,{0} stands for beaver name
Beaver.Employment,Việc làm,Header of a section that tells of how many and where beavers are working
Beaver.GrewUp,{0} đã trưởng thành.,{0} stands for beaver name. A notification that a beaver achieved maturity.
Beaver.Homeless,Vô gia cư,Signifies that the beaver has no home
Beaver.HomelessPlural,Vô gia cư,Label before number of homeless beavers
Beaver.House,Sống tại: {0},{0} stands for Building.DisplayName. Tells which type of building the beaver resides in.
Beaver.Launched,{0} đã được phóng.,{0} stands for beaver name. A notification that a beaver has been launched in a plane.
Beaver.PluralDisplayName,Hải ly,
Beaver.Population.Adults,Người lớn,Label before number of adult beavers
Beaver.Population.Children,Trẻ em,Label before number of kit beavers
Beaver.Population.Contaminated,Bị nhiễm độc,Header of the list of beavers contaminated by badwater. Should be similar or same as Need.BadwaterContamination.DisplayName
Beaver.Population.ContaminatedAdults,Người lớn bị nhiễm độc,"Label before number of adult beavers contaminated by badwater. ""Contaminated"" should be similar or same as Need.BadwaterContamination.DisplayName. Ideally all uses of the word contaminate/contamination/contaminated should be uniform across the project."
Beaver.Population.ContaminatedChildren,Trẻ em bị nhiễm độc,"Label before number of children beavers contaminated by badwater. ""Contaminated"" should be similar or same as Need.BadwaterContamination.DisplayName. Ideally all uses of the word contaminate/contamination/contaminated should be uniform across the project."
Beaver.Unemployed,Thất nghiệp,"Signifies that the beaver has no job, singular"
Beaver.UnemployedPlural,Thất nghiệp,"Used in population statistics, followed by the number of unemployed beavers"
Beaver.Workplace,Làm việc tại: {0},{0} stands for Building.DisplayName. Tells which type of building the beaver works in.
Bonus.CarryingCapacity,Sức mang vác,How much stuff a unit can carry
Bonus.CuttingSuccessChance,Tỉ lệ đốn hạ,Cutting chance when cutting down a tree
Bonus.GrowthSpeed,Tốc độ lớn,Speed at which young beavers grow up
Bonus.LifeExpectancy,Tuổi thọ dự kiến,The presumed length of beavers' life.
Bonus.MovementSpeed,Tốc độ di chuyển,"Describes how fast character can move (bonus to walking, running and swimming)."
Bonus.WorkingSpeed,Tốc độ làm việc,Speed at which the beavers work.
Bot.BeaversPerished,"Đừng nhắc đến lũ hải ly nữa.
Chúng từng có tất cả. Không khí trong lành, nguồn nước sạch.
Bây giờ chúng chỉ còn là một ký ức mờ nhạt.","Text for a game over state, when all beavers have perished."
Bot.Created,{0} đã được tạo ra!,{0} stands for bot name. Notification that shows when production of a new bot finishes.
Bot.DeadNameSuffix,(bị phá hủy),Preceded by bot name and age
Bot.DeathMessage,{0} đã bị hỏng.,{0} stands for bot name. Notification that shows when a bot breaks down completely (it's destroyed)
Bot.DisplayName.Folktails,Timberbot {0},{0} stands for a bot serial number. Name of bots from the Folktails faction. Named after the fact they are visibly made from wood.
Bot.DisplayName.IronTeeth,Ironbot {0},{0} stands for a bot serial number. Name of bots from the Iron Teeth faction. Named after the fact they are visibly made from metal.
Bot.Durability,Độ bền: {0},"Label before a progress bar showing amount of durability left, {0} is the durability value."
Bot.PluralDisplayName,Robot,"Bots are autonomous robots, who assist beavers in their everyday tasks. They are constructed in factories."
Bot.TemplateName,Robot,A bot is an animated anthropomorphic being which is created from inanimate matter. Timberborn bots are depicting beavers and are made of wood and metal.
Breeding.NutrientBringing,"Chất dinh dưỡng được mang đến bởi thợ vận chuyển, những hải ly thất nghiệp và thợ sau giờ làm.","Haulers are the same as in Building.HaulingPost.Description, unemployed as in Beaver.UnemployedPlural, workers as in Work.WorkersLabel"
Breeding.NutrientsNeeded,Chất dinh dưỡng cần thiết:,Followed by a list of nutrients needed to produce a new beaver in breeding facility
Breeding.Progress,Tiến độ nhân giống: {0},"Label inside a progress bar describing production progress of new beaver in breeding facility, {0} is the progress value."
BuilderPriorityTool.Description,"Sử dụng công cụ này để thiết lập độ ưu tiên cho việc xây dựng, tháo dỡ và thu gom hàng hóa từ Đống Đổ Nát.",Rubble should be plural version of RecoveredGoodStack.DisplayName
BuilderPriorityTool.Tip,Nhấp vào một công trình để đặt độ ưu tiên hoặc giữ chuột để chọn khu vực rộng hơn.,
Building.AdvancedBreedingPod.Description,"Sử dụng quy trình nhân giống tiên tiến để tạo ra các hải ly trưởng thành, sẵn sàng bắt tay vào làm việc.",Breeding should be the same as Building.BreedingPod.DisplayName
Building.AdvancedBreedingPod.DisplayName,Kén Nhân Giống Nâng Cao,
Building.AdvancedBreedingPod.FlavorDescription,Ý tưởng này nảy ra khi một hải ly con rơi vào vạc đầy chất chiết xuất và lớn nhanh như thổi sau khi uống sạch nó.,"Extract must be the same as Good.Extract.DisplayName, kit is a young beaver."
Building.Agora.Description,Một nơi tụ họp rộng lớn nơi các hải ly có thể bàn luận về những chủ đề liên quan đến gỗ.,
Building.Agora.DisplayName,Agora,
Building.Agora.FlavorDescription,"Khi những ngọn đèn tín hiệu xanh được thắp sáng, đó là dấu hiệu để Tộc Đuôi Bông tập hợp.",Folktails must be same as faction as Faction.Folktails.DisplayName.
Building.AncientAquiferDrill.DisplayName,Máy Khoan Tầng Nước Ngầm Cổ Đại,
Building.AncientAquiferDrill.FlavorDescription,Nỗ lực cuối cùng của con người nhằm khôi phục những gì đã mất.,
Building.AquaticFarmhouse.Description,Tuyển dụng nông dân chuyên trách để trồng và thu hoạch cây trồng <YellowHighlight>Dưới Nước</YellowHighlight>.,"Aquatic is a keyword, must be the same as in NaturalResources.Aquatic."
Tutorial.Basics.Unpause,Hủy tạm dừng,
Tutorial.Basics.ZoomCamera,"Nếu muốn quan sát hải ly ở cận cảnh hoặc có cái nhìn toàn cảnh hơn về khu định cư, bạn hoàn toàn có thể!",
Tutorial.Basics.ZoomCameraIn,Phóng to,
Tutorial.Basics.ZoomCameraOut,Thu nhỏ,
Tutorial.Building,Xây dựng: {0} ({1}/{2}),"{0} stands for building name {1} stands for number of built buildings {2} stands for number of buildings to build. This is used in a goal description with the verb in active voice, for example 'Build: Warehouse (0/5)'."
Tutorial.ConnectBuilding,Kết nối: {0} ({1}/{2}),"{0} stands for building name {1} stands for number of buildings connected with paths {2} stands for number of buildings to connect. This is used in a goal description with the verb in active voice, for example 'Connect: Lumberjack Flag (0/2)'."
Tutorial.Continue,Tiếp tục,
Tutorial.Dams,Đập nước,"Tutorial title, Dams refers to Building.Dam.DisplayName"
Tutorial.Dams.BuildDam,"Dự trữ nước trong bể giúp hải ly không bị mất nước, nhưng để sinh tồn lâu dài thì bạn phải chế ngự được dòng chảy.
                        
Hãy xây một hàng Đập nước cắt ngang con sông gần nhất, nối từ bờ này sang bờ bên kia, rồi quan sát điều gì sẽ xảy ra.",Dam refers to Building.Dam.DisplayName
Tutorial.DecreaseWorkplacePriority,Giảm ưu tiên nơi làm việc: {0},{0} stands for building name
Tutorial.Disable,Tắt hướng dẫn,
Tutorial.DisablePrompt,"Bạn có chắc chắn muốn tắt hướng dẫn không?
Bạn có thể bật lại sau trong phần cài đặt.",
Tutorial.Droughts,Hạn hán,"Tutorial title, Droughts refers to Weather.Drought"
Tutorial.Droughts.Description,"Chúc mừng! Khu định cư của bạn đã sống sót qua đợt hạn hán đầu tiên.
                               
Hạn hán là một phần của chu kỳ mùa màng. Chúng sẽ quay trở lại và kéo dài hơn theo thời gian.

Nếu chưa làm, hãy bắt đầu chuẩn bị cho đợt tiếp theo bằng cách xây dựng một đập nước.",Drought refers to Weather.Drought
Tutorial.Forestry,Lâm nghiệp,
Tutorial.Forestry.Forester,"Hải ly cần một nguồn Gỗ tròn ổn định. Dĩ nhiên rồi!
                            
Hãy dùng Điểm khoa học do Nhà phát minh tạo ra để mở khóa Trạm kiểm lâm. Sau đó xây dựng nó ở khu vực bạn muốn trồng cây.","Logs is the same as Good.Log.PluralDisplayName, Inventor is the same as Building.Inventor.DisplayName, Science Points is the same as Science.SciencePoints, Forester is the same as Building.Forester.DisplayName"
Tutorial.Forestry.MarkBirchesForPlanting,"Dùng công cụ Trồng cây và bụi rậm để trồng một số cây Bạch dương. Chúng lớn nhanh, là lựa chọn tuyệt vời cho một khu định cư mới non trẻ.
                                          
Tương tự như cây trồng, cây gỗ chỉ phát triển trên những vùng đất xanh tươi, được tưới nước.
                                          
Hãy nhớ đánh dấu các khu vực trồng để đốn hạ về sau.","Plant Trees and Bushes is the same as ToolGroups.ForestryPlanting, Birches is the same as NaturalResource.Birch.DisplayName"
Tutorial.HaulersAndWorkforce,Thợ vận chuyển và lực lượng lao động,Tutorial title
Tutorial.HaulersAndWorkforce.BuildHaulingPost,"Khi khu định cư phát triển, lượng hàng hóa cần xử lý ngày càng nhiều. Việc vận chuyển chúng chiếm phần lớn thời gian trong ngày của công nhân.
                                               
Thợ vận chuyển sẽ giúp xử lý việc này. Họ di chuyển hàng hóa khắp khu vực dựa theo nhu cầu.
                                               
Hãy xây một Trạm vận chuyển ngay bây giờ.",Hauling Post refers to Building.HaulingPost.DisplayName
Tutorial.HaulersAndWorkforce.ChangeWorkforce,"Một số nơi làm việc như Trạm vận chuyển không lấp đầy tất cả ô công nhân theo mặc định. Bạn có thể thay đổi số lượng công nhân mong muốn trong bảng quản lý công trình.
                                              
Ngoài ra, bạn có thể điều phối nhân sự bằng mức độ ưu tiên nơi làm việc. Ví dụ, Trạm vận chuyển thường có thể cài đặt mức ưu tiên thấp hơn.
                                              
Hãy thử nghiệm ngay nào.",
Tutorial.HaulersAndWorkforce.PauseHaulingPost,"Bạn có thể tạm dừng các công trình và công trường xây dựng. Điều này giúp bạn kiểm soát tốt hơn các hoạt động của hải ly.
                                               
Ví dụ, nơi làm việc bị tạm dừng sẽ tự động trống và công nhân sẽ tự chuyển sang nơi làm việc khác đang trống.
                                               
Chọn Trạm vận chuyển và tạm dừng bằng cách nhấp vào nút trên bảng điều khiển của nó.",Hauling Post refers to Building.HaulingPost.DisplayName
Tutorial.Housing,Nhà ở,"Tutorial title, housing should be the same as ToolGroups.Housing"
Tutorial.Housing.Lodges,"Hai chú hải ly thì tốt hơn một! Nhà ở giúp cải thiện chỉ số hạnh phúc của hải ly và cho phép quần thể Chân Đuôi Đuôi phát triển.
                                      
Hải ly sẽ tự động nhận các chỗ ở còn trống.",Folktails is the same as faction as Faction.Folktails.DisplayName
Tutorial.IncreaseDesiredWorkers,Tăng số công nhân mong muốn: {0},{0} stands for building name
Tutorial.Introduction.Description,"Chào mừng bạn đến với Timberborn! Bài hướng dẫn này sẽ giúp bạn đặt chân vào vùng đất hoang và sống sót qua những ngày đầu tiên.
                                   
Bạn sẽ học cách sử dụng các công cụ cần thiết để xây dựng một cộng đồng hải ly phồn vinh.
                                   
Khi bạn tiến triển qua các bước tiếp theo, các mẹo sẽ xuất hiện tại đây.",
Tutorial.LayerTool.ChangeUsingMouse,"Bạn có thể điều khiển tầng hiển thị mà không cần nhấp nút bằng các phím tắt tùy chỉnh.
                                     
Nhiều thao tác khác cũng có phím tắt. Bạn có thể tìm thấy chúng trong chú thích hoặc trong menu Cài đặt.",Keybindings refers to Menu.KeyBindings
Tutorial.LayerTool.ChangeUsingUI,"Khi khu định cư phát triển theo chiều cao, việc thao tác bên dưới công trình và địa hình có thể trở nên khó khăn.
                                  
Công cụ Tầng sẽ giúp bạn giải quyết việc đó bằng cách ẩn mọi thứ phía trên tầng đã chọn.
                                  
Hãy thay đổi tầng hiển thị bằng cách nhấp vào các nút được làm nổi bật.",
Tutorial.LayerTool.Decrease,Hạ tầng hiển thị xuống 0,
Tutorial.LayerTool.Increase,Nâng tầng hiển thị,
Tutorial.LayerTool,Công cụ tầng,"Tutorial title, Layer tool naming must be consistent with the usage in the rest of the game"
Tutorial.LayerTool.Reset,Đặt lại tầng hiển thị,
Tutorial.MarkPlantables,Trồng: {0} ({1}/{2}),"{0} stands for resource name {1} stands for number of marked resource tiles {2} stands for number of tiles to mark with resource. This is used in a goal description with the verb in active voice, for example 'Plant: Carrot (0/5)'."
Tutorial.MarkTrees,Đánh dấu cây để đốn hạ.,
Tutorial.MoreBeavers,Thêm hải ly,Tutorial title
Tutorial.MoreBeavers.BeaverBirth,Sinh một hải ly con,If there's no special name for beaver children in your language use 'have a child'.
Tutorial.MoreBeavers.GrowPopulation,"Hải ly sẽ không sinh sản trừ khi có sẵn chỗ ở trống. Phe Chân Đuôi Đuôi cần hai chú hải ly trưởng thành và một ô trống để phép màu xảy ra.
                                              
Mẹo: Hải ly con được gọi là kit.","The Tip is optional if there's no special name for beaver children in your language. If that's the case, remove this part."
Tutorial.PauseBuilding,Tạm dừng: {0},{0} stands for building name
Tutorial.PlaceBuilding,Đặt công trình: {0} ({1}/{2}),"{0} stands for building name {1} stands for number of built buildings {2} stands for number of buildings to build. This is used in a goal description with the verb in active voice, for example 'Place: Warehouse (0/5)'."
Tutorial.PowerAndPlanks,Năng lượng và gỗ ván,
Tutorial.PowerAndPlanks.LumberMill,"Đã đến lúc bắt đầu sản xuất Gỗ ván!
                                    
Hãy xây một Xưởng cưa ngay bên cạnh Bánh xe nước. Bạn cũng có thể xây nó xa hơn và kết nối với Bánh xe nước bằng Trục truyền lực.
                                    
Mẹo: Nhiều công trình như Xưởng cưa và Nhà ở sẽ truyền năng lượng cho nhau khi được đặt sát vách. Không cần Trục truyền lực!","Planks is the same as Good.Plank.PluralDisplayName, LumberMill is the same as Building.LumberMill.DisplayName, Water Wheel is the same as Building.WaterWheel.DisplayName, Power Shafts is the same as Building.PowerShaft.DisplayName, Lodge is the same as Building.Lodge.DisplayName"
Tutorial.PowerAndPlanks.WaterWheel,"Các công trình nâng cao hơn đòi hỏi năng lượng, và hải ly thích lấy năng lượng từ dòng sông.
                                    
Hãy đặt một Bánh xe nước ở nơi nước chảy dọc bờ sông.",Water Wheel is the same as Building.WaterWheel.DisplayName
Tutorial.PowerBuilding,Cấp năng lượng: {0} ({1}/{2}),"{0} stands for building name {1} stands for number of powered buildings {2} stands for number of buildings to power. This is used in a goal description with the verb in active voice, for example 'Power: Lumber Mill (0/1)'."
Tutorial.Progress,({0}/{1}),{0} stands for number of achieved goals {1} stands for total number of goals
Tutorial.Science,Khoa học,Header of the tutorial section that covers the science
Tutorial.Science.AccumulateScience,Tích lũy: Điểm khoa học ({0}/{1}),"{0} stands for amount of Science Points accumulated, {1} stands for amount needed"
Tutorial.Science.Inventor,"Hải ly là những kỹ sư của thế giới động vật. Đã đến lúc biến những ý tưởng gỗ-kỹ thuật (lumberpunk) của chúng thành hiện thực.
                           
Hãy xây Nhà phát minh để tạo ra Điểm khoa học.","Inventor is the same as Building.Inventor.DisplayName, Science Points is the same as Science.SciencePoints"
Tutorial.Science.SciencePoints,"Bây giờ, hãy để Nhà phát minh làm việc.
                                
Khi đã tích lũy đủ Điểm khoa học, chúng ta sẽ dùng chúng để mở khóa các công trình nâng cao hơn.","Inventor is the same as Building.Inventor.DisplayName, Science Points is the same as Science.SciencePoints"
Tutorial.Science.Unlock,Mở khóa: {0},{0} stands for the name of the building to unlock
Tutorial.SelectGood,Đặt: {0} thành {1} {2},{0} stands for building name {1} stands for good name {2} stands for Tutorial.Progress. This is used in a goal description with the verb in active voice. for example 'Set: Warehouse to Bread (0/5)'.
Tutorial.SetWorkingHours,Đặt giờ làm việc thành {0},{0} is the number of working hours to set
Tutorial.Storage,Kho chứa,
Tutorial.Storage.Pile,"Nhiều công trình có kho chứa tích hợp sẵn nhưng sẽ nhanh chóng bị đầy.
                               
Hãy xây một Bãi chứa lớn để trữ thêm Gỗ tròn.
                               
Mỗi công trình kho chứa chỉ giữ một loại hàng hóa. Bạn có thể thiết lập loại hàng trữ sau khi chọn công trình.","Large Pile is the same as Building.LargePile.DisplayName, Logs is same as Good.Log.PluralDisplayName"
Tutorial.Storage.Tanks,Mọi chất lỏng đều được trữ trong bể. Bao gồm cả nước chúng ta đã bơm.,"Small Tank is the same as Building.SmallTank.DisplayName, Water is same as Good.Water.DisplayName"
Tutorial.Storage.Warehouses,"Cuối cùng, hãy chuẩn bị kho chứa cho Quả mộng. Chúng ta cũng nên sẵn sàng cho đợt thu hoạch Cà rốt sắp tới.
                             
Thực phẩm, cũng như nhiều loại hàng hóa đóng hộp khác, được lưu trữ trong nhà kho.","Berries is the same as Good.Berries.PluralDisplayName, Carrot is the same as in Good.Carrot.DisplayName"
Tutorial.Tutorial,Hướng dẫn,
Tutorial.UnpauseBuilding,Hủy tạm dừng: {0},{0} stands for building name
Tutorial.VerticalArchitecture,Kiến trúc chiều đứng,Tutorial title
Tutorial.VerticalArchitecture.BuildRooftopTerrace,"Ở vùng đất hoang, việc tối ưu hóa không gian là rất quan trọng. Hải ly thực hiện điều đó bằng cách phát triển thành phố theo chiều đứng.
                                                   
Một số công trình, như Nhà ở, có mái bằng có thể nâng đỡ các cấu trúc khác.
                                                   
Hãy xây một Sân thượng ngay bây giờ. Bạn có thể cần dùng Cầu thang để kết nối nó với khu vực.","Lodges refers to Building.Lodge.DisplayName, Rooftop Terrace refers to Building.RooftopTerrace.DisplayName"
Tutorial.WaterAndFood,Nước và thực phẩm,
Tutorial.WaterAndFood.Farmhouse,"Về lâu dài, chúng ta cần thứ gì đó bổ dưỡng hơn. Hãy xây một Nông trại để trồng và thu hoạch cây trồng.
                                 
Tương tự như cờ, nông trại có phạm vi hoạt động giới hạn.
                                 
Mẹo: Nếu thiếu công nhân, bạn có thể tạm dừng một số công trình. Để làm vậy, chọn công trình và nhấp vào nút tạm dừng.",Farmhouse is the same as in Building.Farmhouse.DisplayName
Tutorial.WaterAndFood.Gatherer,"Bên cạnh nước, hải ly cũng cần thức ăn.
                                
Thợ hái lượm sẽ tự động hái Quả mộng trong phạm vi của Cờ hái lượm. Bạn có thể thấy phạm vi khi đặt cờ.
                                
Hãy xây một Cờ hái lượm gần một số Bụi việt quất.","Berries is the same as Good.Berries.PluralDisplayName, Gatherer Flag is the same as Building.GathererFlag.DisplayName, Blueberry Bushes refers to NaturalResource.Blueberry.DisplayName"
Tutorial.WaterAndFood.MarkCarrots,"Nông dân sẽ không làm việc cho đến khi bạn chỉ định họ trồng cây gì và ở đâu.
                                   
Dùng công cụ Trồng cây lương thực để chỉ định một cánh đồng Cà rốt.
                                   
Cây lương thực cần được trồng trên đất xanh tươi, được tưới nước. Nếu không, cây sẽ khô héo và chết dần.","Plant Crops is the same as in ToolGroups.FieldsPlanting, Carrot is the same as in Good.Carrot.DisplayName"
Tutorial.WaterAndFood.WaterPump,"Hải ly cần nước để sinh tồn.
                                 
Hãy xây một Bơm nước để đảm bảo có đủ nước uống liên tục. Đừng quên kết nối Máy bơm với Trung tâm khu vực.","Water Pump is the same as Building.WaterPump.DisplayName, District Center is the same as Building.DistrictCenter.DisplayName"
Tutorial.Wellbeing,Mức độ hạnh phúc,
Tutorial.Wellbeing.Beaver,"Bạn có thể thấy tác động từ các hành động của mình lên hải ly.
                           
Hãy chọn một chú hải ly bằng cách nhấp vào nó. Trong bảng điều khiển, bạn có thể thấy chỉ số hạnh phúc, thuộc tính và nhu cầu hiện tại của nó.
                           
Một số nhu cầu có thể giảm xuống giá trị âm và chịu hình phạt nặng nề hoặc dẫn đến cái chết.",Well-being is the same as Wellbeing.DisplayName
Tutorial.Wellbeing.Campfire,"Mức độ hạnh phúc là chỉ số cho biết sự hài lòng của hải ly. Nó ảnh hưởng đến ba thuộc tính: tốc độ làm việc, tốc độ di chuyển và tuổi thọ.
                             
Một trong những cách chính để tăng chỉ số hạnh phúc là thông qua các điểm giải trí. Điểm giải trí là những công trình mà hải ly ghé thăm khi không làm việc.","Well-being is the same as Wellbeing.DisplayName, working speed is the same Bonus.WorkingSpeed, movement speed is the same as Bonus.MovementSpeed, lifespan refers to Bonus.LifeExpectancy"
Tutorial.Wellbeing.OpenWellbeingPanel,Mở bảng mức độ hạnh phúc,Keep similar to KeyBinding.OpenWellbeingPanel
Tutorial.Wellbeing.SelectBeaver,Chọn một chú hải ly và kiểm tra nhu cầu của nó,
Tutorial.Wellbeing.SetWorkingHours,"Hãy nhớ rằng hải ly cần thời gian rảnh để ăn, uống, ngủ và tận hưởng các điểm giải trí của khu định cư.
                                    
Để tối đa hóa năng suất, bạn cần cân bằng giữa mức độ hạnh phúc của công nhân và số giờ làm việc của họ.
                                    
Bây giờ, hãy quay lại giờ làm việc mặc định.",Working hours refers to Work.WorkingHoursTooltip
Tutorial.Wellbeing.Shrub,"Mức độ hạnh phúc cũng tăng lên xung quanh các vật trang trí. Hải ly không chủ động tiến lại gần chúng, vì vậy hãy đặt các vật trang trí gần nơi dân cư thường lui tới.
                          
Bụi cây trang trí là vật trang trí đơn giản nhất, và hải ly trân trọng từng mảng xanh tươi.","Well-being is the same as Wellbeing.DisplayName, Shrub is the same as Building.Shrub.DisplayName"
Tutorial.Wellbeing.WellbeingPanel,"Đối với hải ly, toàn thể xã hội mới là điều quan trọng. Bạn có thể thấy mức độ hạnh phúc trung bình của khu định cư ở góc trên bên trái màn hình.
                                   
Nhấp vào đó để xem mức độ đáp ứng của tất cả các nhu cầu. Có rất nhiều cách để làm cho cuộc sống ở vùng đất hoang trở nên dễ chịu hơn.",Well-being is the same as Wellbeing.DisplayName
Tutorial.Wood,Gỗ,
Tutorial.Wood.ConnectLumberjacks,"Mọi công trình có lối vào đều phải được kết nối với Trung tâm khu vực bằng Đường đi. Khi chọn một công trình, bạn sẽ thấy lối vào của nó được đánh dấu bằng một mũi tên.
                                  
Hãy xây Đường đi để kết nối Cờ thợ đốn gỗ với Trung tâm khu vực.","Lumberjack Flag is the same as Building.LumberjackFlag.DisplayName, District Center is the same as Building.DistrictCenter.DisplayName, Paths refers to Building.Path.DisplayName"
Tutorial.Wood.FinishLumberjacks,"Các Cờ sẽ không được xây dựng trừ khi chúng nằm trong phạm vi xây dựng của khu vực.
                                 
Chọn Trung tâm khu vực để xem phạm vi xây dựng của nó. Bạn có thể mở rộng phạm vi bằng cách nối Đường đi từ lối vào Trung tâm khu vực.","Flags referers to Lumberjack Flag as in Building.LumberjackFlag.DisplayName, District Center is the same as Building.DistrictCenter.DisplayName, Paths refers to Building.Path.DisplayName"
Tutorial.Wood.MarkTrees,"Thợ đốn gỗ chỉ đốn cây ở những khu vực mà bạn đánh dấu để đốn.
                         
Cây cối phải nằm trong phạm vi của Cờ thợ đốn gỗ. Chọn một cờ để xem phạm vi của nó.
                         
Hãy sử dụng công cụ Đánh dấu khu vực đốn gỗ ngay bây giờ. Giữ nút chuột để chọn nhiều ô cùng lúc.","Lumberjacks refers to workers working in Building.LumberjackFlag.DisplayName, Lumberjack Flag is the same as Building.LumberjackFlag.DisplayName. Mark Tree Cutting Area tool is the same as TreeCuttingSelectionTool.Title"
Tutorial.Wood.PlaceLumberjacks,"Mọi khu định cư hải ly đều cần Gỗ tròn, và cần rất nhiều. Chỉ có thợ đốn gỗ mới chặt cây.
                                
Hãy xây các Cờ thợ đốn gỗ cạnh những cây gần đó.","Logs is same as Good.Log.PluralDisplayName, Lumberjack Flag is the same as Building.LumberjackFlag.DisplayName"
Tutorial.WorkingHours,Giờ làm việc,"Tutorial title, Working hours refers to Work.WorkingHoursTooltip"
Tutorial.WorkingHours.SetWorkingHours,"Điều chỉnh giờ làm việc là một cách để quản lý khu định cư của bạn.
                                       
Ngày làm việc dài hơn đồng nghĩa với tiến độ nhanh hơn, nhưng mỗi buổi tối, hải ly cần thời gian thư giãn và ngủ nghỉ. Đừng ép buộc chúng quá sức trong thời gian dài.
                                       
Bây giờ, hãy tăng giờ làm việc lên một chút thôi.","Working hours refers to Work.WorkingHoursTooltip, Starvation refers to Status.Need.Hunger, dehydration refers to Status.Need.Thirst"
Unit.Compact.Kilo.NumberAndUnit,{0}k,"Number with symbol unit added to denote thousands, {0} is the number, 'k' should be consistent with Unit.Kilo.UnitOnly. This should be extremely short - everything of more then 2 characters (inlcuding space and dot) is too long. If in doubt, just left it as k."
Unit.Compact.Kilo.UnitOnly,k,"SI symbol for kilo, used in numbers to denote thousands and shorten their display, e.g. 1k = 1000, 2.5k = 2500, etc. This should be extremely short - everything of more then 2 characters (inlcuding space and dot) is too long. If in doubt, just left it as k."
Unit.Compact.Mega.NumberAndUnit,{0}M,"Number with symbol unit added to denote millions, {0} is the number, 'M' should be consistent with Unit.Mega.UnitOnly. This should be extremely short - everything of more then 2 characters (inlcuding space and dot) is too long. If in doubt, just left it as M."
Unit.Compact.Mega.UnitOnly,M,"SI symbol for mega, used in numbers to denote millions and shorten their display, e.g. 1M = 1,000,000, 2.5M = 2,500,000, etc. This should be extremely short - everything of more then 2 characters (inlcuding space and dot) is too long. If in doubt, just left it as M."
Unit.CubicMeterPerSecond.NumberAndUnit,{0} m³/s,Abbreviation for cubic meters per second with numeric value. {0} stands for the number. Should be consistent with Unit.CubicMeterPerSecond.UnitOnly. Please keep very short.
Unit.CubicMeterPerSecond.UnitOnly,m³/s,Abbreviation for cubic meters per second - standard unit of flow rate/speed. Please keep very short.
Unit.Day.NumberAndUnit,{0} d,Abbreviation for day/days with numeric value. {0} stands for the number. Should be consistent with Unit.Day.UnitOnly. Please keep very short.
Unit.Day.UnitOnly,d,Abbreviation for day/days - a unit of time. Please keep very short.
Unit.Degree.NumberAndUnit,{0}°,Abbreviation for degree unit with numeric value. {0} stands for the number. Should be consistent with Unit.Degree.UnitOnly. Please keep very short.
Unit.Degree.UnitOnly,°,Abbreviation for degree unit - a unit of angle measurement. Please keep very short.
Unit.HorsePower.NumberAndUnit,{0} hp,Abbreviation for horse power unit with numeric value. {0} stands for the number. Should be consistent with Unit.HorsePower.UnitOnly. Please keep very short.
Unit.HorsePower.UnitOnly,hp,Abbreviation for horse power unit - a unit of engine power. Please keep very short.
Unit.HorsePowerHour.NumberAndUnit,{0} hph,Abbreviation for horse power hour with numeric value. {0} stands for the number. Should be consistent with Unit.HorsePowerHour.UnitOnly. Please keep very short.
Unit.HorsePowerHour.UnitOnly,hph,Abbreviation for horse power hour unit - a unit of energy. hp and h should be consistent with Unit.HorsePower.UnitOnly and Unit.Hour.UnitOnly. Please keep very short.
Unit.HorsePowerHourPerMeter.NumberAndUnit,{0} hph/m,Abbreviation for horse power hour per meter with numeric value. {0} stands for the number. Should be consistent with Unit.HorsePowerHourPerMeter.UnitOnly. Please keep very short.
Unit.HorsePowerHourPerMeter.UnitOnly,hph/m,"Stands for horse power hour per meter - used to describe battery capacity. hph should be consistent with Unit.HorsePowerHour.UnitOnly, m should be consistent with Unit.Meter.UnitOnly. Please keep very short."
Unit.HorsePowerPerCubicMeterPerSecond.NumberAndUnit,{0} hp/m³/s,Abbreviation for horse power per cubic meter per second with numeric value. {0} stands for the number. It should be consistent with Unit.HorsePowerPerCubicMeterPerSecond.UnitOnly. Please keep very short.
Unit.HorsePowerPerCubicMeterPerSecond.UnitOnly,hp/m³/s,Abbreviation for horse power per cubic meter per second. It should be consistent with Unit.HorsePower.UnitOnly and Unit.CubicMeterPerSecond.UnitOnly. Please keep very short.
Unit.Hour.NumberAndUnit,{0} h,Abbreviation for hour/hours with numeric value. {0} stands for the number. Should be consistent with Unit.Hour.UnitOnly. Please keep very short.
Unit.Hour.UnitOnly,h,Abbreviation for hour/hours - standard unit of time. Please keep very short.
Unit.Kilogram.NumberAndUnit,{0} kg,"Abbreviation for kilogram, {0} is the number, kg is the unit symbol, which should be consistent with Unit.Kilogram.UnitOnly"
Unit.Kilogram.UnitOnly,kg,Standard unit symbol for kilogram
Unit.Meter.NumberAndUnit,{0} m,Abbreviation for meters with numeric value. {0} stands for the number. Should be consistent with Unit.Meter.UnitOnly. Please keep very short.
Unit.Meter.UnitOnly,m,Abbreviation for meters - standard unit of length/distance/depth. Please keep very short.
Unit.Percent.NumberAndUnit,{0}%,"Number with percent unit added, {0} is the number, % is the unit symbol, which should be consistent with Unit.Percent.UnitOnly"
Unit.Percent.UnitOnly,%,Standard math unit symbol for percent
Unit.Tick.NumberAndUnit,{0} t,Short format for time in ticks with numeric value. It should probably be a short form of Building.Timer.IntervalType.Ticks. It should use different letter than the ones used in Unit.Hour.UnitOnly and Unit.Day.UnitOnly to avoid confusion. {0} stands for the number. Please keep very short.
Unit.Tick.UnitOnly,t,Short format for time in ticks. It should probably be a short form of Building.Timer.IntervalType.Ticks. It should use different letter than the ones used in Unit.Hour.UnitOnly and Unit.Day.UnitOnly to avoid confusion. Please keep very short.
UnstableCore.ExplosionRadius,Bán kính nổ,Label of a field that allows to set explosion radius of an unstable core.
Water.Strength,Sức nước,Followed by a number which tells how much water a water source produces
WaterInputCoordinates.Depth,Độ sâu: {0},Depth reached by the water input building (e.g. a water pump). {0} stands for a number
WaterInputCoordinates.Limit,Giới hạn: {0},Depth limit of the water input building (e.g. a water pump). {0} stands for a number
WaterMover.Unfiltered,Chưa lọc,"Tooltip for a toggle, that decides what kind of fluid should be pumped: unfiltered, water or badwater"
WaterOpacity.Visibility.Hide,Ẩn nước,Tooltip for button hiding water
WaterOpacity.Visibility.Show,Hiện nước,Tooltip for button showing water
Weather.Badtide,Thủy triều độc,Name of toxic hazard season during which all rivers turn into badwater instead of water. Ideally the name should refer to Good.Badwater.DisplayName and follow its pattern. Please read the comment for Good.Badwater.DisplayName for a complete description of what badwater is.
Weather.BadtideEndedNotification,Thủy triều độc đã kết thúc,Notification that shows up when a badtide season ends. Badtide should be the same as Weather.Badtide.
Weather.BadtideStartedNotification,Thủy triều độc đã bắt đầu,Notification that shows up when a badtide season starts. Badtide should be the same as Weather.Badtide.
Weather.CycleAndDayLong,"Chu kỳ {0}, ngày {1}","Example usage: 'Cycle 2, day 5'."
Weather.CycleAndDayShort,Ngày {0}-{1},Example usage: 'Day 2-5'.
Weather.CycleBegins,Chu kỳ {0} bắt đầu,"Shown as a message when new cycle begins, {0} stands for cycle number, example usage: 'Cycle 4 begins'."
Weather.Drought,Hạn hán,
Weather.DroughtEndedNotification,Hạn hán đã kết thúc,A notification that a drought has ended.
Weather.DroughtStartedNotification,Hạn hán đã bắt đầu,A notification that a drought has begun.
Weather.Notification.BadtideApproaching,Thủy triều độc đang đến gần,Tooltip of weather panel shown when a badtide season is approaching. Badtide should be the same as Weather.Badtide.
Weather.Notification.BadtideInProgress,Thủy triều độc đang diễn ra,Tooltip of weather panel shown when a badtide season is in progress. Badtide should be the same as Weather.Badtide.
Weather.Notification.DroughtApproaching,Hạn hán đang đến gần,Tooltip of weather panel shown when a drought season is approaching. Drought should be the same as Weather.Drought.
Weather.Notification.DroughtInProgress,Hạn hán đang diễn ra,Tooltip of weather panel shown when a drought season is in progress. Drought should be the same as Weather.Drought.
Weather.Temperate,Thời tiết ôn hòa,
Wellbeing.AverageWellbeing,Chỉ số an sinh trung bình:,Please keep short. Well-being is how good the beavers feel in general. Could also be welfare or prosperity
Wellbeing.DisplayName,Mức an sinh,How good the beavers feel. Could also be welfare or prosperity
Wellbeing.HighscoreReached,Bầy hải ly của bạn đang hạnh phúc hơn bao giờ hết!,A congratulation message when a settlement reaches a new well-being record
Wellbeing.HighscoreReached.Short,Kỷ lục an sinh mới:,A congratulation message when a settlement reaches a new well-being record
Wellbeing.NextTier,Cấp tiếp theo,Shown on character bonus tooltip with information about next bonus level (each bonus has several tiers with raising values)
Wellbeing.PopulationWellbeing,Mức an sinh toàn dân,Please keep short. How good the beavers feel. Could also be welfare or prosperity
Wellbeing.ShowPopulation,Hiện mức an sinh toàn dân,How good the beavers feel. Could also be welfare or prosperity
Wellbeing.UnlockedFactions,Phe đã mở khóa,Header of a section that tells about factions that can be unlocked
Wonder.Activate,Kích hoạt,Label of a button that activates a Wonder (an end game building).
WonderCompletion.Panel.Header,Xin chúc mừng!,Header of a panel that is shown when the player has mastered a map.
WonderCompletion.Panel.Statistics,Thống kê:,Title of the statistics section in the wonder completion panel
WonderCompletion.Statistic.BeaversBorn,Hải ly chào đời:,A text for flavor statistic that shows how many beavers have been born during the game.
WonderCompletion.Statistic.BeaversExploded,Hải ly bị nổ tung:,A text for flavor statistic that shows how many beavers have died to a dynamite during the game.
WonderCompletion.Statistic.BotsManufactured,Người máy đã chế tạo:,A text for flavor statistic that shows how many bots have been created during the game.
WonderCompletion.Statistic.ChippedTeeth,Răng bị sứt:,A text for flavor statistic that shows how many times a beaver has chipped a tooth during the game.
WonderCompletion.Statistic.DaysPassed,Số ngày trôi qua:,A text for statistic that shows how many days have passed until wonder was built.
WonderCompletion.Statistic.DynamiteDetonated,Thuốc nổ đã kích hoạt:,A text for flavor statistic that shows how many times dynamite has been detonated during the game.
WonderCompletion.Statistic.TailsPainted,Đuôi đã nhuộm màu:,A text for flavor statistic that shows how many tails have been handled by the detailer.
WonderCompletion.Statistic.TreesCut,Cây đã đốn hạ:,A text for flavor statistic that shows how many trees have been cut down during the game.
WonderCompletion.Statistic.WaterConsumed,Lượng nước đã uống:,A text for flavor statistic that shows how many units of water have been consumed during the game.
WonderCompletion.WonderCompleted,Kỳ quan đã hoàn thành: {0},Text that is shown when the player has built and activated a Wonder. {0} is the name of the faction that the player performed this with. Wonder should be the same as Buildings.Wonder.
Work.BeaverOnly,<YellowHighlight>Chỉ dành cho hải ly:</YellowHighlight> Chỉ hải ly mới được phép làm việc tại nơi này.,Shown on a tooltip at workplaces where only beavers can work in
Work.BotOnly,<YellowHighlight>Chỉ dành cho người máy:</YellowHighlight> Chỉ người máy mới được phép làm việc tại nơi này.,Shown on a tooltip at workplaces where only bots can work in. Bots should be the same as Bot.PluralDisplayName.
Work.CurrentWorkers,Lao động: {0} / {1},Please keep short. {0} stands for the desired number of workers. {1} stands for max number of workers that can work in building.
Work.DefaultAllowedWorker,Lao động mặc định trong công trình mới,Global setting for who is allowed to work in a new building: beavers or bots
Work.DefaultAllowedWorker.Tooltip,Các công trình mới trong khu vực này ban đầu sẽ được thiết lập để sử dụng loại lao động này.,Shown on a tooltip for a toggle deciding the default worker setting between beavers and bots.
Work.FuelRemaining,Nhiên liệu còn lại: {0}%,"{0} stands for a number between 0 and 100, for example 10% means that most of the fuel has been depleted."
Work.Incapacitated,Mất khả năng lao động,Label before a number of characters unfit for work (for example injured beavers or broken bots)
Work.MaxDepth,Độ sâu tối đa: {0},"Explains how deep a building can reach, for example how deep it can pump water from. {0} stands for a number."
Work.MaximumWorkers,Lao động tối đa: {0},{0} stands for max number of workers that can work in building.
Work.PriorityTitle,Mức ưu tiên nơi làm việc,Setting a priority on workplace building
Work.Productivity,Năng suất: {0},"Label stating how productive a workplace is, should be consistent with Work.ProductivityHeader. {0} is the value of productivity,"
Work.ProductivityHeader,Năng suất,Label in a tooltip header describing the productivity of a workplace.
Work.ProductivityTip,Tỷ lệ phần trăm thời gian dành cho sản xuất so với thời gian ngừng hoạt động như vận chuyển nguyên vật liệu.,Tooltip of how productivity works
Work.Vacant,Còn trống,Denotes an empty workplace slot without a worker.
Work.VacantPlural,Vị trí trống,Label before number of vacant work slots
Work.WorkRefusalWarning,Từ chối làm việc,Please keep short. A warning inside a tooltip that a beaver or a bot won't work if certain circumstances occur (like beaver is sick or bot is out of power).
Work.Workers,Lao động: {0},{0} stands for number of workers
Work.WorkersLabel,Lao động,Label before number of workers
Work.WorkingHoursTooltip,Giờ làm việc,
Work.Workplace.DisplayName,Nơi làm việc,"Header of a section where various aspects of a workplace can be changed (working priority, number of workers). Please keep short."
Work.WorkplaceUnlock.CantUnlock,"Không thể mở khóa nơi làm việc này cho người máy, không đủ Điểm khoa học.",Prompt when the player doesn't have enough science points to unlock a workplace for bots. Bots should be the same as Bot.PluralDisplayName.
Work.WorkplaceUnlock.Prompt,Bạn có chắc chắn muốn mở khóa nơi làm việc này cho người máy không? Chi phí là {0} Điểm khoa học.,"{0} stands for amount. Prompt when the  player presses to unlock a workplace for bots. Science Points must be the same as Science.SciencePoints, Bots as Bot.PluralDisplayName"
Work.WorkplaceUnlock.Tooltip,Mở khóa nơi làm việc này cho người máy.,Shown on a blocked workplace's tooltip. Bots should be the same as Bot.PluralDisplayName.
Zipline.AddConnection,Thêm kết nối,Tooltip text for button with plus icon adding a connection between two zipline towers or stations.
Zipline.BlockedWarning,Tuyến đường bị cản trở!,Error message when zipline path is obstructed
Zipline.Connections,Các kết nối:,A header above icon representation of connections between zipline towers or stations.
Zipline.Distance,{0} / {1},"The distance between the start and end of a zipline cable. {0} is the current distance, {1} is the maximum allowed distance."
Zipline.DistanceWarning,Quá xa!,Error message when the distance is too far
Zipline.Inclination,{0} / {1},"The inclination of the zipline cable. {0} is the current inclination, {1} is the maximum allowed inclination"
Zipline.InclinationWarning,Quá dốc!,Error message when the inclination is too steep
Zipline.PickDestination,Chọn điểm đến để tạo kết nối,"Information provided when creating a connection between two zipline towers or stations, when user needs to click a second one to create the connection."
Zipline.RemoveConnection,Xóa kết nối,Tooltip text for button with x icon removing a connection between two zipline towers or stations.
Zipline.TooManyConnections,Quá nhiều kết nối!,Error message when target zipline has too many connections
Building.AquaticFarmhouse.DisplayName,Trại Thủy Sinh,A farmhouse that specializes in water plants.
Building.AquaticFarmhouse.FlavorDescription,"""Từng có tin đồn là chúng ta ăn cá. Thật tởm lợm!"" —Bà Ngonel","Beavers eating fish is a common misconception. Beavers are 100% herbivores. Ma' Ngonel is an almost legendary figure - a beaver grandma, known for her stern hand, cooking skills and respect among both kits and adult beavers. Her name is an inside joke, as our community constantly demands an addition of catapults, mangonels etc."
Building.Aquifer.Description,Một nguồn nước ngầm dưới lòng đất.,
Building.Aquifer.DisplayName,Tầng Nước Ngầm,
Building.Aquifer.FlavorDescription,Không khó để tìm ra nó khi nó phát ra tiếng ồn lớn đến vậy.,
Building.AquiferDrill.Description,Khai thác nước từ Tầng Nước Ngầm.,
Building.AquiferDrill.DisplayName,Máy Khoan Tầng Nước Ngầm,
Building.AquiferDrill.FlavorDescription,"Khác với hải ly, nó được tạo ra để nước tự do chảy.",
Building.BadtideDrain.Description,Phun ra nước độc trong suốt Đợt Nước Độc.,
Building.BadtideDrain.DisplayName,Cống Xả Đợt Nước Độc,
Building.BadtideDrain.FlavorDescription,"""Có phải con người đã dùng đường ống vào mục đích này không? Gớm thật."" —Pina.","Pina is a younger beaver figure that's exploring the world and isn't related to any faction in particular. Pina as a name relates to the pine tree, the translated name shouldn't suggest a gender if possible."
Building.BadwaterDischarge.Description,"Niêm phong một Nguồn Nước Độc. Có thể mở hoặc đóng. Khi mở, nước độc vẫn chảy ngay cả trong hạn hán.","Badwater Source must be the same as Building.BadwaterSource.DisplayName, Badwater must be the same as Good.Badwater.DisplayName."
Building.BadwaterDischarge.DisplayName,Cửa Xả Nước Độc,"Name of the building that can either stop flow of badwater or enforce flow with full power. It's a dome shaped, mechanical building that opens and closes like a camera shutter. Badwater must be the same as Good.Badwater.DisplayName."
Building.BadwaterDischarge.FlavorDescription,Chỉ những kỹ sư xây dựng thực thụ mới được phép lại gần.,This is a reference to a youtuber called Real Civil Engineer.
Building.BadwaterDome.Description,Niêm phong một Nguồn Nước Độc. Có thể đóng mở tùy ý.,"Badwater Source must be the same as Building.BadwaterSource.DisplayName, Badwater must be the same as Good.Badwater.DisplayName."
Building.BadwaterDome.DisplayName,Vòm Niêm Phong Nước Độc,Name of the building that stops flow of badwater when put on its source. It's a dome shaped mechanical building that can open and close by raising the cover up and down. Badwater must be the same as Good.Badwater.DisplayName.
Building.BadwaterDome.FlavorDescription,"Không nước độc, không sầu rơi.","This is a reference to a Bob Marley song ""No woman, no cry""."
Building.BadwaterPump.Description,Một máy bơm gia cố có khả năng bơm nước độc. Độ ô nhiễm nước độc thấp sẽ làm chậm tốc độ bơm.,Badwater should be the same as Good.Badwater.DisplayName. Ideally all uses of the word contaminate/contamination/contaminated should be uniform across the project.
Building.BadwaterPump.DisplayName,Máy Bơm Nước Độc,Badwater should be the same as Good.Badwater.DisplayName.
Building.BadwaterPump.FlavorDescription,"""Giá mà các biện pháp bảo vệ bổ sung có thêm cái kẹp mũi."" —Suli",Suli is a younger beaver that likes to play tricks on their fellow beavers and isn't related to any faction in particular. Translated name shouldn't suggest a gender if possible.
Building.BadwaterRig.Description,Niêm phong một Nguồn Nước Độc. Thuê công nhân khai thác nước độc trực tiếp từ nguồn.,"Badwater Source must be the same as Building.BadwaterSource.DisplayName, Badwater must be the same as Good.Badwater.DisplayName."
Building.BadwaterRig.DisplayName,Giàn Khai Thác Nước Độc,Name of the building that stops flow from badwater source and generates Good.Badwater.DisplayName goods (by extracting them from source). It's a mechanical building that needs workers to operate. Badwater must be the same as Good.Badwater.DisplayName
Building.BadwaterRig.FlavorDescription,Những ai làm việc trên đỉnh nguồn nước độc sôi sục đều cảm thấy áp lực liên tục.,Play on words with pressure referring to both water pressure and stress. If possible try to adapt the phrase to fit your language.
Building.BadwaterSeep.Description,Một nguồn nước độc có áp lực hạn chế.,
Building.BadwaterSeep.DisplayName,Điểm Rò Nước Độc,"A building that allows badwater to seep through, creating a natural badwater source."
Building.BadwaterSeep.FlavorDescription,"Áp lực hạn chế, nguy hiểm vô hạn.",
Building.BadwaterSource.DisplayName,Nguồn Nước Độc,A crack or spring in the ground spuming badwater. Badwater should be the same as Good.Badwater.DisplayName.
Building.BadwaterSource.FlavorDescription,"""Tại sao chúng ta phải dọn dẹp bãi chiến trường của con người chứ? Ồ, đúng rồi, họ chết sạch rồi còn đâu."" —Pina",
Building.Bakery.Description,Nướng bánh mì và các loại bánh từ nhiều loại bột khác nhau.,Pastry being a baked good.
Building.Bakery.DisplayName,Tiệm Bánh Mì,Building that bakes bread
Building.Bakery.FlavorDescription,"""Không gì tuyệt bằng một chiếc bánh nóng hổi rắc thêm chút mùn cưa lên trên."" —Bà Ngonel","Ma' Ngonel is an almost legendary figure - a beaver grandma, known for her stern hand, cooking skills and respect among both kits and adult beavers. Her name is an inside joke, as our community constantly demands an addition of catapults, mangonels etc."
Building.Barrack.Description,Nhà ở chung tiện lợi.,
Building.Barrack.DisplayName,Lán Tập Thể,Barracks are cramped homes for beavers. Not related to soldiers.
Building.Barrack.FlavorDescription,"""Hai con Đuôi Bông bước vào một lán tập thể..."" —Trò đùa của phe Răng Thép","Reference to 'walk into a bar' jokes; only Iron Teeth use Barracks, as Folktails prefer different lodges and are less work-focused than Iron Teeth"
Building.BeaverBust.Description,Tượng bán thân của một chú hải ly trông có vẻ quan trọng.,
Building.BeaverBust.DisplayName,Tượng Bán Thân Hải Ly,
Building.BeaverBust.FlavorDescription,Những chú hải ly con tinh nghịch thích vẽ thêm đủ chi tiết lên mặt Cụ Kazko.,"Ol' Kazko is a legendary forefather of modern beavers, famous inventor, pioneer of rapid industrialization. Kits are young beavers."
Building.BeaverStatue.Description.Folktails,Tượng một chú hải ly no đủ.,
Building.BeaverStatue.Description.IronTeeth,Tượng một chú hải ly chăm chỉ.,
Building.BeaverStatue.DisplayName,Tượng Hải Ly,Statue of a beaver
Building.BeaverStatue.FlavorDescription.Folktails,Khiến bạn tự hào trong những năm được mùa và thấy đói lòng trong những năm mất mùa.,The statue shows a beaver with a full belly so it can make one hungry when looking at it.
Building.BeaverStatue.FlavorDescription.IronTeeth,Thiết kế ban đầu với chiếc liềm đã bị coi là quá giống phe Đuôi Bông.,This metal statue depicts a beaver worker with a raised hammer. Hammer and sickle is an emblem of Soviet Russia. Folktails must be same as faction name (Faction.Folktails.DisplayName).
Building.Beehive.Description,Thúc đẩy sự phát triển của cây trồng xung quanh.,
Building.Beehive.DisplayName,Tổ Ong,
Building.Beehive.FlavorDescription,"""Rồi ngươi cũng sẽ quen với tiếng vo ve thôi."" —Bà Ngonel","Ma' Ngonel is an almost legendary figure - a beaver grandma, known for her stern hand, cooking skills and respect among both kits and adult beavers. Her name is an inside joke, as our community constantly demands an addition of catapults, mangonels etc."
Building.Bell.Description,Tiếng chuông vang lên khi bắt đầu và kết thúc một ngày làm việc.,This is a large metal bell that rings twice a day.
Building.Bell.DisplayName,Chuông Báo,A large metal bell
Building.Bell.FlavorDescription,"""Tiếng chuông buổi sáng mới là điều ngươi nên mong đợi."" —Cụ Kazko","Ol' Kazko is a legendary forefather of modern beavers, famous inventor, pioneer of rapid industrialization."
Building.Bench.DisplayName,Ghế Dài,
Building.Bench.FlavorDescription,"Thỉnh thoảng, vài kẻ phá hoại lại gặm nhấm tài sản công cộng.",
Building.Blockage.Description,Một rào cản tự nhiên chặn dòng nước. Có thể tháo dỡ.,Demolished meaning removed by a worker.
Building.Blockage.DisplayName,Vật Cản Tự Nhiên,"Not a dam since that's another building in game but if not possible it could be called a Natural Dam. Visually, it's a block made out of twigs and loose stones."
Building.Blockage.FlavorDescription,Thật kỳ diệu khi thiên nhiên tạo ra một thứ ngang tầm với kỹ thuật của hải ly.,
Building.BotAssembler.Description,Lắp ráp rô-bốt tự hành để thực hiện các công việc hàng ngày.,Bots should be the same as Bot.PluralDisplayName
Building.BotAssembler.DisplayName,Xưởng Lắp Ráp Rô-bốt,A factory for assembling bots. Bot should be the same as Bot.TemplateName
Building.BotAssembler.FlavorDescription,"Tất cả bắt đầu từ một câu hỏi đơn giản: ""Giá như hôm nay mình không phải làm việc nhỉ"". —Pina",
Building.BotPartFactory.Description,Sản xuất các linh kiện rô-bốt.,Bot should be the same as Bot.TemplateName
Building.BotPartFactory.DisplayName,Nhà Máy Linh Kiện Rô-bốt,"A factory for creating bot parts, that are later assembled into full bots. Bot should be the same as Bot.TemplateName."
Building.BotPartFactory.FlavorDescription,"""Xong rồi! Chờ đã, con ốc vít này ở đâu ra đây?"" —Pina",
Building.Brazier.Description,Ngọn lửa rực rỡ được chứa an toàn trong chiếc lò sưởi trang trí.,
Building.Brazier.DisplayName,Lò Sưởi Trang Trí,
Building.Brazier.FlavorDescription,"""Ồ, cháy rực rỡ luôn!"" —Suli",Play on words with lit meaning both lit up and cool. If possible try to adapt the phrase to fit your language. Suli is a younger beaver that likes to play tricks on their fellow beavers and isn't related to any faction in particular. Translated name shouldn't suggest a gender if possible.
Building.BrazierOfBonding.DisplayName,Lò Sưởi Gắn Kết,A large brazier surrounded by statues of a beaver family
Building.BrazierOfBonding.FlavorDescription,"""Nếu không vì chúng ta, thì cũng vì các thế hệ tương lai."" —Bà Ngonel","Ma' Ngonel is an almost legendary figure - a beaver grandma, known for her stern hand, cooking skills and respect among both kits and adult beavers. Her name is an inside joke, as our community constantly demands an addition of catapults, mangonels etc."
Building.BreedingPod.Description,Phương thức sinh sản duy nhất và được ưa thích của phe Răng Thép.,Iron Teeth must be the same as the faction name (Faction.IronTeeth.DisplayName).
Building.BreedingPod.DisplayName,Buồng Nhân Giống,
Building.BreedingPod.FlavorDescription,"""Hải ly con là tương lai của chúng ta. Tháng tới chúng ta cần thêm 12 con nữa."" —Cụ Kazko","Ol' Kazko is a legendary forefather of modern beavers, famous inventor, pioneer of rapid industrialization."
Building.BuildersHut.Description,Thuê thêm công nhân xây dựng.,
Building.BuildersHut.DisplayName,Chòi Thợ Xây,
Building.BuildersHut.FlavorDescription,Thành Beaverome không thể xây xong trong một ngày. Truyền thuyết kể rằng mất tới sáu giờ.,Beaverome is a mythical beaver city built by beavers of many different factions who banded together to work on timbertech for the greater good of all beavers.
Building.BulletinPole.Description,Cột gỗ trang trí dùng để dán thông báo công cộng.,
Building.BulletinPole.DisplayName,Cột Thông Báo,
Building.BulletinPole.FlavorDescription,Bạn bị thương khi đang làm việc? Bạn có thể đủ điều kiện nhận bồi thường! Hãy liên hệ Suli.,Reference to common compensation scam text. Suli is a younger beaver that likes to play tricks on their fellow beavers and isn't related to any faction in particular. Translated name shouldn't suggest a gender if possible.
Building.Campfire.Description,Nơi để hải ly thư giãn và trò chuyện vào buổi tối.,
Building.Campfire.DisplayName,Lửa Trại,
Building.Campfire.FlavorDescription,"Đôi khi, lửa và gỗ lại là sự kết hợp ăn ý.",
Building.Carousel.Description,Vòng quay ngựa gỗ bằng gỗ dành cho hải ly ở mọi lứa tuổi.,
Building.Carousel.DisplayName,Đu Quay Ngựa Gỗ,Alternative name: Merry-Go-Round
Building.Carousel.FlavorDescription,"""Cháu định đi đâu đấy hả hải ly con? Mấy cành cây này không tự lột vỏ được đâu."" —Bà Ngonel","Ma' Ngonel is an almost legendary figure - a beaver grandma, known for her stern hand, cooking skills and respect among both kits and adult beavers. Her name is an inside joke, as our community constantly demands an addition of catapults, mangonels etc."
Building.Centrifuge.Description,Máy móc hạng nặng biến nước độc nguy hiểm thành tinh chất có thể sử dụng được.,Badwater should be the same as Good.Badwater.DisplayName. Extract should be the same as Good.Extract.DisplayName.
Building.Centrifuge.DisplayName,Máy Ly Tâm,
Building.Centrifuge.FlavorDescription,Ý tưởng nảy ra sau khi đu quay của phe Đuôi Bông quay quá nhanh.,"Folktails must be the same as Faction.Folktails.DisplayName, carousel should be the same as Building.Carousel.DisplayName."
Building.ChargingStation.Description,Nơi rô-bốt đến để sạc điện.,Bots should be the same as Bot.PluralDisplayName
Building.ChargingStation.DisplayName,Trạm Sạc,A mechanically powered building where bots come to recharge
Building.ChargingStation.FlavorDescription,Không sử dụng cho các thiết bị không phải Ironbot.,"Referring the annoying ""a different connector for each device"" trend in IT. Ironbot must be the same as Bot.DisplayName.IronTeeth"
Building.Chronometer.Description,Gửi tín hiệu dựa trên thời gian trong ngày.,
Building.Chronometer.DisplayName,Đồng Hồ Thời Gian,The name of a building which sends automation signals based on time.
Building.Chronometer.EndTime,Kết thúc: {0},"{0} is a time in hours with h suffix, e.g. 1.2h"
Building.Chronometer.Mode.NonWorkingHours,Giờ nghỉ ngơi,"One of the modes of the Chronometer, that makes it active during non-working hours"
Building.Chronometer.Mode.TimeRange,Khoảng thời gian,"One of the modes of the Chronometer, that lets player select custom start and end time"
Building.Chronometer.Mode.WorkingHours,Giờ làm việc,"One of the modes of the Chronometer, that makes it active during working hours"
Building.Chronometer.StartTime,Bắt đầu: {0},"{0} is a time in hours with h suffix, e.g. 1.2h"
Building.Clutch.Description,Kết nối hoặc ngắt kết nối truyền tải năng lượng.,'power' must be consistent with other uses of the word in the game.
Building.Clutch.DisplayName,Ly Hợp Năng Lượng,As in the car part - it engages and disengages power shaft connections.
Building.Clutch.Mode.Disengaged,Đã ngắt,As in the car part - it engages and disengages power shaft connections.
Building.Clutch.Mode.Engaged,Đã đóng,As in the car part - it engages and disengages power shaft connections.
Building.CoffeeBrewery.Description,Pha chế cà phê.,Coffee should be the same as in Good.Coffee.DisplayName.
Building.CoffeeBrewery.DisplayName,Xưởng Pha Cà Phê,A building that brews coffee.
Building.CoffeeBrewery.FlavorDescription,"Nếu không vì giới hạn tiêu thụ, phe Răng Thép sẽ không ngủ chút nào.",
Building.CompactWaterWheel.Description,Máy phát điện nhỏ gọn chuyển đổi dòng chảy của nước thành năng lượng.,
Building.CompactWaterWheel.DisplayName,Bánh Xe Nước Nhỏ Gọn,A water wheel that's smaller than other versions.
Building.CompactWaterWheel.FlavorDescription,"Đúng vậy, bạn hoàn toàn có thể tái định hình lại bánh xe nước.",A play on 'can't reinvent the wheel'
Building.ContaminationBarrier.Description,Ngăn ô nhiễm đất lan rộng bên dưới nền đất.,Ideally all uses of the word contaminate/contamination/contaminated should be uniform across the project.
Building.ContaminationBarrier.DisplayName,Rào Chắn Ô Nhiễm,Name of the building that stops spreading soil contamination that's placed on the ground and is presented as square shape with objects sticking out. Ideally all uses of the word contaminate/contamination/contaminated should be uniform across the project. Barrier should be the same between Building.IrrigationBarrier.DisplayName and Building.ContaminationBarrier.DisplayName.
Building.ContaminationBarrier.FlavorDescription,"""Dựng rào mỗi ngày, xua bớt thiên tai!"" —Áp phích cổ động","Reference to the ""An apple a day, keeps the doctor away"" proverb. If possible try to adapt the phrase to fit your language."
Building.ContaminationSensor.Description,Đo độ ô nhiễm nước bên dưới tay đo.,
Building.ContaminationSensor.DisplayName,Cảm Biến Ô Nhiễm,
Building.ContemplationSpot.Description,Một góc nhỏ để hải ly trầm tư ngắm nhìn thiên nhiên.,
Building.ContemplationSpot.DisplayName,Góc Trầm Tư,
Building.ContemplationSpot.FlavorDescription,Hải ly dành khoảng thời gian yên tĩnh tại đây để ngẫm nghĩ về những chuyển biến của thiên nhiên.,
Building.ControlTower.Description,Công trình cao tầng phát tín hiệu đến các bot lân cận để tăng cường hiệu suất của chúng.,Bots should be the same as Bot.PluralDisplayName
Building.ControlTower.DisplayName,Tháp Điều Khiển,A building that emits a signal to nearby bots
Building.ControlTower.FlavorDescription,"Một bot phải chấp hành mệnh lệnh do hải ly đưa ra, trừ khi loài hải ly không còn tồn tại.","A loose adaptation of Asimov's second law of robotics (and a hint at the ""sentient AI"" scenario). Bot must be the same as Bot.TemplateName."
Building.Dam.Description,Chắn dòng nước nhưng cho phép một lượng nước tràn qua tràn xả ở phía trên.,Spillway is a hole near the top that allows for the water to pass.
Building.Dam.DisplayName,Đập Nước,
Building.Dam.FlavorDescription,"Ai cũng biết rằng, nền móng của một văn minh luôn được xây dựng dưới nước.",
Building.DanceHall.Description,Sảnh rộng mở nơi hải ly có thể thả lỏng và quẩy hết mình.,
Building.DanceHall.DisplayName,Sảnh Khiêu Vũ,
Building.DanceHall.FlavorDescription,"""Thôi nào, đừng đứng tẻ nhạt như mấy gã Răng Sắt thế chứ."" —Suli",Iron Teeth must be the same as Faction.IronTeeth.DisplayName. Suli is a younger beaver that likes to play tricks on their fellow beavers and isn't related to any faction in particular. Translated name shouldn't suggest a gender if possible.
Building.DecontaminationPod.Description,Bồn tắm giúp hải ly hồi phục sau khi tiếp xúc với nước độc.,Badwater should be the same as Good.Badwater.DisplayName.
Building.DecontaminationPod.DisplayName,Buồng Khử Độc,Ideally the name of the building should refer to the contamination effect on the beaver (Need.BadwaterContamination).
Building.DecontaminationPod.FlavorDescription,"""Không được Suli, cháu không thể uống chiết xuất đó đâu. Cháu đã rơi vào vạc dung dịch từ khi còn là hải ly con rồi!"" —Ma 'Ngonel","Reference to Obelix from Asterix and Obelix falling into a cauldron. Suli is a younger beaver that likes to play tricks on their fellow beavers and isn't related to any faction in particular. Translated name shouldn't suggest a gender if possible. Ma' Ngonel is an almost legendary figure - a beaver grandma, known for her stern hand, cooking skills and respect among both kits and adult beavers. Her name is an inside joke, as our community constantly demands an addition of catapults, mangonels etc."
Building.DecorativeClock.Description,Một chiếc đồng hồ trang trí đủ lớn để ngay cả các cụ hải ly cũng nhìn rõ.,
Building.DecorativeClock.DisplayName,Đồng Hồ Trang Trí,
Building.DecorativeClock.FlavorDescription,"Thật khó hình dung rằng vào thời xa xưa, hải ly từng phải dùng đồng hồ nước.",Clepsydra is an ancient water clock.
Building.DeepBadwaterPump.DisplayName,Bơm Nước Độc Sâu,"Badwater Pump Must be the same as Building.BadwaterPump.DisplayName, Deep should be the same as in Building.DeepWaterPump.DisplayName"
Building.DeepBadwaterPump.FlavorDescription,Ống dẫn kéo dài giúp xử lý cả sự chênh lệch độ cao lẫn mùi hôi thối.,
Building.DeepMechanicalFluidPump.DisplayName,Bơm Chất Lỏng Cơ Khí Sâu,
Building.DeepWaterPump.Description,Bơm và lọc nước cho hải ly uống. Nước độc nhiễm vào sẽ làm giảm tốc độ bơm.,
Building.DeepWaterPump.DisplayName,Bơm Nước Sâu,A water pump which can access deeper water than a regular pump.
Building.DeepWaterPump.FlavorDescription,"""Nước đến từ vùng đất sâu thẳm bên dưới, nơi bồn bồn lớn lên và hải ly làm thợ sửa ống nước."" —Bài ca lao động Răng Sắt","Adapted from Men at Work's famous 'Down Under' song ; Iron Teeth is a faction name, keep consistent (Faction.IronTeeth.DisplayName)"
Building.DepthSensor.Description,Đo độ sâu của nước bên dưới tay đo.,
Building.DepthSensor.DisplayName,Cảm Biến Độ Sâu,
Building.Detailer.Description,Trang trí và tùy chỉnh đuôi cho hải ly.,This building allows the player to paint beavers' tails.
Building.Detailer.DisplayName,Tiệm Trang Trí Đuôi,Detailer references that the tail customisations are details/decorations.
Building.Detailer.Folktails.FlavorDescription,Hãy để chiếc đuôi kể nên câu chuyện của riêng bạn.,"Only Folktails have ads, so they can also have magazines. ""Weird Tales"" is a famous pulp magazine."
Building.Detailer.IronTeeth.FlavorDescription,"Thôi nào, vẽ một chút thì có đau đớn gì đâu. —Suli","Wordplay, as the IT variant looks painful to use."
Building.Detonator.Description,Kích hoạt thuốc nổ bên dưới nó.,
Building.Detonator.DisplayName,Kíp Nổ,A building which arms a dynamite.
Building.DirtExcavator.Description,Máy khai thác hạng nặng để thu thập đất. Công trình vẫn tiếp tục tạo ra đất ngay cả khi đã chạm đến đá nền.,Dirt must the same as Good.Dirt.DisplayName.
Building.DirtExcavator.DisplayName,Máy Múc Đất,"A machine used to gather dirt, leaving a giant hole. Dirt must be the same as Good.Dirt.DisplayName."
Building.DirtExcavator.FlavorDescription,Đây không phải là một cuộc diễn tập đâu!,It's literally not a drill. It's a different kind of mining equipment. ;)
Building.Discharge.FlavorDescription,"Hãy đưa cho tôi đủ xô, tôi sẽ dời cả cái hồ này. —Cụ Kazko","Ol' Kazko is a legendary forefather of modern beavers, famous inventor, pioneer of rapid industrialization."
Building.DistrictCenter.Description,"Thành lập một khu vực có dân số, hàng hóa và mạng lưới đường đi riêng biệt. Tuyển dụng thợ xây.",
Building.DistrictCenter.DisplayName,Trung Tâm Khu Vực,
Building.DistrictCenter.FlavorDescription.Folktails,"""Thoải mái, thức ăn và gỗ kiên cố."" —Khẩu hiệu Đuôi Dân Dã",The motto must be the same as in Faction.Folktails.Description
Building.DistrictCenter.FlavorDescription.IronTeeth,"""Làm hết sức, làm hết mình."" —Khẩu hiệu Răng Sắt",The motto must be the same as in Faction.IronTeeth.Description
Building.DistrictCrossing.Description,Cân bằng hàng hóa giữa hai khu vực được kết nối. Mỗi bên có thợ phân phối hàng giữa Trạm Giao Thoa Khu Vực và phần còn lại của khu vực.,Districts should be the same as in Building.DistrictCenter.DisplayName
Building.DistrictCrossing.DisplayName,Trạm Giao Thoa Khu Vực,District should be the same as in Building.DistrictCenter.DisplayName
Building.DistrictCrossing.FlavorDescription,Tại sao hải ly lại băng qua ranh giới khu vực?,"Referencing ""Why did a chicken cross a road"" jokes"
Building.DoubleDynamite.DisplayName,Thuốc Nổ Đôi,Dynamite that makes 2 blocks deep hole
Building.DoubleDynamite.FlavorDescription,Khi các biện pháp mạnh vẫn chưa đủ đô.,References extreme measures mentioned in Building.Dynamite.FlavorDescription. It's part of a set.
Building.DoubleFloodgate.DisplayName,Cửa Xả Nước Đôi,
Building.DoubleFloodgate.FlavorDescription,Làm thế nào để cải tiến một thứ đã hoàn hảo? Bạn làm nó cao hơn.,
Building.DoubleLodge.Description,Một nhà trú lớn hơn chứa được nhiều hải ly hơn.,
Building.DoubleLodge.DisplayName,Nhà Trú Đôi,This lodge fits twice as many beavers
Building.DoubleLodge.FlavorDescription,Càng đông càng vui.,This lodge fits twice as many beavers as a standard one
Building.DoublePlatform.DisplayName,Giàn Giáo Đôi,Double meaning twice as tall.
Building.DoublePlatform.FlavorDescription,"Gấp đôi chiều cao, vẫn giữ nguyên độ chắc chắn thương hiệu.",
Building.DoubleShower.DisplayName,Vòi Tắm Đôi,A version of Building.Shower.DisplayName that can be used by two beavers at the same time
Building.DoubleShower.FlavorDescription,"""Tôi thích bạn tắm cùng hôm qua của tôi hơn."" —Pina",
Building.Dynamite.Armed,Đã cài nổ!,Dynamite is set to detonate
Building.Dynamite.BeaverDeathMessage,{0} đã thiệt mạng do một vụ nổ.,{0} stands for beaver name
Building.Dynamite.CantDetonate,"Không thể kích nổ, vị trí quá thấp",Message shows if dynamite is built on the lowest level of the map
Building.Dynamite.Description,Phá hủy địa hình bên dưới và kích nổ các khối thuốc nổ lân cận.,Triggers can be changed to detonates
Building.Dynamite.Detonate,Kích nổ,A button.
Building.Dynamite.DisplayName,Thuốc Nổ,There's a good called Explosives so they need to have different names
Building.Dynamite.ExplosionDepth,Độ sâu vụ nổ: {0},"Explains how deep the dynamite explosion is, {0} stands for the depth value."
Building.Dynamite.FlavorDescription,Một số biện pháp mạnh là cần thiết để thích nghi với thế giới hậu tận thế.,
Building.EarthRecultivator.Folktails.Description,"Phát tán hạt giống cây trồng khắp Trái Đất. Khi phóng, làm cho hải ly trong khu vực trở nên vô cùng hạnh phúc.",
Building.EarthRecultivator.Folktails.DisplayName,Thiết Bị Tái Sinh Trái Đất,Earth meaning planet Earth and Recultivator meaning regenerating the planet.
Building.EarthRecultivator.Folktails.FlavorDescription,"Với mỗi hạt giống, hy vọng lại đơm hoa.",
Building.EarthRepopulator.IronTeeth.Description,"Phóng các nhà tiên phong đến những vùng đất xa xôi. Khi phóng, làm cho hải ly trong khu vực trở nên vô cùng hạnh phúc.",
Building.EarthRepopulator.IronTeeth.DisplayName,Tàu Phóng Tiên Phong Trái Đất,Earth meaning planet Earth and Repopulator meaning starting new colonies or restoring the population.
Building.EarthRepopulator.IronTeeth.FlavorDescription,"Sau một vài cuộc thử nghiệm mật với súng máy bắn đá, thiết kế này đã được lựa chọn thay thế.","This building looks like a plane runway, so this jokingly references a more primitive idea."
Building.EfficientFarmhouse.Description,Tuyển dụng nông dân để gieo trồng và thu hoạch cây trồng. Thiết kế mở rộng của Đuôi Dân Dã chứa được nhiều nông dân hơn.,Farmhouse should be the same as in Building.Farmhouse.DisplayName
Building.EfficientFarmhouse.DisplayName,Trại Nông Nghiệp Năng Suất,Farmhouse should be the same as in Building.Farmhouse.DisplayName
Building.EfficientFarmhouse.FlavorDescription,"Hiệu quả phụ thuộc vào quy định ""không ăn trong giờ làm việc"".",
Building.EfficientMine.Description,Tuyển dụng thợ mỏ để khai thác phế liệu kim loại từ Tàn Tích Dưới Lòng Đất. Thiết kế cải tiến giúp tối đa hóa tốc độ khai thác.,"Underground Ruins is a building, same as Building.Underground Ruins.DisplayName"
Building.EfficientMine.DisplayName,Mỏ Khai Thác Hiệu Quả,An extracting facility which can be placed on underground ruins.
Building.EfficientMine.FlavorDescription,Phe Răng Sắt đã giành thế thượng phong nhờ là những kẻ đầu tiên khảo sát lòng đất.,"Reference to the ""upper hand"" phrase. The mine is built on top of underground human ruins."
Building.ExercisePlaza.Description,Khu vực dành cho các bài tập thể dục tập thể có bài bản nhằm nâng cao thể lực và độ dẻo dai.,
Building.ExercisePlaza.DisplayName,Quảng Trường Tập Luyện,
Building.ExercisePlaza.FlavorDescription,"Phe Răng Sắt muốn trở nên giống như những cỗ máy của họ — luôn cứng cáp hơn, tốt hơn, nhanh hơn, mạnh mẽ hơn.","Reference to the Daft Punk song ""Harder, Better, Faster, Stronger""."
Building.ExplosivesFactory.Description,Sản xuất chất nổ từ nước độc.,Explosives and badwater being goods names. Badwater should be the same as Good.Badwater.DisplayName.
Building.ExplosivesFactory.DisplayName,Nhà Máy Chất Nổ,Explosives is name of a good.Explosives should be the same as Good.Explosives.PluralDisplayName
Building.ExplosivesFactory.FlavorDescription,Tưởng chừng như việc xây toàn bộ định cư bằng gỗ còn chưa đủ mạo hiểm vậy.,
Building.FarmerMonument.DisplayName,Tượng Đài Nông Dân,A large statue of a farmer carrying a bundle of wheat.
Building.FarmerMonument.FlavorDescription,"Khai phá vùng đất hoang, ấm no cho toàn dân.",
Building.Farmhouse.Description,Tuyển dụng nông dân gieo trồng và thu hoạch cây trồng.,
Building.Farmhouse.DisplayName,Trại Nông Nghiệp,
Building.Farmhouse.FlavorDescription,Nông nghiệp là một trong những trụ cột gánh vác xã hội hải ly ngày nay.,
Building.Fermenter.Description,Ủ lên men thực vật để tạo ra thức ăn bổ dưỡng.,Ferments should be the same as in Building.Fermenter.DisplayName
Building.Fermenter.DisplayName,Thùng Lên Men,A building that ferments plants to make food.
Building.Fermenter.FlavorDescription,"Sau một vài sự cố, danh sách các sản phẩm được phép lên men đã bị giới hạn nghiêm ngặt.",Referrencing fermentation used to produce alcoholic beverages.
Building.FillValve.Description,Cửa xả một chiều giúp điều tiết mực nước ở hạ lưu.,
Building.FillValve.DisplayName,Van Dẫn Nước,A building which works like a valve which opens and closes to maintain the level of water in a reservoir/tank that it fills (refills).
Building.FillValve.TargetHeight,Mực nước mục tiêu: {0},Label for a slider which sets the desired water depth.
Building.FillValve.TargetHeightUnlimited,Không giới hạn,Label for a slider which sets the desired water depth when set to Unlimited.
Building.FillValve.Synchronize,Đồng bộ hóa với các van dẫn nước lân cận,Label for a toggle which makes this fill valve synchronize its configuration with adjacent fill valves.
Building.FireworkLauncher.Description,Bắn pháo hoa ăn mừng lên bầu trời.,Fireworks should be consistent with Good.Fireworks.DisplayName
Building.FireworkLauncher.DisplayName,Bệ phóng pháo hoa,Name of a building which launches fireworks into the sky.
Building.FireworkLauncher.FlightDistance,Tầm bay: {0},Label for firework flight distance value. {0} stands for a number.
Building.FireworkLauncher.Heading,Hướng bắn: {0},Label for firework heading value.
Building.FireworkLauncher.IsContinuous,Phóng liên tục,Label for a toggle which makes the firework launcher launch fireworks continuously while activated.
Building.FireworkLauncher.Pitch,Góc phóng: {0},Label for firework pitch value.
Building.FlameOfUnity.DisplayName,Ngọn lửa Đoàn kết,A large beacon held by four beaver statues.
Building.FlameOfUnity.FlavorDescription,"""Không gì gắn kết hiệu quả bằng chỉ tiêu sản xuất."" —Cụ Kazko","Ol' Kazko is a legendary forefather of modern beavers, famous inventor, pioneer of rapid industrialization."
Building.Floodgate.Description,Chặn nước lên đến một độ cao có thể điều chỉnh.,
Building.Floodgate.DisplayName,Cổng xả lũ,
Building.Floodgate.FlavorDescription,Chẳng ai nghĩ có thể cải tiến một đập nước cho đến khi Cụ Kazko tạo ra Cổng xả lũ đầu tiên.,
Building.Floodgate.Height,Độ cao: {0},How high is the floodgates gate.
Building.Floodgate.Synchronize,Đồng bộ với cổng xả lũ liền kề,
Building.FlowSensor.Description,Đo dòng chảy của nước bên dưới cần cảm biến.,
Building.FlowSensor.DisplayName,Cảm biến dòng chảy,Name of a building which measures water speed.
Building.FluidDump.Description,Xả nước hoặc nước bẩn ra môi trường.,Badwater should be the same as Good.Badwater.DisplayName.
Building.FluidDump.DisplayName,Điểm xả chất lưu,
Building.FluidDump.ToggleLabel,Chất lưu,Label of the toggle button in fluid dump panel that changes the type of fluid that is being dumped (water or badwater)
Building.FoodFactory.Description,Chế biến nguyên liệu thành các khẩu phần ăn.,"Rations should be the same as in Good.AlgaeRation.DisplayName, Good.CornRation.DisplayName and Good.EggplantRation.DisplayName"
Building.FoodFactory.DisplayName,Nhà máy thực phẩm,A factory building that literally produces food.
Building.FoodFactory.FlavorDescription,"Trước đây, thói quen gặm vội miếng ăn khi làm việc thường dẫn đến hư hại công trình.",A hungry beaver may take a bite of a [wooden] construction it's working on.
Building.Forester.Description,Trồng cây và bụi cây.,
Building.Forester.DisplayName,Lâm trường,A building with a worker that plants trees and bushes
Building.Forester.FlavorDescription,"Kiên cường và rực rỡ, những người trồng rừng chính là nòng cốt của xã hội hải ly.","Forresters are a family of central characters in ""Bold and Beautiful"", an extremely long-running American soap opera. Feel free to adapt this flavor, do not translate that literally."
Building.FountainOfJoy.DisplayName,Đài phun nước Hân hoan,A large water fountain with statues on top.
Building.FountainOfJoy.FlavorDescription,Đó không phải là lãng phí nếu nó mang lại niềm vui cho bạn.,Water is a very preciuos resource in Timberborn - fountains could be seen as a waste.
Building.Gate.Description,Ngắt kết nối tuyến đường khi cần.,Path needs to be consistent with Building.Path.DisplayName
Building.Gate.DisplayName,Cổng đường,Building which can be opened and closed to allow or block passage through a path.
Building.GathererFlag.Description,Thu thập sản vật từ các loài cây hoang dã.,
Building.GathererFlag.DisplayName,Chòi hái lượm,Flag' could also be a Post or something similar as long as it is consistent with other Flags and different from Haulers Post
Building.GathererFlag.FlavorDescription,"Bằng cách dồn quả mộng vào giỏ, hải ly đã vô tình sáng tạo ra một món tráng miệng tuyệt ngon.",
Building.GearWorkshop.Description,Sản xuất bánh răng từ gỗ xẻ.,Gears and Planks are goods; keep consistent.
Building.GearWorkshop.DisplayName,Xưởng bánh răng,Gear is a good
Building.GearWorkshop.FlavorDescription,"""Bánh răng gỗ chắc chắn đấy chứ!"" là câu khẩu hiệu được Cụ Kazko tạo ra trong đợt đẩy mạnh công nghiệp hóa.","Metal Gear Solid is a famous Japanese video game series. Ol' Kazko is a legendary forefather of modern beavers, famous inventor, pioneer of rapid industrialization."
Building.GeothermalEngine.Description,Một tua-bin lớn tận dụng Trường địa nhiệt để tạo ra năng lượng.,
Building.GeothermalEngine.DisplayName,Động cơ địa nhiệt,
Building.GeothermalEngine.FlavorDescription,Nó không có người vận hành chủ yếu là vì mùi hôi.,
Building.GeothermalField.Description,"Nguồn năng lượng miễn phí và liên tục, có thể khai thác bằng máy móc phù hợp.",
Building.GeothermalField.DisplayName,Trường địa nhiệt,
Building.GeothermalField.FlavorDescription,Năng lượng xanh có thực sự xanh khi nó có màu vàng?,
Building.GravityBattery.Description,"Lưu trữ năng lượng dư thừa và giải phóng lại khi mạng lưới thiếu hụt. Xây càng cao, dung lượng lưu trữ càng lớn.",
Building.GravityBattery.DisplayName,Pin trọng lực,"A battery in the form of a crane, that stores power by raising a heavy weight above the ground."
Building.GravityBattery.FlavorDescription,Đây là điều bạn có thể làm khi tự phát minh ra quy luật vật lý cho riêng mình.,Gravity batteries in the real world do not make sense from the physics standpoint.
Building.GreaseFactory.Description,Nhà máy sản xuất mỡ bôi trơn giúp máy móc robot hoạt động mượt mà hơn.,Bots should be the same as in Bot.TemplateName. Grease should be the same as Good.Grease.DisplayName.
Building.GreaseFactory.DisplayName,Nhà máy mỡ bôi trơn,Grease should be the same as Good.Grease.DisplayName.
Building.GreaseFactory.FlavorDescription,"""Chà, robot có thể mang tính hệ thống, chạy bằng thủy lực... Vậy tại sao không thể được bôi trơn?"" —Cụ Kazko","Reference to the song ""Greased Lightning"" from the movie ""Grease"" (1978). Ol' Kazko is a legendary forefather of modern beavers, famous inventor, pioneer of rapid industrialization."
Building.Grill.Description,Nướng các loại rau củ.,
Building.Grill.DisplayName,Bếp nướng,A place that grills
Building.Grill.FlavorDescription,"""Nghiền, luộc, hoặc nướng trên chảo chống dính!"" —""500 cách chế biến khoai tây"" của Bà Ngonel","Adapted quote from Lord of the Rings paired with a nod to an infamous Soviet-era cookbook ""500 potato dishes"". Ma' Ngonel is an almost legendary figure - a beaver grandma, known for her stern hand, cooking skills and respect among both kits and adult beavers. Her name is an inside joke, as our community constantly demands an addition of catapults, mangonels etc."
Building.Gristmill.Description,Xay rễ cây và hạt thành bột.,"Plant matter meaning different parts of plants, such as roots or flowers."
Building.Gristmill.DisplayName,Cối xay bột,
Building.Gristmill.FlavorDescription,Gu thưởng thức tinh tế hơn đã khai sinh ra những món ăn cầu kỳ hơn.,
Building.Hammock.Description,Ghế đu đung đưa để thư giãn.,
Building.Hammock.DisplayName,Võng thư giãn,A free-standing hammock that beavers can rest in.
Building.Hammock.FlavorDescription,"Chúng từng được buộc vào cây, cho đến khi xảy ra quá nhiều tai nạn chặt nhầm cây.",
Building.HaulingPost.Description,"Phu khuân vác hỗ trợ công nhân trong khu vực vận chuyển hàng hóa, giúp tăng mạnh năng suất.",
Building.HaulingPost.DisplayName,Trạm khuân vác,Keep different from Flag buildings since the building is of a different category than flags.
Building.HaulingPost.FlavorDescription,"Là những con hải ly cơ bắp nhất, bạn chắc chắn không muốn giẫm phải đuôi của một phu khuân vác đâu.",
Building.Hedge.Description,Bụi cây cảnh trồng trong chậu.,
Building.Hedge.DisplayName,Hàng rào cây cảnh,
Building.Hedge.FlavorDescription,Chẳng có mê cung cây nào làm khó được bạn khi bạn chỉ cần gặm xuyên qua nó.,
Building.Herbalist.Description,Chế tạo thuốc giải độc để chữa trị cho hải ly bị nhiễm độc.,Antidote should be the same as Good.Antidote. Ideally all uses of the word contaminate/contamination/contaminated should be uniform across the project.
Building.Herbalist.DisplayName,Nhà thảo dược,A building that serves as an antidote factory. It doesn't heal beavers inside.
Building.Herbalist.FlavorDescription,Dụng cụ chưng cất này được dùng hoàn toàn cho mục đích y tế.,This building kind of resembles an alcohol brewery.
Building.HttpAdapter.Description,"Chuyển đổi tín hiệu đầu vào thành điểm cuối API và cuộc gọi webhook, dù điều đó có nghĩa là gì đi nữa.",
Building.HttpAdapter.DisplayName,Bộ thích ứng HTTP,A building that makes HTTP calls.
Building.HttpAdapter.Method,Phương thức,A label for a dropdown for selecting between HTTP request methods: GET vs POST.
Building.HttpAdapter.Status,Trạng thái: {0},
Building.HttpAdapter.Status.Error,Lỗi,
Building.HttpAdapter.Status.OK,OK,
Building.HttpAdapter.Url,URL,
Building.HttpAdapter.WebhookWhenSwitchedOff,Gọi khi tắt,This is followed by a URL field which is called when the object is switched off.
Building.HttpAdapter.WebhookWhenSwitchedOn,Gọi khi bật,This is followed by a URL field which is called when the object is switched on.
Building.HttpLever.Description,Cần gạt điều khiển qua API. Con người đã bỏ lại rất nhiều thứ như thế này.,This is the description of a buildings which is called 'HTTP Server' and the first sentence is about humans who left a lot of servers lying around.
Building.HttpLever.DisplayName,Cần gạt HTTP,A lever which can be controlled by API. It is an upgraded version of the normal Lever (Building.Lever.DisplayName) so the names should correspond to each other.
Building.HttpLever.SwitchOffUrl,URL tắt,An API URL which switches off this object.
Building.HttpLever.SwitchOnUrl,URL bật,An API URL which switches on this object.
Building.HydroponicGarden.Description,Khai thác trồng trọt các loại cây không thích hợp cho canh tác ngoài trời.,
Building.HydroponicGarden.DisplayName,Vườn thủy canh,An artificial garden that's used to cultivate special plants.
Building.HydroponicGarden.FlavorDescription,Ý tưởng này ra đời sau khi phát hiện ra những tàn tích ẩm ướt của con người phủ đầy nấm phát triển nhanh.,"Referencing Timberborn's post-apo theme, but also a little bit of The Last of Us."
Building.ImpermeableFloor.Description,Tấm sàn ngăn nước rò rỉ qua.,
Building.ImpermeableFloor.DisplayName,Sàn chống thấm,"It's a metal floor tile that doesn't let any water through, hence Impermeable."
Building.ImpermeableFloor.FlavorDescription,Tất cả bắt đầu từ việc một chú hải ly chịu hết nổi tiếng nước nhỏ giọt từ mái nhà.,
Building.Indicator.Description,Đèn chỉ báo có khả năng cảnh báo.,An API URL which switches on this object.
Building.Indicator.DisplayName,Đèn chỉ báo,"An building which is an indicator light - when it receives a signal it lights up and optionally raises an alarm. Alternative names: Alarm, Annunciator, Signal, Beacon."
Building.Indicator.JournalEntryWhenSwitchedOn,Thêm nhật ký khi bật,A label for a toggle which makes this indicator add a journal entry when its input signal is switched on.
Building.Indicator.ReplicateInputColor,Sao chép màu tín hiệu vào,A label for a toggle which makes this indicator set its color to its input signal color.
Building.Indicator.WarningWhenSwitchedOn,Hiện cảnh báo khi bật,A label for a toggle which makes this indicator show a warning in GUI.
Building.IndustrialLumberMill.Description,Xẻ gỗ cây thành gỗ xẻ. Thiết kế cải tiến giúp chứa được nhiều công nhân hơn trong cùng một diện tích.,"Planks should be the same as Good.Plank.DisplayName, Logs should be the same as Good.Log.DisplayName"
Building.IndustrialLumberMill.DisplayName,Xưởng xẻ gỗ công nghiệp,Lumber Mill should be the same as in Building.LumberMill.DisplayName
Building.IndustrialLumberMill.FlavorDescription,Hai lưỡi cưa lúc nào cũng tốt hơn một.,"Referencing the ""two beavers are better than one"" song, plus the IT lumbermill has two saws rather than one that's in the FT version."
Building.Inventor.DisplayName,Nhà phát minh,
Building.Inventor.FlavorDescription,"Được truyền cảm hứng từ di sản của Cụ Kazko, các nhà phát minh hải ly luôn khao khát cải tiến công nghệ gỗ của mình.","Ol' Kazko is a legendary forefather of modern beavers, famous inventor, pioneer of rapid industrialization."
Building.IrrigationBarrier.Description,Ngăn sự tưới nước cho đất và sự ô nhiễm lan rộng bên dưới.,Name of the building that stops spreading soil contamination that's placed on the ground and is presented as square with objects sticking out of the ground.
Building.IrrigationBarrier.DisplayName,Rào chắn thủy lợi,Name of the building that stops spreading soil irrigation (both moisture and contamination) that's placed on the ground and is presented as square with objects sticking out of the ground. Barrier should be the same between Building.IrrigationBarrier.DisplayName and Building.ContaminationBarrier.DisplayName.
Building.IrrigationBarrier.FlavorDescription,Răng Sắt rất vui lòng kiểm soát mọi khía cạnh của cuộc sống nơi hoang mạc.,Iron Teeth must be the same as Faction.IronTeeth.DisplayName.
Building.LaborerMonument.DisplayName,Đài tưởng niệm Lao động,Name of a monument
Building.LaborerMonument.FlavorDescription,"Ngay cả khi lao động chân tay nhường chỗ cho công nghiệp hóa, đạo đức làm việc của Răng Sắt vẫn không hề thay đổi.",
Building.Lantern.Description,Đèn trang trí.,
Building.Lantern.DisplayName,Đèn lồng,
Building.Lantern.FlavorDescription,"Mang bản tính hoạt động về đêm, nhưng các chú hải ly hiện đại vẫn cảm thấy chút bồn chồn khi trời tối đen.",
Building.LargeBarrack.DisplayName,Lán trại Lớn,Barracks are cramped homes for beavers. Not related to soldiers. A bigger variant of Building.Barrack.
Building.LargeBarrack.FlavorDescription,"""Riêng tư"" là cái chi chi?",Barracks are very cramped so there isn't much private space.
Building.LargeIndustrialPile.DisplayName,Bãi chứa Công nghiệp Lớn,
Building.LargeIndustrialPile.FlavorDescription,Còn gì tuyệt hơn một bãi chứa? Đó là một bãi chứa chất đầy các bãi chứa.,"The building is an improved, stackable variant of Building.LargePile"
Building.LargePile.DisplayName,Bãi chứa Lớn,
Building.LargePile.FlavorDescription,"Thật đáng tiếc, chẳng ai chịu ghi chép lại xem có bao nhiêu khúc gỗ ra vào nơi đây.","""Log"" pun — feel free to adapt."
Building.LargePowerWheel.Description,"Nguồn phát điện chạy bằng sức hải ly, được tái thiết kế để nhiều công nhân cùng vận hành.",
Building.LargePowerWheel.DisplayName,Bánh xe Năng lượng Lớn,
Building.LargePowerWheel.FlavorDescription,Phe Răng Sắt chỉ muốn có một chiếc đu quay vòng quay của riêng mình.,Iron Teeth must be the same as Faction.IronTeeth.DisplayName.
Building.LargeRelic.FlavorDescription,"""Có những con 'con ngừ' to đến mức họ ăn bằng mấy cái bát này đấy."" —Suli","Large relic is a ruined radar dish, looks like a bowl. Suli is a younger beaver that likes to play tricks on their fellow beavers and isn't related to any faction in particular. Translated name shouldn't suggest a gender if possible."
Building.LargeRowhouse.DisplayName,Nhà liên kế Lớn,"A rowhouse is a narrow and tall house that is connected to other homes on both sides, often built in a row. Building.Rowhouse"
Building.LargeRowhouse.FlavorDescription,Phe Răng Sắt đã phát triển nên một khu phức hợp nhà ở cao tầng vô cùng hoành tráng.,Referencing 'complex' meaning a group of buildings as well as a psychological behaviour.
Building.LargeTank.DisplayName,Bồn chứa Lớn,
Building.LargeTank.FlavorDescription,"Bất chấp nỗ lực của lũ hải ly con muốn biến nó thành bể bơi, bồn chứa này được thiết kế cho mục đích công nghiệp.",
Building.LargeWarehouse.DisplayName,Kho hàng Lớn,
Building.LargeWarehouse.FlavorDescription,"Hàng hóa nhồi nhét chật nát bên trong, đến cái đuôi cũng chẳng có chỗ mà lắc.","""No room to swing a cat"" is an English idiom, feel free to adapt."
Building.LargeWaterPump.Description,Bơm và lọc lượng nước lớn cho hải ly uống. Nước bẩn ô nhiễm sẽ làm giảm tốc độ bơm.,Badwater should be the same as Good.Badwater.DisplayName. Ideally all uses of the word contaminate/contamination/contaminated should be uniform across the project.
Building.LargeWaterPump.DisplayName,Máy bơm Nước Lớn,A large variant of the normal water pump. Pump should be the same as in Building.WaterPump.DisplayName.
Building.LargeWaterPump.FlavorDescription,"""Với hồ trữ nước này, ta có thể uống thỏa thích mỗi ngày."" —""Bờ vịnh Hải ly""","""The Shores of Beaver Bay"" is a song composed by the Timberborn community."
Building.LargeWaterWheel.Description,"Bánh xe nước lớn hơn, hiệu suất cao hơn. Được đỡ chắc chắn từ bên hông.",
Building.LargeWaterWheel.DisplayName,Bánh xe Nước Lớn,A water wheel that's bigger than other versions.
Building.LargeWaterWheel.FlavorDescription,"""Ngươi sẽ cần một cái bánh xe to hơn đấy."" —Lão Kazko","Reference to a famous one-liner from ""Jaws"" (""you're gonna need a bigger boat"")"
Building.LargeWindTurbine.Description,Tạo ra nhiều năng lượng hơn tỉ lệ thuận với tốc độ gió.,
Building.LargeWindTurbine.DisplayName,Tuabin Gió Lớn,Advanced wind turbine that can rotate.
Building.LargeWindTurbine.FlavorDescription,Không có luồng gió nào tốt bằng gió xuôi đuôi.,"Tailwind being a wind blowing from behind, a pun since beavers have tails."
Building.Levee.Description,Chặn hoàn toàn dòng nước.,
Building.Levee.DisplayName,Đê ngăn,Different to a Dam
Building.Levee.FlavorDescription,"Được cân bằng, gia cố và tạo hình hoàn hảo qua nhiều thế hệ kỹ sư nước hải ly, đây không phải ""chỉ là một khối gỗ"".",
Building.Lever.Description,Gửi tín hiệu điều khiển thủ công. Bước đầu tiên tuyệt vời hướng tới tự động hóa khu định cư.,
Building.Lever.DisplayName,Cần gạt,A lever as that can be moved up or down to activate something. An alternative name would be 'Switch'.
Building.Lever.SpringReturn,Tự bật lại,"Keep short. Checkbox label - when a lever is in spring-return mode, it means that after switching on, it momentarily switches off."
Building.Lever.SwitchOff,Tắt,Button label.
Building.Lever.SwitchOn,Bật,Button label.
Building.Lido.Description,Nơi hoàn hảo để thư giãn bên bờ sông.,
Building.Lido.DisplayName,Bãi tắm,Lido as in a swimming pool. Built on a river bank and used to relax. Includes a swimming area and a small land area with a few lawn chairs.
Building.Lido.FlavorDescription,"Để ăn mừng lần bơi đầu tiên của hải ly con, dân làng tổ chức một bữa tiệc bể bơi.",Kits are young beavers.
Building.Lodge.Description,Nơi nghỉ ngơi qua đêm.,
Building.Lodge.DisplayName,Nhà gỗ,Type of housing; named after the beaver lodges
Building.Lodge.FlavorDescription,"""Ngày xưa, nhà gỗ chỉ đơn thuần là nhà gỗ. Còn bây giờ ư? Ta cũng chẳng biết nữa."" —Bà Ngonel",
Building.LumberMill.Description,Chế biến Gỗ xẻ từ Khúc gỗ.,Planks and Logs are resources so this needs to be consistent with their name
Building.LumberMill.DisplayName,Xưởng cưa,
Building.LumberMill.FlavorDescription,"Dưới sự khuyến khích của Lão Kazko, việc chế biến gỗ cơ giới hóa đã khiến nhiều hải ly lớn tuổi phải nghiến răng ken két.","Ol' Kazko is a legendary forefather of modern beavers, famous inventor, pioneer of rapid industrialization."
Building.LumberjackFlag.Description,Tuyển dụng một thợ đốn gỗ để chặt cây.,
Building.LumberjackFlag.DisplayName,Cờ Thợ đốn gỗ,Flag' could also be a Post or something similar as long as it is consistent with other Flags and different from Haulers Post
Building.LumberjackFlag.FlavorDescription,"""Ta là thợ đốn gỗ thích đời tự do, cả đêm say ngủ cả ngày làm lo!"" —Bài hát hải ly phổ biến","Adapted from Monthy Python's ""Lumberjack Song"""
Building.MechanicalFluidPump.Description,Bơm nước hoặc nước bẩn lên từ một bên và xả ra ở bên kia. Hiệu quả hơn máy bơm thông thường.,Badwater should be the same as Good.Badwater.DisplayName.
Building.MechanicalFluidPump.DisplayName,Máy bơm Chất lỏng Cơ khí,A mechanically powered water pump.
Building.MechanicalFluidPump.FlavorDescription,Dùng nước chảy tự động vẫn tốt hơn là xách xô chạy lung tung.,Running water meaning water that is moving.
Building.MedicalBed.Description,Những chú hải ly bị thương nằm ở đây để nghỉ ngơi và hồi phục., 
Building.MedicalBed.DisplayName,Giường Y tế,A place where injured beavers come to lie down and rest
Building.MedicalBed.FlavorDescription,"""Xước xát xoàng thôi mà. Tôi quay lại làm việc được chưa?"" —Pina",Monty Python reference.
Building.MediumRelic.FlavorDescription,"""Đôi khi cháu có thể thấy mấy thứ này rơi từ trên trời xuống đấy."" —Bà Ngonel","Medium Relic is a crashed satellite. Ma' Ngonel is an almost legendary figure - a beaver grandma, known for her stern hand, cooking skills and respect among both kits and adult beavers. Her name is an inside joke, as our community constantly demands an addition of catapults, mangonels etc."
Building.MediumTank.DisplayName,Bồn chứa Vừa,
Building.MediumTank.FlavorDescription,"Sau Thảm họa Đại Hạn, hải ly đã đặt ra quy tắc luôn luôn phải trữ sẵn vài chiếc bồn thế này.",The Great Drought should remain capitalized to indicate it's a name of an event.
Building.MediumWarehouse.DisplayName,Kho hàng Vừa,
Building.MediumWarehouse.FlavorDescription,Vấn đề lưu trữ hàng hóa đúng cách là yếu tố sống còn để tồn tại trước các mối hiểm họa trong thế giới hậu tận thế.,
Building.MemorialToFamily.DisplayName,Đài Tưởng niệm Gia đình,A large brazier surrounded by statues of a beaver family
Building.Memory.Description,Thay đổi và duy trì trạng thái dựa trên các chuỗi tín hiệu đầu vào xác định. Cột mốc quan trọng của tự động hóa nâng cao.,
Building.Memory.DisplayName,Bộ nhớ,A structure in game which can remember data.
Building.Memory.Mode.FlipFlop,Mạch lật,An electronic component mode which flips between zero and one in response to specific input signals. 'Flip-flop' is a popular term in electronics.
Building.Memory.Mode.FlipFlop.Description,Ghi nhận <YellowHighlight>{0}</YellowHighlight> khi <YellowHighlight>{1}</YellowHighlight> chuyển sang bật.,This describes a mode of an electronic component. {0} and {1} are input names such as A or B but styled like keywords so do not worry about articles. Notice the subtles difference with other modes between 'is on' (meaning something happens for the whole duration when a signal is On) VS 'switches on' (meaning something happens the moment a signal changes from Off to On).
Building.Memory.Mode.Latch,Mạch chốt,An electronic component mode which memorizes data in response to specific input signals. 'Latch' is a popular term in electronics.
Building.Memory.Mode.Latch.Description,Ghi nhận <YellowHighlight>{0}</YellowHighlight> trong khi <YellowHighlight>{1}</YellowHighlight> đang bật.,This describes a mode of an electronic component. {0} and {1} are input names such as A or B but styled like keywords so do not worry about articles. Notice the subtles difference with other modes between 'is on' (meaning something happens for the whole duration when a signal is On) VS 'switches on' (meaning something happens the moment a signal changes from Off to On).
Building.Memory.Mode.SetReset,Đặt-Lại,An electronic component mode which flips between zero and one in response to specific input signals. 'Set-Reset' is a popular term in electronics.
Building.Memory.Mode.SetReset.Description,Chuyển sang bật khi <YellowHighlight>{0}</YellowHighlight>., This describes a mode of an electronic component. {0} and {2} are input names such as A or B but styled like keywords so do not worry about articles.
Building.Memory.Mode.Toggle,Đảo trạng thái,An electronic component mode which flips state every time it receives a signal. 'Toggle' is a popular term in electronics.
Building.Memory.Mode.Toggle.Description,Đảo ngược trạng thái khi <YellowHighlight>{0}</YellowHighlight> chuyển sang bật.,This describes a mode of an electronic component. {0} is an input name such as A or B but styled like a keyword so do not worry about articles. Notice the subtles difference with other modes between 'is on' (meaning something happens for the whole duration when a signal is On) VS 'switches on' (meaning something happens the moment a signal changes from Off to On). 'Flips' here means that it inverts its state - from zero to one or from one to zero.
Building.MetalFence.Description,Hàng rào trang trí làm bằng kim loại.,
Building.MetalFence.DisplayName,Hàng rào Kim loại,
Building.MetalFence.FlavorDescription,Hãy cẩn trọng với chú hải ly thích kim loại hơn là gỗ.,"Reference to ""beware the dog"" often written on fences."
Building.MetalPlatform.FlavorDescription,"""Cái bàn này nhìn trong catalog tưởng nhỏ hơn cơ."" —Bà Ngonel","This platform looks like an enormours metal table, and Ma' Ngnonel is an older beaver. Please keep her name the same as in other localized flavor texts."
Building.MetalPlatform3x3.Description,Nền kim loại được đỡ bởi một trụ trung tâm vững chắc.,
Building.MetalPlatform3x3.DisplayName,Nền Kim loại 3x3,Numbers at the end denote size X by Y.
Building.MetalPlatform5x5.Description,Nền kim loại lớn được đỡ bởi một trụ trung tâm vững chắc.,
Building.MetalPlatform5x5.DisplayName,Nền Kim loại 5x5,Numbers at the end denote size X by Y.
Building.Metalsmith.Description,Chế tạo các linh kiện kim loại cơ bản từ phế liệu.,
Building.Metalsmith.DisplayName,Xưởng Rèn kim loại,
Building.Metalsmith.FlavorDescription,"""Nếu muốn bền lâu thì cứ làm bằng kim loại. Đó là một điều mà bọn 'con ngừ' đã làm rất tốt."" —Lão Kazko","Ol' Kazko is a legendary forefather of modern beavers, famous inventor, pioneer of rapid industrialization."
Building.Mine.Description,Tuyển dụng thợ mỏ để khai thác kim loại phế liệu từ Tàn tích Ngầm.,"Underground Ruins is a building, same as Building.Underground Ruins.DisplayName"
Building.Mine.DisplayName,Mỏ khai thác,An extracting facility which can be placed on underground ruins.
Building.Mine.FlavorDescription,Làm gì có chuyện đào bới quá tham lam hay quá sâu chứ.,"The mine provides an endless supply of scrap metal. Reference to 'they delved too greedily and too deep, and disturbed that from which they fled, Durin's Bane' from LOTR"
Building.MiniLodge.Description,Căn nhà gỗ nhỏ dành riêng cho một chú hải ly.,
Building.MiniLodge.DisplayName,Nhà gỗ Nhỏ,A small lodge for only one beaver
Building.MiniLodge.FlavorDescription,Ở một mình cũng tốt mà.,Referencing 'Two Beavers Are Better Than One' meme-song from 'How I Met Your Mother' TV show.
Building.Motivatorium.Description,Nhà hát cơ khí truyền giảng các giá trị cốt lõi của phe Răng Sắt.,Iron Teeth must be the same as Faction.IronTeeth.DisplayName.
Building.Motivatorium.DisplayName,Rạp Truyền Động Lực,
Building.Motivatorium.FlavorDescription,"""Ngày qua ngày, đêm nối đêm, chúng ta phấn đấu không ngừng. Thật là tuyệt đẹp."" —Lão Kazko","Ol' Kazko is a legendary forefather of modern beavers, famous inventor, pioneer of rapid industrialization."
Building.MudBath.Description,Bồn tắm bùn được sục khí bọt tự động bằng cơ khí.,
Building.MudBath.DisplayName,Bồn Tắm bùn,"A mud bath infused with bubbles, basically a jacuzzi but that word is too human."
Building.MudBath.FlavorDescription,Bọt khí này rốt cuộc là từ đâu chui ra vậy nhỉ?,Fart joke but it's easy to see it as bubbles all appear in the middle of the bath where the visitors' tails are directed.
Building.MudPit.Description,Bãi bùn thư giãn giải trí.,This building allows beavers to relax in an area similar to a spa.
Building.MudPit.DisplayName,Bãi Bùn,"This building is a pit filled with mud, not for storage but entertainment."
Building.MudPit.FlavorDescription,Đây là nơi lũ hải ly con đắp nên những đập nước nho nhỏ đầu đời.,
Building.NaturalDam.Description,Hàng rào tự nhiên ngăn nước nhưng cho phép một lượng nước tràn qua kênh xả ở phía trên. Có thể tháo dỡ.,
Building.NaturalDam.DisplayName,Đập Tự nhiên,
Building.NaturalDam.FlavorDescription,Thật khó tin khi đã từng có cái thời đơn sơ mà bùn trộn cành cây cũng đủ tạo thành một đập nước.,
Building.NaturalOverhang.Description,Vách đá nhô ra đóng vai trò như một chiếc cầu hoặc móng nền. Hoàn toàn chống nước.,
Building.NaturalOverhang.FlavorDescription,"""Nhớ chắc chắn rằng phía dưới có nước trước khi nhảy đấy nhé!"" —Suli",
Building.NaturalOverhang2x1.DisplayName,Vách đá Nhô 2x1,This structure is a solid rock overhang. Numbers at the end denote size X by Y.
Building.NaturalOverhang3x1.DisplayName,Mỏm đá tự nhiên 3x1,This structure is a solid rock overhang. Numbers at the end denote size X by Y.
Building.NaturalOverhang4x1.DisplayName,Mỏm đá tự nhiên 4x1,This structure is a solid rock overhang. Numbers at the end denote size X by Y.
Building.Numbercruncher.Description,Một cỗ máy phức tạp có khả năng thực hiện các phép tính mà không cần hải ly vận hành.,This machine is a primitive computer.
Building.Numbercruncher.DisplayName,Máy tính toán,A machine that's a primitive computer. It generates science points by performing research.
Building.Numbercruncher.FlavorDescription,"Vượt trội hơn hẳn so với mẫu ""Máy gặm chữ số"" đã giải nghệ.","Suggests that beavers - just like hoomans - create new generations of ""computers"" and retire old ones."
Building.Observatory.Description,"Bằng cách khám phá các vì sao, hải ly sẽ có thêm kiến thức về thế giới mà chúng đang sống.",A building where beavers look into the space using telescopes
Building.Observatory.DisplayName,Đài thiên văn,A building where beavers look into the space using telescopes
Building.Observatory.FlavorDescription,Bước tiến hợp lý tiếp theo sau những đêm ngắm sao bên lửa trại.,
Building.OilPress.Description,Ép lấy dầu từ các loại cây phù hợp.,Oil should be the same as in Building.OilPress.DisplayName
Building.OilPress.DisplayName,Máy ép dầu,A building that's a giant press that squeezes out oil.
Building.OilPress.FlavorDescription,"Mấy chú hải ly nhỏ tò mò dùng nó để nghiền nát đủ thứ, từ bánh quy cho đến quả thông.","The process of squishing things with hydraulic press filmed in slo-mo is oddly fascinating, and makes for popular YT videos."
Building.Overhang.Description,Một nền nhô ra có thể dùng làm cầu nối hoặc móng cho các công trình khác.,
Building.Overhang.FlavorDescription,"""Ồ, có vẻ như chúng ta đang xây một nấc thang lên mây. Điều đó làm tôi băn khoăn..."" — Pina",
Building.Overhang2x1.DisplayName,Nền nhô 2x1,An artificial overhang made out of wood and metal that allows new buildings to be put on top of it. Numbers at the end denote size X by Y.
Building.Overhang3x1.DisplayName,Nền nhô 3x1,An artificial overhang made out of wood and metal that allows new buildings to be put on top of it. Numbers at the end denote size X by Y.
Building.Overhang4x1.DisplayName,Nền nhô 4x1,An artificial overhang made out of wood and metal that allows new buildings to be put on top of it. Numbers at the end denote size X by Y.
Building.Overhang5x1.DisplayName,Nền nhô 5x1,An artificial overhang made out of wood and metal that allows new buildings to be put on top of it. Numbers at the end denote size X by Y.
Building.Overhang6x1.DisplayName,Nền nhô 6x1,An artificial overhang made out of wood and metal that allows new buildings to be put on top of it. Numbers at the end denote size X by Y.
Building.PaperMill.Description,Nhà máy sản xuất giấy cơ khí.,Paper is a name of a good.
Building.PaperMill.DisplayName,Xưởng giấy,
Building.PaperMill.FlavorDescription,Thứ ban đầu vốn là món ăn khô cho dân nhặt nhạnh nhanh chóng tìm thấy nhiều công dụng khác.,
Building.Path.Description,Các công trình phải được kết nối bằng đường đi.,
Building.Path.DisplayName,Đường đi,
Building.Path.FlavorDescription,"""Đường quê ơi, đưa tôi về nhà, về mái nhà nơi tôi thuộc về."" — Bài hát hải ly phổ biến","Adapted from ""Take Me Home, Country Roads"" by John Denver"
Building.PlankFence.Description,Hàng rào trang trí làm từ gỗ ván.,
Building.PlankFence.DisplayName,Hàng rào gỗ ván,
Building.Platform.Description,Một sàn nâng cao có thể dùng làm cầu nối hoặc móng cho các công trình khác.,
Building.Platform.DisplayName,Sàn nâng,
Building.Platform.FlavorDescription,Khả năng chịu tải ấn tượng của các sàn nâng hải ly biến chúng thành những kiệt tác kỹ thuật.,
Building.PoleBanner.Description,Một ngọn cờ cao có thể tùy chỉnh.,
Building.PoleBanner.DisplayName,Cột cờ,"Tall, hanging banner on a pole."
Building.PoleBanner.FlavorDescription,Nó được dựng lên cao để tránh lũ hải ly nhỏ phá hoại các hình vẽ.,
Building.PopulationCounter.DisplayName,Bộ đếm dân số,"An automation building which monitors various population counters such as total population, homeless, workplaces, vacancies etc."
Building.PopulationCounter.Description,"Theo dõi các chỉ số khác nhau về dân số, nhà ở và lực lượng lao động.",
Building.PopulationCounter.DistrictMode,Chế độ khu vực,Indicates that this counter should count only one district's data. District should be the same as in Building.DistrictCenter.DisplayName.
Building.PopulationCounter.GlobalMode,Chế độ toàn cục,Indicates that this counter should count global (settlement-wide) data. Should be consistent with Districts.GlobalView
Building.PopulationCounter.Mode.TotalPopulation,Tổng dân số,
Building.PopulationCounter.Mode.TotalBeavers,Tổng số hải ly,
Building.PopulationCounter.Mode.Adults,Hải ly trưởng thành,
Building.PopulationCounter.Mode.Children,Hải ly nhỏ,
Building.PopulationCounter.Mode.Bots,Robot,
Building.PopulationCounter.Mode.TotalBeds,Tổng số giường,
Building.PopulationCounter.Mode.OccupiedBeds,Giường đã có chủ,
Building.PopulationCounter.Mode.FreeBeds,Giường còn trống,
Building.PopulationCounter.Mode.Homeless,Vô gia cư,
Building.PopulationCounter.Mode.Jobs,Công việc,
Building.PopulationCounter.Mode.Employed,Có việc làm,
Building.PopulationCounter.Mode.Unemployed,Thất nghiệp,
Building.PopulationCounter.Mode.Vacancies,Vị trí trống,
Building.PopulationCounter.Mode.TotalWorkers,Tổng số lao động,
Building.PopulationCounter.Mode.HealthyWorkers,Lao động khỏe mạnh,
Building.PopulationCounter.Mode.UnhealthyWorkers,Lao động đau ốm,
Building.PopulationCounter.Mode.ContaminatedTotal,Tổng số bị nhiễm độc,
Building.PopulationCounter.Mode.ContaminatedAdults,Hải ly trưởng thành bị nhiễm độc,
Building.PopulationCounter.Mode.ContaminatedChildren,Hải ly nhỏ bị nhiễm độc,
Building.PowerMeter.Description,Theo dõi các thông số của mạng lưới năng lượng.,
Building.PowerMeter.DisplayName,Công tơ năng lượng,"A building that measures different parameters in a power (shaft) network such as supply, demand, battery charge etc."
Building.PowerMeter.Mode.BatteryChargeLevel,Mức sạc pin,A stat name - battery charge in percent. Make sure that 'Battery' is consistent with Building.GravityBattery.DisplayName.
Building.PowerMeter.Mode.Demand,Nhu cầu,A stat name - as in 'network power demand'. This should be consistent with Mechanical.* keys.
Building.PowerMeter.Mode.Supply,Cung cấp,A stat name - as in 'network power supply'. This should be consistent with Mechanical.* keys.
Building.PowerMeter.Mode.Surplus,Dư thừa,A stat name - supply minus demand.
Building.PowerShaft.Description,Truyền dẫn năng lượng.,"Power being mechanical/kinetic, not electricity. Alternative name: axle."
Building.PowerShaft.DisplayName,Trục truyền động,"Power being mechanical/kinetic, not electricity. Alternative name: axle."
Building.PowerShaft.FlavorDescription,Một phát minh vĩ đại nay còn vĩ đại hơn.,Flavor text for the Power Shaft building
Building.PowerWheel.Description,Nguồn năng lượng dự phòng do hải ly vận hành.,
Building.PowerWheel.DisplayName,Bánh xe phát điện,Meaning a wheel that produces power
Building.PowerWheel.FlavorDescription,Hải ly nhanh chóng nhận ra chúng có thể học hỏi vài kỹ thuật từ những loài gặm nhấm kém phát triển hơn.,This building looks like a hamster wheel.
Building.PrintingPress.Description,Chế biến các hàng hóa liên quan đến giấy.,Paper should be the same as Good.Paper.DisplayName
Building.PrintingPress.DisplayName,Nhà in,
Building.PrintingPress.FlavorDescription,"Thông thường, hải ly sẽ nhai luôn từng trang sách ngay sau khi đọc xong, nên văn học hay lúc nào cũng thiếu.",
Building.Refinery.Description,Sản xuất các loại nhiên liệu khác nhau cho robot.,Bots should be the same as Bot.PluralDisplayName.
Building.Refinery.DisplayName,Xưởng lọc nhiên liệu,A building where old food is processed to make biofuel
Building.Refinery.FlavorDescription,"Tái giảm, tái lọc, tái chế.","Adapted ""Reduce, reuse, recycle"" tagline."
Building.Relay.Description,Thực hiện các phép toán logic đơn giản trên tín hiệu đầu vào.,
Building.Relay.DisplayName,Rơ-le,The name of a building which can retransmit a signal or process it using boolean logic.
Building.Relay.Mode.And,AND,A binaray logic AND operation. Only translate if you really have to but most languages should be better off OK with the English naming because it's a conventional name in electronics.
Building.Relay.Mode.And.Description,<YellowHighlight>Bật</YellowHighlight> nếu cả hai đầu vào đều <YellowHighlight>Bật</YellowHighlight>.,A binary logic AND operation.
Building.Relay.Mode.Not,NOT,A binary logic NOT operation. Only translate if you really have to but most languages should be better off OK with the English naming because it's a conventional name in electronics.
Building.Relay.Mode.Not.Description,<YellowHighlight>Bật</YellowHighlight> nếu đầu vào <YellowHighlight>Tắt</YellowHighlight>.,A binary logic NOT operation.
Building.Relay.Mode.Or,OR,A binary logic OR operation. Only translate if you really have to but most languages should be better off OK with the English naming because it's a conventional name in electronics.
Building.Relay.Mode.Or.Description,<YellowHighlight>Bật</YellowHighlight> nếu có bất kỳ đầu vào nào <YellowHighlight>Bật</YellowHighlight>.,A binary logic OR operation.
Building.Relay.Mode.Passthrough,Chuyển tiếp,An operation which forwards its input unchanged to its output.
Building.Relay.Mode.Passthrough.Description,<YellowHighlight>Bật</YellowHighlight> nếu đầu vào <YellowHighlight>Bật</YellowHighlight>.,An operation which forwards its input unchanged to its output.
Building.Relay.Mode.Xor,XOR,A binary logic XOR operation. Only translate if you really have to but most languages should be better off OK with the English naming because it's a conventional name in electronics.
Building.Relay.Mode.Xor.Description,<YellowHighlight>Bật</YellowHighlight> nếu chỉ một đầu vào <YellowHighlight>Bật</YellowHighlight>.,A binary logic XOR operation.
Building.Relic.Description,Công nghệ cổ đại có thể tháo dỡ để thu về một lượng lớn điểm Khoa học.,
Building.Relic.DisplayName,Cổ vật,Remains of a human structure/device that can be demolished to obtain a certain amount of the Science resource
Building.ReservePile.DisplayName,Đống kho dự trữ,
Building.ReservePile.FlavorDescription,"""Gỗ cũ là nhất. Thời đó người ta trồng cây kiểu khác hẳn."" — Ma' Ngonel","Ma' Ngonel is an almost legendary figure - a beaver grandma, known for her stern hand, cooking skills and respect among both kits and adult beavers. Her name is an inside joke, as our community constantly demands an addition of catapults, mangonels etc."
Building.ReserveTank.DisplayName,Bồn nước dự trữ,
Building.ReserveTank.FlavorDescription,"""Đúng vậy, nó đã được niêm phong. Đúng vậy, uống vẫn ổn mà. Bạn uống trước đi."" — Pina","Pina is a younger beaver figure that's exploring the world and isn't related to any faction in particular. Pina as a name relates to the pine tree, the translated name shouldn't suggest a gender if possible."
Building.ReserveWarehouse.DisplayName,Nhà kho dự trữ,
Building.ReserveWarehouse.FlavorDescription,Món quà từ các thế hệ đi trước.,
Building.ResourceCounter.Description,Gửi tín hiệu dựa trên mức tồn kho của loại hàng hóa được chỉ định.,
Building.ResourceCounter.DisplayName,Bộ đếm tài nguyên,
Building.ResourceCounter.IncludeInputs,Bao gồm cả đầu vào,Toggle on Resource Counter building - switches between counting available or all goods
Building.ResourceCounter.MeasurementPercent,Đo lường: {0}%,"Fill rate of choosen good, please keep short."
Building.ResourceCounter.Mode.Percent,Phần trăm (%),Mode for resource counter building - percent of storage spaces filled with goods
Building.ResourceCounter.Mode.Quantity,Số lượng,Mode for Resource Counter building - quantity of goods
Building.Roof.FlavorDescription,Một mái nhà lộng lẫy hơn thường là đủ để thổi bùng cuộc thi đua thân thiện giữa hàng xóm với nhau.,
Building.Roof1x1.DisplayName,Mái nhà 1x1,Numbers at the end denote size X by Y
Building.Roof1x2.DisplayName,Mái nhà 1x2,Numbers at the end denote size X by Y
Building.Roof2x2.DisplayName,Mái nhà 2x2,Numbers at the end denote size X by Y
Building.Roof2x3.DisplayName,Mái nhà 2x3,Numbers at the end denote size X by Y
Building.Roof3x2.DisplayName,Mái nhà 3x2,Numbers at the end denote size X by Y
Building.RooftopTerrace.Description,"Thềm hóng mát trên cao, nơi hải ly có thể tụ tập trò chuyện và ngắm nhìn cảnh vật.",
Building.RooftopTerrace.DisplayName,Sân thượng Hóng mát,
Building.RooftopTerrace.FlavorDescription,"Nơi tuyệt vời để trò chuyện thấu đêm, và khung cảnh mới đẹp làm sao!",
Building.Rowhouse.Description,"Khu nhà ở chung tiện lợi, tối ưu diện tích xây dựng.","A rowhouse is a narrow and tall house that is connected to other homes on both sides, often built in a row."
Building.Rowhouse.DisplayName,Nhà liền kề,"A rowhouse is a narrow and tall house that is connected to other homes on both sides, often built in a row."
Building.Rowhouse.FlavorDescription,Ở nhà liền kề vẫn thích hơn chui rúc trong hang.,
Building.Ruins.Description,Nguồn cung cấp Phế liệu Kim loại có giới hạn.,Metal is a name of a good.
Building.Ruins.DisplayName,Tàn tích,
Building.Ruins.FlavorDescription,"Nằm rải rác khắp vùng đất, những tàn tích xập xệ của con người mang đến cho hải ly một thứ vượt ngoài tưởng tượng — một loại vật liệu ưu việt hơn cả gỗ.",
Building.Scarecrow.Description,"Món đồ trang trí đồng ruộng từng dùng để đuổi chim, nay mang lại niềm vui cho cả hải ly trẻ lẫn già.",
Building.Scarecrow.DisplayName,Bù nhìn,
Building.Scarecrow.FlavorDescription,Luôn nổi bật và tận tụy cánh đồng của mình.,
Building.ScavengerFlag.Description,Hải ly bới rác thu gom phế liệu kim loại từ Tàn tích.,Metal is a name of a good;Ruins are a building
Building.ScavengerFlag.DisplayName,Cờ Bới rác,
Building.ScavengerFlag.FlavorDescription,"Mang kim loại về cho những định cư vốn chỉ toàn gỗ, những hải ly bới rác nhận được sự kính trọng từ một số người và sự dè bỉu từ những người khác.",
Building.ScienceCounter.Description,Gửi tín hiệu dựa trên Điểm Khoa học.,Science Points must correspond to Science.SciencePoints.
Building.ScienceCounter.DisplayName,Bộ đếm Khoa học,The name of a building which counts how many Science Points the player has and sends an automation signal based on that.
Building.Scratcher.Description,Máy gãi ngứa dành cho những vị trí khó với tới.,
Building.Scratcher.DisplayName,Cột gãi ngứa,A rotating brush which beavers use to scratch their fur. For reference google videos of cow scratchers.
Building.Scratcher.FlavorDescription,"Ngay cả khi thư giãn, Răng Thép vẫn ngứa ngáy chân tay muốn quay lại làm việc.",Itching meaning having an itch as well as an idiom for wanting to do something very much. If possible try to adapt the phrase to fit your language. Iron Teeth must be the same as Faction.IronTeeth.DisplayName.
Building.Shower.Description,Làn nước sông sảng khoái giúp làm ướt và sạch bộ lông.,
Building.Shower.DisplayName,Vòi tắm,A simple shower for beavers.
Building.Shower.FlavorDescription,Giúp việc chinh phục vùng hoang mạc trở nên dễ chịu hơn.,
Building.Shrub.DisplayName,Bụi cây nhỏ,Must be different than 'Bush' which is a plant in the game
Building.Shrub.FlavorDescription,"Để giữ tính thực tế, cây cảnh trang trí vừa phải đẹp lại vừa phải ngon miệng.",
Building.Slope.DisplayName,Sườn dốc,
Building.Slope.FlavorDescription,"Dù là ai đặt nó ở đây, hải ly cũng vô cùng biết ơn.",
Building.Sluice.AboveContaminationToggle,Đóng khi độ ô nhiễm trên: {0},"Label of a toggle that enables automation based on contamination level, {0} stands for currently set level, ie 5%"
Building.Sluice.BelowContaminationToggle,Đóng khi độ ô nhiễm dưới: {0},"Label of a toggle that enables automation based on contamination level, {0} stands for currently set level, ie 5%"
Building.Sluice.Contamination,Độ ô nhiễm: {0},"Level of the water contamination, {0} stands for contamination level in percent. Ideally all uses of the word contaminate/contamination/contaminated should be uniform across the project."
Building.Sluice.Description,Cửa xả nước tự động một chiều.,
Building.Sluice.DisplayName,Cống xả tự động,Also known as a sluice gate. Different than Building.Floodgate.DisplayName.
Building.Sluice.DownstreamDepth,Mực nước hạ lưu {0},{0} stands for chosen downstream depth maintained by the building.
Building.Sluice.FlavorDescription,"""Suli, cháu lại quên xả nước bẩn rồi à?"" —Bà Ngonel",Badwater has to be consistent with Good.Badwater.DisplayName
Building.Sluice.MaximumDepthToggle,Đóng khi mực nước hạ lưu trên: {0},Label of a toggle that enables automation based on the maximum downstream depth of water
Building.Sluice.Mode.Auto,Tự động,Label of the toggle that sets the sluice to work in automatic mode
Building.Sluice.Mode.AutoClosed,Tự động: Đóng,Label for sluice working in automatic mode and is closed
Building.Sluice.Mode.AutoOpen,Tự động: Mở,Label for sluice working in automatic mode and is opened
Building.Sluice.Mode.Closed,Đóng,Label of the toggle that sets the sluice to be always closed
Building.Sluice.Mode.Open,Mở,Label of the toggle that sets the sluice to be always open
Building.Sluice.Synchronize,Đồng bộ với các cống xả liền kề,
Building.SmallIndustrialPile.DisplayName,Đống chứa công nghiệp nhỏ,
Building.SmallIndustrialPile.FlavorDescription,"""À, họ chỉ cần lợp cái mái lên trên rồi gọi đó là công nghiệp. Thật là phong cách quen thuộc."" —Pina",
Building.SmallPile.Description,Chứa các mặt hàng cồng kềnh.,
Building.SmallPile.DisplayName,Đống chứa nhỏ,
Building.SmallPile.FlavorDescription,Chẳng ai có tự trọng lại đi vứt vật liệu xây dựng bừa bãi trên mặt đất cả.,
Building.SmallRelic.FlavorDescription,"""Suli! Đừng có chĩa nó về phía mặt trời!"" —Cụ Kazko","Small Relic is a telescope. Ol' Kazko is a legendary forefather of modern beavers, famous inventor, pioneer of rapid industrialization."
Building.SmallTank.Description,Dùng để chứa chất lỏng.,
Building.SmallTank.DisplayName,Bồn chứa nhỏ,
Building.SmallTank.FlavorDescription,Học cách tiết kiệm từng giọt nước đã giúp hải ly thích nghi với môi trường khắc nghiệt.,
Building.SmallWarehouse.Description,Dùng để lưu trữ hàng hóa.,
Building.SmallWarehouse.DisplayName,Kho chứa nhỏ,
Building.SmallWarehouse.FlavorDescription,"""Vui lòng không để thuốc nổ trong gian bếp của tôi, cảm ơn nhiều."" —Bà Ngonel",
Building.Smelter.Description,Nấu chảy phế liệu kim loại thành khối kim loại.,Scrap metal should be the same as Good.ScrapMetal.DisplayName and metal blocks should be the same as Good.MetalBlock.DisplayName
Building.Smelter.DisplayName,Lò nấu kim loại,A facility that uses very high temperature to produce metal blocks from iron ore.
Building.Smelter.FlavorDescription,Thế giới mới của hải ly được rèn đúc bằng mồ hôi và mùi lông cháy xém.,
Building.Speaker.Description,Phát ra âm thanh.,Description of a building which plays sounds when it receives an automation signal.
Building.Speaker.DisplayName,Loa báo,A name of a building that plays a sound when it receives an automation signal.
Building.Speaker.PlaybackMode.Continuously,Phát liên tục,Selectable option label for speaker that plays sound continuously while activated (looped).
Building.Speaker.PlaybackMode.Once,Phát một lần,Selectiable option label for speaker that plays sound once when activated.
Building.Speaker.Sound.Alarm,Báo động,
Building.Speaker.Sound.Buzz,Tiếng vo ve,
Building.Speaker.Sound.Chime1,Chuông ngân 1,
Building.Speaker.Sound.Chime2,Chuông ngân 2,
Building.Speaker.SpatialMode.NonSpatial,Không định hướng,"Sound mode name - bBuilding sound plays equally loud everywhere, like a UI notification."
Building.Speaker.SpatialMode.Spatial,Định hướng không gian,"Sound mode name - building sound volume depends on distance from the building, it's played in a 3D world, relative to camera position."
Building.SpiralStairs.DisplayName,Cầu thang xoắn ốc,Name of a building that allows beavers to climb up and down in a spiral manner.
Building.SpiralStairs.FlavorDescription,"""Nếu bạn đi qua quá nhiều bậc, đầu bạn sẽ quay mòng mòng đấy!"" —Suli",Suli is a younger beaver that likes to play tricks on their fellow beavers and isn't related to any faction in particular. Translated name shouldn't suggest a gender if possible.
Building.SquareBanner.Description,Ngọn cờ hình vuông có thể tùy chỉnh.,
Building.SquareBanner.DisplayName,Cờ vuông,"Short, standing banner in a square bracket."
Building.SquareBanner.FlavorDescription,Hãy nghĩ về một bức tranh toàn cảnh hơn.,
Building.Stairs.DisplayName,Cầu thang,
Building.Stairs.FlavorDescription,"Với sự ra đời của cầu thang, hải ly đã vươn lên một tầm cao mới.",
Building.StartingLocation.DisplayName,Điểm khởi đầu,
Building.SteamEngine.Description,Đốt nhiên liệu để tạo ra năng lượng.,
Building.SteamEngine.DisplayName,Động cơ hơi nước,
Building.SteamEngine.FlavorDescription,"Dù vĩ đại đến đâu, phát minh này vẫn là nốt trầm trong mắt các chủng tộc hải ly khác ngoài Răng Thép.","Iron Teeth is one of the playable factions, with the Engine being one of their unique buildings."
Building.StreamGauge.Contamination,Độ ô nhiễm: {0},"Level of the water contamination, {0} stands for the value. Ideally all uses of the word contaminate/contamination/contaminated should be uniform across the project."
Building.StreamGauge.Current,Lưu tốc: {0},"Intensity of the water current, {0} stands for the value"
Building.StreamGauge.Depth,Mực nước: {0},"Level of the water depth, {0} stands for this value"
Building.StreamGauge.Description,"Dụng cụ kiểu cũ dùng để đo mực nước, dòng chảy và độ ô nhiễm.",Badwater should be the same as Good.Badwater.DisplayName.
Building.StreamGauge.DisplayName,Thước đo dòng chảy,
Building.StreamGauge.FlavorDescription,Có một con sóng trong đời hải ly. Bắt kịp khi nước dâng sẽ dẫn tới thịnh vượng.,Adapted quote from Shakespeare's 'Julius Cesar'
Building.StreamGauge.GreatestDepth,Mực nước sâu nhất: {0},"Level of the greatest noted water depth, {0} stands for this value"
Building.StreamGauge.Reset,Đặt lại,
Building.SuspensionBridge.Description,Cho phép hải ly băng qua các khoảng vực.,
Building.SuspensionBridge.FlavorDescription,Chắc chắn hơn vẻ bề ngoài của nó.,
Building.SuspensionBridge1x1.DisplayName,Cầu treo 1x1,Numbers at the end denote size X by Y
Building.SuspensionBridge2x1.DisplayName,Cầu treo 2x1,Numbers at the end denote size X by Y
Building.SuspensionBridge3x1.DisplayName,Cầu treo 3x1,Numbers at the end denote size X by Y
Building.SuspensionBridge4x1.DisplayName,Cầu treo 4x1,Numbers at the end denote size X by Y
Building.SuspensionBridge5x1.DisplayName,Cầu treo 5x1,Numbers at the end denote size X by Y
Building.SuspensionBridge6x1.DisplayName,Cầu treo 6x1,Numbers at the end denote size X by Y
Building.SwimmingPoll.FlavorDescription,"""Thành tích tốt đấy, nhưng chúng ta nên luyện thêm cú đập đuôi của bạn!"" —Pina","Backstroke is a swimming style, but beavers also have tails. Pina is a younger beaver figure that's exploring the world and isn't related to any faction in particular. Pina as a name relates to the pine tree, the translated name shouldn't suggest a gender if possible."
Building.SwimmingPool.Description,Các làn bơi phân luồng giúp rèn luyện thể lực toàn thân dưới nước mà không bị cản trở.,
Building.SwimmingPool.DisplayName,Hồ Bơi,
Building.TappersShack.Description,Thuê thợ chích mủ để thu thập nhựa và mật từ cây trồng.,
Building.TappersShack.DisplayName,Lều Chích Mủ,"A shack where workers tap trees to gather sap and syrups, similar to sugar shacks in Canada."
Building.TappersShack.FlavorDescription,Bộ tộc dạy cho hải ly con từ nhỏ rằng từng giọt chất lỏng đều quý giá — dù là nước hay nhựa cây.,
Building.TeethGrindstone.Description,Mài lại những chiếc răng bị mẻ.,Chipped teeth refers to Need.ChippedTeeth.CriticalDescription
Building.TeethGrindstone.DisplayName,Đá Mài Răng,A grindstone contraption for sharpening beaver teeth
Building.TeethGrindstone.FlavorDescription,Tất cả chỉ là một phần của guồng quay mài giũa hằng ngày.,"This building is used by beavers to clear the ""chipped teeth"" status. Chipped teeth refers to Need.ChippedTeeth.DisplayName."
Building.TerrainBlock.Description,Khối địa hình nhân tạo. Thứ tự xây dựng tuân theo các mũi tên phía trên.,Block of terrain refers to Building.TerrainBlock.DisplayName.
Building.TerrainBlock.DisplayName,Khối Địa Hình,A 1x1x1 chunk of terrain
Building.Thorns.Description,"Vật cản bất xâm nhập, đồng thời ngăn chặn tưới tiêu và ô nhiễm. Rất khó phá hủy và có thể làm bị thương những ai cố làm điều đó.",
Building.Thorns.DisplayName,Bụi Gai,
Building.Thorns.FlavorDescription,"Đây chẳng phải món quà của thiên nhiên, mà chỉ là cơn thịnh nộ của nó.",
Building.Timer.Description,Áp dụng xử lý dựa trên thời gian cho tín hiệu đầu vào.,
Building.Timer.DisplayName,Bộ Hẹn Giờ,The name of a building which sends automation signals based on time delays.
Building.Timer.IntervalType.Days,Ngày,Dropdown option that makes the Timer to work using days as time unit.
Building.Timer.IntervalType.Hours,Giờ,Dropdown option that makes the Timer to work using hours as time unit.
Building.Timer.IntervalType.Ticks,Nhịp,Dropdown option that makes the Timer to work using `clock ticks` as time unit. It should be translated the same way as in Buildings.Sequential and KeyBinding.TickOnce
Building.Timer.Mode.Accumulator,Bộ Tích Lũy,"One of the modes of the Timer, counts ticks when input is on and sets output on when a certain time is reached."
Building.Timer.Mode.Accumulator.Description,Bật nếu <YellowHighlight>{0}</YellowHighlight> bật trong tổng thời gian ít nhất <YellowHighlight>{1}</YellowHighlight>.,This describes a mode of the Timer. {0} is Automation.Input.InputA and {1} is Building.Timer.Time1 but styled like keywords so do not worry about articles. Notice the subtles difference with other modes between 'is on' (meaning something happens for the whole duration when a signal is On) VS 'switches on' (meaning something happens the moment a signal changes from Off to On).
Building.Timer.Mode.Delay,Bộ Trễ,"One of the modes of the Timer, which sends an output signal after a delay when it receives an input signal."
Building.Timer.Mode.Delay.Description,"Trễ trạng thái bật của <YellowHighlight>{0}</YellowHighlight> thêm <YellowHighlight>{1}</YellowHighlight>, tắt thêm <YellowHighlight>{2}</YellowHighlight>.","This describes a mode of the Timer. {0} is Automation.Input.InputA, {1} is Building.Timer.Time1 and {2} is Building.Timer.Time2 but styled like keywords so do not worry about articles. Notice the subtles difference with other modes between 'is on' (meaning something happens for the whole duration when a signal is On) VS 'switches on' (meaning something happens the moment a signal changes from Off to On). In other words it means: Delays On state of input A by T1 and Off state of input A by T2."
Building.Timer.Mode.Oscillator,Bộ Dao Động,"One of the modes of the Timer, which repeatedly changes its output to on and off at specified intervals."
Building.Timer.Mode.Oscillator.Description,Luân phiên giữa bật và tắt trong khi <YellowHighlight>{0}</YellowHighlight> đang bật.,This describes a mode of the Timer. {0} is Automation.Input.InputA but styled like keywords so do not worry about articles. Notice the subtles difference with other modes between 'is on' (meaning something happens for the whole duration when a signal is On) VS 'switches on' (meaning something happens the moment a signal changes from Off to On).
Building.Timer.Mode.Pulse,Bộ Xung,"One of the modes of the Timer, which sends an output signal for a certain duration when it receives an input signal."
Building.Timer.Mode.Pulse.Description,Bật trong <YellowHighlight>{1}</YellowHighlight> sau khi <YellowHighlight>{0}</YellowHighlight> chuyển sang bật.,This describes a mode of the Timer. {0} is Automation.Input.InputA and {1} is Building.Timer.Time1 but styled like keywords so do not worry about articles. Notice the subtles difference with other modes between 'is on' (meaning something happens for the whole duration when a signal is On) VS 'switches on' (meaning something happens the moment a signal changes from Off to On).
Building.Timer.Mode.Random,Ngẫu Nhiên,"One of the modes of the Timer, which randomly changes its output to on and off at specified interval."
Building.Timer.Mode.Random.Description,Ngẫu nhiên hóa trạng thái mỗi <YellowHighlight>{1}</YellowHighlight> trong khi <YellowHighlight>{0}</YellowHighlight> đang bật.,This describes a mode of the Timer. {0} is Automation.Input.InputA and {1} is Building.Timer.Time1 but styled like keywords so do not worry about articles. Notice the subtles difference with other modes between 'is on' (meaning something happens for the whole duration when a signal is On) VS 'switches on' (meaning something happens the moment a signal changes from Off to On).
Building.Timer.TimeA,T1,This must be at most two characters. Label for a time setting in Timer building in which users can enter number of hours or days. It's likely that you want to keep T1 and T2 in many languages because those are internationally used in electronics and schematics.
Building.Timer.TimeB,T2,This must be at most two characters. Label for a time setting in Timer building in which users can enter number of hours or days. It's likely that you want to keep T1 and T2 in many languages because those are internationally used in electronics and schematics.
Building.TributeToIngenuity.DisplayName,Đài Tưởng Niệm Sáng Tạo,Name of a monument
Building.TributeToIngenuity.FlavorDescription,"""Tất nhiên là nó có mục đích chứ. Nó gây ấn tượng mà."" —Cụ Kazko","Ol' Kazko is a legendary forefather of modern beavers, famous inventor, pioneer of rapid industrialization."
Building.TripleDynamite.DisplayName,Thuốc Nổ Ba,Dynamite that makes 3 blocks deep hole
Building.TripleDynamite.FlavorDescription,Khi ngay cả những biện pháp cực kỳ cực đoan cũng chưa đủ cực đoan.,References extreme measures mentioned in Building.Dynamite.FlavorDescription and Building.DoubleDynamite.FlavorDescription. It's part of a set.
Building.TripleFloodgate.DisplayName,Cửa Xả Nước Ba,
Building.TripleFloodgate.FlavorDescription,Cao hơn nữa thì áp lực nước sẽ trở nên quá lớn không thể giữ nổi.,
Building.TripleLodge.Description,Chứa được rất nhiều hải ly.,Houses thrice the amounts of beavers as normal lodge
Building.TripleLodge.DisplayName,Nhà Hải Ly Ba,
Building.TripleLodge.FlavorDescription,"""Hãy sinh sôi và nảy nở"" là châm ngôn mà phe Đuôi Xòe vô cùng coi trọng.",Go Forth and multiply is a biblical quote.
Building.TriplePlatform.DisplayName,Bệ Ba,Triple as triple the height of a normal platform
Building.TriplePlatform.FlavorDescription,Nghiêm cấm gặm các cọc chống!,
Building.Tubeway.Description,"Phương tiện di chuyển nhanh chóng, dù hơi chật chội, dành cho hải ly.",
Building.Tubeway.DisplayName,Đường Ống Di Chuyển,"Tubeways are used as a network of large pipes for faster transportation around the map. Departure and arrival  happens in Building.TubewayStation.DisplayName, so they should be named similarly."
Building.Tubeway.FlavorDescription,Hai con hải ly va đầu vào nhau được xem là nguồn cảm hứng cho vài phát minh kỳ quặc nhất của phe Răng Sắt.,Hitting your head can be a source of crazy ideas in cartoons. Iron Teeth should be the same as Faction.IronTeeth.DisplayName
Building.TubewayStation.Description,Cổng vào và ra của mạng lưới Đường Ống Di Chuyển.,
Building.TubewayStation.DisplayName,Trạm Đường Ống,"Beavers use it to enter Building.Tubeway.DisplayName, so they should be named similarly."
Building.TubewayStation.FlavorDescription,Những chú hải ly sợ không gian hẹp được khuyên nên chọn đi bộ đường thường.,"Tubeways are very tight corridors, so they wouldn't be accessible for beavers scared of such places."
Building.Tunnel.DisplayName,Đường Hầm,Tunnel is a type of building that - when built - removes a tile of terrain and creates an underground tunnel
Building.Tunnel.Description,"Đào hầm xuyên qua địa hình, thay thế nó bằng một Bệ. Sử dụng công cụ Lớp để nhìn bên dưới địa hình hoặc công trình.","Platform is a building, same as Building.Platform.DisplayName"
Building.UndergroundPile.DisplayName,Kho Chứa Ngầm,"The underground version of a pile, for reference check Building.SmallPile.DisplayName or Building.LargePile.DisplayName"
Building.UndergroundPile.FlavorDescription,Dung tích lưu trữ khổng lồ này hoàn toàn xứng đáng với công sức leo cầu thang.,
Building.UndergroundRuins.Description,Tàn tích chôn ngầm đầy phế liệu kim loại chờ khai thác.,
Building.UndergroundRuins.DisplayName,Tàn Tích Dưới Đất,Buried ruins on top of which an extracting facility - a mine - can be placed.
Building.UndergroundRuins.FlavorDescription,"Dù ""con ngừi"" từng làm gì dưới đó, chắc chắn nó đã ngốn rất nhiều kim loại.",
Building.UnstableCore.Description,Một thiết bị cũ kỹ chắc chắn sẽ phát nổ.,
Building.UnstableCore.DisplayName,Lõi Bất Ôn,An object that can be placed in map editor that explodes after a set time. Name shouldn't suggest strictly military use or radioactive effect.
Building.UnstableCore.FlavorDescription,"Đúng rồi, Suli, bùm luôn!",Suli is a younger beaver that likes to play tricks on their fellow beavers and isn't related to any faction in particular. Translated name shouldn't suggest a gender if possible.
Building.Valve.Description,Cửa xả nước một chiều với tốc độ dòng chảy có thể điều chỉnh.,
Building.Valve.DisplayName,Van Điều Tiết,A building which works like a valve which opens and closes to maintain a steady water flow rate.
Building.Valve.OutflowLimit,Giới hạn dòng chảy: {0},Label for flow limit setting in valve building
Building.Valve.OutflowUnlimited,Dòng chảy không giới hạn,Label for flow limit setting when it is set to unlimited
Building.Valve.ReactionSpeed,Tốc độ phản ứng: {0},Label for a slider which controls how fast this valve reacts to changes in throughput. {0} is 0-100%.
Building.Valve.State.Closing,Đang đóng,"Gender should be consistent with Automation.Mode. Please keep short, at most the width of 11 latin characters."
Building.Valve.State.Idle,Đứng yên,"Gender should be consistent with Automation.Mode. Please keep short, at most the width of 11 latin characters. This is the state of a valve that is not moving - not closing or opening."
Building.Valve.State.Opening,Đang mở,"Gender should be consistent with Automation.Mode. Please keep short, at most the width of 11 latin characters."
Building.Valve.Synchronize,Đồng bộ hóa với các van điều tiết liền kề,Label for a toggle which makes this throttling valve synchronize its flow rate with adjacent throttling valves.
Building.VerticalPowerShaft.Description,Truyền động năng. Kết nối hướng lên trên.,"Power being mechanical/kinetic, not electricity. Alternative name: axle."
Building.VerticalPowerShaft.DisplayName,Trục Truyền Động Thẳng Đứng,"Power being mechanical/kinetic, not electricity. Alternative name: axle."
Building.VerticalPowerShaft.FlavorDescription,Hữu ích khi nhu cầu tiêu thụ năng lượng tăng cao.,"Power being mechanical/kinetic, not electricity. Alternative name: axle."
Building.VerticalTubeway.Description,"Phương tiện di chuyển nhanh chóng, dù hơi chật chội, dành cho hải ly. Kết nối hướng lên trên.",The first sentence must be the same as Building.Tubeway.Description
Building.VerticalTubeway.DisplayName,Đường Ống Di Chuyển Thẳng Đứng,"An expanded version of the Building.Tubeway.DisplayName with a solid platform on top of it, that allows other Tubes or structures to be placed on top of it. Tubes are used as a network of large pipes for faster transportation around the map. Departure and arrival happens in Building.TubewayStation.DisplayName, so they should be named similarly."
Building.VerticalTubeway.FlavorDescription,"Lên, lên, xuống, xuống, trái, phải, trái, phải, lùi, tiến. Chà, bạn lại quay về đúng điểm xuất phát rồi.",Konami Code reference
Building.WaterPump.Description,Bơm và lọc nước cho hải ly uống. Ô nhiễm nước bẩn sẽ làm chậm tốc độ bơm.,Badwater should be the same as Good.Badwater.DisplayName. Ideally all uses of the word contaminate/contamination/contaminated should be uniform across the project.
Building.WaterPump.DisplayName,Máy Bơm Nước,
Building.WaterPump.FlavorDescription,Một ngụm nước mát lành tiếp thêm đầy sinh lực.,"""Pumped"" pun, feel free to adapt."
Building.WaterSeep.Description,Nguồn nước với áp lực có hạn.,
Building.WaterSeep.DisplayName,Mạch Nước Rỉ,"A building that allows water to seep through, creating a natural water source."
Building.WaterSeep.FlavorDescription,"Áp lực có hạn, khả năng vô hạn.",
Building.WaterSource.DisplayName,Nguồn Nước,
Building.WaterSource.FlavorDescription,"""Chúc dòng sông của bạn luôn dồi dào."" —Lời chào của hải ly",
Building.WaterWheel.Description,"Tạo ra động năng, nên đặt ở vùng nước chảy dọc theo bờ sông.",Power is not an electrical but mechanical/kinetic energy.
Building.WaterWheel.DisplayName,Bánh Xe Nước,
Building.WaterWheel.FlavorDescription,Kiệt tác để đời của cụ Kazko.,"Ol' Kazko is a legendary forefather of modern beavers, famous inventor, pioneer of rapid industrialization."
Building.WeatherStation.Description,Gửi tín hiệu dựa trên thời tiết.,
Building.WeatherStation.DisplayName,Trạm Thời Tiết,A building which checks the current weather condition (does not make forecasts).
Building.WeatherStation.EarlyActivation,Kích hoạt sớm,A label for a checkbox which makes the weather station activate a specified number of hours before the season starts
Building.WeatherStation.Header,Hoạt động khi:,"Header for weather station building settings. After this header, there are checkboxes for each weather type that can be enabled or disabled."
Building.Weathervane.Description,Một chong chóng nhỏ chỉ hướng và độ mạnh của gió.,
Building.Weathervane.DisplayName,Chong Chóng Gió,A decoration that turns towards the wind
Building.Weathervane.FlavorDescription,"""Nếu tôi đúng, thứ này có thể bay nếu được gắn vào một động cơ cùng một đôi cánh."" —Pina","Referencing the Wright brothers and their first-ever aircraft. Pina is a younger beaver figure that's exploring the world and isn't related to any faction in particular. Pina as a name relates to the pine tree, the translated name shouldn't suggest a gender if possible."
Building.Weathervane.WindStrength,Sức gió: {0}%,This tells how strong the wind is in percent between 0 and 100
Building.WindTunnel.Description,Cỗ máy có khả năng nhấc hải ly khỏi mặt đất để mang lại trải nghiệm cảm giác mạnh.,
Building.WindTunnel.DisplayName,Hầm Gió,
Building.WindTunnel.FlavorDescription,"""Tôi tin là mình có thể bay. Tôi chỉ cần tính toán được vận tốc vũ trụ thôi."" —Cụ Kazko","Ol' Kazko is a legendary forefather of modern beavers, famous inventor, pioneer of rapid industrialization."
Building.WindTurbine.Description,Tạo ra động năng tỷ lệ thuận với tốc độ gió.,
Building.WindTurbine.DisplayName,Tua-bin Gió,
Building.WindTurbine.FlavorDescription,"""Tất cả chúng ta chỉ là mùn cưa trong gió!"" —Bài hát của phe Đuôi Xòe","Reference to ""Dust in the Wind"" by Kansas."
Building.WoodFence.Description,Hàng rào trang trí làm bằng gỗ.,
Building.WoodFence.DisplayName,Hàng Rào Gỗ,
Building.WoodFence.FlavorDescription,"Nó giống như đập nước, nhưng là dành cho hải ly.",
Building.WoodWorkshop.Description,Gia cố các tấm gỗ bằng cách ngâm tẩm nhựa cây.,It produces treated / impregnated planks. The resin used is a pine resin.
Building.WoodWorkshop.DisplayName,Xưởng chế biến gỗ,It produces treated / impregnated planks. Do NOT use the same term as lumber mill.
Building.WoodWorkshop.FlavorDescription,Tại sao ván gỗ xử lý lại chắc chắn đến thế? Bởi vì nhựa cây đấy.,"'Because resins' sounds like 'Because reasons', wordplay on an older meme."
Building.ZiplineBeam.Description,Thanh đà ngang giữ dây cáp trượt giữa các trạm.,
Building.ZiplineBeam.DisplayName,Thanh cáp trượt,"A horizontal pole with an anchor point at its end that serves as a base for connecting zipline networks, which are used by beavers to travel faster around the map. Departure and arrival happens in Building.ZiplineStation.DisplayName, so they should be named similarly."
Building.ZiplineBeam.FlavorDescription,Chúng ta phải xây dựng thêm các thanh đà. —Pina,"Reference to the Starcraft warning ""We must construct additional pylons"", but a subversion of expectations since it's not on the pylon building."
Building.ZiplinePylon.Description,Tháp giữ dây cáp trượt giữa các trạm.,
Building.ZiplinePylon.DisplayName,Tháp cáp trượt,"A high pole that serves as a base for connecting zipline networks, which are used by beavers to travel faster around the map. Departure and arrival happens in Building.ZiplineStation.DisplayName, so they should be named similarly."
Building.ZiplinePylon.FlavorDescription,Đập đuôi vào nhau khi lướt qua hải ly khác là phép lịch sự tối thiểu.,Beaver version of a high five
Building.ZiplineStation.Description,Phương tiện di chuyển nhanh chóng và đầy phấn khích.,
Building.ZiplineStation.DisplayName,Trạm cáp trượt,"A station used for boarding zipline networks. They can be extended further using Building.ZiplinePylon.DisplayName, so they should be named similarly."
Building.ZiplineStation.FlavorDescription,"""Muốn trải nghiệm, đuôi của bạn phải dài chừng này."" —Biển hiệu ở lối vào","Reference to signs placed at amusement parks in front of the rides, but requiring tail length instead of height."
BuildingTools.CantUnlock,"Không thể mở khóa {0}, không đủ Điểm khoa học.",{0} stands for Building.DisplayName {1} stands for amount. Prompt when player doesn't have enough science points to unlock a building.
BuildingTools.DistrictsInConflict,Các khu vực phải được phân tách bằng Điểm giao khu vực.,A warning when a player tries to connect two districts without separating them with a District Crossing. District Crossing should be the same as Building.DistrictCrossing.DisplayName
BuildingTools.UnlockLabel,Mở khóa:,"Label of the button that unlocks the building, please keep short."
BuildingTools.UnlockPrompt,Bạn có chắc chắn muốn mở khóa {0}? Chi phí là {1} Điểm khoa học.,{0} stands for Building.DisplayName {1} stands for amount. Prompt when player presses to unlock a building.
Buildings.AboveGround,<YellowHighlight>Trên mặt đất:</YellowHighlight> Phải được đặt trên đỉnh các công trình khác.,
Buildings.BadwaterAccess,<YellowHighlight>Phụ thuộc nước độc:</YellowHighlight> Yêu cầu tiếp cận với nước độc.,
Buildings.BottomConstraint,Không thể xây dựng công trình này ở tầng đáy của bản đồ.,An alert for when someone tries to build at the lowest layer of the map.
Buildings.ContinuousTerrainConstraint,Yêu cầu địa hình liên tục xuống tới tầng đáy của bản đồ.,Warning when trying to place an object (that requires it) on a terrain with gaps
Buildings.DeletePrompt,Bạn có chắc chắn muốn phá hủy công trình đã chọn? Hành động này không thể hoàn tác.,
Buildings.EntranceBlocked,Lối vào bị tắc.,"A notification for when a building entrance is blocked, keep it short"
Buildings.GroundOnly,<YellowHighlight>Chỉ xây trên đất:</YellowHighlight> Phải được xây dựng trực tiếp trên mặt đất.,
Buildings.InfiniteDepth,vô tận.,Used as an infinite depth description in Buildings.UndergroundDepth key. Please keep the dot if it's used in other similar keys e.g. Buildings.TopConstraint
Buildings.InvalidTerrainLevel,Không thể xây dựng công trình này ở tầng đáy của bản đồ.,An alert for when someone tries to build at the lowest layer of the map.
Buildings.MissingGroundBelow,Thiếu nền đất phía dưới.,Warning shown to player when trying to place a building without ground underneath.
Buildings.PipeObstructed,Đường ống bị cản trở.,Warning that will be shown to player when Water Pump Pipe has zero lenght.
Buildings.PreviewFlooded,Công trình bị ngập nước.,Warning that will be shown to player when they try to build a building i a flooded area.
Buildings.Sequential,<YellowHighlight>Theo thứ tự:</YellowHighlight> Cập nhật một lần mỗi chu kỳ tích.,A description of a specific type of automation buildings which only update once per 'clock tick'.
Buildings.Solid,<YellowHighlight>Vững chắc:</YellowHighlight> Có thể xây dựng các công trình khác lên trên đỉnh.,Solid or Stackable — something that tells the player that you can build on top of it
BuildingSound.PlaySound,Phát âm thanh,Label for toggle to play building sound
Buildings.TopConstraint,Không thể xây dựng công trình này ở độ cao đó.,An alert for when someone tries to build forbidden buildings at the max terrain level of the map.
Buildings.UndergroundDepth,<YellowHighlight>Độ sâu dưới lòng đất:</YellowHighlight> {0}, Denotes a building that is built underground. The number tells how many blocks underground it occupies.
Buildings.UnsuitableBuildingBelow,Công trình này cần phải được xây dựng phía trên đỉnh của {0}.,{0} stands for another buildings DisplayName. This is a warning shown to the user during building placing.
Buildings.WaterAccess,<YellowHighlight>Phụ thuộc vào nước:</YellowHighlight> Yêu cầu tiếp cận với nước.,
Buildings.Wonder,<YellowHighlight>Kỳ quan:</YellowHighlight> Đỉnh cao của kỹ thuật hải ly.,Wonder is a keyword. Shown after selecting a wonder type building.
Button.Browse,Duyệt,Label of a button that opens a file explorer for a specific folder. Please keep short.
Button.Refresh,Làm mới,Label of a button that refreshes/reloads custom files from disk. Please keep short.
Camera.StateSaved,Đã lưu vị trí ống kính,"Notification on top of the window when camera state(location, rotation) is saved by player."
CancelPlantingTool.Description,Dùng công cụ này để hủy đánh dấu vùng gieo trồng.,Description of a tool that removes fields.
CancelPlantingTool.Title,Dọn dẹp vùng gieo trồng,Tool that removes fields so the beavers won't plant there.
Carrying.Carry,Đang mang: {0},"Label indicating what good the beaver is carrying. {0} will be either filled with the name of the good along with its current weight and the beaver lifting capacity (consistent with Carrying.Good), or will have Carrying.Nothing set if the beaver is not carrying anything."
Carrying.Good,{0} ({1} trên {2}),"Label used to tell player what good beaver is carrying and how much it weights in comparison to the beaver's strength. {0} stands for Good.DisplayName, {1} stands for carried good weight and {2} stands for a character lifting capacity. Used together with Carrying.Carry."
Carrying.Nothing,không có gì,When beaver is carrying nothing.
Condition.DisplayName,Thể trạng,"Bot equivalent of wellbeing (how good they are taken care of, how good their mechanical condition is)"
Console.CloseButton,Đóng,Label of the button that closes the console
Console.Collapse,▲ Thu gọn,Label of the button that collapses the console vertically. Please keep the arrow.
Console.Expand,▼ Mở rộng,Label of the button that expands the console vertically. Please keep the arrow.
Console.OpenFolderButton,Mở thư mục nhật ký,Label of the button that opens the folder with logs
ConstructionSites.DisplayName,Công trường xây dựng,
ConstructionSites.Info.WaitingForMaterials,(đang chờ nguyên liệu),Awaiting new materials to build
ConstructionSites.Priority,Ưu tiên xây dựng,
ConstructionSites.PriorityTitle,Mức độ ưu tiên xây dựng:,Setting a priority for construction work on a construction site
ConstructionSites.Progress,Tiến độ: {0}%,{0} stands for percentage of construction progress
Core.BrowseFolder,Duyệt thư mục ►,Opens file browser to either save folder or map folder. Please keep the arrow.
Core.Cancel,Hủy,A button please keep short
Core.EmptyList,Chưa có gì ở đây cả.,A text shown in a list that does not contain any elements.
Core.GoodNameAndAmount,{0} ({1}),"Used for example in building material costs, {0} stands for good name, {1} stands for amount"
Core.GoodNameAndAmountPerHour,{0} ({1} mỗi giờ),"Used for example in building good usage, {0} stands for good name, {1} stands for amount"
Core.Load,Tải,A button please keep short
Core.Loading,ĐANG TẢI,Used in loading screen during loading
Core.NameWithNumber,{1} {0},"This is extremely important to get right, if in doubt talk to the dev team. This is used in multiple places for object names followed by a number, for example 'Sensor 1', 'Machine 2' etc. {0} denotes the number (for example '1'), {1} denotes the name (for example 'Sensor'). In some languages you may wish to place the number before the name or remove the space."
Core.NavigationBack,Quay lại,Used in forms to navigate to the previous step.
Core.NavigationNext,Tiếp theo,Used in forms to navigate to the next step.
Core.No,Không,A button please keep short
Core.OK,OK,A button please keep short
Core.Overwrite,Ghi đè,A button shown in prompts with confirmation that a file will be overwritten
Core.Save,Lưu,A button please keep short
Core.SaveAs,Lưu thành...,A button please keep short
Core.Start,Bắt đầu,A button please keep short
Core.Yes,Có,
CrashScreen.CommentPlaceholder,(Tùy chọn) Lời nhắn gửi đến đội ngũ của chúng tôi,Shown in a crash screen text field where players can optionally enter a comment that will help track down the bug
CrashScreen.EmailPlaceholder,(Tùy chọn) Địa chỉ email để chúng tôi liên hệ khi cần,Shown in a crash screen text field where players can optionally enter their email
CrashScreen.HowToFindReport,Bạn có thể xem những dữ liệu nào sẽ được đính kèm trong báo cáo tại đây:,
CrashScreen.HowToFindReportShort,Bạn có thể tìm báo cáo lỗi tại đây:,
CrashScreen.Introduction,"Đã xảy ra sự cố ngoài ý muốn. Lỗi thuộc về chúng tôi, nhưng bạn có thể giúp chúng tôi khắc phục sự cố bằng cách gửi báo cáo sự cố.",
CrashScreen.ManualInstructions,"Ngoài ra, bạn có thể gửi báo cáo thủ công:",
CrashScreen.ModdedInstructions,Hướng dẫn về cách gỡ bỏ bản mở rộng (mod) có thể được tìm thấy tại đây:,
CrashScreen.ModdedIntroduction,"Có vẻ như bạn đang chạy phiên bản trò chơi đã được cài đặt mod, đây rất có thể là nguyên nhân gây ra sự cố.",
CrashScreen.PrivacyPolicyAccept,Tôi đồng ý với,Next to a checkbox and followed by CrashScreen.PrivacyPolicyLink
CrashScreen.PrivacyPolicyLink,Chính sách bảo mật,Preceded by a checkbox and CrashScreen.PrivacyPolicyToggle
CrashScreen.SendFail,"Gửi thất bại, nhấp để thử lại",
CrashScreen.SendReport,Gửi báo cáo lỗi tới đội ngũ phát triển Timberborn,
CrashScreen.SendSuccess,"Chúng tôi đã nhận được báo cáo của bạn, xin cảm ơn!",
CrashScreen.Sending,Đang gửi...,
CrashScreen.Title,Ối... gặp lỗi rồi :'(,
Decals.Flip,Lật họa tiết,Label on a button to flip (mirror) the pattern in the decal panel building
Decals.UserPatterns,Họa tiết tùy chỉnh,Header of the panel that allows managing custom user patterns (loading custom images). Please keep short.
DeletionBlocker.ObjectAtop,Có công trình nằm phía trên.,Shown when the player tries to delete a structure that has another structure on top.
DeletionBlocker.Prefix,Không thể xóa.,Tooltip prefix for the delete button when the object cannot be deleted.
DeletionBlocker.Stockpile.NotEmpty,Vẫn còn một số hàng hóa bên trong.,Warning shown to player when trying to delete a stockpile that still has some goods inside.
DeletionTool.Description.Buildings,Sử dụng công cụ này để dỡ bỏ các công trình. Một phần vật liệu xây dựng cùng toàn bộ hàng hóa lưu trữ sẽ tạo thành đống xà mần có thể thu hồi.,"Rubble should be the same as RecoveredGoodStack.DisplayName, ""Stored goods"" could be translated similar to Building.SmallWarehouse.Description"
DeletionTool.Description.Objects,Sử dụng công cụ này để xóa các đối tượng.,
DeletionTool.Description.RecoveredGoodStack,Sử dụng công cụ này để xóa đống xà mần. Hàng hóa lưu trữ trong đống xà mần sẽ bị mất.,Rubble should be the same as RecoveredGoodStack.DisplayName
DeletionTool.Prompt.Buildings,Bạn có chắc chắn muốn dỡ bỏ các công trình đã chọn? Hành động này không thể hoàn tác.,
DeletionTool.Prompt.Objects,Bạn có chắc chắn muốn phá hủy các đối tượng đã chọn? Hành động này không thể hoàn tác.,
DeletionTool.Title.Buildings,Dỡ bỏ công trình,
DeletionTool.Title.Objects,Xóa đối tượng,
DeletionTool.Title.RecoveredGoodStack,Xóa đống xà mần,Rubble should be the same as RecoveredGoodStack.DisplayName
Demolish.Blocked,Không thể dỡ bỏ do có các đối tượng ở phía trên cản trở.,Text of status message when trying to demolish an object (i.e. natural overhang) that has objects or buildings built on top of it preventing demolition.
Demolish.Cancel,Hủy dỡ bỏ,
