Key,Type,Desc,English
DefaultFont,0,,UIResources/Base/Fonts/DefaultFont
TitleFont,0,,UIResources/Base/Fonts/DefaultFonts/Almendra-Bold SDF
action_allow,0,,Allow
action_UrgentHaul,0,,Urgent Haul
action_attack,0,,Attack
action_attack_disabled,0,,Attack Disabled
action_attacking,0,,Attacking
action_banish,0,,Banish
action_cancel,0,,Cancel
action_abortgoal,0,,Cancel Action
action_chopping,0,,Chop
action_cutallvegetation,0,,Cut
action_cutting,0,,Cut
action_deconstructing,0,,Deconstruct
action_draft,0,,Draft
action_drafted,0,,Drafted
action_activate,0,,Activate
action_activateBell,0,,Activate
action_deactivateBell,0,,Deactivate
action_equipping,0,,Equip
action_forbid,0,,Forbid
action_harvesting,0,,Harvest
action_hunting,0,,Hunt
action_list,0,,Actions
action_mining,0,,Mine
action_upgradeBuilding,0,,Replace structure
uprade_building_title,0,,Replace structures
uprade_building_info,0,,"Choose what structure will be replaced. 
Some structures might not appear in the list, and some structures don't have a replace option. 
Some replacement options might not be possible if the necessary construction materials are not available."
uprade_building_selected,0,,Selected
uprade_building_possible,0,,Possible Replacements
hud_info_show_stability_vis,0,,Show stability values around cursor
ctrl_ShowhideStability,0,,Show stability values
ctrl_UpgradeBuilding,0,,Not for sale
action_copybuilding,0,,Copy
resource_name_enemy,0,,Enemy Corpse
resource_name_worker,0,,Settler Corpse
grave,0,,Here lies
window_state_open,0,,Open
window_state_closed,0,,Closed
open_window_info,0,,An open window is ideal to cool a room during a hot summer's day
closed_window_info,0,,A closed window keeps the warmth in. Best kept closed in the wintertime
torch_state_on,0,,On
torch_state_off,0,,Off
torch_on_info,0,,This flame radiates heat and light while on
torch_off_info,0,,No heat or light is emitted
lock_state_locked,0,,Locked
lock_state_unlocked,0,,Default
lock_state_always_open,0,,Keep open
locked_door_info,0,,This door is locked to everyone
unlocked_door_info,0,,"Door passable by: settlers, friendly NPCs, pets and some domesticated animals like dogs and cats.
Door blocks: enemies, aggressive NPCs and wild animals."
unlocked_barn_door_info,0,,Anyone can pass through this door.
always_open_door_info,0,,Anyone can pass through this door. It does not slow down those passing through.
forbidden_resource,0,,Forbidden
error_no_possible_path,0,,Can't find path to <object>!
error_autoforbid_message,0,,<object>: is forbidden as there is no path to it
forbidden_structure_info,0,,"This structure is <LinkAlmanac=""Tutorialforbid"">forbidden</link>. Settlers won't interact with it unless allowed. Allow this structure by clicking 'allow' or by using the allow order."
forbidden_resource_info,0,,"This resource pile is <LinkAlmanac=""Tutorialforbid"">forbidden</link>. Settlers won't interact with it unless allowed. Allow this resource by clicking 'allow' or by using the allow order."
forbidden_shelf_info,0,,"Stocking resources here is <LinkAlmanac=""Tutorialforbid"">forbidden</link>. Settlers won't leave or take resources unless allowed. Allow its use by clicking 'allow' or by using the allow order."
armor_damage,0,,Armour damage
armor_hitpoints_percentage,0,,Armour Hitpoints Percentage
armor_rating,0,,Armour rating
attack_duration,0,,Attack Duration
banish_worker_confirm,0,,Banishing this settler will have a negative impact on the rest of your settlers. Are you sure you want to proceed?
base_damage,0,,Equipped weapon damage
base_range,0,,Equipped weapon range
base_yield_peak,0,,Base yield at peak
base_yeald_ripe,0,,Base yield when ripe
base_yeald_phase,0,,Base yield in this phase
body_armor,0,,Body Armour
building_damage,0,,Building Damage
building_error_not_reachable,0,,Building can't be reached
building_error_no_resources,0,,Not enough allowed resources
building_error_no_skilled_construction_worker,0,,No settler with necessary construction skills available
building_phase_0,0,,BLUEPRINT
building_phase_1,0,,Blueprint phase
building_phase_2,0,,Building phase
cover_amount,0,,Cover amount
ranged_cover_amount,0,,Ranged Cover amount
melee_cover_amount,0,,Melee Cover amount
cover_percentage,0,,Cover Effectiveness
crop_freeze_temperature,0,,Plant death temperature
crop_grow_time,0,,Grow time
crop_grow_life_span,0,,Life span
crop_stop_temperature,0,,Growth stop temperature
crop_min_sow_temperature,0,,Minimum sow temperature
damage,0,,Damage
damage_per_second,0,,Damage Per Second
damage_per_second_ab,0,,DPS
dead,0,,Dead
dig_resource_health,0,,Hitpoints
durability,0,,Durability
effect_reason_attribute_decomposespeed,0,,Decaying because of
effect_reason_attribute_rottingspeed,0,,Rotting because of
effect_reason_ground,0,,Ground type
effect_reason_temperature,0,,Temperature
high_temperature,0,,High Temperature
effect_reason_time_decomposespeed,0,,"Pile <LinkAlmanac=""Systemdecomposition"">decomposes</link> in"
effect_reason_time_rottingspeed,0,,"Pile <LinkAlmanac=""Systemdecomposition"">rots</link> in"
effect_reason_weather,0,,Unroofed
end_position,0,,End position
free_spaces,0,,Free spaces
game_name,0,,Going Medieval
general_Celsius,0,,Celsius
general_Fahrenheit,0,,Fahrenheit
general_Kelvin,0,,Kelvin
general_accept,0,,Accept
general_attack,0,,Attack
general_autosave_frequency,0,,Autosave every (days)
general_autumn,0,,Autumn
general_xp,0,,XP
general_back,0,,Back
general_back_almanac,0,,Previous
general_next_alamanc,0,,Next
general_base_value,0,,Attribute base value
general_blocked,0,,Slot blocked
general_cancel,0,,Cancel
general_close,0,,Close
general_clothes,0,,Clothes
general_consume,0,,Consume
general_drink,0,,Drink
general_copy,0,,Copy
general_damage,0,,Base damage
general_day,0,,day
general_days,0,,days
general_deliver,0,,Deliver ammunition
general_description,0,,Desc
general_drop,0,,Drop item
general_edit,0,,Edit
general_effects,0,,Effects
general_empty,0,,Empty
general_enemy,0,,Enemy
general_equip,0,,Equip
general_finish,0,,Finish
general_headware,0,,Headware
general_info,0,,Info
general_item_slot_body,0,,Clothing item slot
general_item_slot_bodyarmor,0,,Body armour item slot
general_item_slot_head,0,,Head item slot
general_item_slot_lefthand,0,,Left hand item slot
general_item_slot_righthand,0,,Right hand item slot
general_lock_camera,0,,Jump to
general_max_temperature,0,,Maximum comfortable temperature
general_maxLevel,0,,Maximum
general_min_temperature,0,,Minimum comfortable temperature
general_next,0,,Next
general_no,0,,No
general_of,0,,of
general_ok,0,,OK
general_operate,0,,Operate
general_overcast,0,,Overcast
general_paste,0,,Paste
general_paste_all,0,,Paste All
general_paste_selected,0,,Paste Selected
general_requirements,0,,Requirements
general_reset,0,,Reset
general_skill_level_up,0,,skill is now level
general_spring,0,,Spring
general_summer,0,,Summer
general_symbol_Celsius,0,,°C
general_symbol_Fahrenheit,0,,°F
general_symbol_Kelvin,0,,°K
general_temperature,0,,Temperature
general_temperature_units,0,,Temperature units
general_to,0,,to
general_unlocks,0,,Unlocks
general_villager,0,,Settler
general_winter,0,,Winter
general_yes,0,,Yes
global_position,0,,Global position
growth_halted,0,,Growth halted
head_armor,0,,Head armour
hour_type_any_name,0,,Anything
hour_type_tooltip_convalescing,0,,Will prioritise convalescing even if the task is disabled in the jobs panel
hour_type_tooltip_sleeping,0,,Sleeping is disabled at this hour
hour_type_tooltip_work,0,,Will prioritise jobs as they are set in the jobs panel
hour_type_tooltip_role,0,,Will perform role duties before everything else
hour_type_tooltip_leisure,0,,Will prioritise leisure activities even if not deprived of them
hour_type_tooltip_anything,0,,"Will prioritise meeting own needs. Once satisfied, will do jobs."
hour_type_tooltip_sleep,0,,Will prioritise sleeping above almost anything else.
hour_type_tooltip_nosleep,0,,Will never sleep at this hour
hour_type_draft_name,0,,Drafted
hour_type_leisure_name,0,,Leisure
hour_type_psychotic_name,0,,Broken
hour_type_sleep_name,0,,Sleep
hour_type_working_name,0,,Work
hour_type_caravan_name,0,,Forming Caravan
hour_type_role_job_name,0,,Role Duties
hud_info_area,0,,Creates a stockpile where your settlers will store resources.
hud_info_hide_roof,0,,Hide roof elements in order to see inside.
hud_info_hide_room,0,,Show overlay of rooms detected.
hud_info_jobs,0,,Choose which job will each settler do.
hud_info_layer_down,0,,View one layer down.
hud_info_layer_up,0,,View one layer up.
hud_info_layer_additional,0,,"\nUse [<style=Shortcut>Ctrl</style>] + [<style=Shortcut>Mouse wheel</style>] to quickly move through layers.\nUse [<style=Shortcut>Ctrl</style>] + <sprite=""ctrl_left_click"" index=t> on any object or the ground to jump to that layer."
hud_info_camera_commands,0,,Show camera controls
hud_info_lock_camera_target_layer,0,,Lock camera target to current layer
hud_info_camera_layer_up,0,,Camera lock layer up
hud_info_camera_layer_additional,0,,\nUse [<style=Shortcut>Shift</style>] + [<style=Shortcut>Mouse wheel</style>] to change what <style=DefaultBlue>layers</style> the camera is locked to.
hud_info_camera_layer_down,0,,Camera lock layer down
menu_action_scroll_wheel_camera_layer,0,,While holding [<style=Shortcut>Shift</style>]\n Use <style=Shortcut>Mouse wheel</style> to change what <style=DefaultBlue>layers</style> the camera is locked to
camera_locked,0,,Camera target is now locked to layer <layer_number>
camera_unlocked,0,,Camera is no longer height locked
hud_info_order_allow,0,,Select piles to allow/forbid settlers from using them.
hud_lb_order_UrgentHaul,0,,Urgent Haul
hud_info_order_UrgentHaul,0,,Mark piles and items needing to be hauled urgently
hud_info_order_cancel,0,,Cancel given orders.
hud_info_order_chopping,0,,Designate trees to be chopped down.
hud_info_order_cleaning,0,,PH Description
hud_info_order_clearall,0,,"Designate all objects to be chopped, cut or mined."
hud_info_order_createcrops,0,,Create plant growing area.
hud_info_order_cutallvegetation,0,,Designate plants to be cut down.
hud_info_order_cutting,0,,Designate area of vegetation to be cut down and harvested.
hud_info_order_deconstructing,0,,Mark buildings for deconstruction.
hud_info_order_digging,0,,Mark areas of terrain to be mined.
hud_info_order_tame,0,,Mark animals for your settlers to domesticate.
hud_info_order_train,0,,Mark animals for your settlers to train as pets.
hud_info_order_slaughter,0,,Mark animals for slaughter.
hud_info_order_release,0,,Mark animals to be set free. (They will become wild animals and roam around the map.)
hud_info_order_harvesting,0,,Designate plants to be harvested.
hud_info_order_hunting,0,,Mark animals for your hunters to target.
hud_info_order_minevoxel,0,,Dig deeper into the ground.
hud_info_order_mining,0,,"Designate rock, iron and clay deposits to be mined."
hud_info_orders,0,,Order that you can give your settlers.
hud_info_pause,0,,Pause the game.
hud_info_report,0,,"Help us out by sending us bug reports, requests, or general comments. A serf may well read them."
hud_info_research,0,,Choose what to unlock with your accumulated knowledge.
hud_info_resources,0,,List of all the resources that are currently in stockpiles.
hud_info_schedule,0,,Set up settlers' daily routine.
hud_info_speed_01,0,,Game speed normal
hud_info_speed_02,0,,Game speed X2
hud_info_speed_03,0,,Game speed X5
hud_lb_Almanac,0,,Almanac
hud_lb_area,0,,Stockpile
hud_lb_jobs,0,,Jobs
hud_lb_world,0,,Region
hud_info_world,0,,View region map and neighbouring settlements.
hud_lb_view_region,0,,View Region
hud_lb_view_map,0,,View Map
hud_lb_map,0,,Map Preview
hud_lb_order_allow,0,,Allow
hud_lb_order_cancel,0,,Cancel
hud_lb_order_chopping,0,,Chop
hud_lb_order_cleaning,0,,Clean
hud_lb_order_createcrops,0,,Plant crops
hud_lb_order_cutallvegetation,0,,Cut plants
hud_lb_order_cutting,0,,Cut
hud_lb_order_deconstructing,0,,Deconstruct
hud_lb_order_digging,0,,Mine
hud_lb_order_harvesting,0,,Harvest
hud_lb_order_hunting,0,,Hunt
hud_lb_order_minevoxel,0,,Dig 
hud_lb_order_mining,0,,Mine
hud_lb_orders,0,,Orders
hud_lb_orders_all,0,,Orders
hud_lb_pile,0,,Pile
hud_lb_report,0,,Report bugs or send feedback.
hud_lb_report_title,0,,Report
report_bug_tnx_sending,0,,Thank you for your feedback! You can continue playing while the report is being sent.
hud_lb_research,0,,Research
hud_lb_resources,0,,Resource
hud_lb_schedule,0,,Schedule
ignores_armor,0,,Armour penetration
in_draft,0,,Drafted
inside,0,,Inside
low_temperature,0,,Low temperature
max_stack,0,,Max stack
max_yield_in,0,,Maximum yield in
menu_accessories,0,,Accessories
menu_allow_all,0,,Allow All
menu_allow_all_prod_info,0,,Allow all resources to be used in the production of this product
menu_allow_all_stock_info,0,,Allow all resources to be stockpiled here
menu_background,0,,Background
menu_Individual,0,,Individual
menu_background_01,0,,Background #1
menu_background_02,0,,Background #2
menu_backstory,0,,Backstory
menu_base,0,,Base
menu_leisure,0,,Leisure
menu_cancel_production,0,,Cancel production
production_no_allowed_resources,0,,No allowed resources
production_no_resources,0,,Not enough resources
menu_clear,0,,Clear
menu_clear_all,0,,Clear All
menu_clear_all_prod_info,0,,Clear the list of resources allowed for the production of this product
menu_clear_all_stock_info,0,,Clear all resources from the allowed list
menu_click_to_jump,0,,"(<sprite=""ctrl_left_click"" index=t> to jump to location)"
menu_completion,0,,Completion
menu_construction,0,,Construction
menu_cropfield_size,0,,Cropfield size
menu_decoration,0,,Misc
menu_decoration_old,0,,Decoration
menu_decrease_count,0,,Decrease Count
menu_decrease_priority,0,,Decrease priority
menu_delete,0,,Delete
menu_edit_production,0,,Edit Production
menu_equipment,0,,Equipment
menu_floor,0,,Floor
menu_furniture,0,,Furniture
menu_hunger,0,,Food
menu_increase_count,0,,Increase Count
menu_increase_priority,0,,Increase Priority
menu_misc,0,,Misc
menu_nearby_furniture,0,,Nearby furniture
menu_nutrition,0,,Nutrition
menu_pause_production,0,,Pause production
menu_perks,0,,Perks
menu_produced,0,,Resource Produced
menu_production,0,,Production
menu_production_queue,0,,Production queue
menu_products,0,,Products
menu_pseudonym,0,,Pseudonym
menu_quality,0,,Quality
menu_recipe,0,,Resource Needed
menu_roof,0,,Roof
menu_rot,0,,Fresh
menu_skills,0,,Skills
menu_stockplie_size,0,,Stockpile Size
menu_storage,0,,Storage Amount
menu_value,0,,Value
menu_defense,0,,Warfare
menu_x10,0,,"Hold down [<style=Shortcut>Control</style>] & <sprite=""ctrl_left_click"" index=t> <b>x10</b> "
menu_x100,0,,"Hold down [<style=Shortcut>Shift</style>] & <sprite=""ctrl_left_click"" index=t> <b>x100</b> "
menu_zone,0,,Zone
multiselect_panel,0,,Multiple selection
needed_skills,0,,Required skill
no_active_productions,0,,No active production
outside,0,,Outside
outsideFog,0,,Outside in the fog
outsideRain,0,,Outside in the rain
outsideSnow,0,,Outside in the snow
precision,0,,Precision
precision_weapon,0,,Equiped weapon precision
precision_falloff,0,,Precision falloff with distance
priority_down,0,,Decrease all
priority_up,0,,Increase all
production_amount,0,,Amount
production_forever,0,,Forever
production_until,0,,Until you have
production_amount_info,0,,"""Amount"" production mode will queue production of a given number of finished items."
production_forever_info,0,,"""Forever"" production mode will continuously queue production while there are sufficient raw material for that product."
production_until_info,0,,"""Until you have"" production mode will continue to create items until the desired number is reached."
production_until_info_books,0,,"""Until you have"" production mode for books will continue until the set number of unallocated books is reached. (Books already allocated to research are no longer available)"
production_idle,0,,Production idle
production_paused,0,,Production paused
production_resource_select_desc,0,,Choose what resources are allowed for this product
production_skill,0,,Cant produce: skill level not met
production_target_reached,0,,Production target number reached
production_speed,0,,Production speed
range,0,,Range
research_allocated,0,,Allocated
research_allocated_info,0,,Amount used up for unlocked researches. 
research_available,0,,Available
research_available_info,0,,The amount available for unlocking new researches. 
research_available_info_negative,0,,"The available amount is negative, this means that your knowledge books have been lost. You will need to obtain the same amount again before you start unlocking new researches."
resource_categories,0,,Resource categories
roofed,0,,Under the roof
select_crop,0,,Select Crop
select_variant,0,,Select variant
skill_needed,0,,Skill needed
skill_requirements,0,,Item skill requirements
stability_link,0,,"<LinkAlmanac=""Systemstability"">Stability</link>"
start_position,0,,Start position
storage,0,,Storage
menu_food_pouch,0,,Pouch
total_spaces,0,,Total spaces
trebuchet_has_agent,0,,Someone is operating this trebuchet
trebuchet_no_agent,0,,No one is operating this trebuchet
two_handed,0,,Two handed
used_spaces,0,,Used spaces
weapon_and_modifiers,0,,Weapon and modifiers
weather_clear,0,,Clear
weather_fog,0,,Fog
weather_rain,0,,Rain
weather_snow,0,,Snow
weather_thunderstorm,0,,Thunderstorm
weather_hailstorm,0,,Hailstorm
weather_heat_wave,0,,Heat wave
weather_cold_snap,0,,Cold snap
building_info_resources_needed,0,,Resources Needed
menu_add_new,0,,Add new
add_new_profile_info,0,,Add custom profile
delete_profile,0,,Delete profile
research_available_error,0,,Not enough books available
research_allocated_info_negative,0,,"You are missing some required books, which means that they have been lost. You will need to replace them to unlock new research items."
info_position,0,,Position
info_walk_speed,0,,Traversal speed
info_room,0,,Inside room
info_natural_slope,0,,Slope
info_stability,0,,Stability
undrafted_stance,0,,Undrafted Stance
auto_equip_weapon,0,,Manage Weapon
auto_equip_weapon_info,0,,Set autoequip weapon for each settler
auto_equip_shield,0,,Manage Shield
auto_equip_shield_info,0,,Set autoequip shield for each settler
auto_equip_headware,0,,Manage Headgear
auto_equip_headware_info,0,,Set autoequip headgear for each settler
auto_equip_apparel,0,,Manage Apparel
auto_equip_apparel_info,0,,Set autoequip clothing for each settler
auto_equip_armor,0,,Manage Armour
auto_equip_armor_info,0,,Set autoequip armour for each settler
restrict_food,0,,Manage Food
restrict_food_info,0,,Set what type of food each settler is allowed to consume
restrict_stimulants,0,,Manage Stimulants
restrict_stimulants_info,0,,Set what type of stimulants each settler is allowed to consume
profile,0,,Profile
edit_Weapons_profiles,0,,Edit Weapon Profiles
edit_Shields_profiles,0,,Edit Shield Profiles
edit_Headware_profiles,0,,Edit Headgear Profiles
edit_Armor_profiles,0,,Edit Armour Profiles
edit_Apparel_profiles,0,,Edit Apparel Profiles
edit_Food_profiles,0,,Edit Food Profiles
edit_Alcohol_profiles,0,,Edit Alcohol Profiles
manageDefaultPreset_weapon_shield_all,0,,All Weapons
manageDefaultPreset_weapon_shield_none,0,,No Weapons
manageDefaultPreset_weapon_shield_melee_onehanded,0,,Melee One-handed
manageDefaultPreset_weapon_shield_melee_twohanded,0,,Melee Two-handed
manageDefaultPreset_weapon_shield_ranged,0,,Ranged
manageDefaultPreset_weapon_shield_melee_onehanded_shield,0,,Melee One-handed + Shields
manageDefaultPreset_apparel_clothing_only,0,,Clothing Only
manageDefaultPreset_weapon_all,0,,All Weapons
manageDefaultPreset_weapon_none,0,,No Weapons
manageDefaultPreset_weapon_melee_onehanded,0,,Melee One-handed
manageDefaultPreset_weapon_melee_twohanded,0,,Melee Two-handed
manageDefaultPreset_weapon_ranged,0,,Ranged
manageDefaultPreset_shield_all,0,,All Shields
manageDefaultPreset_sheild_none,0,,No Shields
manageDefaultPreset_headware_all,0,,All Headgear
manageDefaultPreset_headware_none,0,,No Headgear
manageDefaultPreset_headware_helmet,0,,Helmet
manageDefaultPreset_headware_cap,0,,Cap
manageDefaultPreset_armor_all,0,,All Armour
manageDefaultPreset_armor_none,0,,No Armour
manageDefaultPreset_apparel_all,0,,All Apparel
manageDefaultPreset_apparel_none,0,,No Apparel
manageDefaultPreset_apparel_winter,0,,Winter
manageDefaultPreset_apparel_summer,0,,Summer
manageDefaultPreset_food_all,0,,All Food
manageDefaultPreset_food_none,0,,No Food
manageDefaultPreset_food_raw,0,,Raw
manageDefaultPreset_food_meal,0,,Meal
manageDefaultPreset_food_cannibal,0,,Cannibal
manageDefaultPreset_stimulants_all,0,,All Stimulants
manageDefaultPreset_stimulants_none,0,,No Stimulants
auto_equipped,0,,Auto-equipped
manually_equipped,0,,Force-equipped
object_size,0,,Structure Dimensions
has_stability_to_build,0,,Is connected to a stable structure
hud_info_hide_zoneGrid,0,,Show coloured grid overlay for zones.
resource_group_FoodStimulants,0,,Stimulants
action_ToggleForbid,0,,Toggle allow/forbid
action_ToggleUrgent,0,,Toggle Urgent haul
thermal_insulation,0,,Thermal insulation
thermal_emission,0,,Heat output
room_types_legend,0,,Room Types Legend
historical_records_title,0,,Historical Records
statistics_title,0,,Statistics
history_title,0,,History
PopulationCount_title,0,,Population Count
ResourceWealth_title,0,,Resources Value
BuildingWealth_title,0,,Buildings Value
TotalWealth_title,0,,Total Wealth
FoodAmount_title,0,,Food Stored
MoodAverage_title,0,,Settler Mood
PopulationCount_info,0,,Number of settlers through time
ResourceWealth_info,0,,Combined value of all resources through time
BuildingWealth_info,0,,Combined value of all buildings through time
TotalWealth_info,0,,Combined value of resources and buildings through time
FoodAmount_info,0,,Combined nutrition stockpile amount through time
MoodAverage_info,0,,Average mood through time
play_time,0,,Play time
days_from_start,0,,Days from start
lost_villagers,0,,Lost settlers
max_villagers,0,,Max settlers
raids_won,0,,Raids won
raids_lost,0,,Raids lost
enemies_killed,0,,Enemies killed
enemies_total,0,,Enemies total
villagers_died,0,,Settlers lost
buildings_destroyed,0,,Buildings destroyed
enemy_buildings_destroyed,0,,Buildings destroyed
raid_time,0,,Raid duration
most_damage_delt,0,,Greatest damage dealt by
worker_banish_event_log_type,0,,Settler Banished
worker_banish_event_log_title,0,,The Banishment of <name>
worker_banish_event_log_info,0,,<name> was banished. [He/She] was last seen going towards <origin>
worker_died_event_log_type,0,,Settler Died
worker_died_event_log_title,0,,The Death of <name> <surname>
worker_died_event_log_info,0,,<name> died aged <age>...
max_yield_time,0,,Maximum yield in
number_of_harvests,0,,Number of harvests
hud_info_show_beauty_heatmap,0,,Show aesthetic heatmap.
hud_info_hide_trees,0,,Hide tree tops.
hud_info_hide_item_indicator,0,,Show item indicators.
hud_info_resource_groups,0,,Group resources in Resource Panel.
ctrl_ShowHideTrees,0,,Trees: Show/Hide
ctrl_ShowHideItemIndicators,0,,Item Indicators: Show/Hide
ctrl_ShowHideResourceGroups,0,,Resource Groups: Show/Hide
keycode_DoubleQuote,0,,""""
keycode_LeftParen,0,,(
keycode_RightParen,0,,)
world_map_forest_bandits,0,,Forest bandits
world_map_progeny,0,,Progeny
ui_region_influence,0,,Region influence
preset_name_weapon_melee_twohanded,0,,Two-handed
info_panel_wealth,0,,Value
village_yours,0,,Your settlement
village_enemy,0,,Enemy settlement
village_friendly,0,,Friendly settlement
InfluenceAmount_title,0,,Influence
InfluenceAmount_info,0,,"As your settlement grows, so does your influence in the region.\n\nTo gain influence, you must enrich your wealth by amassing resources and constructing buildings.\nVictory in battle and repelling enemy raids increases your influence even faster.\n\nReaching 100% influence means your settlement is the most influential in the region."
hud_lb_Manage,0,,Manage
hud_info_Manage,0,,Manage what your settlers auto-equip and consume.
hud_lb_HistoricRecords,0,,Historical Records
hud_info_HistoricRecords,0,,View statistic and historical records of your settlement.
list_at_least,0,,At least
list_at_exactly,0,,Exactly
action_ExpandZone,0,,Expand Zone
action_ShrinkZone,0,,Shrink Zone
date_time_details_title,0,,Date and Time details
date_time_details_info,0,,"The year is split into four seasons that last 12 days each.\n\n<b>Spring</b>\n - Moderate temperature. Rain and fog are frequent. Small chance of hailstorms.\n\n<b>Summer</b>\n - High temperatures. Chance of heatwaves. Build underground storage to keep your food fresh during the hot summer days.\n\n<b>Autumn</b>\n - Moderate temperature. Rain and fog are frequent. Chance of thunderstorms and hailstorms.\n\n<b>Winter</b>\n - Low temperatures. High chance of snowfall and blizzards. Chance of cold snaps. Vegetation will not grow in low temperatures, so ensure that you sow and harvest as much as you can before winter starts."
general_minute_short,0,,m
general_hour_short,0,,h
general_day_short,0,,d
general_year_short,0,,y
hud_lb_takePhoto,0,,Take screenshot
hud_info_takePhoto,0,,Take screenshot and save to hard drive
hud_lb_toggleUi,0,,Toggle UI
hud_info_toggleUi,0,,Show/Hide User Interface elements on this screen
hud_lb_PhotoMode,0,,Screenshot Mode
hud_info_PhotoMode,0,,Toggle Screenshot Mode view.
photo_save_location,0,,Screenshot saved to
add_new,0,,Add new
add_conditions,0,,Add conditions
general_see_also,0,,See also
almanac_group_name_Equipment,0,,Equipment
plant_sow_time,0,,Sow time
plant_grows_on,0,,Grows on
plant_cultivable,0,,Cultivable
related_topics,0,,Related topics
healing_multiplier,0,,Wound tending multiplier
effector_on_use,0,,Modifiers when used
effector_proximity,0,,Object with a modifier effect is nearby.
effector_on_equip,0,,Modifiers when equipped
unit_suffix_meters_per_second,0,,m/s
unit_suffix_percent,0,,%
unit_suffix_per_hour,0,,/h
unit_suffix_times,0,,x
unit_suffix_per_second,0,,/s
unit_suffix_hour,0,,h
unit_suffix_second,0,,s
attribute_group_General,0,,General
attribute_group_Jobs,0,,Job related
attribute_group_Combat,0,,Combat related
expires_in,0,,Expires in
starting_conditions,0,,Starting conditions
village_name,0,,Settlement name
settlement_name,0,,Settlement name
settlement_lb,0,,Settlement
AllLayers_apply_order,0,,All layers
SingleLayer_apply_order,0,,Single layer
allbuildings_deconstruct,0,,Select all buildings
floors_deconstruct,0,,Select floors only
walls_deconstruct,0,,Select walls only
roofs_deconstruct,0,,Select roofs only
workbenchfurniture_deconstruct,0,,Select workbenches/furniture only
general_imminent,0,,Imminent
menu_modifiers,0,,Modifiers
reserved_by,0,,Reserved by
general_miss,0,,Miss
general_search,0,,Search
scenario_edit_clothes_title,0,,Default Clothes
scenario_edit_clothes_info,0,,Set of randomised clothing equipped on settlers at game start. 
general_evade,0,,Evade
report_bug_quitting,0,,"Fatal Error!
We apologize for this. Please wait while log is sent to the developers. We strongly advise you to restart the application.
If problems  persist,  please quit and start a new game. "
report_bug_connection_error,0,,"Connection error! 
We're sorry but your lovingly-crafted report could not be sent. 
Please try again, or use our Discord server to send your feedback or report a bug.  "
menu_sending,0,,Sending
menu_auto_close,0,,Auto-close in
general_unlock,0,,Unlock
scenario_edit_add_contition,0,,Add conditions
general_enter_text,0,,Enter text
general_required_fields_info,0,,Required fields
general_required_fields_symbol,0,,*
scenario_condition_Resources,0,,Resources
scenario_condition_Equipment,0,,Equipment
scenario_condition_VillagerConstraints,0,,Settler Constraints
scenario_condition_VillagerStats,0,,Settler Stats
scenario_condition_VillagerPerks,0,,Settler Perks
scenario_condition_VillagerClothes,0,,Settler Clothes
scenario_condition_Technology,0,,Research Items
villager_constraint_NumberOfVillagers,0,,Number of Settlers
villager_constraint_Age,0,,Age
villager_constraint_Height,0,,Height
villager_constraint_Weight,0,,Weight
villager_constraint_ForceGender,0,,Force Body Type
villager_constraint_ForceReligion,0,,Force Religion
villager_constraint_DefaultClothes,0,,Default Clothes
villager_constraint_OverrideStats,0,,Override Stats
villager_constraint_ForcedPerks,0,,Forced Perks
general_kg,0,,kg
general_cm,0,,cm
general_response,0,,Response
running_away,0,,Running away
edit_Stimulants_profiles,0,,Edit Stimulant Profiles
current_phase,0,,Current growth phase
general_category,0,,Category
report_category_bug,0,,Bug report
report_category_feedback,0,,Feedback
report_category_suggestion,0,,Suggestion
general_enter_message,0,,Enter message
general_enter_subject,0,,Enter subject
general_submit,0,,Submit
report_message_lenght_warning,0,,Message has to be at least 10 characters long
report_title_lenght_warning,0,,Title has to be at least 4 characters long
report_english_please,0,,"We are a small  team and currently have capacity to process only reports written in English. However, every report is valuable as we can look into your save and understand what went wrong. "
unit_suffix_meter,0,,m
general_priority,0,,Priority
report_priority_low,0,,Low
report_priority_medium,0,,Medium
report_priority_high,0,,High
general_age_short,0,,y
structure_change_state,0,,A settler assigned as a steward will change the state of this structure to
door_broken,0,,This structure is broken and its status cannot be changed until it is repaired to 80% of max HP.
general_relevant_skills,0,,Relevant Skills
general_job_type,0,,Job Type
jobs_highest_priority,0,, << Highest Priority
jobs_lowest_priority,0,,Lowest Priority >>
jobs_first_done,0,,Priority 1 is done first
jobs_last_done,0,,Priority 5 is done last
save_made_with_old_version,0,,This save was made with an older version of the game.
is_on_stockpile,0,,On stockpile:
delete_file_failed,0,,Cannot delete file {0}
general_goto_layer,0,,Go to Layer
menu_action_scroll_wheel_layer,0,,While holding [<style=Shortcut>Ctrl</style>]\n Use <style=Shortcut>Mouse wheel</style> to move rapidly through <style=DefaultBlue>layers</style>
menu_action_click_layer,0,,"<sprite=""ctrl_left_click"" index=t> on any object or the ground \n to jump to that <style=DefaultBlue>layer.</style>"
general_select_next,0,,Select next
menu_produced_in,0,,Produced in
menu_source,0,,Source
general_copy_settings,0,,Copy Settings
general_paste_settings,0,,Paste Settings
plant_dying,0,,Plant Dying
trade_buy,0,,Acquire
trade_sell,0,,Proffer
trade_message_cant_continue,0,,This transaction is unacceptable. The merchant demands more goods in return for the goods offered
trade_balance_title,0,,Bartering Balance
trade_balance_desc,0,,"If the balance is in your settlement's favour (right), then you are asking for more than you are offering. If the balance is in the merchant's favour (left), then you are giving more than you are asking for. Only transactions under the Bargain Threshold are possible. The Bargain Threshold is influenced by the bartering settler's Speechcraft skill."
trade_balance_bargain,0,,Bargain Threshold
trade_wont_buy,0,,This merchant will not trade for this resource
trade_number_settlement,0,,The number of these resources that you have available to trade
trade_number_merchant,0,,The number of this resource the merchant has available to trade
wealth_price_sell,0,,Value gained when trading this item
wealth_price_buy,0,,Value merchant gains when trading this item
base_trade_value,0,,Base value
settler_trade_bonus,0,,Settler trade bonus
trade_buying,0,,Acquiring
trade_selling,0,,Proffering
trade_total_buy,0,,The total amount of value you will gain from the merchant
trade_total_sell,0,,The total amount of value you will give to the merchant
extortion_demanding,0,,Demand
extortion_give,0,,Give
extortion_take,0,,Take
extortion_negotiator_give,0,,The total amount of value you will give to the negotiator
extortion_demand_title,0,,Demand Amount
extortion_demand_desc,0,,The amount of value the negotiator demands from you. The amount is influenced by the settler negotiating. 
extortion_wont_take,0,,This negotiator will not accept this resource
extortion_number_settlement,0,,The number of these resources that you have available to give
wealth_price_give,0,,Value when giving this item
extortion_are_you_sure,0,,Are you sure that you want to finalise this negotiation?
extortion_sell_list,0,,You are giving this:
extortion_message_cant_continue,0,,This transaction is unacceptable. The negotiator demands more goods.
extortion_animal_locked,0,,This animal is not accessible
trader_leaving,0,,<faction_name> merchant is leaving your settlement
trader_left,0,,<faction_name> merchant has left
cannot_negotiate_with_leaving_npc,0,,Cannot interact with the individual while they are leaving
caravan_workers,0,,Caravan members
caravan_contents,0,,Caravan Contents
caravan_status_travelling,0,,Travelling
caravan_status_arrived,0,,Arrived
caravan_status_returning,0,,Returning
caravan_return_home_in,0,,Caravan will start its return journey in
caravan_status,0,,Caravan Status
caravan_destination,0,,Destination
caravan_to,0,,Caravan to <village_name>
caravan_trade_gift_only_title,0,,Proffer as a gift?
caravan_gift_message,0,,"Giving the merchant more value than is received will be considered a gift, and will influence alignment favourably towards <faction_name>."
caravan_gift_giving_more,0,,Are you sure you want to continue with this transaction? The value of goods you are offering is larger than the value you are asking for.
caravan_trade_are_you_sure,0,,Are you sure that you want to finalise this barter?
caravan_trade_buy_list,0,,You will acquire this:
caravan_trade_sell_list,0,,You are proffering this:
caravan_trade_finalize_title,0,,Seal the deal
caravan_form,0,,Form Caravan
caravan_mass,0,,Load Weight
caravan_trip,0,,Trip Duration
caravan_value,0,,Value of Goods
caravan_food,0,,Food Supplies
caravan_travel_to,0,,Travel to
distance_from_village,0,,Tiles away
caravan_message_food,0,,Insufficient food to start the journey
caravan_message_mass,0,,Caravan can't move due to excess weight
trader_message_mass,0,,Merchant can't carry this much weight
negotiator_message_mass,0,,Negotiator can't carry this much weight
message_trader_is_locked,0,,"The merchant can't leave due to being locked or walled in. If you don’t let them go, your settlement's alignment with <faction_name> will decrease."
action_caravan_return,0,,Go Back
caravan_message_able,0,,"Only able, non-rebellious settlers can form a caravan"
caravan_message_settler,0,,At least one able settler must remain at the settlement
caravan_canceled,0,,Caravan cancelled
caravan_message_left,0,,A caravan has left
caravan_mesage_arived,0,,A caravan has arrived at its destination
caravan_mesage_back,0,,A caravan has returned back home
caravan_animal_already_forming,0,,This animal is already part of a different caravan
caravan_animal_stuck,0,,This animal can't be part of the caravan because it cant reach the edge of the map in order to leave.
caravan_message_one_settler,0,,At least one able-bodied settler must be selected to form a caravan
caravan_worker_already_forming,0,,This settler is already part of a different caravan
caravan_worker_stuck,0,,This settler can't join the caravan because it cannot reach the edge of the map to leave.
caravan_message_wont_barter,0,,<faction_name> will not barter with your caravan.
caravan_message_no_gifts,0,,<faction_name> will not accept any more gifts from you
caravan_cannot_send_hostile,0,,<faction_name> is permanently hostile towards your settlement. They will neither barter nor accept gifts from <village_name>. 
caravan_message_hostile,0,,<faction_name> is hostile towards your settlement. You cannot barter with them.
friendliness_change,0,,<friendliness_impact> alignment towards <faction_name> 
friendliness_stat_change,0,,<faction_name> faction is now: <faction_status>
hud_lb_factions,0,,Factions
faction_friendliness_neutral,0,,Neutral
faction_friendliness_friendly,0,,Friendly
faction_friendliness_hostile,0,,Hostile
faction_friendliness_permanently_hostile,0,,Permanently Hostile
faction_faction,0,,Factions
faction_status,0,,Status
faction_enemy_to,0,,Enemy to
faction_settlements,0,,Settlements
faction_player_friendliness,0,,Alignment
general_faction,0,,Faction
center_of_power,0,,Center of power
trader_visitor,0,,Lone Traveller
action_installbuilding,0,,Install
action_uninstallbuilding,0,,Remove
action_movebuilding,0,,Relocate
structure_info_uninstall,0,,A settler will remove this structure.
caravan_send_home_tooltip,0,,Go Back
action_back_home,0,,Go Back
action_caravan,0,,Send Caravan
caravan_send_tooltip,0,,Send Caravan
action_trade,0,,Barter
action_gift,0,,Gift
character_hair_colour,0,,Hair colour
character_hair_type,0,,Hair type
character_facial_hair_type,0,,Facial hair type
character_head_type,0,,Head type
character_skin_colour,0,,Skin colour
character_gender,0,,Body
character_hair,0,,Hair
character_facial_hair,0,,Facial hair
character_advanced_customization,0,,Advanced customization
character_reroll_group,0,,Reroll group
character_reroll,0,,Reroll character
male_hair_bald,0,,None
male_hair_fratar,0,,Hair #1
male_hair_long,0,,Hair #2
male_hair_medium,0,,Hair #3
male_hair_stripe,0,,Hair #4
male_hair_afro_A,0,,Hair #5
male_hair_afro_B,0,,Hair #6
male_hair_afro_C,0,,Hair #7
male_hair_afro_D,0,,Hair #8
hair_braids,0,,Hair #1
hair_long,0,,Hair #2
hair_short,0,,Hair #3
hair_shoulders,0,,Hair #4
hair_tail,0,,Hair #5
hair_afro_A,0,,Hair #6
hair_afro_B,0,,Hair #7
hair_afro_C,0,,Hair #8
hair_afro_D,0,,Hair #9
male_head_long,0,,Head #1
male_head_normal,0,,Head #2
male_head_round,0,,Head #3
male_head_square,0,,Head #4
male_head_wide,0,,Head #5
head_long,0,,Head #1
head_normal,0,,Head #2
head_round,0,,Head #3
head_square,0,,Head #4
head_wide,0,,Head #5
male_beard_braid,0,,Facial hair #6
male_beard_clasic,0,,Facial hair #7
male_beard_goate,0,,Facial hair #8
male_beard_long,0,,Facial hair #9
male_beard_mutton,0,,Facial hair #10
male_moustache_long,0,,Facial hair #1
male_moustache_mutton,0,,Facial hair #2
male_moustache_short,0,,Facial hair #3
male_moustache_thick,0,,Facial hair #4
male_moustache_thin,0,,Facial hair #5
general_none,0,,None
gender_male,0,,Masculine
gender_female,0,,Feminine
character_group_points,0,,Group creation points
character_group_points_info,0,,"Use creation points to customise your group. The number of points it costs to alter a skill, perk, background, passion, etc., varies."
character_point_limit,0,,"Creation points are maxed out. Reroll settlers, or use Advanced Customization to adjust them."
character_perk_conflicts,0,,Conflicts with
character_points_cost,0,,Creation point cost
character_min_skill,0,,Minimum skill level
general_goods_trader_small,0,,Pedlar
general_goods_trader_normal,0,,General goods merchant 
general_goods_trader_large,0,,General goods wholesale merchant
weapons_trader,0,,Weapons merchant
rare_goods_trader,0,,Rare goods merchant
caravan_is_already_forming,0,,There is already a caravan forming to go to this destination
caravan_cannot_send_home_tooltip,0,,There is already a caravan on its way to this destination
caravan_is_already_going,0,,There is already a caravan on its way to this destination
caravan_mesage_returning,0,,Your caravan from <settlement_name> has started its journey home
cancel_caravan_confirm,0,,This action will abort caravan formation. Proceed?
eventOptionEffect_alighment,0,,This choice may influence your alignment towards <faction_name>
global_trade_multiplier_name,0,,Other value modifers
global_trade_multiplier_info,0,,"(Value can be modified by faction type, season, status, merchant type and even the type of terrain the merchant's settlement is built on)"
caravan_mass_info,0,,The weight this caravan can transport. The caravan cannot move if it is over the weight limit.
caravan_trip_info,0,,"The duration of the caravan's journey to its destination. The same amount of time is needed on the way back. The trip duration is determined by the number of tiles traversed, the type of tiles and the season. Travel is slower during the winter. "
caravan_value_info,0,,The combined value of this caravan's contents
caravan_food_info,0,,Food value necessary for caravan members to survive the journey
caravan_food_info_animals,0,,Animals that are in the caravan will forage for their own food along the route.
caravan_message_hostile_gift,0,,"However, they will accept gifts that will influence their alignment towards your settlement."
building_error_no_skilled_botany_worker,0,,No settler with the necessary botany skills is available 
generating_workers_message,0,,Generating settlers
message_hit_trader,0,,You have hurt a non-hostile person. Strikes left before they become Hostile: <hits_count>  
menu_structure_piles,0,,Structure kits
scenario_condition_StructurePiles,0,,Structure kits
requires_conscious_worker_selected,0,,Requires conscious settler
warning_choose_settler_name,0,,Please choose settler's name
general_perk_gained,0,,<name> has gained perk
general_died_old_age,0,,<name> has passed away peacefully in [his/her] sleep.
cropfield_error_sowing_period,0,,Sowing period is different than the current date
cropfield_error_no_seeds,0,,Not enough seeds to sow this field
production_stopped_temperature,0,,Temperature condition not met
building_mesh_var_title,0,,Variations
building_mesh_var_info,0,,Change the structure's appearance. The visual change will not influence gameplay in any way.
building_mesh_var_shape,0,,Shape variation
building_mesh_var_material,0,,Material variation
building_mesh_var_rotate,0,,Rotate Shape
building_mesh_var_mirror,0,,Flip Shape
building_mesh_automatic_change,0,,Automatic shape change
building_mesh_automatic_change_info,0,,"When activated, the structure will change shape depending on adjacent structures of the same type. Making manual changes will deactivate this feature."
fuel_type,0,,Fuel
fuel_strength,0,,Fuel strength
prioritise_refuel,0,,Prioritise refueling:
cannot_refuel,0,,"Cannot refuel, not enough resources"
plant_roofed,0,,Roofed
cropfield_under_roof,0,,Roofed: <roofed_percent>
cropfield_under_roof_info,0,,All or parts of this cropfield are roofed. Plants cannot be sown beneath roofs.
general_sow_period,0,,Sowing Period
general_dont_sow,0,,Don't Sow
general_harvest_phase,0,,Harvest Phase
general_cut_phase,0,,Cutting Phase
plant_dying_blight,0,,Blight
general_lacks,0,,Lacks
notification_new_structure,0,,New Structure
notification_new_production,0,,New Production
notification_new_cropfield,0,,New Crops
xp_cap_reached,0,,Daily XP cap reached (<daily_xp>). Further XP gained is multiplied by 0.1
animal_type_wild,0,,Wild
animal_type_domestic,0,,Domestic
animal_type_DomesticNpc,0,,Domestic
animal_type_wildAggressive,0,,Wild Aggresive
animal_type_pet,0,,Pet
animal_storage_capacity,0,,Storage Amount
animal_life_phase,0,,Age
animal_info_pet,0,,Pets roam the settlement freely. They can pass through any door that a settler can. 
animal_info_domestic,0,,Domestic animals will roam around your settlement. Most domesticated animals can't go through doors or gates unless led while roped. 
animal_info_domesticnpc,0,,Domestic animals will roam around your settlement. They can't go through doors or gates unless led while roped. 
animal_info_wild,0,,Wild animals roam around the map and try to avoid your settlement. They may enter occasionally when hungry.
animal_info_wildaggressive,0,,Aggressive wild animals will attack your settlers on sight. They may also attack other animals.
map_seed,0,,Map seed
general_animals,0,,Animals
hud_info_animals,0,,Manage your domesticated and wild animals.
general_overview,0,,Overview
hud_info_overview,0,,"A useful overview of your animals, resources, and more."
animals_domestic,0,,Domestic
animals_wildlife,0,,Wildlife
assigned_to,0,,Assigned to
assigned_to_info,0,,Choose the settler you wish to assign a pet animal to. Only one pet per settler.
general_battle,0,,Battle
general_battle_info,0,,Battle-trained animals will follow the settler they are assigned to when the settler is drafted. 
action_trainAnimal,0,,Train
general_untrainable,0,,This animal can't be tamed
action_slaughterAnimal,0,,Slaughter
action_releaseAnimal,0,,Release
in_pen,0,,In Pen
general_retaliate,0,,Retaliate
tame_failed_retaliate_message,0,,Retaliate
hunt_retaliate_info,0,,The chance that the quarry fights back.
tame_retaliate_info,0,,The chance that the animal will attack the settler taming it
tameable_info,0,,The chance that the taming attempt will be sucessful (the settler attempting to tame this animal will also multiply this chance)
action_tameAnimal,0,,Tame
info_tamed,0,,Tamed
info_trained,0,,Trained
tameable,0,,Tameable
unnamed,0,,Unnamed
animal_haul_info,0,,Animals that are trained to haul piles around will randomly pick piles for hauling from time to time. 
tame_successful_message,0,,Taming attempt successful
tame_failed_message,0,,Taming attempt failed
cant_interact_sleeping_animal,0,,Can't interact with sleeping animal
training_successful_message,0,,Training attempt successful
train_failed_message,0,,Training attempt failed
general_failed,0,,Failed
general_successful,0,,Successful
tame_try_left,0,,Taming attempts remaining today 
tame_try_info,0,,Last taming attempt
train_try_left,0,,Training attempts remaining today
train_try_info,0,,Last training attempt
tame_try_maximum,0,,This animal has already had a taming attempt today
train_try_maximum,0,,This animal has already had a training attempt today
error_no_skilled_animal_worker,0,,No settler with the necessary animal handling skills is available
animal_is_domestic_message,0,,<settler> has successfully domesticated: <animal> 
animal_is_pet_message,0,,<settler> has successfully trained: <animal>
menu_aged,0,,Aged
menu_ferment,0,,Fermented
effect_reason_attribute_agingspeed,0,,Aging because of
effect_reason_time_agingspeed,0,,"Pile will become <LinkAlmanac=""Systemdecomposition"">aged</link> in"
effect_reason_attribute_fermentingspeed,0,,Fermenting because of
effect_reason_time_fermentingspeed,0,,"Pile will <LinkAlmanac=""Systemfermentation"">ferment</link> in"
pile_has_fermented,0,,<resource_name> has fermented on stockpile and turned into: <fermented_resource>
general_male,0,,m
general_female,0,,f
general_male_animal,0,,m
general_female_animal,0,,f
animal_pen_panel_title,0,,Animal Pen
animal_pen_panel_description,0,,Choose what animal type to house in this pen.
animal_pen_disabled_outside,0,,This pen marker must be in an enclosed area to work.
menu_animals,0,,Animals
menu_type,0,,Type
scenario_condition_Animals,0,,Starting Animals
is_storable_on_some_stockpile,0,,Stockpile that can store this resource exists
is_marked_for_hauling,0,,Marked for hauling
reserved_spaces,0,,Reserved Spaces
manage_panel_cant_change,0,,Default profile cannot be changed. Create a new profile using the plus button and edit the new one.
obsolete_scenario_message,0,,"Your custom scenario stored in <style=AltColor>""<preset_name>.json""</style> is obsolete and can't load."
obsolete_character_preset_message,0,,"Your preset <style=AltColor>""<preset_name>""</style> stored in <style=AltColor>""ManageGroupPresets.json""</style> is obsolete and can't load."
general_diet,0,,Diet
action_banish_failed_no_path,0,,Banishment cancelled. This settler is not able to reach the edge in order to leave.
general_true,0,,True
general_false,0,,False
is_marked_for_cutting,0,,Marked for cutting
is_marked_for_harvest,0,,Marked for harvesting
animal_type_with_name,0,,<name> the <animal>
animal_pest_control,0,,Vermin Control
animal_pest_control_info,0,,"Some animals can be trained to take care of pesky creatures, like rats, that cause damage around the settlement. "
trader_wont_sell_animal,0,,This animal cannot be sold
trade_animal_locked,0,,This animal is not accessible
select_all_tooltip,0,,Mark/Clear All
game_difficulty_Custom_title,0,,Custom
game_difficulty_Custom_info,0,,Customise your game difficulty level. Choose what types of events you would like to exclude during your run. 
predators_cant_attack,0,,Cannot be targeted by predators
animal_roped_to,0,,Roped to
menu_count,0,,Count
menu_group,0,,Group
menu_freshness,0,,Fresh
general_in_storage,0,,In Storage
owner_name,0,,Owner
menu_formerly,0,,Formerly
bed_owner_cant_change,0,,Cant change bed owner. Current owner is using it at the moment.
almanac_group_name_Produceable,0,,Producible
storage_full,0,,The storage for this structure is full
plant_sunlight,0,,Accumulated sunlight
plant_sunlight_info,0,,"The amount of sunlight the plant has accumulated. A low level may lead to stunted growth. If the acumualted sunlight reaches 0, the plant will start losing hitpoints slowly."
plant_receiving_light,0,,Sunlight amount
plant_receieving_light_info,0,,The amount of sunlight cast on this object. This takes into consideration indirect sunlight as well. Plants in 0% sunlight will grow more slowly.
plant_stunted,0,,Stunted
plant_stunted_info,0,,Stunted plants are smaller and yield fewer resources. Plants become stunted due to lack of sunlight.
plant_stunted_tree_info,0,,Trees become stunted growing in a crowded area. Having more than 2 walls or other trees adjacent to the growing tree causes stunted growth
stunted_yeald_info,0,,Stunted yield amount
sow_recomended_time,0,,Recommended sowing period
hud_info_show_temperature_heatmap,0,,Show temperature heatmap.
heatmap_legend,0,,Heatmap Legend
general_intensity,0,,Intensity
general_intensity_info,0,,"Change the intensity of this heat source. Changing to a higher intensity will increase the temperature output, but will also use more fuel."
node_snow,0,,Snow
node_wet,0,,Wet
node_grass,0,,Grass
node_sunlight,0,,Sunlight
plant_dying_low_sunlight,0,,Insufficient Sunlight
plant_dying_water_level,0,,In Water
plant_dying_not_in_water,0,,Not In Water
effector_name_BeliefNearDeathPagan,0,,At Death's door
effector_name_BeliefNearDeathChristian,0,,At Death's door
effector_name_BeliefIntoxicationChristian,0,,A boozy contemplation
effector_name_BeliefIntoxicationPagan,0,,A drunkard's dawn
effector_name_BeliefFriendDiedChristian,0,,A loved one has passed away
effector_name_BeliefFriendDiedPagan,0,,A loved one has passed away
effector_name_BeliefRaidLostChristian,0,,God willed this defeat
effector_name_BeliefRaidLostPagan,0,,The Gods allowed this defeat
effector_name_BeliefRaidWonChristian,0,,God has delivered us from our enemies
effector_name_BeliefRaidWonPagan,0,,The Gods granted us victory
effector_name_BeliefFlawlessItemChristian,0,,God's grace guided this creation
effector_name_BeliefFlawlessItemPagan,0,,The Gods inspired my hands 
effector_name_BeliefFlimsyItemChristian,0,,I failed. Has God forsaken me?
effector_name_BeliefFlimsyItemPagan,0,,The Gods must be laughing at this failure.
effector_name_BeliefNatureChristian,0,,Could this be the work of the Almighty?
effector_name_BeliefNaturePagan,0,,Is this a sign from the Gods?
not_available,0,,<style=DefaultRed>This structure cannot be used because it is in an unsuitable enviroment</style> 
temperature_out_of_range,0,,Unsuitable temperature
structure_in_water,0,,In Water
resource_tooltip_ice_room,0,,<style=DefaultOrange>Cools down the area around it. Minimum temperature achievable is <zero_temp></style>
ground,0,,Ground
decay_speed_under_water,0,,Water decay rate modifier
decay_speed_per_temperature,0,,Temperature decay rate modifier
decay_speed_per_ground,0,,Ground decay rate modifier
decay_speed_per_weather,0,,Weather decay rate modifier
ferment_speed_per_temperature,0,,Temperature fermentation rate modifier
lb_protector,0,,"While nearby, small animals will not be targeted by predators like foxes or polecats. "
protecting_from_predators,0,,Protected from predators by
stat_disabled,0,,"This stat is disabled. It's value won't change, nor will it give the settler any associated buffs or debuffs"
stat_locked,0,,This stat is locked. Its value won't change. But the associated buffs will be present.
hud_info_order_fishing,0,,Mark schools of fish for settlers to catch
hud_lb_order_fishing,0,,Fish
action_fishing,0,,Fish
water_lvl_01,0,,Shallow Water
water_lvl_02,0,,Low Water
water_lvl_03,0,,Deep Water
cropfield_error_underwater,0,,"Cannot sow here, the field is flooded"
production_stopped_underwater,0,,Production halted due to flooding
cropfield_error_not_underwater,0,,"Cannot sow here, this crop needs to grow in shallow water"
Piles_apply_order,0,,Resource
Blueprints_apply_order,0,,Blueprint phase
Foundations_apply_order,0,,Building phase
All_apply_order,0,,Apply to all
bed_temporary_owner,0,,Settler's assigned bed too far away. They are temporarily using this one instead.
general_prisoners,0,,Prisoners
general_prisoner,0,,Prisoner 
surender_screen_info,0,,"Choose assailants you want to capture as prisoners of war. Wait for a settler with the Goaler job active to escort prisoners to a cell. But hurry, they won't wait forever."
surender_screen_title,0,,Enemies have surrendered
bbt_prisoner_run,0,,<name> is making a run for it!
bbt_prisoner_gone,0,,<name> has reached the edge of the map and escaped.
bbt_prisoner_released,0,,<name> has been released
prioritise_escort,0,,Prioritise: Escort to cell
prioritise_escort_error_no_reachable_jail_cell,0,,The room designated as a prison cell cannot be reached. 
prioritise_escort_error_no_jail_cell,0,,There is no room designated as a cell. Add a prison marker and stash to any room to turn it in to a prison cell
bbt_no_cell_exists,0,,There is no room designated as a cell.
prioritise_turn,0,,Prioritise: Recruit
bbt_prisoners_cant_be_turned,0,,This prisoner can't be recruited
enemy_wont_surrender_01,0,,[He/She] would rather die than surrender.
enemy_wont_surrender_02,0,,"This one wriggles free like an eel, and cannot be captured."
enemy_wont_surrender_03,0,,[He/She] is screaming and thrashing wildly. It's easier to let them go.
enemy_wont_surrender_04,0,,[He/She] looks grievously ill. It's hard to ransom a dead prisoner.
enemy_wont_surrender_05,0,,The rest of [his/her] faction seem to shun [him/her]. A worthless hostage.
enemy_wont_surrender_06,0,,A real rabble rouser. [He/She] would love to start a riot the cells.
enemy_wont_surrender_07,0,,[He/She] smells worse than a rotting corpse. Leave them.
bbt_no_one_surrender,0,,No one surrendered after their defeat
worker_action_escroting,0,,Escorting
object_inside_prison_cell,0,,<object_name> is inside a prison cell. Settlers cannot use it. 
action_RecruitPrisoner,0,,Recruit
action_RecruitPrisoner_info,0,,A settler with the Prison Warden role will speak to the prisoner each day to try to convince them to join your settlement.
action_releasePrisoner,0,,Release
action_releasePrisoner_info,0,,Mark a prisoner to be released. A settler with the Gaoler job will take the captive to the edge of the map and free them. This may increase friendliness with the prisoner's faction.
worker_action_RecruitPrisonerGoal,0,,Recruiting
recruit_successful_message,0,,Recruiting attempt successful
recruit_failed_message,0,,Recruiting attempt failed
recruit_try_left,0,,Recruiting attempts remaining today
recruit_try_info,0,,Last recruiting attempt
recruit_try_maximum,0,,This prisoner has already been subject to a recruitment attempt today
recruit_amount,0,,Recruited
recruit_next_attempt,0,,Next attempt in 
worker_action_PrisonerSurrenderGoal,0,,Surrendered 
action_stripPrisoner,0,,Strip
action_stripCarcass,0,,Strip
action_stripPrisoner_info,0,,Mark a prisoner to be stripped of all their belongings
worker_action_StripCaptiveGoal,0,,Stripping prisoner's belongings
prioritise_strip,0,,Prioritise: Strip
worker_action_PrisonStashHaulingGoal,0,,Feeding prisoners
prioritise_prison_stash_refill,0,,Prioritise: Feed prisoners
bbt_prisoner_has_recruited,0,,<name> has decided to join your settlement and is no longer a prisoner.
job_name_gaoler,0,,Gaoler
job_info_gaoler,0,,Prisoner care and management is the Gaoler's assignment. Gaolers also strip new prisoners of belongings and manage their release.
general_captive_labourer,0,,Captive Labourer
captive_labourer_desc,0,,Captive labourers move about freely performing tasks assigned in the overview panel. Keep their spirits up to minimise escape attempts — although their shackles mean they won't get far.
captive_labourer_work_info,0,,Captive labourers will only do work if the Settler with the Prison Warden role is present to manage them.
captive_labourer_number,0,,The number of captive labourers your Warden can oversee. Promote your warden to the next level to increase this number.
action_shacklesOnPrisoner,0,,Place Shackles
action_shacklesonprisonertoggled,0,,Place Shackles
action_shacklesOnPrisoner_info,0,,Mark a prisoner to be shackled to use them as captive labourers or have them join a caravan 
worker_action_ShacklePrisonerGoal,0,,Placing Shackles
prioritise_shackle,0,,Prioritise: Shackle
no_item_available,0,,Does not have access to item: <item_name>
action_shacklesOffPrisoner,0,,Remove Shackles
action_shacklesoffprisonertoggled,0,,Remove Shackles
worker_action_off_shackling,0,,Removing Shackles
hud_lb_order_off_shackless,0,,Prioritise: Remove Shackle
cant_make_captive_labourer_shackles,0,,Only prisoners wearing shackles can become captive labourers.
cant_make_recruit_captive_labourer,0,,Captive labourers can't be recruited. Turn them back to prisoners in order to mark them for recruitment 
cant_make_captive_labourer_warden_level,0,,The number of captive labourers the warden oversees is at maximum.
cant_make_captive_labourer_warden_missing,0,,"No Prison Warden assigned in your settlement. To make use of captive labourers, assign the Prison Warden role to one of your settlers."
cant_add_prisoner_caravan,0,,Only prisoners with shackles can be added to caravans 
caravan_prisoner_already_forming,0,,This prisoner is already part of a different caravan
caravan_prisoner_stuck,0,,This prisoner can't join the caravan because it cannot reach the edge of the map to leave.
worker_action_prisoneridlegoal,0,,Shirking duties
general_visitor,0,,Visitor
general_add,0,,Add
general_add_perk,0,,Add
event_cooldown_visitor_participant,0,,Adding visitor participants and roles will alleviate the negative effect of the event cooldown
re_roll_settlers_prompt,0,,This action will replace all current settlers with new randomized instances. Do you want to proceed? 
re_roll_settler_prompt,0,,This action will replace the selected settler with a new randomized instance. Do you want to proceed? 
popup_worker_combat_mode_changed_DraftedHoldGround,0,,Hold Ground
popup_worker_combat_mode_changed_DraftedDefault,0,,Default
worker_stance_DraftedDefault_title,0,,Default
worker_stance_DraftedHoldGround_title,0,,Hold Ground
popup_worker_combat_mode_changed_Aggressive,0,,Aggressive
popup_worker_combat_mode_changed_Flee,0,,Flee
popup_worker_combat_mode_changed_Neutral,0,,Neutral
animal_cant_attend_event_prompt,0,,<animal_name> can't attend the <event_name> and this might have a negative influence to its outcome. Do you wish to cancel the event to avoid this penalty? 
cannot_trade_prisoner_wrong_faction,0,,Merchant won't barter for prisoners of a different faction
cannot_trade_priosner_wount_offer,0,,Not for sale
node_fire,0,,Flame
info_can_ignite_projectiles,0,,<style=DefaultOrange>Archers near this structure can use flaming projectiles </style>
equipment_flammability,0,,Flammability
equipment_fire_damage_multiplier,0,,Fire intensification
building_heat_damage_threshold,0,,Heat threshold
building_heat_damage,0,,Heat damage per second 
building_temperature,0,,Average temperature of structure
structure_info_well,0,,Well structures only operate if the wellshaft can reach water on any level beneath it.
error_siege_weapon_target_too_close,0,,The target is too close
error_siege_weapon_target_too_far,0,,the target is out of range
info_need_operate,0,,A settler needs to operate this siege engine for it to work. Select your settler and right-click to use the action menu.
no_ammo_loaded,0,,Load ammunition to use this siege engine
no_piles_allowed,0,,There are no allowed piles of ammunition available
action_SiegeWeaponAttackContinuously,0,,Attack Continuously
action_SiegeWeaponAttack,0,,Attack
action_exittrebuchet,0,,Exit Siege Engine
battle_balance,0,,Battle Balance
settlers_lost,0,,Settlers wounded in action
buildings_lost,0,,Buildings destroyed
local_folder_not_accessible_warning,0,,"Going Medieval is unable to access your 'Documents folder. Please allow the app through Controlled Folder Access. 'Virus & threat protection > Ransomware protection > 'Allow an app through controlled folder access'. If the problem persists, contact support@foxyvoxel.io. \n\n Do you want to open settings?"
general_job,0,,Job
hud_lb_leave_map,0,,Leave
hud_lb_leave_map_desc,0,,Muster your caravan and leave location 
caravan_leave_map,0,,Leave location
general_loot_stash,0,,Loot stash
merchant_event_dialogue_default,0,,"I have wares to trade, if you are interested..."
merchant_event_dialogue_barter,0,,Let's see what you've got
merchant_event_dialogue_leave,0,,Leave
merchant_event_dialogue_question_01,0,,Any trouble on your travels?
merchant_event_dialogue_bndit_camp,0,,I heard about a bandit camp near <village_name>. I'd steer clear of it. Someone should do something about them.
loot_stash_value,0,,Estimated stash value:
loot_stash_weight,0,,Estimated stash weight:
point_of_interest_explored,0,,Already explored
point_of_interest_explored_info,0,,Send a caravan to this location to retrieve items left behind
point_of_interest_disabled_settlement_info,0,,"They know you are coming, and are prepared. You cannot send a caravan to this location in the next: <time>"
point_of_interest_disabled_camp_info,0,,"They know you are coming, and are prepared. It is best not to send any settlers to this location, which most likely is abandoned."
point_of_interest_disabled_settlement_info_02,0,,Nothing remains but rubble. It will be a while before this settlement is habitable again.
point_of_interest_stash,0,,Send a caravan to explore this loot stash
point_of_interest_bandit_camp,0,,Send a caravan to attack this bandit camp
point_of_interest_bandit_camp_02,0,,Destroying this bandit camp will improve relations with <faction_name>
point_of_interest_content,0,,Content: 
beggar_asking,0,,Request
beggar_give,0,,The total amount of value you will give to the beggar
beggar_ask_title,0,,Request
beggar_ask_desc,0,,The amount of value the beggar is asking for. This is influenced by the settler negotiating. 
beggar_wont_take,0,,This beggar won't accept this resource
beggar_are_you_sure,0,,Are you sure that you want to finalise this transaction?
beggar_message_cant_continue,0,,The beggar is asking for more
leave_prompt_info,0,,Are you sure you want to leave this location?
leave_prompt_combat,0,,Leaving mid-combat will result in you losing <resources_lost>
event_bandit_camp_discovered,0,,Bandit Camp
event_bandit_camp_discovered_text,0,,The location of a bandit camp has been marked on your regional map
enter_map_tooltip,0,,Enter location
take_resources_tooltip,0,,Take resources
loot_place_tooltip,0,,Loot
loot_place_empty_tooltip,0,,No loot remains
general_talk_with,0,,Talk to: <npc_name>
cant_take_items_hostiles_on_map,0,,This cannot be acquired while hostile enemies are present 
all_enemies_killed,0,,The area has been cleared of threats 
caravan_status_beingambushed,0,,Ambushed
caravan_ambush_auto_surrender_in,0,,Caravan will surrender in
ambush_negotiate_tooltip,0,,Negotiate
ambush_fight_tooltip,0,,Fight
ambush_escape_tooltip,0,,Flee
general_bandit_camp,0,,Bandit Camp
general_ambush,0,,Ambush
ambush_chance,0,,Ambush Chance
ambush_chance_info,0,,"The chance this caravan is ambushed depends on: \nSize of the caravan (larger groups attract more attention) \nCaravan wealth (bandits are more likely to attack if there are rich pickings) \nJourney length (the longer the trip, the greater the chance of an incident)"
scenario_details,0,,Scenario Details
faction_alignment_overrides,0,,Faction alignment range overrides
starting_event,0,,Starting event
starting_event_schedule,0,,Starting event schedule
starting_hour,0,,Starting hour
scenario_condition_MapTypes,0,,Allowed Map Types
schedule_default_1_title,0,,Easy
schedule_default_2_title,0,,Normal
sign_message,0,,Sign message
filter_all_items,0,,All Resources
filter_animals,0,,Animals
filter_prisoners,0,,Prisoners
workshop_version_not_set,0,,Works with beta branches: Not set by mod creator
workshop_version_max_older,0,,Works with beta branches: {max} and older
workshop_version_min_newer,0,,Works with beta branches: {min} and newer
workshop_version_single,0,,Works with beta branch: {min}
workshop_version_range,0,,Works with beta branches: {min} to {max}
tutorial_start_warning_description,0,,You are about to start the Tutorial. Do you want to proceed?
build_area_overlap_warning,0,,Building's forbidden area is overlapping with {0}!
oak_brethren_decorations,0,,Oak Brethren Decorations
any_chest,0,,Chest
research_books,0,,Research Books
villager_constraint_age_range,0,,Age range
villager_constraint_height_range,0,,Height range
villager_constraint_weight_range,0,,Weight range
resource_pile_name_count_pattern,0,,{1} {0} Pile
general_minute_short_duration,0,,m
general_hour_short_duration,0,,h
general_day_short_duration,0,,d
general_year_short_duration,0,,y
prisoner_has_no_clothes,0,,Prisoner has no clothes
game_files_not_accessible_warning,0,,"Going Medieval could not access some game files. This is usually caused by antivirus or security software blocking file reads (e.g. Windows Defender Controlled Folder Access).\n\nPlease add Going Medieval to your antivirus or security software exceptions and restart the game. If the problem persists, contact support@foxyvoxel.io."
room_planning,0,,Room planning
select_room_type,0,,Select room type
used_for_constructing,0,,Used for constructing
used_in_production_stations,0,,Used in Production stations
menu_action_alt_select_active,0,,"While holding [<style=Shortcut>Alt</style>] use <sprite=""ctrl_left_click"" index=t> on any item to get more details from the almanac"
alt_select_tooltip_hint,0,,"Hold [<style=Shortcut>Alt</style>] and <sprite=""ctrl_left_click"" index=t> to get more details from the almanac"
almanac_found_in,0,,Found in
building_locked_info,0,,{0} is not available to construct. Unlock it in the Research menu.
building_no_material_info,0,,{0} is not available to construct: Lacking required materials. 
upcooked_success_bbt,0,,{0} wanted to make {1} but ended up cooking {2} instead
menu_action_toggle_plan_mode,0,,[<style=Shortcut><input:TogglePlanMode></style>] to toggle plan mode
ctrl_TogglePlanMode,0,,Toggle Plan Mode
bbt_plan_mode_on,0,,Plan mode is ON
bbt_plan_mode_off,0,,Plan mode is OFF
ui_plan_mode_checkbox,0,,Plan Mode
ui_plan_mode_checkbox_tooltip,0,,"When enabled, blueprints are marked as forbidden. This allows you to place blueprints without settlers starting construction. "
ctrl_ShowHideForbiddenBlueprints,0,,Show/Hide forbidden blueprints
hud_info_show_hide_forbidden_blueprints,0,,Show/Hide forbidden blueprints
animal_sleep_preference,0,,Sleep Preference
animal_sleep_preference_info,0,,"Set where this animal is allowed to sleep
Inside - animal will sleep in any room with a roof overhead, but not in any settler quarters or shared quarters.
Outside - animal will choose a sleeping spot outside. If no outdoor spot is available, it will sleep in a random location (preferring roofed areas).
In Quarters - a pet will sleep in its owner's room, either on a sleeping spot or on the floor. If the pet has no owner, then it will sleep in any settler sleeping quarters."
animal_idle_in_rooms_allowed,0,,Idle inside
animal_idle_in_rooms_allowed_info,0,,"If 'off,' then the animal will prefer to idle outside. "
animal_sleep_Inside,0,,Inside
animal_sleep_Outside,0,,Outside
animal_sleep_Anywhere,0,,Anywhere
animal_sleep_InQuarters,0,,In Quarters
worker_taken_on_defeat,0,,<name> was taken by <faction_name>
qol_update_name_01,0,,Summer Update
qol_update_name_02,0,,Quality of Life Update
qol_update_name_03,0,,Quality of Life
general_diplomacy,0,,Diplomacy
global_stat_increased,0,,has increased 
global_stat_decreased,0,,has decreased
global_stat_religious_influence_name,0,,Church of Restitution Renown
global_stat_pagan_influence_name,0,,Oak Brethren Renown
global_stat_military_influence_name,0,,Military Renown
global_stat_trade_influence_name,0,,Mercantile Renown
global_stat_cultural_influence_name,0,,Intellectual Renown
global_stat_infamy_name,0,,Infamy
global_stat_religious_influence_tooltip,0,,"Holding Eucharist events and having a top level Chaplain will help you spread your religious renown throughout the region. 
Reaching 100% Church of Restitution Renown will give you the option to construct a Cathedral, cementing your regional eminence."
global_stat_pagan_influence_tooltip,0,,"Holding Ritual events and having a top level Druid will help you spread your Oak Brethren renown in the region. 
Reaching 100% Oak Brethren renown will give you the option to grow a Mighty Oak, symbolising your regional prestige."
global_stat_military_influence_tooltip,0,,"Defeating enemies in combat and having a top level Sergeant-in-arms will help you spread your Military renown in the region.
Reaching 100% Military renown will allow you to prove your might by eradicating centers of bandit power in the region, deeming you Protector of the Realm."
global_stat_trade_influence_tooltip,0,,"Trading with merchants and sending caravans will help you spread your Mercantile renown. 
Reaching 100% will give you the option to establish a Charter Fair in your region, confirming your mercantile prowess."
global_stat_cultural_influence_tooltip,0,,"Holding scholarly events and having a top level Librarian will help spread your Intellectual renown across the region.
Reaching 100% will give you the option to become a University, confirming your status as a major seat of academic excellence."
global_stat_infamy_tooltip,0,,"Killing prisoners and attacking neutral merchants will raise your infamy. Beware. Reaching 100% infamy means no one will trade with you, and someone may step up to rid the region of your malign influence."
game_event_region_influence,0,,Regional Renown
global_stat_religious_influence_news50,0,,Your Church of Restitution Renown has increased. Bishops throughout the land speak your name in hushed admiration.
global_stat_religious_influence_news100,0,,"Your Church of Restitution Renown has increased to the holiest of heights: pilgrims flock from far and wide to hear you preach. You may now rejoice, and establish <village_name> Cathedral to share in His everlasting glory."
global_stat_pagan_influence_news50,0,,Your Oak Brethren Renown has increased. Trees in the mighty forests of the nation are said to whisper your incantations.
global_stat_pagan_influence_news100,0,,"Your Oak Brethren Renown has increased and is now as lofty as the stars in the firmament above. You are invited to honour the ancestors by growing a Mighty Oak at <village_name>, to bless and shelter generations to come."
global_stat_military_influence_news50,0,,"Your Military Renown has increased. Bards sing of your might and valour, embroidering your every deed."
global_stat_military_influence_news100,0,,"Your Military Renown has increased, and the might of <village_name>  is unsurpassed. You may now accept your ultimate challenge: to battle and subjugate all dissenting factions, and proclaim yourself Protector of the Realm."
global_stat_trade_influence_news50,0,,"Your Mercantile Renown has increased. Never has commerce been more lucrative, nor such a crowd beat a path the marketplace."
global_stat_trade_influence_news100,0,,"Your Mercantile Renown has increased to levels beyond your wildest dreams, and gold flows through <village_name> like water. You can now rally your guilds to establish a Charter Fair, the hallmark of a great trading centre."
global_stat_cultural_influence_news50,0,,Your Intellectual Renown has increased. Your scribes can barely meet the surging demand for manuscripts elucidating the theories espoused by your greatest thinkers.
global_stat_cultural_influence_news100,0,,"Your Intellectual Renown has increased to its zenith: your library attracts the most creative and erudite academics of our time. Carpe diem! You may establish <village_name> University, ensuring knowledge flourishes here in perpetuity."
global_stat_infamy_news50,0,,Your Infamy has increased. Notoriety comes at a price - this might cause negative repercussions from other factions.
global_stat_infamy_news100,0,,"Your Infamy has increased such that your reputation cannot sink any lower. Transgressions will not go unpunished - you have become a pariah among other factions, who will shun your traders, and challenge <village_name> at any opportunity."
global_stat_infamy_news101,0,,"Increasing infamy further despite the final warning is the straw that broke the camel's back. Factions have united against <settlement_name>, and will attack without mercy."
objective_Infamy_name,0,,Tyrant Overlord
objective_infamy_tooltip,0,,"Despite warnings, your infamy has led other regional factions to rise up and target your settlement for annihilation."
objective_infamy_info,0,,"Despite warnings, your infamy has led other regional factions to rise up and target your settlement for annihilation."
objective_infamy_survive_attacks,0,,Survive
objective_infamy_survive_attacks_info,0,,"Survive an onslaught of 3x waves of enemies. If you succeed, you will sieze ultimate power as the Tyrant Overlord of the region."
religious_influence_unlock_in_ui,0,,Church of Restitution Renown is increasing in the region
pagan_influence_unlock_in_ui,0,,Oak Brethren Renown is increasing in the region
military_influence_unlock_in_ui,0,,Military Renown is increasing in the region
trade_influence_unlock_in_ui,0,,Mercantile Renown is increasing in the region
cultural_influence_unlock_in_ui,0,,Intellectual Renown is increasing in the region
game_event_type_final,0,,Last Step
bbt_step_completed,0,,Step completed: 
objective_religious_name,0,,Centre Of Pilgrimage
objective_religious_tooltip,0,,"Commit your settlement to become a Centre of Pilgrimage, which will make your Church of Restitution a cathedral."
objective_religious_info,0,,You must establish your settlement as a Centre of Pilgrimage. In order to do this you need the following:
activate_objective_confirm,0,,Taking on this objective means you will not be able to choose any other potential objective in this game scenario. Are you sure you want to proceed?
objective_religious_have_priest,0,,Chaplain Level 3
objective_religious_have_priest_info,0,,You need to have a chaplain level 3 in your settlement
objective_religious_build_chapel,0,,Reliquary Chapel
objective_religious_build_chapel_info,0,,A new type of room has been unlocked. The room overview panel lists what is needed for the Lady Chapel to be finalised
objective_religious_have_relic,0,,Obtain Relic
objective_religious_have_relic_info,0,,Relics can be found in the region map in loot stashes. A pilgrim might guide you to help locate a relic.
objective_religious_have_relic_in_chapel,0,,Enshrine Relic in Reliquary Chapel
objective_religious_have_relic_in_chapel_info,0,,Enshrine the relic on a shelf in the Reliquary Chapel to start attracting pilgrims
objective_religious_visit_relic,0,,Pilgrims to spread the word
objective_religious_visit_relic_info,0,,"Encourage pilgrims to visit your Reliquary Chapel, and praise its power as a site of veneration."
objective_religious_end_game,0,,Become The Centre of Pilgrimage
objective_religious_end_game_info,0,,"When everything is ready, enact a dedication ceremony that will confirm <village_name> as the New Centre of Pilgrimage in the region, and establish a Cathedral."
objective_religious_end_game_info_alt,0,,Visitors from other factions are setting out towards <village_name> to marvel at everything you have accomplished.
game_event_religious_final_name,0,,Centre Of Pilgrimage
game_event_religious_final_info,0,,You are about to trigger the last step in becoming The Centre of Pilgrimage. Doing so will call in a group of pilgrims to enact the final dedication ceremony.
objective_pagan_name,0,,Pagan Sanctuary
objective_pagan_tooltip,0,,Consecrate your settlement to become the Sanctuary of Reverence to the Old Gods.
objective_pagan_info,0,,You must take root in this region as the rightful guardian of the Oak Brethren faith. In order to do this you need the following:
objective_pagan_have_shaman,0,,Druid Level 3
objective_pagan_have_shaman_info,0,,You need to have a Druid level 3 in your settlement
objective_pagan_build_chapel_with_oak,0,,Oak Brethren Sanctuary
objective_pagan_build_chapel_with_oak_info,0,,A new type of room has been unlocked. The room overview panel lists what is needed for the sanctuary to be completed.
objective_pagan_have_mighty_oak_reach_mature_phase,0,,Mature a Mighty Oak
objective_pagan_have_mighty_oak_reach_mature_phase_info,0,,The Mighty Oak must be in mature phase for Oak Brethren pilgrims to arrive and broadcast word of its sanctity. Ensure the plant has enough sunlight to grow big and strong.
objective_pagan_visit_mighty_oak,0,,Pilgrims to spread the word
objective_pagan_visit_mighty_oak_info,0,,"Encourage pilgrim visitors to revere your Mighty Oak, and broadcast word of its divine nature widely."
objective_pagan_end_game,0,,Become The Pagan Sanctuary
objective_pagan_end_game_info,0,,"When everything is ready, enact a transcendent ritual that will confirm <village_name> as the New Pagan Sanctuary in the region, and home of the legendary Mighty Oak."
objective_pagan_end_game_info_alt,0,,Visitors from other factions are setting out towards <village_name> to marvel at everything you have accomplished.
game_event_pagan_final_name,0,,Pagan Sanctuary
game_event_pagan_final_info,0,,You are about to trigger the last step in becoming the The Pagan Sanctuary. Doing so will call in a group of pilgrims to enact the final transcendent ritual.
objective_intellectual_name,0,,New University
objective_intellectual_tooltip,0,,Establish your settlement to become the new Leading Academic Institution of your region.
objective_intellectual_info,0,,"You must assert your impact in this region as the focal point of intellect and culture. In order to do this, you need the following:"
objective_intellectual_have_scholar,0,,Librarian Level 3
objective_intellectual_have_scholar_info,0,,You need to have a librarian level 3 in your settlement
objective_intellectual_build_grand_library,0,,Fellows' Library
objective_intellectual_build_grand_library_info,0,,A new type of room has been unlocked. The room overview panel lists what is needed for this elite academic library to be completed.
objective_intellectual_have_grand_book,0,,Produce an Influential Treatise
objective_intellectual_have_grand_book_info,0,,"With the Grand Research Table, produce an Influential Treatise encompassing all the knowledge accumulated in the Fellows' Library."
objective_intellectual_end_game,0,,Become a New University
objective_intellectual_end_game_info,0,,"When everything is ready, assemble the dons to proclaim your charter of commitment to academic excellence. This will confirm <village_name> University as the Leading Academic Institution of your region"
objective_intellectual_end_game_info_alt,0,,Visitors from other factions are setting out towards <village_name> to marvel at everything you have accomplished.
game_event_intellectual_final_name,0,,New University
game_event_intellectual_final_info,0,,You are about to trigger the last step in becoming the New University. Doing so will call in a group of scholars to proclaim your charter of commitment to academic excellence.
objective_military_name,0,,Protector of the Realm
objective_military_tooltip,0,,Rally your settlement to become the new Protector of the Realm
objective_military_info,0,,You must dutifully claim your loyalty to this region as Protector of the Realm. In order to do this you must enact the following:
objective_military_defeat_bandit_camps,0,,Defeat Bandit Strongholds
objective_military_defeat_bandit_camps_info,0,,Defeat the major bandit strongholds in the region so that none may rise to challenge your authority.
objective_miltary_end_game,0,,Become Protector of the Realm
objective_miltary_end_game_info,0,,"When everything is ready, set forth <village_name>'s brightest banners and gilded knights. Your heralds shall proclaim that you have earned the most honourable of titles: Defender of the Realm."
objective_trade_name,0,,Charter Fair
objective_trade_tooltip,0,,Inspire your settlement to become the new Centre of Trade in your region
objective_trade_info,0,,You must take proclaim your value to this region as the Centre of Trade. In order to do this you need the following:
objective_trade_have_gold,0,,Accumulate Gold Coin
objective_trade_have_gold_info,0,,Accumulate sufficient gold coins in your treasury 
objective_trade_have_broker,0,,Broker Level 3
objective_trade_have_broker_info,0,,You need to have a broker level 3 in your settlement
objective_trade_make_trade_deal,0,,Negotiate a Trade Agreement
objective_trade_make_trade_deal_info,0,,Secure at least one Trade Agreement with a friendly faction in your region. A broker will visit your settlement to offer a trade deal now that your mercantile renown is high.
objective_trade_build_market_center_marker,0,,Market Cross
objective_trade_build_market_center_marker_info,0,,Construct a Market Cross monument as a symbol of your mercantile prestige.
objective_trade_build_merchants_stall,0,,Merchant Stalls
objective_trade_build_merchants_stall_info,0,,Erect Merchant Stalls to show off your guilds' finest wares near the Market Cross.
objective_trade_end_game,0,,Become The Centre of Trade
objective_trade_end_game_info,0,,"When everything is prepared, celebrate the inaugural Charter Fair, drawing in customers from far and wide. Proclaim your prestige as the region's leading Centre of Trade."
objective_trade_end_game_info_alt,0,,Visitors from other factions are setting out towards <village_name> to marvel at everything you have accomplished.
game_event_trade_final_name,0,,Charter Fair
game_event_trade_final_info,0,,"You are about to trigger the last step in becoming The Centre of Trade. Doing so will call in a group of merchants and customers, who will arrive to proclaim your charter of trade and open the Inaugural Charter Fair."
game_event_end_game_name,0,,And so it ends
game_event_type_end_game,0,,Congratulations!
game_event_description_end_game,0,,"Congratulations! You have reached the end of Going Medieval. Although the game is completed, you can continue playing for as long you want."
continue_playing,0,,Continue playing
back_to_main_menu,0,,Take me back to the main menu
lb_force_unequip,0,,Force Unequip
lb_yearly_override,0,,Yearly Override
lb_force_unequip_tooltip,0,,"If checked, the settler will drop items from the inventory that do not meet criteria."
warning_message_short_pilgrim_rest,0,,Restitutionist Pilgrim
warning_message_info_pilgrim_rest,0,,A Restitutionist Pilgrim has arrived and is requesting alms in your settlement 
pilgrim_rest,0,,Restitutionist Pilgrim
event_pilgrim_rest_text,0,,"I heard <village_name> was a haven for staunch Restitutionists acolytes, like myself. Might a saintly relic help with the mission to rebuild our faith? A fine example has come to light not far from here - praise be! "
event_pilgrim_rest_title,0,,Restitutionist Pilgrim
event_pilgrim_rest_arrival_text,0,,"Drawn to <village_name> a Restitutionist Pilgrim has arrived, bearing news of the possible whereabouts of a forgotten relic of immeasurable sanctity."
news_name_pilgrim,0,,Pilgrim Arrives
general_pilgrim_rest,0,,Restitutionist Pilgrim
general_pilgrim_restitutionist,0,,Restitutionist Pilgrim
pilgrim_restitutionist,0,,Restitutionist Pilgrim
pilgrim_visitor_1,0,,Restitutionist Pilgrim
warning_message_short_pilgrim_oak,0,,Oak Brethren Pilgrim
warning_message_info_pilgrim_oak,0,,An Oak Brethren Pilgrim arrived and is blessing your settlement 
pilgrim_oak,0,,Oak Brethren Pilgrim
event_pilgrim_oak_text,0,,News arrives on the wind that <village_name> seeks to put Oak Brethren folk on the path of sacred abundance once again. I have come to share knowledge of a rare and blessed sapling that may help you with you endeavour of rebuilding our faith.
event_pilgrim_oak_title,0,,Oak Brethren Pilgrim
event_pilgrim_oak_arrival_text,0,,"Drawn to <village_name> an Oak Brethren Pilgrim has arrived, bearing news of the possible whereabouts of a sacred tree of immeasurable sanctity."
general_pilgrim_oak,0,,Oak Brethren Pilgrim
pilgrim_pagan,0,,Oak Brethren Pilgrim
general_pilgrim_pagan,0,,Oak Brethren Pilgrim
news_name_scholar,0,,Travelling Scholar arrives
warning_message_short_scholar,0,,Travelling Scholar
warning_message_info_scholar,0,,A Travelling Scholar has arrived and is documenting your settlement.
scholar,0,,Travelling Scholar
event_scholar_text,0,,"The rising eminence of <village_name> has not gone unremarked among erudite circles keen to restore our realm's reputation. In my research, I have uncovered something that may be of interest: records of an ancient Grand Research Table, reputedly within a modest distance of this burgh."
event_scholar_title,0,,Travelling Scholar
event_scholar_arrival_text,0,,Drawn to <village_name> the Travelling Scholar has arrived with news of the potential location of a Grand Research Table
general_scholar,0,,Travelling Scholar
pilgrim_scholar,0,,Travelling Scholar
general_pilgrim_scholar,0,,Travelling Scholar
news_name_broker,0,,Broker arrives
warning_message_short_broker,0,,Broker
warning_message_info_broker,0,,A Broker from a friendly faction has arrived to negotiate the terms of a trade deal.
event_broker_text,0,,"The thriving trade of <village_name> has not gone unremarked among us merchants. This is the ideal time to make a trade deal, which will be lucrative for <faction_name>  as well as <village_name>. My <faction_name> camp is nearby, and we will be waiting to hear what you decide. "
event_broker_title,0,,Broker
event_broker_arrival_text,0,,"Drawn to <village_name> by reports of thriving trade, a broker from <faction_name> has arrived to strike a deal."
general_broker,0,,Broker
trade_deal_name,0,,Trade Agreement Location
caravan_mandatory_resources,0,,For Trade Agreement: 
caravan_message_mandatory_resources,0,,Not enough value for trade agrement
trade_deal_bonus,0,,Trade Agreement Bonus
warning_message_short_broker_showing_trade_deal_location,0,,Broker
warning_message_info_broker_showing_trade_deal_location,0,,A broker has arrived at your settlement hoping to arrange a trade agreement.
trade_deal_dialog_title,0,,Trade Agreement
trade_deal_dialog_name,0,,Trade Agreement Sealed
trade_deal_dialog_info,0,,A trade agreement has been signed and sealed. You gave <resources> worth <wealth> to <faction_name> as a token of good faith to help broker the deal.
cannot_negotiate_with_non_broker,0,,Only your Broker can negotiate a deal
cannot_negotiate_broker_level_too_low,0,,Only your Broker can negotiate a deal
trade_deal_resources_needed,0,,Trade deal requires resources <resources> with total value of <wealth>
trade_deal_demand_option,0,,<resources> with total value of <wealth>
have_trade_deal_with_faction,0,,Trade Agreement
event_pilgrim_rest_arrival_visit_relic_text,0,,"Drawn to <village_name> the Restitutionist Pilgrim has arrived to marvel at the Reliquary Chapel that has be constructed, and is sure to spread word across the land"
event_pilgrim_oak_arrival_visit_oak_text,0,,"Drawn to <village_name> the Oak Brethren Pilgrim has arrived to marvel at the Mighty Oak, and is sure to spread the word across the land"
lb_allow_for_production,0,,Allow Usage In Production:
lb_allow_for_production_info,0,,"Toggles if the resource from this storage can be used in any sort of production. If turned off, resources will be forbidden for use in production but can still be consumed, hauled, equipped and used for other jobs like sowing and construction."
general_market_crowd,0,,Onlooker
general_role,0,,Role
role_bard_name,0,,Bard
role_job_preference_info,0,,<role> job preferences will be modified: <role_jobs>
role_bard_description,0,,"Storyteller, poet, and musician, the bard weaves tales of heroism, love, and adventure through their spellbinding performances. They provide entertainment in the great hall during scheduled community role hours, and at feasting events."
role_global_resources,0,,Have Resources
role_librarian_name,0,,Librarian
role_librarian_description,0,,"Meticulous and knowledgeable, the librarian is usually found perusing manuscripts. This settler’s presence in the library enhances the speed of all researchers studying there."
role_sergeant_name,0,,Sergeant-at-arms
role_sergeant_description,0,,"Upholding chivalry and meting out justice with an armoured fist, the sergeant-at-arms oversees all weaponry. When this settler reports to the training room, all settlers training there gain bonus XP. "
role_broker_name,0,,Broker
role_broker_description,0,,"As well as matching buyers with sellers, the broker is a vital source of marketplace information. Settlers make better trades with merchants with a broker present, and they are essential to centres of trade."
broker,0,,Broker
role_priest_name,0,,Chaplain
role_priest_description,0,,"The chaplain is a spiritual guide and moral authority, leading prayer at the Restitutionist shrine during scheduled community role hours. Tasked with the care of souls, they administer sacraments, and preach sermons at Holy Day events."
role_shaman_name,0,,Druid
role_shaman_description,0,,"Experts in land-based philosophy and the Old Gods, druids spend their community role appointed hours meditating with any settlers who enter the Oak Brethren shrine. They also make sacrifices and lead Ritual events."
assign_role_info,0,,Assign a community role to this settler
hours_spent_in_role,0,,Time in this role
role_own_room,0,,Settler has their own private chamber
role_level_up_prompt_info,0,,Do you want to assign <role> to <name>?\nThe settler will gain the following job preferences:\n<role_jobs>
role_retract_prompt_info,0,,Stripping this role from the settler might make them unhappy
role_cooldown,0,,Cooldown
role_assigned_to_info,0,,This role is already assigned to
role_retract_first_info,0,,Retract assigned role first before giving it to another settler
role_assign,0,,Assign
role_retract,0,,Retract
role_promote,0,,Promote
role_max,0,,Max
role_requirements,0,,Role Requirements
role_warden_name,0,,Prison Warden
role_warden_description,0,,The Warden oversees captive labourers and converses with prisoners to try and recruit them to your settlement .
role_level_up_info,0,,<name> is now <role>
role_retract_info,0,,<name> is not <role> anymore
mods_present,0,,Mods present
mods_currently_enabled,0,,Currently enabled
mods_from_save,0,,Mods from save
mods_in_save_warning,0,,This save was created with mods that are now disabled. This may cause errors.
mods_in_game_warning_report,0,,It seems you are running a modded version of the game. Even though we support mods we cannot claim that they will be without issues. Before reporting this issue please verify if the issues persist when the mods are disabled.
tutorial_camera_control,0,,Tutorial: Camera Control
tutorial_camera_control_info,0,,"<style=AlmParagraph>Camera controls\n</style>- Use the [<style=Shortcut>WASD</style>] keys to move your camera around.\n- <style=Shortcut>Mouse wheel</style> is used to zoom in and out.\n- Tilt and rotate holding down the <sprite=""ctrl_middle_click"" index=t> and moving the mouse around.\n- [<style=Shortcut>Num5</style>] will reset the camera to its initial position.<style=AlmParagraph>\nAlternate controls\n</style>- Use <style=Shortcut>Arrow Keys </style>: keys to move your camera around.\n- Hold down <sprite=""ctrl_right_click"" index=t> to pan camera. \n- Use [<style=Shortcut>+</style>]&[<style=Shortcut>-</style>] to zoom in and out. \n- Use [<style=Shortcut>Num7</style>] & [<style=Shortcut>Num9</style>] to rotate and [<style=Shortcut>Num8</style>] and [<style=Shortcut>Num2</style>] to tilt. <style=AlmParagraph>\nTip\n</style>- <style=Desc> Customize the camera controls in the options menu.</style>\n"
tutorial_construction,0,,Tutorial: Construction
tutorial_construction_info,0,,"<style=AlmParagraph>Construction\n</style>- Your settlers still need somewhere to live.\n- Start by placing some wooden walls from the base panel [<style=Shortcut>F1</style>] in a rectangle, then adding a wooden door and thatched roof over it. \n- Place sleeping spots from the furniture panel [<style=Shortcut>F3</style>] inside so your settlers have somewhere to sleep."
tutorial_drafting_combat,0,,Tutorial: Drafting & Combat
tutorial_drafting_combat_info,0,,"<style=AlmParagraph>Drafting & Combat\n</style>- To control your settlers directly, draft them by selecting them, and clicking on the draft action in their selection panel. \n- A drafted settler will go where you tell them to go and will attack who you tell them to attack.\n- During combat an archer will shoot anybody within their range, while a melee settler will wait until the enemy comes close or attacks them. <style=AlmParagraph>\nTip\n</style><style=Desc>- Place archers on higher ground in order for them to get a buff in precision, range, and critical hit chance.</style>"
tutorial_equipment,0,,Tutorial: Equipment
tutorial_equipment_info,0,,"<style=AlmParagraph>Equipment\n</style>- To prepare your settlers, equip them with armour, clothing, and weapons.\n- Select a settler and <sprite=""ctrl_right_click"" index=t> on an item and order them to equip it. \n<style=AlmParagraph>\nTip\n</style><style=Desc>- Examine which of your settlers is proficient with melee or ranged weapons and equip accordingly.</style>"
tutorial_game_speed,0,,Tutorial: Game Speed
tutorial_game_speed_info,0,,"<style=AlmParagraph>Game speed controls\n</style>- You can speed up time.\n- Click on the speed keys. \n- Or use [<style=Shortcut>1</style>],[<style=Shortcut>2</style>],[<style=Shortcut>3</style>].\n- Pressing [<style=Shortcut>Space</style>] will pause the game. \n- You can give orders, place buildings, and draft while the game is paused.<style=AlmParagraph>\nTip\n</style>- <style=Desc>This is especially useful if things get hectic.</style>"
tutorial_jobs,0,,Tutorial: Jobs
tutorial_jobs_info,0,,"<style=AlmParagraph>Job Priorities\n</style>- The <b>JOB</b> panel is where you can prioritize each settler's tasks.\n- By default, settlers will prioritize their jobs from left to right.\n- Using <sprite=""ctrl_left_click"" index=t> and <sprite=""ctrl_right_click"" index=t>, you can change job priorities so that a given settler will choose one job before another.\n- Jobs set to the same priority level will be prioritized left to right.\n- If the job box is empty, that means that a settler will never do that job.\n- Settlers will always do the highest priority job that they can find.\n- If a specific job is not on anyone's priority list, that job will never get done.\n- The frame colour of a job box indicates the settler's skill level.
<style=AlmParagraph>\nTip\n</style>- <style=Desc>If a settler has a very low skill rating for a specific job, it is better to turn that job off completely for that settler - otherwise, there is a chance they'll do the job and fail. This is important when it comes to things like harvesting. Example: a settler with a low botanical skill level could end up ruining the harvest, yielding no resources. So it's best to let them focus on what they do best!</style>"
tutorial_layer_control,0,,Tutorial: World Layers
tutorial_layer_control_info,0,,"<style=AlmParagraph>World Layers\n</style>- You can shuffle between layers and building floors.\n- Use the up or down layer buttons in the top left corner.\n- Or use [<style=Shortcut>,</style>] and [<style=Shortcut>.</style>].\nUse [<style=Shortcut>Ctrl</style>] + [<style=Shortcut>Mouse wheel</style>] to quickly go through layers.\nUse [<style=Shortcut>Ctrl</style>]  + <sprite=""ctrl_left_click"" index=t> on any object or the ground to jump to that given layer. <style=AlmParagraph>\nTip\n</style><style=Desc>- This is useful for customizing multistorey buildings.</style>"
tutorial_move,0,,Tutorial: Control Settlers
tutorial_move_info,0,,"<style=AlmParagraph>Positioning & Movement\n</style>- A drafted settler will go where you tell them to go and will attack who you tell them to attack.\n- <sprite=""ctrl_right_click"" index=t> anywhere to order your settlers to go to that position.<style=AlmParagraph>\nTip\n</style><style=Desc>- During combat, an archer will shoot anybody within their range, while a melee settler will wait until the enemy comes close or attacks them. \n- Place archers on higher ground in order for them to get a buff in precision, range, and critical hit chance.</style>"
tutorial_orders,0,,Tutorial: Orders
tutorial_orders_info,0,,"<style=AlmParagraph>Orders\n</style>- Issue orders to your settlers with the order tools in the lower right corner.\n- Try selecting the chop tool and <sprite=""ctrl_left_click"" index=t> + drag it over some trees you want to cut down."
tutorial_production,0,,Tutorial: Production
tutorial_production_info,0,,"<style=AlmParagraph>Production\n</style>- To start producing something, select a workstation, and add a product from the product list. \n- Set the number of products you want your settlers to make. <style=AlmParagraph>\nTip\n</style>- <style=Desc>Set the food production to “Until you have” mode so your settlers will continually produce if they have material, up to the required number.</style>"
tutorial_research,0,,Tutorial: Research
tutorial_research_info,0,,"<style=AlmParagraph>Research\n</style>- Unlock new building options and production types in the research panel. \n- Various forms of knowledge in the form of books are available to unlock research items.\n- Unlocked research items will not consume the books. \n- Take care of your books, having them destroyed or stolen will disable unlocking new research items until the previously allocated amount is reached. \n- Books (Chronicle, Textbook, Thesis) are produced at research tables (<LinkAlmanac=""Basicresearchtable"">Basic Research Table</link>, <LinkAlmanac=""Researchtable"">Research Table</link>, <LinkAlmanac=""Advancedresearchtable"">Advanced Research Table</link>)"
tutorial_schedule,0,,Tutorial: Schedule
tutorial_schedule_info,0,,<style=AlmParagraph>Schedule panel\n</style>- You can use the <b>SCHEDULE</b> panel to modify the time of day your settler should do each type of activity.
tutorial_select,0,,Tutorial: Draft Settlers
tutorial_select_info,0,,"<style=AlmParagraph>Draft\n</style>- To control your settlers directly, draft them by selecting them, and clicking on the draft action in their selection panel.<style=AlmParagraph>\nTip\n</style><style=Desc>- You can select multiple settlers and then draft them. \n- Use the settler panel on the left to quickly select a single settler, or use [<style=Shortcut>Shift</style>] + <sprite=""ctrl_left_click"" index=t> to select multiple. </style>"
tutorial_stockpile,0,,Tutorial: Stockpile
tutorial_stockpile_info,0,,<style=AlmParagraph>Stockpile\n</style>- Your settlers need somewhere to store resources.\n- You need to designate a stockpile zone.\n- Choose the default stockpile from the zone panel [<style=Shortcut>F7</style>] in the lower left of the screen.<style=AlmParagraph>\nTip\n</style>- <style=Desc>Place stockpiles under roofs or inside to slow down resources' decay.</style>
tutorial_welcome,0,,Welcome
tutorial_welcome_info,0,,<style=AlmParagraph>Welcome To Going Medieval\n</style>- Please bear in mind that the game is under Heavy development. This means that the game will have some bugs and unfinished systems. <b>You can consult the Almanac for help and tutorials.</b>
tutorial_mood_info,0,,"<style=AlmParagraph>Mood\n</style>- Mood represents your settlers' happiness.\n- Be sure to check on your settlers’ mood often.\n- A low mood can result in settlers rebelling and refusing to follow orders.\n- If a settler's mood reaches 0, they will leave your settlement.\n- Things like cooked or lavish meals, comfortable beds, and a fair amount of leisure time can help keep your settlers’ spirits high."
tutorial_manage_info,0,,"<style=AlmParagraph>Manage\n</style>- Use the manage panel to determine which items your settlers will auto-equip, what food and alcohol they are allowed to consume, etc.\n- You can still force settlers to consume or equip something using the right-click action menu. "
tutorial_defence_info,0,,"<style=AlmParagraph>Defence\n</style>- Use structures like merlons to your advantage to cover your archers from enemy projectiles.\n- Place archers on higher ground so they get a buff in precision, range, and critical hit chance.\n- Place traps strategically around your settlement to weaken your enemies."
tutorial_mood,0,,Tutorial: Mood
tutorial_manage,0,,Tutorial: Manage
tutorial_defence,0,,Tutorial: Defence
tutorial_forbid,0,,Tutorial: Forbid/Allow
tutorial_forbid_info,0,,<style=AlmParagraph>Forbid/Allow\n</style>- Settlers will not interact with items that are marked as forbidden.\n- Forbidden items will have a forbidden sign over them.\n- You can allow forbidden items by using the allow order or by selecting the item and selecting the allow action. 
tutorial_region,0,,Tutorial: Region
tutorial_trading,0,,Tutorial: Bartering
tutorial_initiate_trading,0,,Tutorial: Initiate Bartering
tutorial_friendliness,0,,Tutorial: Alignment
tutorial_trading_info,0,,"<style=AlmParagraph>Bartering\n</style>- Bartering functions by exchanging resources and items with a Merchant.\n- You can request resources only if you proffer something in return with the same or similar value.\n- The settler making the trade can influence prices, and can also negotiate to get more than they offered.\n\n- Giving the merchant more value than is received will be considered a gift, and will influence alignment favourably towards the Merchant's faction.\n- The value of resources is determined by merchant type, faction, alignment, and even time of year.
"
tutorial_region_info,0,,"<style=AlmParagraph>Region\n</style>- You can see what factions and faction settlements are in your region.\n- Form a caravan and send your settlers to trade with other settlements by selecting a settlement and clicking the <b>send caravan</b> button.
"
tutorial_friendliness_info,0,,"<style=AlmParagraph>Alignment\n</style>- Alignment determines whether a faction is friendly, neutral or hostile towards your settlement.\n- Hostile factions will initiate raids on your settlement, while friendly and neutral factions will send Merchants your way from time to time.
"
tutorial_initiate_trading_info,0,,"<style=AlmParagraph>Initiate Bartering\n</style>- To initiate bartering with a merchant, select a settler and <sprite=""ctrl_right_click"" index=t> on the merchant, then select the <b>Barter with</b> option."
tutorial_move_structures,0,,Tutorial: Relocate Structures
tutorial_move_structures_info,0,,"<style=AlmParagraph>Relocate Structures\n</style>- Smaller structures like furniture, workstations and decorations can be easily relocated: Select an already-constructed structure and click on the relocate button. Then select a new location.\n\n- Structures that are removed will turn into a resource pile and can be stored on stockpiles, and even traded with Merchants.
"
tutorial_farming,0,,Tutorial: Farming
tutorial_farming_info,0,,"<style=AlmParagraph>Farming\n</style>- Sow crop fields to ensure a steady supply of food for the upcoming winter. \n- Choose a crop from the zone panel [<style=Shortcut>F7</style>], then drag it to the required size.\n- You need appropriate supplies of seeds and saplings in order to sow.\n- New varieties of crop fields will be unlocked as you acquire new seed types, either by foraging, or from merchants. \n- Remember that plants need sunlight. Sow crops in the open, away from trees or structures that will create shade. Days are shorter in winter and early spring, so try to avoid sowing plants during this time."
tutorial_animals,0,,Tutorial: Animals
tutorial_animals_info,0,,"<style=AlmParagraph>Animals\n</style><b>Wild Animals</b>\n- Settlers can hunt and butcher wild animals for meat and leather.\n- Some animals like wolves and boars have a chance to retaliate when hunted.\n- To hunt an animal, a settler needs to be equipped with a ranged weapon.\n\n<b>Domestic Animals</b>\n- Some wild animals can be tamed.\n- Some animals may attack a settler who is trying to tame them, so beware.\n-Taming can be a long process and can't be done continually. Settlers can try to tame an animal once every 24h.\n- Tamed animals will live alongside settlers. Some animals can be kept in animal pens. To create a pen, place a pen marker in a fenced off or enclosed area.\n<b>Pets</b>\n- Some domestic animals can be trained to become pets.\n- Pets can be assigned to settlers so that they will follow them around and even help out around the settlement. "
tutorial_wild_animals,0,,Tutorial: Wild Animals
tutorial_wild_animals_info,0,,"<style=AlmParagraph>Wild Animals\n</style>- Settlers can hunt and butcher wild animals for meat and leather.\n- Some animals like wolves and boars have a chance to retaliate when hunted.\n- To hunt an animal, a settler needs to be equipped with a ranged weapon."
tutorial_domestic_animals,0,,Tutorial: Domestic Animals
tutorial_domestic_animals_info,0,,"<style=AlmParagraph>Domestic Animals\n</style>- Some wild animals can be tamed.\n- Some animals may attack a settler who is trying to tame them, so beware.\n-Taming can be a long process and can't be done continually. Settlers can try to tame an animal once every 24h.\n- Tamed animals will live alongside settlers. Some animals can be kept in animal pens. To create a pen, place a pen marker in a fenced off or enclosed area."
tutorial_pet_animals,0,,Tutorial: Pets
tutorial_pet_animals_info,0,,<style=AlmParagraph>Pets\n</style>- Some domestic animals can be trained to become pets.\n- Pets can be assigned to settlers so that they will follow them around and even help out around the settlement.
system_cover,0,,Cover Effectiveness
system_cover_info,0,,"-Cover effectiveness indicates what percentage of incoming projectiles will be stopped.\n- Projectiles will ignore cover that is 3x grid spaces in front of the shooter, This means that archers standing behind merlons will be protected but their arrows will not be stopped by the merlon.\n- Almost everything offers some cover, from bushes to torches. This means that for archers to have the best shot, they need a clear, unobstructed line of sight."
system_equipment_quality_info,0,,"- All items like weapons, armour and apparel have a quality level.\n- Quality levels are:<b> flimsy, sturdy, good, fine, superior and flawless</b>.\n- Higher quality levels mean the item is more durable, and has better attributes, such as damage or range.\nSome items may have different modifiers depending on their quality.\n- Your settlers have a higher chance of producing better quality items if their skill in that field is higher. \n- When highly-skilled settlers are in a good mood, their chances of producing a flawless item will also increase slightly.
"
system_temperature_info,0,,"<style=AlmParagraph>Outside & Inside Temperature\n</style>- Outdoor temperature is shown in the top right corner of the screen next to the time.\n- This temperature is the global outdoor temperature that is further modified by sunlight, shade, proximity to heat sources, etc. \n- Outdoor temperature depends on the season, time of day and active weather events such as cold snaps or heatwaves.\n- You can inspect temperature using the temperature overlay on the upper left panel <sprite=""temp_overlay_text_icon"" index=t>. \n- To view indoor temperature, mouse over a room. Its temperature will be displayed replacing the outdoor temperature reading, in the top right corner. Alternatively, select the room to see this information.\n- Indoor temperature depends on the outdoor temperature, and the room's insulation, as well as elements that have thermal output inside the room, like torches or a campfire.\n<style=AlmParagraph>\nKeeping cold\n</style>If you want to have a colder room during the summertime, you can:\n- build a room underground. \n- use material that has high insulation, such as clay.\n- keep windows open and extinguish all heat sources inside that room.\n- Note that windows that let sunlight in can also heat up the room\n- Store ice blocks to further cool the area around them. \n<style=AlmParagraph>\nKeeping warm\n</style>If you want to have warm rooms during the wintertime, you can:\n- place heat sources inside the rooms.\n- close all windows to keep the warmth inside."
system_weapon_attributes_info,0,,"<style=AlmParagraph><sprite=""damage_icon"" index=t>Damage \n</style>- Damage is calculated from several factors: attackers' attributes; weapon base damage; weapon armour penetration; and the opponents’ armour rating and armour durability.\n- If the attacker hits an opponent without armour, then the entire damage will be inflicted and the opponents’ HP will be lowered by that amount.\n- If the attacker hits an opponent who is wearing armour, then the damage is affected by the weapon's armour penetration attribute and the opponents’ armour rating and armour hitpoint percentage.\n\n- The formula for dealing damage is:\n\n<style=Desc>(weapon base damage * armour penetration) - ((weapon base damage * armour penetration) * (armour hit points percentage at that moment * armour rating))</style>\n<style=AlmParagraph>\n<sprite=""critical_strike"" index=t> Critical Damage\n</style>- Every attack has a 15% chance to deal critical damage by striking the opponent in the head.\nAll critical damage is multiplied by 2x.\n- When critical damage is inflicted, the damage takes into consideration headgear instead of body armour.\n<style=AlmParagraph>\n<sprite=""range_icon"" index=t> Range\n</style>- The number of grid spaces the weapon can reach. \n<style=AlmParagraph>\n<sprite=""precision_icon"" index=t> Precision\n</style>- The weapon's chance to hit the target.\n- This is not the weapon's final chance to hit its target.\n- The chance to hit is affected by things like: the attackers’ attributes, precision falloff with distance, weather and terrain elevation.\n<style=AlmParagraph>\nPrecision falloff with distance\n</style>- This is the  percentage the chance to hit falls as the target gets further away.\n<style=AlmParagraph>\nArmour penetration\n</style>- This is the percentage of damage that will pass through armour. Piercing weapons like spears, arrows and bolts have a high armour penetration percentage.\n<style=AlmParagraph>\nArmour damage\n</style>- This is the percentage of base damage that will be inflicted to the armour or shield (or headgear if critical strike) Weapons like hammers and maces as well as axes have a high armour damage percentage, so they are ideal for armoured opponents or breaking down their shields\n<style=AlmParagraph>\nBuilding damage\n</style>- The percentage of base damage that will be inflicted on buildings, workbenches and furniture. Blunt weapons and axes have a high building damage percentage. They are ideal for taking down doors.
"
system_armour_attributes_info,0,,"<style=AlmParagraph><sprite=""body_armor_icon"" index=t> Armour rating\n</style>- Armour rating further reduces the incoming damage after the armour penetration weapon attribute is taken into account. The higher the armour rating the better. \n- Armour rating reduces as the armour piece loses its HP.\n<style=AlmParagraph>\n<sprite=""cover_icon"" index=t> Cover amount\n</style>- A shield's cover amount is the amount of incoming attacks the shield will absorb. Damage is fully absorbed by the shield but the shield takes the damage (multiplied by the weapon's armour damage).\n- The final percentage of incoming blows absorbed is the shield cover amount + the opponent's evade chance attribute. "
system_clothing_attributes_info,0,,"<style=AlmParagraph><sprite=""temperature_min_icon"" index=t> Minimum comfortable temperature\n</style>- Clothing can adjust the wearer's minimum comfortable temperature so that they are less affected by the cold. In the case of winter clothing, the wearer can withstand lower temperatures without negative effects. E.g.: A settler's minimum comfortable temperature is 3°C but winter clothing adds -20°C. The settler's effective minimum comfortable temperature is now -17°C.\n<style=AlmParagraph>\n<sprite=""temperature_max_icon"" index=t> Maximum comfortable temperature\n</style>- Clothing can also adjust the wearer's maximum comfortable temperature. In the case of summer clothing, this means that they withstand higher temperatures without negative effects. "
system_higher_ground_info,0,,"- An archer (or other settler with a ranged weapon equipped) placed at least one level higher than their target gets a bonus to precision, range and critical hit chance. The projectile's trail will be red when fired from higher ground.\n- If an archer is at least one level lower than their target, they will lose precision, range and critical hit chance. Projectiles fired from lower ground have a blue trail."
system_room_info,0,,"- Four walls, at least one door, and a roof or ceiling creates a 'spare' room. Fill that room with furniture and decorations to create other types of room.\n- To see what rooms you currently have in your settlement, turn the room overlay on <sprite=""room_overlay_text_icon"" index=t>.\n- Take a look at the room type legend in the upper left corner to see what is needed for each room type, and what benefits that room offers.\n- Some rooms are required for <LinkAlmanac=""Eventypes"">events</link>, e.g. you will need a great hall to host a <LinkAlmanac=""Playertriggeredeventfeast"">feast</link> event.\n\n- Room types:\n <room_type_list>"
system_effectors_info,0,,"- Modifiers vary attributes, priorities, mood and stats.\n- Modifiers can be activated by consuming something or by equipping something\n- E.g.: equipping heavy armour modifies a settler's movement and evade chance.\nEach settler can activate differing modifiers, depending on their perks.\n- E.g.: A settler with the Austere perk gets negative modifiers from a lavish meal , but positive effects from eating raw food.\n- A list of active modifiers is found in the stats tab in the additional settler selection panel.\n- A list of mood modifiers is found in the mood tab.\n\n- Wounds are also a type of modifier, because they affect certain settler attributes. But they differ from regular modifiers because they can cause bleeding, and have varied effects depending on their severity. "
system_equipment_quality_name,0,,Item Quality
system_temperature,0,,Temperature 
system_temperature_name,0,,Temperature 
system_weapon_attributes_name,0,,Weapon Attributes
system_armour_attributes_name,0,,Armour & Shield Attributes
system_clothing_attributes_name,0,,Clothing Attributes
system_higher_ground_name,0,,Higher Ground
system_room_name,0,,Room Types
system_room,0,,Room Types
system_effectors_name,0,,Modifiers
menu_action_attack,0,,"<sprite=""ctrl_left_click"" index=t> on target to <style=DefaultBlue>Attack</style>"
menu_action_dismiss,0,,"<sprite=""ctrl_right_click"" index=t> to dismiss"
menu_action_order_row,0,,"<sprite=""ctrl_left_click"" index=t> + drag to issue orders for area"
menu_action_order_hunt_area,0,,"<sprite=""ctrl_left_click"" index=t> + drag to mark multiple animals in an area"
menu_action_order_hunt_single,0,,"<sprite=""ctrl_left_click"" index=t> on a wild animal to mark it for hunting"
menu_action_order_single,0,,"<sprite=""ctrl_left_click"" index=t> to issue an order"
menu_action_place_rotate,0,,[<style=Shortcut><input:RotateLeft></style>]  & [<style=Shortcut><input:RotateRight></style>] to rotate
menu_action_place_row,0,,"<sprite=""ctrl_left_click"" index=t> + drag to place in a row or area"
menu_action_place_row_only,0,,"<sprite=""ctrl_left_click"" index=t> + drag to place in a row"
menu_action_place_square,0,,"<sprite=""ctrl_left_click"" index=t> + [<style=Shortcut>Left Alt</style>] + drag to place in a square"
menu_action_place_single,0,,"<sprite=""ctrl_left_click"" index=t> to place building"
menu_action_place_zone,0,,"<sprite=""ctrl_left_click"" index=t> on the <style=DefaultBlue> Wall</style> to place"
menu_action_rightclick_attack,0,,"<sprite=""ctrl_right_click"" index=t> on target to order <style=DefaultBlue>Attack</style>"
menu_action_rightclick_equip,0,,"<sprite=""ctrl_right_click"" index=t> on item to <style=DefaultBlue>Equip</style>"
menu_action_rightclick_move,0,,"<sprite=""ctrl_right_click"" index=t> to <style=DefaultBlue>Move</style>"
menu_action_socketable,0,,"<sprite=""ctrl_left_click"" index=t> on the <style=DefaultBlue> Wall</style> to place"
system_decomposition,0,,Decomposition & Rot
system_decomposition_info,0,,Certain resources and items can decompose or rot\nReasons for decomposition and rotting:\n- <b>Being outdoors</b> - Leaving your resources to get affected by the rain or snow will make them decompose faster. Place a roof over your stockpile to stop this from happening.\n- <b>Temperature</b> - Resources like food will decompose faster during the summer\n- <b>Ground-type</b> - Don’t leave your resources on the ground. Build floors underneath your stockpile zones to slow down decomposition.
system_fermentation,0,,Fermentation
system_fermentation_info,0,,Some resources like curdling milk can ferment if the temperature is right. Resources that ferment will turn into new resources after the fermentation process is finished. Example: Curdling milk will turn into cheese.
system_stability,0,,Stability
system_stability_info,0,,"- Each structure has a stability value.\n- This determines whether you can attach other structures to it.\n- When set on the ground, a structure has a stability value of <b>4</b>. Each structure attached to it will have <b>-1</b> stability the further away it is placed.\n- You cannot position a structure with a stability value of <b>0</b>.\n- The vertical stability value remains unchanged.\n- To view the stability values around your current cursor position, turn the stability visualizer on. <sprite=""stability_overlay_text_icon"" index=t> \n<style=AlmParagraph>\nBeams\n</style>\n- Place beams between two walls or terrain voxels. If one of these gets destroyed, this will also destroy the beam and everything resting on it. \n- A beam has a maximum range of 10 grid spaces.\n- The beam will inherit the lower stability value of the two walls/voxels it ties together.\n- Walls, windows, doors, roofs, merlons, and floors are the only things that you can place on beams. "
jobs_tooltip,0,,Jobs set to the same priority level will be prioritized left to right.
gameplay_tips_camera_control,0,,Camera Control
gameplay_tips_camera_control_info,0,,"- Use the [<style=Shortcut><input:MoveUp><input:MoveLeft><input:MoveDown><input:MoveRight></style>] keys to move your camera around.\n- Use the Mouse wheel or [<style=Shortcut><input:ZoomIn></style>]&[<style=Shortcut><input:ZoomOut></style>] to zoom.\n- Hold [<sprite=""ctrl_middle_click"" index=t>] and move the mouse to rotate and tilt the camera.\n\n<style=Desc>TIP: You can customise camera controls in the options menu.</style>\n"
photo_mode_instructions,0,,"- Use the [<style=Shortcut><input:MoveUp><input:MoveLeft><input:MoveDown><input:MoveRight></style>] keys to move your camera around.\n- Use the Mouse wheel or [<style=Shortcut><input:ZoomIn></style>]&[<style=Shortcut><input:ZoomOut></style>] to zoom.\n- Hold [<sprite=""ctrl_middle_click"" index=t>] and move the mouse to rotate and tilt the camera.\n\n<style=Desc>TIP: You can customise camera controls in the options menu.</style>\n"
gameplay_tips_construction,0,,Construction
gameplay_tips_construction_info,0,,"- Your settlers still need somewhere to live.\n- Start by placing some wooden walls from the base panel [<style=Shortcut><input:Base></style>] in a rectangle.\n- Add a wooden door and a thatched roof (from the same panel) over it.\n- Place sleeping spots for your settlers found in the furniture panel [<style=Shortcut><input:Furniture></style>] inside.\n- Use Plan Mode to place blueprints as <LinkAlmanac=""Gameplaytipsforbid"">forbidden</link> to prepare for construction."
gameplay_tips_equipment,0,,Equipment
gameplay_tips_equipment_info,0,,"- To prepare your settlers, equip them with armour, clothing, and weapons.\n- Select a settler, then [<sprite=""ctrl_right_click"" index=t>] on an item and order them to equip it. \n\n<style=Desc>TIP: Equip melee weapons to settlers who are proficient at melee fighting, and ranged weapons to those proficient with ranged attacks.\n<style=Desc>TIP: Choose clothes to suit the weather. Cold weather requires winter clothes!</style>\n"
gameplay_tips_game_speed,0,,Game Speed
gameplay_tips_game_speed_info,0,,"- You can speed up, slow down, or pause time.\n- Click on the speed keys or use [<style=Shortcut><input:GameSpeedNormal></style>], [<style=Shortcut><input:GameSpeedFast></style>], [<style=Shortcut><input:GameSpeedFaster></style>] to change the game speed.\n- Click the pause icon or press [<style=Shortcut><input:GamePause></style>] to pause the game.\n- You can give orders, place buildings, and draft settlers while the game is paused.\n\n<style=Desc>TIP: This is especially useful if things get hectic.</style>\n"
gameplay_tips_jobs,0,,Jobs
gameplay_tips_jobs_info,0,,"- Prioritize each settler's tasks in the Jobs panel .\n- Use <sprite=""ctrl_left_click"" index=t> to increase the priority of a job, and <sprite=""ctrl_right_click"" index=t> to decrease it.\n- Settlers will always do the job with the highest priority first.\n- If the job box is empty, the settler will never do that job.\n- If numbers are equal, settlers will prioritise jobs from left to right.\n- Box frames indicate the settler's skill level. Stars show their likes and dislikes.\n\n<style=Desc>TIP: Settlers can fail jobs if their skill is low, so turning jobs off can be useful!</style>\n"
gameplay_tips_layer_control,0,,World Layers
gameplay_tips_layer_control_info,0,,"- You can switch between layers and the floors of buildings.\n- This will hide objects and terrain above the selected level.\n- Use the layer up & down buttons in the top left, or [<style=Shortcut><input:LayerUp></style>] and [<style=Shortcut><input:LayerDown></style>]. \n\n<style=Desc>TIP: This is useful for customising multi-storey buildings.\nTIP: Use [<style=Shortcut>Ctrl</style>] + <style=Shortcut>Mouse wheel</style> to quickly switch through layers.\nTIP: Use [<style=Shortcut>Ctrl</style>] + <sprite=""ctrl_left_click"" index=t> on an object to jump to its layer.</style>\n"
gameplay_tips_move,0,,Controlling Drafted Settlers
gameplay_tips_move_info,0,,"- Drafted settlers will move and attack targets you select.\n- <sprite=""ctrl_right_click"" index=t> anywhere to order your settlers to go to that position.\n- <sprite=""ctrl_right_click"" index=t> an enemy to order your settlers to attack them.\n\n<style=Desc>TIP: During combat, archers will shoot anyone within range, whilst melee settlers wait until the enemy comes close or attacks them.\nTIP: Place archers on higher ground to buff their precision, range, and critical hit chance.</style>\n"
gameplay_tips_orders,0,,Orders
gameplay_tips_orders_info,0,,"- Set actions for your settlers with the order tools in the lower right corner.\n- Select the chop tool, then <sprite=""ctrl_left_click"" index=t> drag over some trees to fell them."
gameplay_tips_production,0,,Production
gameplay_tips_production_info,0,,"- To start producing goods, select a workstation and add it from the product list.\n- Set the amount of products you want your settlers to make.\n\n<style=Desc>TIP: 'Until you have' is useful to keep food stocks replenished.</style>\n"
gameplay_tips_research,0,,Research
gameplay_tips_research_info,0,,"- You can unlock new technology in the research panel.\n- Each research item requires books (chronicles, handbooks or theses).\n- Research does not consume the books, but they must be kept safe.\n- If your books are destroyed or lost, you will not be able to do new research.\n- Research can be resumed once your previous book total is regained."
gameplay_tips_schedule,0,,Schedule
gameplay_tips_schedule_info,0,,"- Use the <b>SCHEDULE</b> panel to choose when settlers do each type of activity.\n- Work time is when settlers will do the jobs assigned in the <b>JOBS</b> panel.\n- Leisure is for eating, playing, and religious activities.\n\n<style=Desc>TIP: Some settlers are more productive at different times than others - check their perks!</style>\n"
gameplay_tips_select,0,,Draft Settlers
gameplay_tips_select_info,0,,"- To control your settlers directly, you need to draft them.\n- Draft settlers by selecting them, then clicking the draft action.\n- You can also select settlers from the settler panel on the left.\n\n<style=Desc>TIP: You can select multiple settlers by dragging over them or using [<style=Shortcut>Shift</style>] + <sprite=""ctrl_left_click"" index=t>. Then you can draft them all at once.</style>\n"
gameplay_tips_stockpile,0,,Stockpile
gameplay_tips_stockpile_info,0,,"- Your settlers need somewhere to store resources.\n- You can choose where they store things by setting up a Stockpile Zone.\n- Select the Zone panel in the lower left of the screen, or press [<style=Shortcut><input:Zone></style>].\n- Choose the Default Stockpile, then select an area for the stockpile.\n\n<style=Desc>TIP: Place stockpiles on floors and under roofs to slow down resources' decay.\nTIP: Click on a placed stockpile to change what settlers will and won't store inside it.</style>\n"
gameplay_tips_mood_info,0,,"- Mood represents your settlers' happiness.\n- Check on your settlers' mood often, by selecting them and then the Mood category.\n- A low mood can result in settlers rebelling and refusing to follow orders.\n- If a settler's mood reaches 0, they will leave your settlement.\n- Things like cooked or lavish meals, comfortable beds, and leisure time can help keep your settlers' spirits high."
gameplay_tips_manage_info,0,,- Use the Manage panel to set which items your settlers can auto-equip and consume.\n\n<style=Desc>TIP: You can override these settings by selecting a settler and forcing them to equip or consume something by right-clicking on the item and selecting an action</style>\n
gameplay_tips_defence_info,0,,"- Create spots for archers on high ground to buff their precision, range, and crit chance.\n- Use structures like merlons to cover your archers from enemy projectiles.\n- Place traps strategically around your settlement to weaken your enemies."
gameplay_tips_mood,0,,Mood
gameplay_tips_manage,0,,Manage
gameplay_tips_defence,0,,Defence
gameplay_tips_forbid,0,,Forbid & Allow
gameplay_tips_forbid_info,0,,"- Items are either forbidden or allowed. Settlers will not interact with forbidden items.\n- Forbidden items will have a sign over them: a hand with a cross.\n- You can allow items using the order in the bottom right of the screen.\n- Forbid items by selecting them and then clicking the forbid action.\n\n<style=Desc>TIP: By default, most loose items on a new map are forbidden.\nTIP: You may wish to forbid settlers from retrieving items like dead bodies or rotten food.</style>\n"
gameplay_tips_region,0,,Region
gameplay_tips_trading,0,,Bartering
gameplay_tips_initiate_trading,0,,Trading
gameplay_tips_friendliness,0,,Alignment
gameplay_tips_trading_info,0,,"- You can exchange resources and items with merchants.\n- The items you offer should have the same or a similar value to those you ask for.\n- You can gift items to the merchant by offering more value than you receive.\n- This will favourably influence the merchant's faction towards you.\n- Resources' value depends on merchant type, faction, alignment, and even time of year."
gameplay_tips_region_info,0,,"- You can see what factions and settlements are in your region via the Region map.\n-Here you will be able to see the neighboring factions, occasional bandit camps, and other points of interest. \n\n-Keep in mind that what you do in your settlement will be noticed by others in your region. Various types of <LinkAlmanac=""Gameplaytipsrenown"">renown</link> can be gained and will be recognised by others. 
"
gameplay_tips_renown,0,,Renown
gameplay_tips_renown_info,0,,"- The way you build your settlement and the things you do will change your renown.\n-When renown of any type reaches 100% you will be given the choice to pursue a Grand Objective that will lead your settlement into the endgame. \n\n- Renown may be influenced by your settlers' roles, events you hold, and the outcomes of battles."
gameplay_tips_friendliness_info,0,,"- Alignment determines whether a faction is friendly, neutral or hostile towards your settlement.\n- Hostile factions will initiate raids on your settlement, while friendly and neutral factions will send Merchants your way from time to time.
"
gameplay_tips_initiate_trading_info,0,,"- To barter with a merchant, select a settler and <sprite=""ctrl_right_click"" index=t> on the merchant, then select the <b>Barter With</b> option.\n\n<style=Desc>TIP: The settler making the trade can influence prices and negotiate, so try to send someone with high speechcraft.</style>\n"
gameplay_tips_move_structures,0,,Relocate Furniture
gameplay_tips_move_structures_info,0,,"- Furniture, workstations, and other small constructions can be easily relocated\n- Select an item of furniture and click the relocate button, then select a new location.\n- You can also remove structures.\n- Removed structures turn into resource piles and can be stored or traded."
gameplay_tips_farming,0,,Farming
gameplay_tips_farming_info,0,,"- Crop fields ensure a steady supply of food, even in winter.\n- Choose a crop from the zone panel [<style=Shortcut><input:Zone></style>], then drag it to the required size.\n- You must have stockpiled seeds or saplings in order to sow crops.\n- New varieties of crop will unlock as you forage or buy new seed types.\n\n<style=Desc>TIP: Plants need sunlight - sow seeds away from trees or structures that create shade.</style>\n"
gameplay_tips_wild_animals,0,,Hunting Wild Animals
gameplay_tips_wild_animals_info,0,,"- Settlers can hunt and butcher wild animals for meat and leather.\n- Some animals like wolves and boars have a chance to retaliate when hunted.\n- To hunt an animal, a settler must be equipped with a ranged weapon."
gameplay_tips_tame_animals,0,,Taming Wild Animals
gameplay_tips_tame_animals_info,0,,- Some wild animals can be tamed.\n- Beware: some animals may attack a settler who is trying to tame them.\n- Taming can be a long process and cannot be done continually.
gameplay_tips_domestic_animals,0,,Domestic Animals
gameplay_tips_domestic_animals_info,0,,"- Domestic animals live alongside settlers.\n- Some animals may be kept in animal pens. \n- To create a pen, place a <LinkAlmanac=""Penmarker"">pen marker</link> in a fenced-off or enclosed area.\n- Add a <LinkAlmanac=""Trough"">trough</link> to your pen so that settlers will automatically bring food to the penned animals.\n- Settlers can use their animal handling skill to gain food from some animals.\n- Some domestic animals can also be slaughtered for meat."
gameplay_tips_pet_animals,0,,Pets
gameplay_tips_pet_animals_info,0,,- Some domestic animals can be trained to become pets.\n- Pets can be assigned to settlers so that they will follow them around and even help out around the settlement.
gameplay_tips_mesh_variations,0,,Structure Visual Variations
gameplay_tips_mesh_variations_info,0,,"- Some structures, like walls, fences and roofs, have visual variations that can be selected to customise their appearance. These variations are purely aesthetic and don't influence gameplay."
gameplay_tips_player_triggered_events,0,,Events
gameplay_tips_player_triggered_events_info,0,,"- Certain events can be triggered, like a <LinkAlmanac=""Playertriggeredeventfeast"">Feast</link> or a <LinkAlmanac=""Playertriggeredeventsermon"">Sermon</link>. \n- To launch these events, construct the corresponding room type, and select the structure within it which is the origin of the event. \n- Each event type has conditions, and will have varying levels of quality, depending on which conditions are met. \n- Different quality outcomes will result in different mood and other buffs or debuff to the event's participants. \n- Some events benefit from having a settler with a <LinkAlmanac=""Roletypes"">role</link> present.\n- Event types:\n<event_list>"
gameplay_tips_roles,0,,Community Roles
gameplay_tips_roles_info,0,,"- You can give certain settlers special community roles. \n- These settlers have particular behaviours during role-appointed hours. \n- Certain criteria must be met to assign a role to a settler. \n- Roles help to increase your regional renown. \n- Some roles enhance events, improving their outcomes: e.g. a bard improves the quality of a <LinkAlmanac=""Playertriggeredeventfeast"">feast</link> .\n\n- Role types:\n<role_list>"
gameplay_tips_structure_replacement,0,,Structure Replacement
gameplay_tips_structure_replacement_info,0,,"- Certain structures can be replaced with the same structure made from a different material. \n- Replacing structures such as walls, beams, and floors will not affect structural stability.\n- Select a building and click the Replace Structure button in the lower-right corner. \n- Each replacement requires resources based on the selected material type. \n- Some replacement options may not be available if the required building material is missing. \n- Once a replacement is selected, a settler with a construction job will rebuild it. \n- Materials from the old structure will be returned to resource piles."
warning_message_room_created,0,,Room created: <room_type>
tutorial_selection_forbidden,0,,Objects cannot be selected during this tutorial step
tutorial_not_available,0,,This functionality is not enabled during the tutorial
tutorial_stash_found,0,,Secret stash found!
tutorial_wrong_construction_size,0,,Building must be placed precisely on the marked area
tutorial_wrong_construction_position,0,,Place building on the marked area
tutorial_wrong_construction_rotation,0,,Rotate the building in the marked direction
tutorial_wrong_roof_size,0,,Drag roofs to cover full building length {0}
tut_start_title,0,,Welcome to Going Medieval
tut_start_info,0,,This tutorial will guide you through the basic concepts of Going Medieval. \n\nSome advanced features will remain locked during this tutorial.
tut_camera_title,0,,Camera Controls
tut_camera_info,0,,"Move, tilt, rotate and zoom camera."
tut_move_camera,0,,"[<style=Shortcut><input:MoveUp><input:MoveLeft><input:MoveDown><input:MoveRight></style>] or [<sprite=""ctrl_right_click"" index=t>] to move"
tut_rotate_camera,0,,"[<sprite=""ctrl_middle_click"" index=t>] and move mouse to tilt and rotate"
tut_zoom_camera,0,,[<style=Shortcut>Mouse wheel</style>] to zoom in and out
tut_time_controls_title,0,,Time Controls
tut_time_controls_info,0,,"Pause, resume, and speed up the game"
tut_normal_speed,0,,Normal speed [<style=Shortcut><input:GameSpeedNormal></style>]
tut_fast_speed,0,,Fast speed [<style=Shortcut><input:GameSpeedFast></style>]
tut_fastest_speed,0,,Fastest speed [<style=Shortcut><input:GameSpeedFaster></style>]
tut_pause_game,0,,Pause [<style=Shortcut><input:GamePause></style>]
tut_stockpile_title,0,,Storing Resources
tut_stockpile_info,0,,Build a Default Stockpile to store resources
tut_open_build_zone,0,,Open the Zone panel
tut_select_stockpile,0,,Select the Default Stockpile
tut_drag_place_building,0,,"Hold [<sprite=""ctrl_left_click"" index=t>] and drag to place the Default Stockpile on the highlighted area"
tut_allow_name,0,,Allowing Resources
tut_allow_info,0,,Your Settlers will only move allowed resources
tut_select_allow,0,,Select Allow from the Orders menu
tut_drag_allow,0,,"Hold [<sprite=""ctrl_left_click"" index=t>] and drag across the resources marked with an <sprite=""forbid_text_icon"" index=t>"
tut_wait_for_haul,0,,Wait for your Settlers to haul items to the Stockpile
tut_walls_name,0,,Build Walls
tut_walls_info,0,,"Place building blueprints. \n<sprite=""tutorial_icon"" index=t><style=Desc>You can place walls individually, or click + drag to place multiple </style>"
tut_open_build_base,0,,Open the Base panel
tut_select_build_wall,0,,Select the Wooden Wall
tut_drag_place_walls,0,,"Hold [<sprite=""ctrl_left_click"" index=t>] and drag to place walls on the marked area"
tut_door_name,0,,Build Door
tut_door_info,0,,You can replace Wall blueprints with Doors and Windows.
tut_select_build_door,0,,Select the Wooden Door
tut_place_door,0,,Click on the marked area to replace this Wall with a Door
tut_wait_to_build,0,,Wait for your Settlers to finish building
tut_floor_name,0,,Build Floors
tut_floor_info,0,,Place floor blueprints
tut_floor_build_base,0,,Open the Base panel
tut_select_build_floor,0,,Select the Wooden Floor
tut_drag_place_floors,0,,"Hold [<sprite=""ctrl_left_click"" index=t>] and drag to place a floor in the marked area"
tut_wait_to_build_floors,0,,Wait for your Settlers to finish building
tut_roof_name,0,,Build Roofs
tut_roof_info,0,,Roofs need at least two points on which to rest. Place them on Walls to complete building the house.
tut_roof_build_base,0,,Open the Base panel
tut_select_build_roof,0,,Select the Thatched Roof
tut_drag_place_roofs,0,,"Hold [<sprite=""ctrl_left_click"" index=t>] and drag to place roofs on the marked area"
tut_wait_to_build_roofs,0,,Wait for your Settlers to finish building
tut_beds_name,0,,Build Furniture
tut_beds_info,0,,Hide Roofs to see inside buildings. Place Hay Sleeping Spots.
tut_hide_roofs,0,,Click highlighted toggle to Hide Roofs.
tut_open_build_furniture,0,,Open the Furniture panel
tut_select_build_bed,0,,Select the Hay Sleeping Spot
tut_place_beds,0,,Place {0} Sleeping Spots inside marked area
tut_wait_to_build_beds,0,,Wait for your Settlers to finish building
tut_forage_name,0,,Foraging
tut_forage_info,0,,Collect some food by harvesting nearby Redcurrant Bushes.
tut_select_harvest,0,,Select Harvest from Orders menu [<style=Shortcut><input:Harvesting></style>]
tut_drag_select_redcurrant,0,,"Hold [<sprite=""ctrl_left_click"" index=t>] and drag to select {0} Redcurrant Bushes"
tut_stockpile_redcurrant,0,,Stockpile at least {0} Redcurrants
tut_campfire_name,0,,Production Buildings
tut_campfire_info,0,,"Settlers can produce goods at Production buildings. For example, a Campfire is used for cooking meals."
tut_open_build_production,0,,Open the Production panel
tut_select_campfire,0,,Select Campfire
tut_place_campfire,0,,"[<sprite=""ctrl_left_click"" index=t>] on the marked spot to place a Campfire blueprint"
tut_wait_to_build_campfire,0,,Wait for your Settlers to finish building
tut_production_name,0,,Producing Goods
tut_production_info,0,,Cook meals at the Campfire.
tut_production_select_campfire,0,,Click on the Campfire to select it and open the Products panel
tut_production_select_meal,0,,Select Simple Meal
tut_production_set_amount,0,,Set amount to {0}
tut_wait_to_produce_meals,0,,Wait for your Settlers to complete production
tut_research_table_name,0,,Research I: Research Table
tut_research_table_info,0,,Build a Basic Research Table
tut_open_production_panel,0,,Open the Production Panel
tut_select_research_table,0,,Select the Basic Research Table
tut_place_research_table,0,,Place the Research Table inside the marked area
tut_wait_to_build_table,0,,Wait for your Settlers to finish building
tut_jobs_name,0,,Settler Job Priorities
tut_jobs_info,0,,"Each Settler has their own Job Priority list. This affects the actions they'll take and the order they'll choose to undertake them. 5 is the lowest Priority, 1 is the highest."
tut_open_jobs,0,,Click on the highlighted Jobs button
tut_set_research_job_priority_1,0,,Set the Research priority for {0} to 2 (high)
tut_set_research_job_priority_2,0,,Set the Research priority for {0} to empty (Settlers won't perform this task)
tut_produce_books_name,0,,Research II: Producing Tomes
tut_produce_books_info,0,,Settlers can produce Chronicles at the Research Table. Chronicles are used to unlock advanced knowledge and technology.
tut_select_books,0,,Select Chronicle
tut_produce_forever,0,,Change the production mode to Forever
tut_wait_to_produce_books,0,,Wait for Settlers to produce {0} Chronicles
tut_research_name,0,,Research III: Unlocking Research
tut_research_info,0,,"Unlock new blueprints, technology, and products in the Research panel."
tut_open_research,0,,Click on the highlighted Research button
tut_select_architecture,0,,Select Architecture
tut_research_unlock,0,,Unlock Architecture to obtain the blueprint for Wooden Beams
tut_protect_stockpile_name,0,,Protecting Resources
tut_protect_stockpile_info,0,,Resources will deteriorate faster when exposed to the elements.
tut_build_floors,0,,Build {0} Wooden Floors. Resources left on the ground deteriorate faster
tut_build_walls,0,,Build {0} Wooden Walls
tut_build_beams,0,,Attach {0} Wooden Beams to the walls to support a Roof
tut_build_roofs,0,,Build Thatched Roofs to provide cover for your resources
tut_layers_name,0,,Layers
tut_layers_info,0,,Each map has up to 16 vertical layers. Move your view to lower layers to see underground.
tut_change_layer_down,0,,Click on the highlighted button or [<style=Shortcut><input:LayerDown></style>] to show Layer {0}
tut_change_layer_up,0,,Click on the highlighted button or [<style=Shortcut><input:LayerUp></style>] to show Layer {0} and go back to the surface
tut_digging_name,0,,Digging
tut_digging_info,0,,Dig terrain to access underground areas or to mine resources.
tut_select_digging,0,,Select Mine from the Orders menu
tut_place_dig_marker,0,,"[<sprite=""ctrl_left_click"" index=t>] on the marked spot to place a dig marker"
tut_wait_for_dig,0,,Wait for a Settler to dig the hole
tut_ladders_name,0,,Ladders
tut_ladders_info,0,,Build ladders to allow Settlers to move between different layers
tut_build_wooden_ladders,0,,"Build {0} Wooden Ladders. \n<sprite=""tutorial_icon"" index=t><style=Desc>Move to layer 4 for a better view</style>"
tut_wait_for_haul_stash,0,,Wait for Settlers to haul the weapons you discovered to the Stockpile
tut_equip_name,0,,Equipping Settlers
tut_equip_info,0,,Equip Settlers with weapons so they can fight and defend themselves
tut_select_settler,0,,Click on a Settler directly or on their icon to select them
tut_right_click_order,0,,"When selected, Settlers can take direct orders. [<sprite=""ctrl_right_click"" index=t>] on a Weapon and select Equip"
tut_equip_all_settlers,0,,Equip each Settler with a weapon
tut_defense_name,0,,Defensive Buildings
tut_defense_info,0,,Build Merlons on the nearby hill to protect Settlers from incoming arrows.
tut_build_merlons,0,,"Build {0} Wooden Merlons. \n<sprite=""tutorial_icon"" index=t><style=Desc>Use [<style=Shortcut><input:RotateLeft></style>] and [<style=Shortcut><input:RotateRight></style>] to rotate blueprints before placing them</style>"
tut_drafting_name,0,,Drafting Settlers
tut_drafting_info,0,,Draft Settlers to control them directly and position them for combat.
tut_drafting_select,0,,"Select and Draft all Settlers. \n<sprite=""tutorial_icon"" index=t><style=Desc>Hold [<sprite=""ctrl_left_click"" index=t>] and drag to select multiple Settlers</style>"
tut_drafting_move_archers,0,,"[<sprite=""ctrl_right_click"" index=t>] in the marked area to move archers. \n<sprite=""tutorial_icon"" index=t><style=Desc>Placing ranged units on higher ground boosts their range and precision</style>
"
tut_drafting_move_spearman,0,,"[<sprite=""ctrl_right_click"" index=t>] in the marked area to move the spearman. \n<sprite=""tutorial_icon"" index=t><style=Desc>Use melee units to block the enemy's path to your ranged units</style>
"
tut_drafting_hold_ground,0,,Select your Drafted Settlers and change their stance to Hold Ground
tut_raid_name,0,,Combat
tut_raid_info,0,,Your Settlement is being attacked!
tut_raid_wait,0,,Watch your Settlers defend their base and wait to see the outcome of the battle
tut_final_name,0,,Tutorial Finished
tut_final_info,0,,Congratulations! You are now ready to start a new game and Go Medieval!
tutorial_warning_description,0,,This seems to be the first time you are running Going Medieval. We suggest you go through the tutorial scenario if you have not played colony sim games before.
tutorial_warning_answer_new_game,0,,"No thanks, I'm good"
tutorial_warning_answer_tutorial,0,,Let's play the tutorial first
general_step,0,,Step
more_info_show,0,,Show more info
more_info_hide,0,,Hide more info
more_info_scenario,0,,"The scenario <style=DefaultYellow>A New Life</style> is recommended for those new to Going Medieval. You begin with three settlers and a good amount of supplies. You start in Spring, which gives plenty of time to stock up before the harsh Winter arrives.\n\n Additional settings and details for each scenario are available, but we recommend sticking with the defaults for your first settlement."
more_info_map,0,,"The <style=DefaultYellow>Valley</style> map type is recommended for new players. Basic resources like clay and wood are plentiful there, and the soil is fertile for growing crops. \n\nUse the Region view for a broad picture of where your settlement will be located within the surrounding region. The Map Type will determine the immediate terrain within your settlement."
more_info_settlers,0,,"These are the diverse individuals you will start your settlement with. Take a moment to explore and perhaps reroll their characteristics. \n\n An ideal starting group has a good distribution of skill levels and job preferences, but there are no wrong answers for your first settlement."
tutorial_game_paused,0,,Game paused
tutorial_game_unpaused,0,,Game unpaused
options_show_gameplay_tips,0,,Show Gameplay tips
options_show_tutorials,0,,Show Tutorial tips
options_show_gameplay_tips_info,0,,This is recommended for players new to Going Medieval.
tutorial_loading_screen_title,0,,Tutorial
tutorial_loading_screen_description,0,,"This is a temporary map which has been designed to teach you the basic controls and introduce you to some of the systems Going Medieval has to offer.\n\nWhen the tutorial is over, you can start your first 'proper' settlement!"
general_log,0,,Log
life_event_type_Conversation,0,,Conversation
life_event_type_Combat,0,,Combat
life_event_type_Misc,0,,Misc
life_event_type_Health,0,,Health
show_full_log,0,,Show full log
affection_level_0,0,,Rival
affection_level_1,0,,Acquaintance
affection_level_2,0,,Friend
bbt_settler_not_available,0,,Can't select this settler
bbt_animal_not_available,0,,Can't select this animal
bbt_enemy_not_available,0,,Can't select this enemy
most_recent_interactions,0,,Most recent interactions
Patterns,0,,
conversation_default_pattern,0,,"<agent_name> <action> <topic> with <target_name>, <who> <reaction_verb> <reaction>"
log_who,0,,who
settled_together_pattern,0,,<agent_name> arrived to <village_name>
battled_together_pattern,0,,<agent_name> battled with <target_name>
carried_to_bed_pattern,0,,<agent_name> carried  unconciouss <target_name> to bed
tended_wounds_pattern,0,,<agent_name> tended <target_name>'s wounds
died_rival_pattern,0,,<agent_name> was happy that <target_name> was dead
died_neutral_pattern,0,,<agent_name> was sad that <target_name> was dead
died_friend_pattern,0,,<agent_name> was devastated that <target_name> was dead
banished_rival_pattern,0,,<agent_name> was happy that <target_name> was finally banished
banished_neutral_pattern,0,,<agent_name> was sad that <target_name> was banished
banished_friend_pattern,0,,<agent_name> was devastated that <target_name> was banished
combat_hit_pattern,0,,<attacker_name> <hit_action> <defender_name><hit_description><with><weapon_name>
combat_hit_unarmed_pattern,0,,<attacker_name> <hit_action> <defender_name>
combat_hit_beast_pattern,0,,<attacker_name> <hit_action> <defender_name>
combat_block_pattern,0,,<defender_name>'s <armor_name> <block_description>
status_friend_start,0,,<agent_name> now considers <target_name> a friend.
status_friend_stop,0,,<agent_name> no longer considers <target_name> a friend.
status_rival_start,0,,<agent_name> considers  <target_name> a rival.
status_rival_stop,0,,<agent_name> has calmed down and no longer sees <target_name> as a rival.
status_change_reason,0,,The reason was: <event>
status_belief_change,0,,<agent_name> has converted to <belief_status>. <previous_belief_status> no longer felt meaningful enough.
bbt_has_become_item,0,,<agent_name>'s remains have been crafted into a <item>
miss_description_default_1,0,,"<defender_name> was terrified, but <attacker_name> proved clumsy, and ineffective"
miss_description_default_2,0,,<defender_name> heard <attacker_name> curse as the blow did not connect
miss_description_default_3,0,,<defender_name> was thankful that <attacker_name> was wide of the mark
miss_description_default_4,0,,"Fortunately for <defender_name>, <attacker_name> bungled the attack"
miss_description_default_5,0,,<defender_name> was extremely lucky that <attacker_name> mistimed the attack
miss_description_default_6,0,,"<attacker_name>'s blow glanced off, and <defender_name> was unharmed."
miss_description_default_7,0,,"<attacker_name> roared, enfuriated that #2[he/she] missed <defender_name>."
miss_description_default_8,0,,"<defender_name> berated <attacker_name>, mocking their terrible aim"
miss_description_default_9,0,,"<attacker_name> went astray, narrowly missing <defender_name>"
miss_description_default_10,0,,<attacker_name>'s attempt was in vain. <defender_name> remained unscathed.
evade_description_default_1,0,,<defender_name> evaded <attacker_name> by leaping aside
evade_description_default_2,0,,It was down to <defender_name>'s hasty retreat that <attacker_name> was thwarted
evade_description_default_3,0,,"<defender_name> deftly gave <attacker_name> the slip, and survived"
evade_description_default_4,0,,<defender_name> avoided <attacker_name>'s assault by ducking
evade_description_default_5,0,,"<defender_name> tripped over, and <attacker_name>'s blow failed to land"
evade_description_default_6,0,,<defender_name> was amazed to be unscathed. <attacker_name> couldn't understand it either.
evade_description_default_7,0,,"More by accident than design, <defender_name> sent <attacker_name> flying."
evade_description_default_8,0,,<defender_name> dodged aside and was spared
evade_description_default_9,0,,<defender_name> parried <attacker_name>'s attack with a flourish
evade_description_default_10,0,,<defender_name> rapidly got out of <attacker_name>'s sightline
last_words_pattern,0,,"<agent_name>'s last words were: ""<last_words>"""
health_wounding_pattern,0,,<agent_name> <wounding> <wound_name>
health_healing_pattern,0,,<agent_name> <healing> <target_name>'s <wound_name>
health_carrying_pattern,0,,<agent_name> <carrying_verb> <carrying_adjective> <target_name>
Pattern Elements,0,,
action_verynegative_1,0,,launched into a tirade about
action_verynegative_2,0,,got into an altercation about
action_verynegative_3,0,,complained bitterly about
action_negative_1,0,,got pretty heated conversing about
action_negative_2,0,,broached the topic of
action_negative_3,0,,grumbled on about
action_negative_4,0,,would have preferred to avoid discussing
action_neutral_1,0,,started a discussion about
action_neutral_2,0,,had ideas to share about
action_neutral_3,0,,wanted a debate about
action_neutral_4,0,,needed to talk about
action_neutral_5,0,,chatted about
action_neutral_6,0,,started a conversation about
action_neutral_7,0,,had time for a chat about
action_neutral_8,0,,got around to the subject of 
action_neutral_9,0,,spoke about
action_neutral_10,0,,had plenty to say about
action_neutral_11,0,,shared comments regarding
action_positive_1,0,,was keen to talk about
action_positive_2,0,,began a cordial discussion about
action_positive_3,0,,indulged in some light banter about
action_verypositive_1,0,,spoke warmly about
action_verypositive_2,0,,particularly appreciated chatting about
action_verypositive_3,0,,savoured little conversations about
action_verypositive_4,0,,could while away hours discussing
topic_smalltalk_1,0,,the weather
topic_smalltalk_2,0,,dog training
topic_smalltalk_3,0,,owning cats
topic_smalltalk_4,0,,cattle
topic_smalltalk_5,0,,the cooking rota
topic_smalltalk_6,0,,food storage
topic_smalltalk_7,0,,trees
topic_smalltalk_8,0,,wild flowers
topic_smalltalk_9,0,,the habits of birds
topic_smalltalk_10,0,,the merits of turnips
topic_smalltalk_11,0,,art and artists
topic_smalltalk_12,0,,jousting
topic_smalltalk_13,0,,sword fighting
topic_smalltalk_14,0,,archery techniques
topic_smalltalk_15,0,,what was for supper
topic_smalltalk_16,0,,planting herbs
topic_smalltalk_17,0,,the strange smell
topic_smalltalk_18,0,,windmills
topic_smalltalk_19,0,,rats in the store again
topic_smalltalk_20,0,,feast days
topic_smalltalk_21,0,,pilgrimages
topic_smalltalk_22,0,,Saint Fiacre’s curse
topic_smalltalk_23,0,,fleas and ticks
topic_smalltalk_24,0,,catching rabbits
topic_smalltalk_25,0,,the best fishing spots
topic_smalltalk_26,0,,haymaking
topic_smalltalk_27,0,,good dye plants
topic_smalltalk_28,0,,basket weaving
topic_smalltalk_29,0,,broken fences
topic_smalltalk_30,0,,lumpy beds
topic_smalltalk_31,0,,achey joints
topic_smalltalk_32,0,,wrestling
topic_smalltalk_33,0,,chess
topic_smalltalk_34,0,,darning hose
topic_smalltalk_35,0,,Shrovetide football
topic_smalltalk_36,0,,the great cattle plague
topic_personal_1,0,,appropriate outfit choices
topic_personal_2,0,,personal differences
topic_personal_3,0,,bravery - or the lack of it - 
topic_personal_4,0,,who was more intelligent
topic_personal_5,0,,friendship
topic_personal_6,0,,sense of humour
topic_personal_7,0,,charitable actions
topic_personal_8,0,,curmudgeonly behaviour
topic_personal_9,0,,dishonesty
topic_personal_10,0,,forbearance and kindness
topic_personal_11,0,,idleness and shirking duties
topic_personal_12,0,,keeping the noise down 
topic_personal_13,0,,some hurtful gossip
topic_personal_14,0,,a recent argument
topic_personal_15,0,,spitefulness
topic_personal_16,0,,unfairness
topic_personal_17,0,,acting grumpy
topic_personal_18,0,,the importance of neatness
topic_personal_19,0,,being on edge
topic_personal_20,0,,keeping things civil
topic_personal_21,0,,how to improve one's popularity
topic_personal_22,0,,common courtesy
topic_personal_23,0,,selfishness
topic_personal_24,0,,taking matters more seriously
topic_personal_25,0,,tomfoolery
topic_personal_26,0,,overcoming shyness
topic_personal_27,0,,constant daydreaming
topic_personal_28,0,,dull-witted blundering
topic_personal_29,0,,the distinction between wisdom and hubris
topic_personal_30,0,,frequent drunkenness
topic_personal_31,0,,an unpaid debt
topic_personal_32,0,,a painful incident
topic_personal_33,0,,hygiene and bathing
topic_personal_34,0,,galantry
topic_personal_35,0,,geniality
topic_beliefoakbrethren_1,0,,avoiding religious indoctrination
topic_beliefoakbrethren_2,0,,allowing dissection
topic_beliefoakbrethren_3,0,,the wizard Roger Bacon
topic_beliefoakbrethren_4,0,,whether baptism truly banishes evil
topic_beliefoakbrethren_5,0,,polytheism and superstition
topic_beliefoakbrethren_6,0,,the animism of the Celts
topic_beliefoakbrethren_7,0,,druidic rites at the long barrow
topic_beliefoakbrethren_8,0,,dragons under the hills
topic_beliefoakbrethren_9,0,,nicor and other water spirits
topic_beliefoakbrethren_10,0,,blood sacrifices in public
topic_beliefrestitution_1,0,,obedience to divine authority
topic_beliefrestitution_2,0,,adherence to religion 
topic_beliefrestitution_3,0,,Francis of Assisi 
topic_beliefrestitution_4,0,,Thomas Aquinas
topic_beliefrestitution_5,0,,the ecstasies of women mystics
topic_beliefrestitution_6,0,,whether priests should marry
topic_beliefrestitution_7,0,,the Dominican order
topic_beliefrestitution_8,0,,the cost of the Children's Crusade
topic_beliefrestitution_9,0,,the hope of salvation
topic_beliefrestitution_10,0,,"the immanence of God, and stoicism"
topic_beliefrestitution_11,0,,the sin of bigamy 
topic_belief_1,0,,Galen's teaching
topic_belief_2,0,,who really started the Crusades
topic_belief_3,0,,the dialectical method of scholasticism
topic_belief_4,0,,Avicenna's ideas on Aristotle
topic_belief_5,0,,reliance on astrology 
topic_belief_6,0,,demons causing sickness
topic_belief_7,0,,witchcraft and healing
topic_belief_8,0,,reintroducing feudalism
topic_belief_9,0,,the ideal of courtly love
topic_belief_10,0,,the monarchy
topic_belief_11,0,,Piers Gaveston
topic_belief_12,0,,cannibalism
topic_belief_13,0,,pagans inventing new rituals
reaction_verb_default_1,0,,seemed
reaction_verb_default_2,0,,appeared
reaction_verb_default_3,0,,sounded
reaction_verb_default_4,0,,looked
reaction_verb_default_5,0,,was unusually
reaction_verb_default_6,0,,was
reaction_verynegative_1,0,,shocked
reaction_verynegative_2,0,,upset
reaction_verynegative_3,0,,disturbed
reaction_verynegative_4,0,,confrontational
reaction_verynegative_5,0,,miserable
reaction_verynegative_6,0,,frustrated
reaction_negative_1,0,,troubled
reaction_negative_2,0,,annoyed
reaction_negative_3,0,,disapproving
reaction_negative_4,0,,put out
reaction_negative_5,0,,keen to argue
reaction_negative_6,0,,withdrawn
reaction_negative_7,0,,pathetic
reaction_negative_8,0,,anxious to leave
reaction_neutral_1,0,,mischievous 
reaction_neutral_2,0,,confused about it
reaction_neutral_3,0,,indifferent
reaction_neutral_4,0,,distracted
reaction_neutral_5,0,,baffled
reaction_neutral_6,0,,nonchalant
reaction_neutral_7,0,,oblivious
reaction_neutral_8,0,,at ease
reaction_neutral_9,0,,childish
reaction_neutral_10,0,,unruffled
reaction_positive_1,0,,entertained 
reaction_positive_2,0,,coy
reaction_positive_3,0,,hopeful 
reaction_positive_4,0,,thankful
reaction_positive_5,0,,appreciative
reaction_positive_6,0,,interested
reaction_verypositive_1,0,,enthusiastic 
reaction_verypositive_2,0,,excited
reaction_verypositive_3,0,,amused
reaction_verypositive_4,0,,flirtatious
reaction_verypositive_5,0,,spellbound
hit_action_default_1,0,,attacked
hit_action_default_2,0,,came at
hit_action_default_3,0,,struck
hit_action_default_4,0,,advanced upon
hit_action_default_5,0,,assailed
hit_action_default_6,0,,assaulted
hit_action_default_7,0,,beset
hit_action_default_8,0,,lay into
hit_action_default_9,0,,set upon
hit_action_default_10,0,,surprised
hit_action_default_11,0,,ambushed
hit_action_default_12,0,,hemmed in
hit_action_default_13,0,,rounded upon
hit_action_default_14,0,,flew at
hit_action_default_15,0,,blindsided
hit_action_ranged_1,0,,shot at
hit_action_ranged_2,0,,targeted
hit_action_ranged_3,0,,unleashed missiles upon
hit_action_ranged_4,0,,fired upon
hit_action_ranged_5,0,,shot down
hit_action_ranged_6,0,,bombarded
hit_action_ranged_7,0,,launched at
hit_action_ranged_8,0,,opened fire on
hit_action_ranged_9,0,,aimed towards
hit_action_ranged_10,0,,set [his/her] sights upon
hit_action_ranged_11,0,,loosed towards
hit_action_sharp_1,0,,pounced upon
hit_action_sharp_2,0,,chopped down
hit_action_sharp_3,0,,sliced
hit_action_sharp_4,0,,hacked
hit_action_sharp_5,0,,hewed
hit_action_sharp_6,0,,impaled
hit_action_sharp_7,0,,gashed
hit_action_sharp_8,0,,slashed
hit_action_sharp_9,0,,jabbed
hit_action_sharp_10,0,,shanked
hit_action_sharp_11,0,,tore at
hit_action_pointy_1,0,,lunged at
hit_action_pointy_2,0,,charged into
hit_action_pointy_3,0,,rushed at
hit_action_pointy_4,0,,harried
hit_action_pointy_5,0,,impaled
hit_action_pointy_6,0,,gashed
hit_action_pointy_7,0,,gored
hit_action_pointy_8,0,,pierced
hit_action_pointy_9,0,,spiked
hit_action_pointy_10,0,,skewered
hit_action_pointy_11,0,,punctured
hit_action_blunt_1,0,,lunged at
hit_action_blunt_2,0,,bashed
hit_action_blunt_3,0,,beat
hit_action_blunt_4,0,,pounced upon
hit_action_blunt_5,0,,clubbed
hit_action_blunt_6,0,,pounded
hit_action_blunt_7,0,,battered
hit_action_blunt_8,0,,cannoned into
hit_action_blunt_9,0,,mangled
hit_action_blunt_10,0,,felled
hit_action_blunt_11,0,,ravaged
beast_hit_action_default_1,0,,mauled
beast_hit_action_default_2,0,,savaged
beast_hit_action_default_3,0,,mangled
beast_hit_action_default_4,0,,brutalized
beast_hit_action_default_5,0,,chased
beast_hit_action_default_6,0,,harried
beast_hit_action_default_7,0,,attacked
beast_hit_action_clawed_1,0,,clawed
beast_hit_action_clawed_2,0,,tore at
beast_hit_action_clawed_3,0,,ripped into
beast_hit_action_clawed_4,0,,slashed at
beast_hit_action_clawed_5,0,,scratched
beast_hit_action_clawed_6,0,,gouged
beast_hit_action_hoofed_1,0,,trampled
beast_hit_action_hoofed_2,0,,bit
beast_hit_action_hoofed_3,0,,stomped on
beast_hit_action_hoofed_4,0,,barged into
beast_hit_action_hoofed_5,0,,squashed
beast_hit_action_hoofed_6,0,,battered
beast_hit_action_bird_1,0,,dug its sharp claws into
beast_hit_action_bird_2,0,,pecked
beast_hit_action_bird_3,0,,flew at
beast_hit_action_bird_4,0,,nipped
beast_hit_action_bird_5,0,,gouged
beast_hit_action_bird_6,0,,harassed
block_description_default_1,0,,mercifully blocked the blow
block_description_default_2,0,,absorbed the damage
block_description_default_3,0,,repelled the force of the blow
block_description_default_4,0,,gave adequate protection
block_description_default_5,0,,"proved its worth, saving [him/her] from certain death"
block_description_default_6,0,,gave life-saving protection
block_description_default_7,0,,averted the worst of the attack
block_description_default_8,0,,guarded [him/her] from injury
block_description_default_9,0,,allowed [him/her] to remain unscathed
block_description_default_10,0,,"proved impregnable, saving [him/her]"
block_description_default_11,0,,miraculously deflected the attack
hit_description_fatal_1,0,,brutally
hit_description_fatal_2,0,,relentlessly
hit_description_fatal_3,0,,furiously
hit_description_fatal_4,0,,forcefully
hit_description_fatal_5,0,,powerfully
hit_description_fatal_6,0,,fiercely
hit_description_fatal_7,0,,ruthlessly
hit_description_fatal_8,0,,ferociously
hit_description_fatal_9,0,,skillfully
hit_description_default_1,0,,spitefully
hit_description_default_2,0,,deliberately
hit_description_default_3,0,,purposefully
hit_description_default_4,0,,methodically
hit_description_default_5,0,,enthusiastically
hit_description_default_6,0,,cruelly
hit_description_default_7,0,,competently
hit_description_default_8,0,,adequately
hit_description_default_9,0,,admirably
with_default_1,0,,with
with_default_2,0,,with [his/her]
wounding_default_1,0,,sustained a
wounding_default_2,0,,received a
wounding_default_3,0,,screamed for help with [his/her]
wounding_default_4,0,,became deranged over [his/her]
wounding_default_5,0,,"remained calm, despite [his/her]"
wounding_default_6,0,,was alarmed by [his/her]
wounding_default_7,0,,immediately felt [his/her]
wounding_default_8,0,,"sobbed uncontrollably, knowing [he/she] had a"
wounding_default_9,0,,ended up with a
wounding_default_10,0,,realised [he/she] had a
wounding_default_11,0,,barely understood [he/she] had a
wounding_default_12,0,,suffered a
wounding_default_13,0,,felt the searing pain of a
wounding_default_14,0,,acquired a
wounding_default_15,0,,now had to cope with a
wounding_default_16,0,,was subjected to a
carrying_verb_1,0,,hauled away
carrying_verb_2,0,,bravely rescued
carrying_verb_3,0,,gently carried
carrying_verb_4,0,,heroically saved
carrying_verb_5,0,,quickly retrieved
carrying_verb_6,0,,rapidly recovered
carrying_verb_7,0,,grabbed
carrying_verb_8,0,,collected
carrying_verb_9,0,,brought back
carrying_verb_10,0,,safely delivered
carrying_verb_11,0,,extricated
carrying_verb_12,0,,pulled out
carrying_verb_13,0,,fetched
carrying_verb_14,0,,escorted
carrying_verb_15,0,,shouldered
carrying_verb_16,0,,lugged
carrying_verb_17,0,,hefted
carrying_adjective _1,0,,unconscious
carrying_adjective _2,0,,bleeding
carrying_adjective _3,0,,wounded
carrying_adjective _4,0,,injured
carrying_adjective _5,0,,mangled
carrying_adjective _6,0,,maimed
carrying_adjective _7,0,,scorched
carrying_adjective _8,0,,starving
death_default_1,0,,<agent_name> perished.
death_default_2,0,,"<agent_name> drew [his/her] last, ragged breath."
death_default_3,0,,<agent_name> died.
death_default_4,0,,<agent_name> died a lingering death.
death_default_5,0,,<agent_name> relinquished life.
death_default_6,0,,"And thus, <agent_name> expired."
death_default_7,0,,<agent_name> died instantly.
death_default_8,0,,<agent_name> died horribly.
death_default_9,0,,"<agent_name> fell asleep, never to awaken."
death_default_10,0,,<agent_name> was dead as a doornail.
death_default_11,0,,"<agent_name> fell, stone dead."
death_human_1,0,,"<agent_name> departed this life, a strange smile on [his/her] lips."
death_human_2,0,,<agent_name> laid down [his/her] life.
death_human_3,0,,<agent_name> passed from this life.
death_human_4,0,,This was the day <agent_name> met [his/her] demise.
death_human_5,0,,<agent_name> knew [he/she] would now meet [his/her] maker.
death_human_6,0,,<agent_name> knew this was the end.
death_human_7,0,,"Alas, <agent_name> lives no more."
death_human_8,0,,<agent_name> felt [his/her] vision dim. Death awaited [him/her].
death_human_9,0,,<agent_name> succumbed to the Reaper's scythe
death_human_10,0,,<agent_name> felt borne aloft by Azrael's wings as [he/she] died
death_human_11,0,,<agent_name> heard a pale horse approach. Death was upon [him/her].
death_human_12,0,,"<agent_name> saw [his/her] own body far below, and understood it was over."
death_human_13,0,,<agent_name> fought. But the Fates had already cut [his/her] mortal thread.
death_human_14,0,,The Morrígan's ravens circled above. <agent_name> embraced death.
death_human_15,0,,<agent_name> surrendered to death's icy embrace.
death_human_16,0,,<agent_name> drifted from the shores of the living. The ferryman was waiting.
death_human_17,0,,<agent_name> was ready to let go. Time to die.
death_human_18,0,,<agent_name> gave up the ghost. It was all over.
death_human_19,0,,"As <agent_name> took a final breath,  the world's mysteries faded into oblivion."
lastwords_default_1,0,,Is that all?
lastwords_default_2,0,,...
lastwords_default_3,0,,Until we meet again.
lastwords_default_4,0,,Haven't I said enough?
lastwords_default_5,0,,I need a drink.
lastwords_default_6,0,,It's a leap into the dark.
lastwords_default_7,0,,I'm so cold.
lastwords_default_8,0,,It's full of stars.
lastwords_default_9,0,,I'll tell you where I hid my gold...
lastwords_default_10,0,,I taste death upon my lips.
lastwords_default_11,0,,Goodnight.
lastwords_default_12,0,,Better to burn out than fade away
lastwords_default_13,0,,I've had a good run.
lastwords_default_14,0,,What a great place to die.
lastwords_default_15,0,,I'm off.
lastwords_default_16,0,,I repent!
lastwords_default_17,0,,The rest is silence.
lastwords_default_18,0,,I feel the cold hand of death
lastwords_default_19,0,,Mercy! Mercy!
lastwords_default_20,0,,"Wait, I must put my affairs in order"
lastwords_default_21,0,,"O Death, where is your sting?"
lastwords_default_22,0,,I'll haunt you. Just you wait and see!
lastwords_default_23,0,,"Put me under the hill, with the Faery King."
lastwords_default_24,0,,Wait! I must confess!
healing_default_1,0,,treated
healing_default_2,0,,cared for
healing_default_3,0,,tended
healing_default_4,0,,cleaned up
healing_default_5,0,,nursed
healing_default_6,0,,ministered to
healing_default_7,0,,assisted with
healing_default_8,0,,helped with
healing_default_9,0,,remedied
healing_default_10,0,,soothed
healing_default_11,0,,patched up
healing_default_12,0,,saw to
healing_default_13,0,,watched over
unconscious_default_1,0,,<agent_name> passed out.
unconscious_default_2,0,,"<agent_name> swooned, unconscious."
unconscious_default_3,0,,<agent_name> blacked out.
unconscious_default_4,0,,<agent_name> appeared comatose.
unconscious_default_5,0,,<agent_name> was out cold.
unconscious_default_6,0,,<agent_name> collapsed.
unconscious_default_7,0,,<agent_name> keeled over.
unconscious_default_8,0,,<agent_name> fainted.
unconscious_default_9,0,,<agent_name> was unresponsive.
unconscious_default_10,0,,<agent_name> seemed dead to the world.
unconscious_default_11,0,,<agent_name> was totally inert.
unconscious_default_12,0,,<agent_name> lost consciousness.
unconscious_default_13,0,,<agent_name> slumped to the ground.
unconscious_default_14,0,,<agent_name> was rendered senseless
unconscious_default_15,0,,<agent_name> fell into a stupor.
event_backgammon_positive,0,,<target_name> is quite the strategist. <agent_name> thoroughly enjoyed having #2[him/her] as an opponent.
event_backgammon_negative,0,,<agent_name> knew <target_name> couldn't be trusted. It was obvious #2[he/she] tried to move the backgammon counters when no one was watching.
event_ate_at_table_positive,0,,"Not only was the food delicious, but <agent_name> also found <target_name> to be wonderful company."
event_ate_at_table_negative,0,,"<agent_name> could not comprehend how <target_name> chewed so loudly, and was so lacking in table manners."
event_prayed_together_positive,0,,<agent_name> enjoyed <target_name>'s soothing presence when they prayed together. It brought #1[him/her] peace.
event_prayed_together_negative,0,,<agent_name> needed a quiet moment of reflection. But <target_name>'s theatrical devotions made it impossible.
event_slept_in_same_room_positive,0,,"<agent_name> felt cozy, and was always well-rested when sleeping alongside <target_name>"
event_slept_in_same_room_negative,0,,"<agent_name> was the worst room mate ever, snoring fit to lift the rafters. <target_name> couldn't get any rest."
event_saw_drunk_settler_positive,0,,<agent_name> thought <target_name> was an absolute scream when #2[he/she] was tipsy. They had such a laugh together.
event_saw_drunk_settler_negative,0,,<agent_name> couldn't stand <target_name> when #2[he/she] was under the influence. <target_name> would be either argumentitive or dejected.
event_saw_cannibal_butchering_positive,0,,<agent_name> was frankly impressed with how deftly <target_name> could carve up a corpse.
event_saw_cannibal_butchering_negative,0,,<agent_name> couldn't bear to watch <target_name> filleting a human body.
event_saw_cannibal_cooking_positive,0,,<agent_name> wanted to see what <target_name> would serve up. #2[He/She] always got creative when human meat was on the menu.
event_saw_cannibal_cooking_negative,0,,<agent_name> could smell <target_name> barbecuing human steaks. It made #1[him/her] feel sick with revulsion.
event_saw_cannibal_eating_positive,0,,<agent_name> thought eating a bit of human meat might do <target_name> good. 
event_saw_cannibal_eating_negative,0,,<target_name> was tucking in to human meat. <agent_name> thoroughly disapproved.
event_saw_failed_construction_positive,0,,"<agent_name> could see that <target_name> was struggling with construction, and felt sorry for #2[him/her]."
event_saw_failed_construction_negative,0,,"<agent_name> thought <target_name> was letting everyone down, with such shoddy construction"
event_saw_failed_harvest_positive,0,,"<agent_name> realised that <target_name> had made a mess of harvesting, and wondered if #1[he/she] should offer some help in future."
event_saw_failed_harvest_negative,0,,<agent_name> was furious that <target_name> had ruined the harvest. #1[He/She] hated to see so much hard work go to waste.
event_saw_failed_digging_positive,0,,"<agent_name> thought perhaps <target_name> could benefit from some guidance, since #2[his/her] excavation wasn't yielding much"
event_saw_failed_digging_negative,0,,"<agent_name> couldn't believe <target_name> had been digging for so long, and had produced so little."
event_saw_failed_chopping_negative,0,,<agent_name> saw a fine tree hacked amateurishly by <target_name> and really felt like giving <target_name> a piece of #1[his/her] mind.
event_saw_failed_chopping_positive,0,,"<agent_name> couldn't help but laugh, as <target_name> was the most cack-handed of sawyers."
event_saw_flimsy_production_positive,0,,<agent_name> liked to see <target_name> test their creativity. Even if the resulting <item_name> wasn't up to scratch.
event_saw_flimsy_production_negative,0,,"<agent_name> was dismayed that <target_name>  had wasted materials, only to produce an unusable <item_name>."
event_saw_flawless_production_negative,0,,<agent_name> was green with envy when <target_name> showed off #2[his/her] fine <item_name>. 
event_saw_flawless_production_positive,0,,<agent_name> had never seen such a well-made <item_name>. #1[He/She] thought <target_name> should be proud of it.
event_consumed_food_positive,0,,<agent_name> always looked forward to <target_name>'s mouthwatering meals.
event_consumed_food_negative,0,,<agent_name> dreaded finding out what would be served up when <target_name> was cooking.
event_consumed_drink_positive,0,,<agent_name> knew #1[he/she] could look forward to a satisfying beverage if <target_name> had made it.
event_consumed_drink_negative,0,,"<agent_name> wished <target_name> would stop making disgusting beverages, so that #1[he/she] wouldn't be obliged to drink them."
event_interacted_with_chair_positive,0,,<agent_name> was absolutely delighted that <target_name> had made this <item_name>
event_interacted_with_chair_negative,0,,<agent_name> thought this might just be the most uncomfortable <item_name> <target_name> had ever made.
event_interacted_with_art_positive,0,,<agent_name> always enjoyed gazing upon this <item_name> <target_name> created.
event_interacted_with_art_negative,0,,<agent_name> wished <target_name> had never made such an ugly <item_name>.
event_interacted_with_bed_positive,0,,<agent_name> felt so comfy in this lovely <item_name> <target_name> built.
event_interacted_with_bed_negative,0,,<agent_name> really hated this horrid <item_name> <target_name> built.
event_interacted_with_weapon_positive,0,,<agent_name> was impresed that <target_name>'s <item_name> hadn't let them down.
event_interacted_with_weapon_negative,0,,"How typical of <target_name> to make me a useless <item_name>, <agent_name> whinged."
event_interacted_with_shield_positive,0,,"<target_name>'s  <item_name> is really holding up well, <agent_name> thought."
event_interacted_with_shield_negative,0,,"This <item_name> <target_name> made is a piece of junk, <agent_name> grumbled."
event_interacted_with_armour_positive,0,,<agent_name> was indebted to <target_name> for making such a sturdy <item_name>.
event_interacted_with_armour_negative,0,,<agent_name> wished #1[he/she] hadn't trusted <target_name> with making this <item_name>.
event_interacted_with_garment_positive,0,,<agent_name> enjoyed wearing the <item_name> <target_name> had made so skilfully.
event_interacted_with_garment_negative,0,,"<agent_name> was terribly uncomfortable wearing this <item_name>, which <target_name> can't have tailored properly."
effector_name_AffectionPlayedBackgammonPositive,0,,An enjoyable game of Backgammon
effector_name_AffectionPlayedBackgammonNegative,0,,Blatantly cheated at Backgammon
effector_name_AffectionAteAtTablePositive,0,,A convivial meal together
effector_name_AffectionAteAtTableNegative,0,,A disagreeable mealtime
effector_name_AffectionPrayedTogetherPositive,0,,A sincere prayer together
effector_name_AffectionPrayedTogetherNegative,0,,A disquieting prayer together
effector_name_AffectionSleptInSameRoomPositive,0,,An easy bedfellow
effector_name_AffectionSleptInSameRoomNegative,0,,A nightmare to sleep near
effector_name_AffectionSawDrunkSettlerPositive,0,,Saw [Him/Her] hilariously drunk
effector_name_AffectionSawDrunkSettlerNegative,0,,Saw [Him/Her] horribly drunk
effector_name_AffectionSawCannibalButcheringPositive,0,,Saw [Him/Her] skillfully butchering another human being
effector_name_AffectionSawCannibalButcheringNegative,0,,Saw [Him/Her] gruesomely butchering another human being
effector_name_AffectionSawCannibalCookingPositive,0,,Saw [Him/Her] cooking with delicious human meat
effector_name_AffectionSawCannibaCookingNegative,0,,Saw [Him/Her] cooking with repulsive human meat
effector_name_AffectionSawCannibalEatingPositive,0,,Saw [Him/Her] enjoying tasty human flesh
effector_name_AffectionSawCannibalEatingNegative,0,,Saw [Him/Her] consuming revolting human flesh
effector_name_AffectionConsumedFoodPositive,0,,Ate a delicious meal that [he/she] made
effector_name_AffectionConsumedFoodNegative,0,,Ate an unappetising meal that [he/she] made
effector_name_AffectionConsumedDrinkPositive,0,,Drank a refreshing beverage that [he/she] made
effector_name_AffectionConsumedDrinNegative,0,,Drank a flavourless beverage that [he/she] made
effector_name_AffectionSawFailedConstructionPositive,0,,[He/She] did some hilariously poor construction
effector_name_AffectionSawFailedConstructionNegative,0,,[He/She] did some worryingly poor construction
effector_name_AffectionSawFailedHarvestPositive,0,,[He/She] ruined a harvest
effector_name_AffectionSawFailedHarvestNegative,0,,[He/She] ruined a harvest
effector_name_AffectionSawFailedDiggingPositive,0,,[He/She] mangled a mining yield
effector_name_AffectionSawFailedDiggingNegative,0,,[He/She] mangled a mining yield
effector_name_AffectionSawFailedChoppingPositive,0,,[He/She] botched a harvest
effector_name_AffectionSawFailedChoppingNegative,0,,[He/She] botched a harvest
effector_name_AffectionSawFlimsyProductionPositive,0,,[He/She] created an inferior item
effector_name_AffectionSawFlimsyProductionNegative,0,,[He/She] created an inferior item
effector_name_AffectionSawFlawlessProductionPositive,0,,[He/She] impressively created a masterful item
effector_name_AffectionSawFlawlessProductionNegative,0,,[He/She] boastfully created a masterful item
effector_name_AffectionInteractedWithChairPositive,0,,[He/She] has great taste in furniture
effector_name_AffectionInteractedWithChairNegative,0,,[He/She] makes furniture that I really dislike
effector_name_AffectionInteractedWithArtPositive,0,,[He/She] has made a tasteful art collection
effector_name_AffectionInteractedWithArtNegative,0,,[He/She] likes really ugly art
effector_name_AffectionInteractedWithBedPositive,0,,[He/She] has great taste in furniture
effector_name_AffectionInteractedWithBedNegative,0,,[He/She] makes furniture that I really dislike
effector_name_AffectionInteractedWithWeaponPositive,0,,[He/She] created a magnificent weapon
effector_name_AffectionInteractedWithWeaponNegative,0,,[He/She] created an inferior weapon
effector_name_AffectionInteractedWithShieldPositive,0,,[He/She] created a shield that gives great protection
effector_name_AffectionInteractedWithShieldNegative,0,,[He/She] created a shield that is all but useless
effector_name_AffectionInteractedWithArmouPositive,0,,[He/She] created a great piece of armour
effector_name_AffectionInteractedWithArmouNegative,0,,[He/She] created an inadequate piece of armour
effector_name_AffectionInteractedWithGarmentPositive,0,,[He/She] crafted a beautiful garment
effector_name_AffectionInteractedWithGarmentNegative,0,,[He/She] crafted an ill-fitting garment
event_belief_near_death_christian_to_pagan,0,,"In the face of death, <agent_name> found no comfort in the Lord, only darkness and terror. [His/Her] faith crumbled."
event_belief_near_death_pagan_to_christian,0,,"There were no horns of mead in Tír na nÓg awaiting <agent_name>, who felt only hollowness in death's bitter embrace."
event_belief_intoxication_christian_to_pagan,0,,"Deep in [his/her] cups, <agent_name> felt an awful certainty that there was no God to save [him/her]."
event_belief_intoxication_pagan_to_christian,0,,"Inebriated, <agent_name> had a sinking realization that the Old Gods had forsaken this land, and all who dwelled upon it, a long time ago."
event_belief_friend_died_christian_to_pagan,0,,Is there a God? He would not allow <agent_name>'s friend to die so pitifully.
event_belief_friend_died_pagan_to_christian,0,,"<agent_name> abandoned hope in the Old Gods, when they saw fit to let [his/her] friend perish."
event_belief_raid_lost_christian_to_pagan,0,,<agent_name> knew that God did not deign [him/her] worthy of triumph in battle
event_belief_raid_lost_pagan_to_christian,0,,"A bitterness grew in <agent_name>, that the immortal ones stood by as [he/she] was beaten."
event_belief_raid_won_christian_to_christian,0,,<agent_name> knew that [his/hers] was a righteous cause indeed.
event_belief_raid_won_pagan_to_pagan,0,,The ancient ones honoured <agent_name> with the might to prevail.
event_belief_flawless_item_christian_to_christian,0,,"<agent_name>'s faith in the guiding hand of God is magnified, as [his/her] efforts yield perfection."
event_belief_flawless_item_pagan_to_pagan,0,,"<agent_name> reveals the true beauty of Nature in the act of creation, so deepening [his/her] faith."
event_belief_flimsy_item_christian_to_pagan,0,,"<agent_name> is thoroughly disappointed in God, for rendering [him/her] so clumsy and inept. "
event_belief_flimsy_item_pagan_to_christian,0,,"Where is the guidance of the Goddess when you need it, <agent_name> wonders, pondering [his/her] botched creation."
event_belief_nature_thunderstorm_pagan_to_christian,0,,"Have I been praying to the wrong gods? <agent_name> wonders, amidst a mighty downpour from the heavens."
event_belief_nature_thunderstorm_christian_to_pagan,0,,"Have I been praying to the wrong god? <agent_name> wonders, as the heavens open to release torrential rain."
event_belief_nature_hailstorm_pagan_to_christian,0,,<agent_name> felt that the Gods didn't care about <village_name> to allow such weather - if they even were the true gods.
event_belief_nature_hailstorm_christian_to_pagan,0,,<agent_name> was overcome by certainty that this hailstorm was a sign. [His/Her] prayers to God had not been heard.
event_belief_belief_nature_heatwave_pagan_to_christian,0,,<agent_name> felt miserable as the heat intensified. [His/Her] offerings to the Gods of the land had been for naught.
event_belief_belief_nature_heatwave_christian_to_pagan,0,,"<agent_name> felt overwhelmed by the stifling heat. A just God would not allow this, [he/she] thought."
event_belief_belief_nature_coldsnap_pagan_to_christian,0,,"So, the Gods would have us freeze in our beds? <agent_name> was thoroughly sick of uncooperative deities making life miserable."
event_belief_belief_nature_coldsnap_christian_to_pagan,0,,"Hours spent on my knees, O Lord, beseeching you to care for your flock in <village_name>. Yet you would see us all chilled to the bone?"
event_belief_belief_nature_blight_pagan_to_christian,0,,"<agent_name> cursed the Gods. And [him/her]self, for worshipping such callous deities."
event_belief_belief_nature_blight_christian_to_pagan,0,,"So, The Lord remains unmoved, even as He sends this blight to test us. <agent_name> resolved to pray to more compassionate gods."
killed_by_default_1,0,,Killed by <other_name>
killed_by_default_2,0,,Wiped out by <other_name>
killed_by_default_3,0,,Obliterated by <other_name>
killed_by_default_4,0,,Slain by <other_name>
killed_by_default_5,0,,Put to death by <other_name>
killed_by_default_6,0,,Slaughtered by <other_name>
killed_by_default_7,0,,Terminated by <other_name>
village_location,0,,Settlement Location
override_stats,0,,Override stats
villager_constraints,0,,Settler Constraints
number_of_villagers,0,,Number of Settlers
general_men,0,,Men
general_woman,0,,Women
general_pagan,0,,Oak Brethren
general_christian,0,,Restitutionist
force_perks_chance,0,,Force Perks Chance
unlocked_tech,0,,Unlocked Tech
starting_season,0,,Starting Season
scenario_default_1_title,0,,A New Life
scenario_default_1_info,0,,"Each settler has a story about the past they left far behind. But now, this tattered group has a common goal: to build a new home, together."
scenario_default_1_narrative,0,,"The plague had ravaged the British Isles, leaving a trail of destruction in its wake. Untold millions went to an early grave. And those left standing were plunged into poverty, brutally scarred by the horrors that they had witnessed. Nothing would ever be the same again.\n\n<season_description> of the year <year>, <all_villagers> set off into the wilderness to claim a piece of the land as their own, as was their right, in the eyes of God and under the Law. Here, they may lay down the foundations for some kind of future. Perhaps hope will follow."
scenario_default_3_title,0,,Lone Wolf
scenario_default_3_info,0,,"This settler starts alone, with meagre resources in the harshest of conditions."
scenario_default_3_narrative,0,,"Through a blizzard, the last hunting party of the year returns. One member is missing, presumed dead. Far from what passes for civilization, <random_villager> is on [his/her] own. [He/She] grits [his/her] teeth and resolves to build a home in the wilderness, to shelter from the biting cold. The only sound is the distant call of wolves."
scenario_default_2_title,0,,Peaceful
scenario_default_2_info,0,,There are no enemy attacks. Choose this game mode if you prefer to focus on constructing your settlement and taking care of your settlers.
scenario_default_2_narrative,0,,"<random_villager> surveys the half-starved group, and states the obvious. 'We're not exactly on fighting form, are we?' As they begin to prevaricate, [he/she] continues: 'why don't we just concentrate on building? Make a place we can call home, a refuge against the elements?' Why go looking for a fight, [he/she] thinks, when we could strive to create a cosy, welcoming hearth?"
scenario_default_4_title,0,,Pioneer
scenario_default_4_info,0,,Start with 3 settlers. Survive an onslaught of unpredictable enemy attacks.
scenario_default_4_narrative,0,,"[He/She] stands before them, legs planted wide. 'We have fought before...we all bear the scars.' The travellers nod in unison. Each of them has been tougher than they ever thought possible, in these plague years. <random_villager> speaks quietly. They lean forward. 'Nobody will ever rip us from our stronghold. We shall build it, and defend it.' Then [he/she] roars: 'By the Devil, let them try!'"
scenario_additional_info,0,,- Difficulty: <style=DefaultYellow>{0}</style> \n\n - Starting Season: <style=DefaultYellow>{1}</style>\n\n - Number of settlers: <style=DefaultYellow>{2}</style>
scenario_difficulty_VeryEasy,0,,Easy
scenario_difficulty_standard,0,,Beginner (Recommended for new players )
scenario_difficulty_Difficult,0,,Experienced
map_size_info,0,,Small maps provide a more focused experience. \nRecommended for hardware at the lower end of the minimum specified requirement.
map_size_small_info,0,,Small maps provide a more focused experience. \nRecommended for hardware at the lower end of the minimum specified requirement.
map_size_medium_info,0,,"Larger maps offer more space and resources for your settlement to grow over time, but may impact frame rate for hardware at the lower end of the specified requirement."
map_size_large_info,0,,"Larger maps offer more space and resources for your settlement to grow over time, but may impact frame rate for hardware at the lower end of the specified requirement."
game_mode_builder_title,0,,<style=DefaultBlue>Peaceful</style>
game_mode_builder_info,0,,There are no enemy attacks. Choose this game mode if you prefer to focus on constructing your settlement and taking care of your settlers.
game_mode_builder_narrative_1,0,,"<random_villager> heard whispers of a hidden vale, in the tavern at <origin>. Far from routes frequented by enemy factions, it is becoming a haven for those determined to live in peace. Although this Arcadia is not immune to bad weather and other acts of God, it is flourishing as a center for craftsmanship, building and agriculture, undisturbed by war and strife."
game_mode_builder_narrative_2,0,,"<random_villager> says, 'we must build a sanctuary.' This ragged band of refugees has witnessed heartbreaking violence, many times over. 'Storms and hunger are more than enough to contend with. Can we not find a settlement that is untroubled by conflict?' They turn their faces towards [him/her], hopeful. 'It is up to us to lay the foundations for peace. Together!'"
game_mode_builder_narrative_3,0,,"<random_villager> surveys the half-starved group, and states the obvious. 'We're not exactly on fighting form, are we?' As they begin to prevaricate, [he/she] continues: 'why don't we just concentrate on building? Make a place we can call home, a refuge against the elements?' Why go looking for a fight, [he/she] thinks, when we could strive to create a cosy, welcoming hearth?"
game_mode_builder_narrative_1_single,0,,"<name> heard whispers of a hidden vale, in the tavern at <origin>. Far from routes frequented by enemy factions, it is becoming a haven for those determined to live in peace. Although this Arcadia is not immune to bad weather and other acts of God, it is flourishing as a center for craftsmanship, building and agriculture, undisturbed by war and strife."
game_mode_builder_narrative_2_single,0,,"<name> knew [he/she] wanted to build a sanctuary. This ragged refugee has witnessed heartbreaking violence, many times over. 'Storms and hunger are more than enough to contend with. Can I not find a settlement that is untroubled by conflict?' [He/She] turns [his/her] face towards the horizon, hopeful. 'It is up to me to lay the foundations for peace. Alone!'"
game_mode_builder_narrative_3_single,0,,"<name> surveys [his/her] half-starved body, and acknowledges the obvious. 'I'm not exactly on fighting form, am I?' As [he/she] weighs up the options, one choice seems best: 'why don't I just concentrate on building? Make a place I can call home, a refuge against the elements?' Why go looking for a fight, [he/she] thinks, when I could strive to create a cosy, welcoming hearth?"
game_mode_standard_title,0,,<style=DefaultYellow>Standard</style>
game_mode_standard_info,0,,"Your settlement will experience enemy raids, as well as environmental events. Raids occur at steady intervals: their difficulty adapts as you progress."
game_mode_standard_narrative_1,0,,"Good land is there for the taking. In all four corners of this once mighty land, citizens are rebuilding in the hope that the horrors of the past few years can be left behind. It's possible that there will be fighting, drought, sickness, hunger...but what of it? 'Life goes on,' says <random_villager>, 'and so must we.'"
game_mode_standard_narrative_2,0,,"<random_villager> is confident, defiant, even. 'We will make this work! We will take our share of land, we will build there, and we will defend it!' Many have tried. Some have fallen: beset by bandits, defeated by drought. Yet many have also prevailed. 'Have faith - the place we found will stand centuries from now, our descendants will be there still.'"
game_mode_standard_narrative_3,0,,"The <distant_toponym>  blacksmith spoke of stragglers fleeing the burnt ruins of their raided settlements. But the priest at <origin> said he is baptizing more healthy babes than ever, and has received bushels of ripe grain from settlers in the shires. <random_villager> believes only in the vagaries of fate. 'We must go forward, no matter the risks,' [he/she] says, shrugging. 'Nothing ventured, nothing gained.'"
game_mode_standard_narrative_1_single,0,,"Good land is there for the taking. In all four corners of this once mighty land, citizens are rebuilding in the hope that the horrors of the past few years can be left behind. It's possible that there will be fighting, drought, sickness, hunger...but what of it? 'Life goes on,' says <name> under [his/her] breath, 'and so must I.'"
game_mode_standard_narrative_2_single,0,,"<name> is confident, defiant, even. 'I will make this work! I will take my share of land, I will build there, and I will defend it!' Many have tried. Some have fallen: beset by bandits, defeated by drought. Yet many have also prevailed. 'I must have faith - the place I found will stand centuries from now, my descendants may be there still.'"
game_mode_standard_narrative_3_single,0,,"The <distant_toponym>  blacksmith spoke of stragglers fleeing the burnt ruins of their raided settlements. But the priest at <origin> said he is baptizing more healthy babes than ever, and has received bushels of ripe grain from settlers in the shires. <name> believes only in the vagaries of fate. 'I must go forward, no matter the risks,' [he/she] thinks, shrugging. 'Nothing ventured, nothing gained.'"
game_mode_survival_title,0,,<style=DefaultRed>Survival</style>
game_mode_survival_info,0,,"Enemy raids happen frequently in this mode, and their difficulty increases over time."
game_mode_survival_narrative_1,0,,"Some adventurers need challenge and excitement to feel alive. Fighting off waves of aggressors, who are out to steal land, harvest, or settlers, is not for everyone. 'Are we all not sworn to a warrior's path?' asks <random_villager>, as the comrades' sit huddled around a small fire, far from everything they know."
game_mode_survival_narrative_2,0,,"[He/She] stands before them, legs planted wide. 'We have fought before...we all bear the scars.' The travellers nod in unison. Each of them has been tougher than they ever thought possible, in these plague years. <random_villager> speaks quietly. They lean forward. 'Nobody will ever rip us from our stronghold. We shall build it, and defend it.' Then [he/she] roars: 'By the Devil, let them try!'"
game_mode_survival_narrative_3,0,,"If ever there was a time to be fearless, staunch and cunning, this is it. So says <random_villager>, who argues that with enough weapons, traps and training, [he/she] can see off any intruders. This generation is hardened by campaigns in France, by hunger and death. 'We can do this,' [he/she] says, smoothly. 'Indeed, our victories will be legendary.'"
game_mode_survival_narrative_1_single,0,,"Some adventurers need challenge and excitement to feel alive. Fighting off waves of aggressors, who are out to steal land, harvest, or villagers, is not for everyone. 'Am I not sworn to a warrior's path?' <name> thinks aloud,  huddled alone by a small fire, far from everything [he/she] knows."
game_mode_survival_narrative_2_single,0,,"[He/She] stands strong, legs planted wide. 'I have fought before...I bear the scars.' [He/She] has been tougher than [he/she] ever thought possible, in these plague years. <name> makes a vow, witnessed only by God, and the whispering trees. 'Nobody will ever rip me from my stronghold. I shall build it, and defend it.' Then [he/she] roars: 'By the Devil, let them try!'"
game_mode_survival_narrative_3_single,0,,"If ever there was a time to be fearless, staunch and cunning, this is it. So thinks <name>, who believes that with enough weapons, traps and training, [he/she] can see off any intruders. [His/Her] generation is hardened by campaigns in France, by hunger and death. 'I can do this,' [he/she] tells [him/her]self. 'Indeed, my victories will be legendary.'"
map_type_valley,0,,Valley
map_type_valley_info,0,,"Plentiful vegetation, fertile soil and clay. Moderate amount of limestone. Lesser amounts of iron and salt."
map_type_valley_narrative,0,,"After many travails, they arrived in a valley with golden plains, cut through by a snaking river. For <random_villager>, it conjured visions of bountiful harvests, song and wine. A place to put down roots. A homeland. They decided to title it <village_name>."
map_type_valley_narrative_single,0,,"After many travails, [he/she] arrived in a valley with golden plains, cut through by a snaking river. For <name>, it conjured visions of bountiful harvests, song and wine. A place to put down roots. A homeland. [He/She] decided to title it <village_name>."
map_type_mountain,0,,Mountain
map_type_mountain_info,0,,"Plentiful limestone, gold, iron and silver. Lesser amounts of fertile soil, clay and vegetation."
map_type_mountain_narrative,0,,"After walking for an eternity, the pure, swift-running streams and clean air of the mountain ridge stole <random_villager>'s breath away. And just beneath the surface, minerals glimmered, rich with promise. The travellers knew that this was the place they had been searching for. They decided to call it <village_name>."
map_type_mountain_narrative_single,0,,"After walking for an eternity, the pure, swift-running streams and clean air of the mountain ridge stole <name>'s breath away. And just beneath the surface, minerals glimmered, rich with promise. This traveller knew that this was the place [he/she] had been searching for. [He/She] decided to call it <village_name>."
map_type_hill,0,,Hillside
map_type_hill_info,0,,"Uneven terrain, suitable for a good defensive position. A fair amount of limestone and clay. A moderate amount of fertile soil and vegetation."
map_type_hill_narrative,0,,"Into a landscape of rolling hills and ancient, crumbling forts the companions trekked. Each ascent rewarded <random_villager> with a view that stretched for many leagues. No enemy approach would go unseen, [he/she] thought. They built a camp that would, in time, become the settlement of <village_name>."
map_type_hill_narrative_single,0,,"Into a landscape of rolling hills and ancient, crumbling forts the lone wander trekked. Each ascent rewarded <name> with a view that stretched for many leagues. No enemy approach would go unseen, [he/she] thought. [He/She] built a camp that would, in time, become the settlement of <village_name>."
map_type_wetland,0,,Marsh
map_type_wetland_info,0,,"A watery, riverine landscape, rich in plant life and teeming with fish. Land animals and mineable resources are scarce."
map_type_wetland_narrative,0,,"The travellers pushed through an abundance of supple willow trees. Thick, silvered eels wove, glinting, through tall rushes, which blended the river's edge into its marshy banks. <random_villager> drew a handful of the sweet water to [his/her] lips, and gave thanks. They would settle here, and name it <village_name>."
map_type_wetland_narrative_single,0,,"<name> pushed through an abundance of supple willow trees. Thick, silvered eels wove, glinting, through tall rushes, which blended the river's edge into its marshy banks. [He/She] drew a handful of the sweet water to [his/her] lips, and gave thanks. [He/She] would settle here, and name it <village_name>."
map_type_season_info_summer_mild,0,,<style=DefaultGreen>Mild Summers</style>
map_type_season_info_summer_harsh,0,,<style=DefaultOrange>Fierce Summers</style>
map_type_season_info_winter_mild,0,,<style=DefaultGreen>Mild Winters</style>
map_type_season_info_winter_harsh,0,,<style=DefaultOrange>Harsh Winters</style>
autumn_description_1,0,,During the mild autumn
autumn_description_2,0,,In the blustery autumn
autumn_description_3,0,,At the end of harvest season
autumn_description_4,0,,At the autumn equinox
winter_description_1,0,,In deep winter
winter_description_2,0,,At Yuletide
winter_description_3,0,,At the bitterly-cold end
winter_description_4,0,,In the midwinter chill
spring_description_1,0,,As the earth quickened in spring
spring_description_2,0,,"As the cold retreated, heralding spring"
spring_description_3,0,,In springtime
spring_description_4,0,,At the sight of the first buds
summer_description_1,0,,Early in summertime
summer_description_2,0,,At midsummer
summer_description_3,0,,Around the longest day
summer_description_4,0,,In the summer heat
required_fields_info,0,,(* - Required fields)
scenario_edit_name_title,0,,Scenario name
scenario_edit_name_info,0,,Enter the name of the scenario you are creating.
scenario_edit_description_title,0,,Short description
scenario_edit_description_info,0,,Short description of your scenario. It will appear in the scenario selection screen.
scenario_edit_narrative_title,0,,Starting narrative
scenario_edit_narrative_info,0,,"The starting narrative will appear in the historical records as well as the loading screen. Using special elements like:\n<village_name> will insert the name of your settlement in the text\n<year> Will insert the starting year in your text\n<all_villagers> will insert all settler names in the format: ""John, Jack and Merry"" "
scenario_edit_gender_title,0,,Force Body Type
scenario_edit_gender_key,0,,"Determine the percentage of masculine/feminine body type in your starting group of settlers.\n0 - all Masculine,\n100 - all Feminine"
scenario_edit_religion_title,0,,Force Religion
scenario_edit_religion_key,0,,"Determine the percentage of Restitutionist/Oak Brethren in your starting group of settlers.\n0 - all Restitutionist,\n100 - all Oak Brethren"
game_difficulty_VeryEasy_title,0,,Very Easy
game_difficulty_Easy_title,0,,Easy
game_difficulty_Normal_title,0,,Normal
game_difficulty_Difficult_title,0,,Hard
game_difficulty_Hard_title,0,,Very Hard
game_difficulty_VeryEasy_info,0,,Recommended for first time players who want to learn the game
game_difficulty_Easy_info,0,,Recommended for new players
game_difficulty_Normal_info,0,,Recommended for players familiar with colony sim games
game_difficulty_Difficult_info,0,,Recommended for players who want a challenge.
game_difficulty_Hard_info,0,,Recommended for players who want a tough survival challenge
prioritise_hauling,0,,Prioritise hauling to stockpile
prioritise_cut_all_vegetation_plant,0,,Prioritise cutting:
prioritise_chop_plant,0,,Prioritise chopping:
nowhere_to_store,0,,"No empty spot on stockpile, or no stockpile set to store this resource type"
requires_selected_worker,0,,This action requires a selected settler
can_not_do_while_drafted,0,,Cannot perform this action while drafted
prioritise_building_material_delivery,0,,Prioritise delivering resource to build site:
prioritise_building_construction,0,,Prioritise constructing:
prioritise_harvest_plant,0,,Prioritise harvesting:
already_reserved_by_other_worker,0,,Already assigned to another settler
prioritise_building_deconstruction,0,,Prioritise deconstructing:
prioritise_mine_resource,0,,Prioritise mining/digging:
job_not_enabled,0,,This settler has the job needed for this action turned off
already_working_on_building,0,,This settler is already working on this building
not_enough_construction_materials,0,,Resource unavailable to deliver
prioritise_tending_wounds,0,,Prioritise tending wounds
not_enough_free_beds,0,,No empty beds available. Construct beds or sleeping spots for your injured.
prioritise_carry_to_bed,0,,Carry this settler to an empty bed.
general_operate_production,0,,Prioritise production
general_deliver_production_material,0,,Prioritise delivering material for production:
queued_production,0,,Queued product:
no_production_item_queued,0,,No product is queued
prioritise_locking_door,0,,Prioritise locking this door
prioritise_always_open_door,0,,Prioritise opening door
prioritise_unlocking_door,0,,Prioritise setting door to default state
hunting_requires_ranged_weapon,0,,This settler cannot hunt without a ranged weapon
prioritise_hunting,0,,Prioritise hunting animal
prioritise_open_window,0,,Prioritise opening window
prioritise_close_window,0,,Prioritise closing window
prioritise_flame_off,0,,Prioritise extinguishing flame
prioritise_flame_on,0,,Prioritise lighting flame
already_working_on_target,0,,Already working on it
build_sight_must_be_clear,0,,"Cannot start construction, need to clear area first"
construction_skill_level_low,0,,"Cannot start construction, skill level not met"
missing_skill_required_for_production,0,,"Cannot start production, skill level not met"
taming_skill_level_low,0,,"Cannot tame animal, skill level not met"
training_skill_level_low,0,,"Cannot train animal, skill level not met"
missing_resource_for_production,0,,Resource unavailable to deliver
building_unreachable,0,,Building cannot be reached
not_enough_skill_level,0,,"Cannot equip, skill level not met"
cannot_passive_production,0,,Cannot prioritise passive production
can_not_execute_order_on_self,0,,Cannot perform action on self
already_has_operator,0,,Already has operator
prioritise_bury,0,,Prioritise burial
nowhere_to_bury,0,,"No empty burial spot, or none designated for this corpse type."
prioritise_convalescing,0,,Prioritise convalescing
active_productin_paused,0,,Active production paused
amount_met,0,,Amount met
building_unstable,0,,Building is unstable because it is placed on stability 0
general_trade_with,0,,Barter with: <trader_name>
general_negotiate_with,0,,Negotiate with: <negotiator_name>
prioritise_taming,0,,Prioritise Taming
prioritise_train,0,,Prioritise Training
prioritise_slaughter,0,,Prioritise Slaughtering
prioritise_animal_harvest,0,,Prioritise Harvesting
prioritise_release,0,,Prioritise Releasing
prioritise_rope,0,,Prioritise Roping
menu_produce,0,,Produce
menu_deliver,0,,Deliver
prioritise_building_uninstall,0,,Remove
no_valid_pen,0,,No pen that can house this animal is available 
prioritise_reset_trap,0,,Prioritise Resetting
prioritise_trough_refill,0,,Prioritise Fill
self_tend_must_be_enabled,0,,The self-tend option in the manage panel must be selected for a settler to so.
prioritise_fishing,0,,Prioritise Fishing
put_out_fire,0,,Prioritise quenching fire
put_out_fire_tooltip,0,,Prioritise quenching fire
prioritise_barrel_refill,0,,Prioritise Filling Barrel
prioritise_open_shelf,0,,Prioritise Emptying Container
prioritise_stripping,0,,Prioritise: Strip
prioritise_gardening,0,,Prioritise: Grow
prioritise_move_to_location,0,,Move to location
prioritise_pet_animal,0,,Pet an animal
third_archer_easy,0,,Third Coming Archer
third_archer_med,0,,Adept Third Coming Archer
third_archer_hard,0,,Master Third Coming Archer
third_basic_easy,0,,Third Coming Pillager
third_basic_med,0,,Fierce Third Coming Pillager
third_basic_hard,0,,Ruthless Third Coming Pillager
third_heavy_easy,0,,Third Coming Thug
third_heavy_med,0,,Brutal Third Coming Thug
third_heavy_hard,0,,Murderous Third Coming Thug
progeny_archer_easy,0,,Progeny Archer
progeny_archer_med,0,,Adept Progeny Archer
progeny_archer_hard,0,,Master Progeny Archer
progeny_basic_easy,0,,Progeny Marauder
progeny_basic_med,0,,Fierce Progeny Marauder
progeny_basic_hard,0,,Ruthless Progeny Marauder
progeny_heavy_easy,0,,Progeny Thug
progeny_heavy_med,0,,Brutal Progeny Thug
progeny_heavy_hard,0,,Murderous Progeny Thug
forest_bandit_archer_easy,0,,Archer
forest_bandit_archer_medium,0,,Adept Archer
forest_bandit_archer_hard,0,,Master Archer
forest_bandit_basic_easy,0,,Marauder
forest_bandit_basic_medium,0,,Fierce Marauder
forest_bandit_basic_hard,0,,Ruthless Marauder
forest_bandit_heavy_easy,0,,Thug
forest_bandit_heavy_medium,0,,Brutal Thug
forest_bandit_heavy_hard,0,,Murderous Thug
trebuchet3,0,,Movable Trebuchet
trebuchet2,0,,Movable Trebuchet
trebuchet,0,,Movable Trebuchet
general_archer_easy,0,,Archer
general_archer_med,0,,Adept Archer
general_archer_hard,0,,Master Archer
general_basic_easy,0,,Marauder
general_basic_med,0,,Fierce Marauder
general_basic_hard,0,,Ruthless Marauder
general_heavy_easy,0,,Thug
general_heavy_med,0,,Brutal Thug
general_heavy_hard,0,,Murderous Thug
general_pillager_easy,0,,Pillager
general_pillager_lvl2,0,,Fierce Bandit
general_pillager_lvl3,0,,Ruthless Bandit
general_pillager_lvl1,0,,Bandit
trader_1,0,,Merchant
general_trader,0,,Merchant
general_bodyguard,0,,Merchant's guard
negotiator_1,0,,Negotiator
general_negotiator,0,,Negotiator
bard_visitor_1,0,,Bard
priest_visitor_1,0,,Chaplain
shaman_visitor_1,0,,Druid
beggar,0,,Beggar
beggar_1,0,,Beggar
general_beggar,0,,Beggar
general_beggar_1,0,,Beggar
beggar_negotiator,0,,Beggar
ambush_negotiator,0,,Negotiator
trader_prisoners,0,,Merchant
general_basic_very_hard,0,,Barbaric Marauder
general_archer_very_hard,0,,Illustrious Archer
general_heavy_very_hard,0,,Monstrous Thug
forest_bandit_basic_very_hard,0,,Barbaric Marauder
forest_bandit_archer_very_hard,0,,Illustrious Archer
forest_bandit_heavy_very_hard,0,,Monstrous Thug
progeny_of_the_plague_basic_easy,0,,Marauder
progeny_of_the_plague_basic_medium,0,,Fierce Marauder
progeny_of_the_plague_basic_hard,0,,Ruthless Marauder
progeny_of_the_plague_archer_easy,0,,Archer
progeny_of_the_plague_archer_medium,0,,Adept Archer
progeny_of_the_plague_archer_hard,0,,Master Archer
progeny_of_the_plague_heavy_easy,0,,Thug
progeny_of_the_plague_heavy_medium,0,,Brutal Thug
progeny_of_the_plague_heavy_hard,0,,Murderous Thug
progeny_of_the_plague_basic_very_hard,0,,Barbaric Marauder
progeny_of_the_plague_archer_very_hard,0,,Illustrious Archer
progeny_of_the_plague_heavy_very_hard,0,,Monstrous Thug
church_of_third_coming_basic_easy,0,,Marauder
church_of_third_coming_basic_medium,0,,Fierce Marauder
church_of_third_coming_basic_hard,0,,Ruthless Marauder
church_of_third_coming_archer_easy,0,,Archer
church_of_third_coming_archer_medium,0,,Adept Archer
church_of_third_coming_archer_hard,0,,Master Archer
church_of_third_coming_heavy_easy,0,,Thug
church_of_third_coming_heavy_medium,0,,Brutal Thug
church_of_third_coming_heavy_hard,0,,Murderous Thug
church_of_third_coming_basic_very_hard,0,,Barbaric Marauder
church_of_third_coming_archer_very_hard,0,,Illustrious Archer
church_of_third_coming_heavy_very_hard,0,,Monstrous Thug
ancrene_disciples_basic_easy,0,,Marauder
ancrene_disciples_basic_medium,0,,Fierce Marauder
ancrene_disciples_basic_hard,0,,Ruthless Marauder
ancrene_disciples_archer_easy,0,,Archer
ancrene_disciples_archer_medium,0,,Adept Archer
ancrene_disciples_archer_hard,0,,Master Archer
ancrene_disciples_heavy_easy,0,,Thug
ancrene_disciples_heavy_medium,0,,Brutal Thug
ancrene_disciples_heavy_hard,0,,Murderous Thug
ancrene_disciples_basic_very_hard,0,,Barbaric Marauder
ancrene_disciples_archer_very_hard,0,,Illustrious Archer
ancrene_disciples_heavy_very_hard,0,,Monstrous Thug
faithful_sons_of_england_basic_easy,0,,Marauder
faithful_sons_of_england_basic_medium,0,,Fierce Marauder
faithful_sons_of_england_basic_hard,0,,Ruthless Marauder
faithful_sons_of_england_archer_easy,0,,Archer
faithful_sons_of_england_archer_medium,0,,Adept Archer
faithful_sons_of_england_archer_hard,0,,Master Archer
faithful_sons_of_england_heavy_easy,0,,Thug
faithful_sons_of_england_heavy_medium,0,,Brutal Thug
faithful_sons_of_england_heavy_hard,0,,Murderous Thug
faithful_sons_of_england_basic_very_hard,0,,Barbaric Marauder
faithful_sons_of_england_archer_very_hard,0,,Illustrious Archer
faithful_sons_of_england_heavy_very_hard,0,,Monstrous Thug
band_of_the she_wolf_basic_easy,0,,Marauder
band_of_the she_wolf_basic_medium,0,,Fierce Marauder
band_of_the she_wolf_basic_hard,0,,Ruthless Marauder
band_of_the she_wolf_archer_easy,0,,Archer
band_of_the she_wolf_archer_medium,0,,Adept Archer
band_of_the she_wolf_archer_hard,0,,Master Archer
band_of_the she_wolf_heavy_easy,0,,Thug
band_of_the she_wolf_heavy_medium,0,,Brutal Thug
band_of_the she_wolf_heavy_hard,0,,Murderous Thug
band_of_the she_wolf_basic_very_hard,0,,Barbaric Marauder
band_of_the she_wolf_archer_very_hard,0,,Illustrious Archer
band_of_the she_wolf_heavy_very_hard,0,,Monstrous Thug
philosophers_of_the_natural_order_basic_easy,0,,Marauder
philosophers_of_the_natural_order_basic_medium,0,,Fierce Marauder
philosophers_of_the_natural_order_basic_hard,0,,Ruthless Marauder
philosophers_of_the_natural_order_archer_easy,0,,Archer
philosophers_of_the_natural_order_archer_medium,0,,Adept Archer
philosophers_of_the_natural_order_archer_hard,0,,Master Archer
philosophers_of_the_natural_order_heavy_easy,0,,Thug
philosophers_of_the_natural_order_heavy_medium,0,,Brutal Thug
philosophers_of_the_natural_order_heavy_hard,0,,Murderous Thug
philosophers_of_the_natural_order_basic_very_hard,0,,Barbaric Marauder
philosophers_of_the_natural_order_archer_very_hard,0,,Illustrious Archer
philosophers_of_the_natural_order_heavy_very_hard,0,,Monstrous Thug
society_of_fellows_basic_easy,0,,Marauder
society_of_fellows_basic_medium,0,,Fierce Marauder
society_of_fellows_basic_hard,0,,Ruthless Marauder
society_of_fellows_archer_easy,0,,Archer
society_of_fellows_archer_medium,0,,Adept Archer
society_of_fellows_archer_hard,0,,Master Archer
society_of_fellows_heavy_easy,0,,Thug
society_of_fellows_heavy_medium,0,,Brutal Thug
society_of_fellows_heavy_hard,0,,Murderous Thug
society_of_fellows_basic_very_hard,0,,Barbaric Marauder
society_of_fellows_archer_very_hard,0,,Illustrious Archer
society_of_fellows_heavy_very_hard,0,,Monstrous Thug
kingdom_of_york_basic_easy,0,,Marauder
kingdom_of_york_basic_medium,0,,Fierce Marauder
kingdom_of_york_basic_hard,0,,Ruthless Marauder
kingdom_of_york_archer_easy,0,,Archer
kingdom_of_york_archer_medium,0,,Adept Archer
kingdom_of_york_archer_hard,0,,Master Archer
kingdom_of_york_heavy_easy,0,,Thug
kingdom_of_york_heavy_medium,0,,Brutal Thug
kingdom_of_york_heavy_hard,0,,Murderous Thug
kingdom_of_york_basic_very_hard,0,,Barbaric Marauder
kingdom_of_york_archer_very_hard,0,,Illustrious Archer
kingdom_of_york_heavy_very_hard,0,,Monstrous Thug
heresy_of_the_rose_basic_easy,0,,Marauder
heresy_of_the_rose_basic_medium,0,,Fierce Marauder
heresy_of_the_rose_basic_hard,0,,Ruthless Marauder
heresy_of_the_rose_archer_easy,0,,Archer
heresy_of_the_rose_archer_medium,0,,Adept Archer
heresy_of_the_rose_archer_hard,0,,Master Archer
heresy_of_the_rose_heavy_easy,0,,Thug
heresy_of_the_rose_heavy_medium,0,,Brutal Thug
heresy_of_the_rose_heavy_hard,0,,Murderous Thug
heresy_of_the_rose_basic_very_hard,0,,Barbaric Marauder
heresy_of_the_rose_archer_very_hard,0,,Illustrious Archer
heresy_of_the_rose_heavy_very_hard,0,,Monstrous Thug
circle_of_avalon_basic_easy,0,,Marauder
circle_of_avalon_basic_medium,0,,Fierce Marauder
circle_of_avalon_basic_hard,0,,Ruthless Marauder
circle_of_avalon_archer_easy,0,,Archer
circle_of_avalon_archer_medium,0,,Adept Archer
circle_of_avalon_archer_hard,0,,Master Archer
circle_of_avalon_heavy_easy,0,,Thug
circle_of_avalon_heavy_medium,0,,Brutal Thug
circle_of_avalon_heavy_hard,0,,Murderous Thug
circle_of_avalon_basic_very_hard,0,,Barbaric Marauder
circle_of_avalon_archer_very_hard,0,,Illustrious Archer
circle_of_avalon_heavy_very_hard,0,,Monstrous Thug
beirdd_cymraeg_basic_easy,0,,Marauder
beirdd_cymraeg_basic_medium,0,,Fierce Marauder
beirdd_cymraeg_basic_hard,0,,Ruthless Marauder
beirdd_cymraeg_archer_easy,0,,Archer
beirdd_cymraeg_archer_medium,0,,Adept Archer
beirdd_cymraeg_archer_hard,0,,Master Archer
beirdd_cymraeg_heavy_easy,0,,Thug
beirdd_cymraeg_heavy_medium,0,,Brutal Thug
beirdd_cymraeg_heavy_hard,0,,Murderous Thug
beirdd_cymraeg_basic_very_hard,0,,Barbaric Marauder
beirdd_cymraeg_archer_very_hard,0,,Illustrious Archer
beirdd_cymraeg_heavy_very_hard,0,,Monstrous Thug
ravagers_basic_easy,0,,Marauder
ravagers_basic_medium,0,,Fierce Marauder
ravagers_basic_hard,0,,Ruthless Marauder
ravagers_archer_easy,0,,Archer
ravagers_archer_medium,0,,Adept Archer
ravagers_archer_hard,0,,Master Archer
ravagers_heavy_easy,0,,Thug
ravagers_heavy_medium,0,,Brutal Thug
ravagers_heavy_hard,0,,Murderous Thug
ravagers_basic_very_hard,0,,Barbaric Marauder
ravagers_archer_very_hard,0,,Illustrious Archer
ravagers_heavy_very_hard,0,,Monstrous Thug
mountain_bandits_basic_easy,0,,Marauder
mountain_bandits_basic_medium,0,,Fierce Marauder
mountain_bandits_basic_hard,0,,Ruthless Marauder
mountain_bandits_archer_easy,0,,Archer
mountain_bandits_archer_medium,0,,Adept Archer
mountain_bandits_archer_hard,0,,Master Archer
mountain_bandits_heavy_easy,0,,Thug
mountain_bandits_heavy_medium,0,,Brutal Thug
mountain_bandits_heavy_hard,0,,Murderous Thug
mountain_bandits_basic_very_hard,0,,Barbaric Marauder
mountain_bandits_archer_very_hard,0,,Illustrious Archer
mountain_bandits_heavy_very_hard,0,,Monstrous Thug
river_bandits_basic_easy,0,,Marauder
river_bandits_basic_medium,0,,Fierce Marauder
river_bandits_basic_hard,0,,Ruthless Marauder
river_bandits_archer_easy,0,,Archer
river_bandits_archer_medium,0,,Adept Archer
river_bandits_archer_hard,0,,Master Archer
river_bandits_heavy_easy,0,,Thug
river_bandits_heavy_medium,0,,Brutal Thug
river_bandits_heavy_hard,0,,Murderous Thug
river_bandits_basic_very_hard,0,,Barbaric Marauder
river_bandits_archer_very_hard,0,,Illustrious Archer
river_bandits_heavy_very_hard,0,,Monstrous Thug
looters_basic_easy,0,,Marauder
looters_basic_medium,0,,Fierce Marauder
looters_basic_hard,0,,Ruthless Marauder
looters_archer_easy,0,,Archer
looters_archer_medium,0,,Adept Archer
looters_archer_hard,0,,Master Archer
looters_heavy_easy,0,,Thug
looters_heavy_medium,0,,Brutal Thug
looters_heavy_hard,0,,Murderous Thug
looters_basic_very_hard,0,,Barbaric Marauder
looters_archer_very_hard,0,,Illustrious Archer
looters_heavy_very_hard,0,,Monstrous Thug
menu_keybind_cancel_info,0,,Dismiss Changes 
menu_keybind_ok_info,0,,Confirm
menu_keybind_reset_info,0,,Reset Keyboard Configuration to Default state
menu_keybindings,0,,Key Bindings
menu_keyboard_configuration,0,,Keyboard Configuration
options_ambient_volume,0,,Ambient volume
options_anisotropic,0,,Anisotropic filtering
options_autosave,0,,Autosave
options_camera_sensitivity,0,,Camera sensitivity
options_devtools,0,,Dev Tools
options_devtools_info,0,,A list of Developer tools
options_effect_volume,0,,Effect Volume
options_fullscreen,0,,Fullscreen
options_keyboard_config,0,,Keyboard Configuration
options_master_volume,0,,Master Volume
options_music_volume,0,,Music Volume
options_resolution,0,,Resolution
options_resource_indicators,0,,Show resource indicators
options_resources_group_vew,0,,Show resource groups
options_screen_edge_mouse_scroll,0,,Screen-edge mouse scroll
options_texture_quality,0,,Texture quality
options_ui_scale,0,,UI scale
options_vsync,0,,V-Sync
options_worker_names,0,,Show settler names
options_animal_names,0,,Show animal names
options_animal_names_1,0,,All animals
options_animal_names_2,0,,Domestic only
options_animal_names_3,0,,Pets only
options_xray_animals,0,,Show animals through walls
options_camera_sharpen,0,,Image Sharpness
options_hover_intensity,0,,Hover Visuals Opacity
options_grass_toggle,0,,Grass
options_cursor_toggle,0,,Custom Cursor
ctrl_ShowHideEstheticMap,0,,Show aesthetic heatmap
ctrl_ShowHideHeatMap,0,,Show temperature heatmap
ctrl_ShowHideZoneGrid,0,,Zone Grid: Show/Hide
ctrl_Leisure,0,,Leisure
ctrl_Allow,0,,Order: Allow
ctrl_Attack,0,,Attack
ctrl_Base,0,,Base
ctrl_CameraReset,0,,Reset Camera View.
ctrl_Cancel,0,,Order: Cancel
ctrl_Chopping,0,,Order: Chop
ctrl_CutAllVegetation,0,,Order: Cut Plants
ctrl_Deconstructing,0,,Order: Deconstruct
ctrl_Decoration,0,,Misc
ctrl_DestroyBuilding,0,,Destroy Building
ctrl_Digging,0,,Order: Mine
ctrl_Draft,0,,Draft
ctrl_Furniture,0,,Furniture
ctrl_GamePause,0,,Pause Game
ctrl_GameSpeedDown,0,,Decrease Game Speed
ctrl_GameSpeedFast,0,,Game Speed: Fast
ctrl_GameSpeedFaster,0,,Game Speed: Very Fast
ctrl_GameSpeedNormal,0,,Game Speed: Normal
ctrl_GameSpeedUp,0,,Increase Game Speed
ctrl_Harvesting,0,,Order: Harvest
ctrl_Hunting,0,,Order: Hunting
ctrl_TameAnimal,0,,Order: Tame
ctrl_TrainAnimal,0,,Order: Train
ctrl_SlaughterAnimal,0,,Order: Slaughter
ctrl_ReleaseAnimal,0,,Order: Release
ctrl_Fishing,0,,Order: Fish
ctrl_UrgentHaul,0,,Order: Urgent Haul
ctrl_IngameMenu,0,,In Game Menu 
ctrl_Jobs,0,,Jobs
ctrl_LayerDown,0,,Show/Hide Terrain Layer Down
ctrl_LayerUp,0,,Show/Hide Terrain Layer Up
ctrl_MapRotateRight,0,,Rotate View Left
ctrl_MapRotateLeft,0,,Rotate View Right
ctrl_MouseOrbit,0,,Orbit Camera 
ctrl_MoveDown,0,,Move Down
ctrl_MoveLeft,0,,Move Left
ctrl_MoveRight,0,,Move Right
ctrl_MoveUp,0,,Move Up
ctrl_Orders,0,,Orders
ctrl_Production,0,,Production
ctrl_Research,0,,Research
ctrl_Animals,0,,Animals
ctrl_RotateLeft,0,,Rotate Construction Left
ctrl_RotateRight,0,,Rotate Construction Right
ctrl_RtsFastMove,0,,Fast Camera Movement
ctrl_Schedule,0,,Schedule
ctrl_ShowHideAlmanac,0,,Almanac
ctrl_ShowHideRoofs,0,,Roofs: Show/Hide
ctrl_ShowHideRooms,0,,Rooms: Show/Hide
ctrl_Stockpile,0,,Stockpile
ctrl_TiltDown,0,,View Tilt Down
ctrl_TiltUp,0,,View Tilt Up
ctrl_ToggleForbid,0,,Forbid/Allow
ctrl_Defense,0,,Warfare
ctrl_Zone,0,,Zone
ctrl_ZoomIn,0,,View Zoom In
ctrl_ZoomOut,0,,View Zoom Out
ctrl_ShrinkZone,0,,Shrink Zone
ctrl_ExpandZone,0,,Expand Zone
ctrl_CopyBuilding,0,,Copy
ctrl_Manage,0,,Manage
ctrl_installbuilding,0,,Install
ctrl_uninstallbuilding,0,,Remove
ctrl_movebuilding,0,,Relocate
ctrl_LockCameraToLayer,0,,Lock Camera to Layer
ctrl_LockCameraToLayerUp,0,,Locked Camera Layer Up
ctrl_LockCameraToLayerDown,0,,Locked Camera Layer Down
keycode_A,0,,A
keycode_B,0,,B
keycode_C,0,,C
keycode_D,0,,D
keycode_E,0,,E
keycode_F,0,,F
keycode_G,0,,G
keycode_H,0,,H
keycode_I,0,,I
keycode_J,0,,J
keycode_K,0,,K
keycode_L,0,,L
keycode_M,0,,M
keycode_N,0,,N
keycode_O,0,,O
keycode_P,0,,P
keycode_Q,0,,Q
keycode_R,0,,R
keycode_S,0,,S
keycode_T,0,,T
keycode_U,0,,U
keycode_V,0,,V
keycode_W,0,,W
keycode_X,0,,X
keycode_Y,0,,Y
keycode_Z,0,,Z
keycode_Alpha0,0,,0
keycode_Alpha1,0,,1
keycode_Alpha2,0,,2
keycode_Alpha3,0,,3
keycode_Alpha4,0,,4
keycode_Alpha5,0,,5
keycode_Alpha6,0,,6
keycode_Alpha7,0,,7
keycode_Alpha8,0,,8
keycode_Alpha9,0,,9
keycode_BackQuote,0,,`
keycode_Backslash,0,,\
keycode_Backspace,0,,Backspace
keycode_CapsLock,0,,Caps Lock
keycode_Clear,0,,Clear
keycode_Comma,0,,","
keycode_Delete,0,,Delete
keycode_End,0,,End
keycode_Equals,0,,Equals
keycode_Escape,0,,Escape
keycode_F1,0,,F1
keycode_F2,0,,F2
keycode_F3,0,,F3
keycode_F4,0,,F4
keycode_F5,0,,F5
keycode_F6,0,,F6
keycode_F7,0,,F7
keycode_F8,0,,F8
keycode_F9,0,,F9
keycode_F10,0,,F10
keycode_F11,0,,F11
keycode_F12,0,,F12
keycode_F13,0,,F13
keycode_F14,0,,F14
keycode_F15,0,,F15
keycode_Home,0,,Home
keycode_Insert,0,,Insert
keycode_Keypad0,0,,Keypad 0
keycode_Keypad1,0,,Keypad 1
keycode_Keypad2,0,,Keypad 2
keycode_Keypad3,0,,Keypad 3
keycode_Keypad4,0,,Keypad 4
keycode_Keypad5,0,,Keypad 5
keycode_Keypad6,0,,Keypad 6
keycode_Keypad7,0,,Keypad 7
keycode_Keypad8,0,,Keypad 8
keycode_Keypad9,0,,Keypad 9
keycode_KeypadDivide,0,,Keypad /
keycode_KeypadEnter,0,,Keypad Enter
keycode_KeypadMinus,0,,Keypad -
keycode_KeypadMultiply,0,,Keypad *
keycode_KeypadPeriod,0,,Keypad .
keycode_KeypadPlus,0,,Keypad +
keycode_Minus,0,,Minus
keycode_Mouse2,0,,Mouse Button 3
keycode_Mouse3,0,,Mouse Button 4
keycode_Mouse4,0,,Mouse Button 5
keycode_Mouse5,0,,Mouse Button 6
keycode_Mouse6,0,,Mouse Button 7
keycode_None,0,,None
keycode_Numlock,0,,Numlock
keycode_PageDown,0,,Page Down
keycode_PageUp,0,,Page Up
keycode_Pause,0,,Pause
keycode_Period,0,,.
keycode_Quote,0,,Quote
keycode_Return,0,,Return
keycode_RightAlt,0,,Right Alt
keycode_RightBracket,0,,]
keycode_RightControl,0,,Right Control
keycode_RightShift,0,,Right Shift
keycode_LeftAlt,0,,Left Alt
keycode_LeftBracket,0,,[
keycode_LeftControl,0,,Left Control
keycode_LeftShift,0,,Left Shift
keycode_ScrollLock,0,,Scroll Lock
keycode_Semicolon,0,,;
keycode_Slash,0,,/
keycode_Space,0,,Space
keycode_Tab,0,,Tab
keycode_UpArrow,0,,Up Arrow
keycode_RightArrow,0,,Right Arrow
keycode_LeftArrow,0,,Left Arrow
keycode_DownArrow,0,,Down Arrow
ingame_menu_back,0,,Back
ingame_menu_delete,0,,Delete
ingame_menu_keyboard_configuration,0,,Keyboard Configuration
ingame_menu_main,0,,Quit to Main Menu
ingame_menu_options,0,,Options
ingame_menu_override,0,,Overwrite
ingame_menu_quit,0,,Quit Game
ingame_menu_resume,0,,Resume
ingame_menu_save,0,,Save
menu_language,0,,Language
menu_language_Chinese,0,,简体中文
menu_language_French,0,,Français
menu_language_German,0,,Deutsch
menu_language_Spanish,0,,Español
menu_language_Russian,0,,Русский
menu_language_Japanese,0,,日本語
menu_language_Portuguese,0,,Português brasileiro
menu_language_English,0,,English
menu_language_Korean,0,,한국어
menu_language_Polish,0,,Polski
menu_language_Turkish,0,,Türkçe
menu_load,0,,Load
menu_main_menu,0,,Main Menu
menu_options,0,,Options
menu_quit,0,,Quit
screen_settings_description,0,,Do you want to keep these settings? 
autosave_never,0,,Never
autosave_often,0,,Every day
autosave_rarely,0,,Every 7 days
autosave_sometimes,0,,Every 3 days
menu_map_seed,0,,Random Seed
menu_region_map_seed,0,,Region Seed
menu_map_seed_placeholder,0,,Type any text
menu_mirror_horizontal,0,,Flip X
menu_mirror_vertical,0,,Flip Y
menu_new_game,0,,New Game
menu_patterns,0,,Patterns
menu_randomise,0,,Randomize
menu_rotate,0,,Rotate
menu_saturation,0,,Saturation
menu_scale,0,,Scale
menu_scenario,0,,Scenario
menu_location,0,,Location
menu_starting_conditions,0,,Starting conditions
menu_allowed_objectives,0,,Allowed Objectives
menu_allowed_obejctives_description,0,,Mark which objectives are possible in this scenario. Note that this cannot be changed once the scenario is under way.
menu_summary,0,,Summary
menu_shapes,0,,Shapes
menu_symbols,0,,Symbols
menu_transform,0,,Transform
menu_translate_x,0,,Translate X
menu_translate_y,0,,Translate Y
menu_village_name,0,,Settlement Name
menu_worker_name_placeholder,0,,Type any name
menu_workers,0,,Workers
delete_save_prompt,0,,Delete save?
delete_folder_prompt,0,,Delete settlement save folder?
quit_game_prompt_info,0,,Are you sure?
quit_prompt_info,0,,Are you sure? All unsaved progress will be lost.
save_preset,0,,Save as preset
scenario_game_difficulty,0,,Difficulty
scenario_game_mode,0,,Game Mode
scenario_map_size,0,,Map size
scenario_map_type,0,,Map type
scenario_starting_villagers,0,,Settlers
scenario_title,0,,Scenario
ui_cancel,0,,Cancel
ui_keep,0,,Keep
vilage_name,0,,
made_by,0,,Made by:
heraldry_background,0,,Background
heraldry_pattern,0,,Pattern
heraldry_symbol_a,0,,Symbol A
heraldry_symbol_b,0,,Symbol B
heraldry_symbol_c,0,,Symbol C
heraldry_symbol_d,0,,Symbol D
heraldry_symbol_custom,0,,Custom
custom_heraldry_info,0,,Paste your custom png in:\n<b>\StreamingAssets\HeraldryCustomSymbols</b>\nand it will appear on this list of custom symbols.
heraldry_missing_custom_symbol,0,,"Some custom images have been deleted, your heraldry design might lack the custom image used."
heraldry_title,0,,Heraldry
characters_creation,0,,Settlers
autosave_inprogress,0,,Autosaving...
default_size,0,,Small
difficulty_builder,0,,Builder
difficulty_standard,0,,Standard
general_change_keybinding,0,,Press any key or Esc to cancel 
general_click_to_change_key,0,,Click to change key
load_preset,0,,Load preset
map_size_large,0,,Large
map_size_medium,0,,Medium
map_size_small,0,,Small
map_type_debug,0,,Debug
map_type_desert,0,,Desert
map_type_dev,0,,Test Map
map_type_new_home,0,,A New Home
menu_color,0,,Colour
menu_starting_characters,0,,Starting Characters
menu_heraldry,0,,Heraldry
menu_hue,0,,Hue
most_skilled,0,,Most skilled in
most_passionate,0,,Most passionate about
no_skilled_worker,0,,No settlers skilled in
general_embark,0,,Embark
group_skills,0,,Group Skills
general_refresh,0,,Refresh
credits_SeniorProducer,0,,Senior Producer
credits_Producer,0,,Producer
credits_SeniorDesigner,0,,Senior Designer
credits_SeniorMarketingManager,0,,Senior Marketing Manager
credits_PRManager,0,,PR Manager
credits_PerformanceMarketingManager,0,,Performance Marketing Manager
credits_SeniorCommunityandSocial Manager,0,,Senior Community and Social Manager
credits_ChiefGamesOfficer,0,,Chief Games Officer
credits_PublishingDirector,0,,Publishing Director
credits_DesignDirector,0,,Design Director
credits_TechnicalDirector,0,,Technical Director
credits_OperationsDirector,0,,Operations Director
credits_FranchiseDirector,0,,Franchise Director
credits_AdditionalExpertSupport,0,,Additional Expert Support
credits_TICAlumni,0,,TIC Alumni
credits_TonicGamesGroup,0,,Tonic Games Group
credits_Localisation,0,,Localisation
credits_QualityAssurance,0,,Quality Assurance
credits_PRSupport,0,,PR Support
credits_AdditionalArt,0,,Additional Art
credits_AdditionalHelp,0,,Additional Help
credits_AdditionalDevelopment,0,,Additional Development
credits_WritingNarativeDesign,0,,Writing and Narative design
credits_SpecialThanks,0,,Special Thanks
credits_PublishedBy,0,,Published by Mythwright
credits_CommunityContributors,0,,Community Plague Doctors
credits_AlphabeticalOrder,0,,Alphabetical
credits_QAManager,0,,QA Manager
credits_QAProjectManager,0,,QA Project Manager
credits_QATestLead,0,,QA Test Lead
credits_QATester,0,,QA Tester
credits_community_mods,0,,Community Moderators & Helpers
credits_playtesters,0,,Playtesters
credits_translation,0,,Translation
credits_trailer_service,0,,Trailer Services
options_ui_size_Smallest,0,,Smallest 
options_ui_size_Small,0,,Small
options_ui_size_Normal,0,,Normal
options_ui_size_Large,0,,Large
options_ui_size_Largest,0,,Largest
keybinding_group_Camera,0,,Camera
keybinding_group_Gameplay,0,,Gameplay
keybinding_group_Villagers,0,,Settlers
keybinding_group_Construction,0,,Construction
keybinding_group_Misc,0,,Misc
options_graphics,0,,Graphics
options_audio,0,,Audio
options_game,0,,Game
options_credits,0,,Credits
options_visibleInBackground,0,,Visible In Background
options_shadowQuality,0,,Shadow Quality
options_softParticles,0,,Soft Particles
options_antiAliasing,0,,Anti Aliasing
options_enviroment_footprints,0,,Footprints
options_enviroment_footprints_info,0,,Both humans and animals leave footprints and stir up dust.
options_enviroment_birds,0,,Bird Flocks
options_enviroment_birds_info,0,,"Wild birds fly above settlements, around carcasses, and from trees being felled. Domestic birds, like chickens, are unaffected."
options_enviroment_particles,0,,Environment Particles
options_enviroment_particles_info,0,,"Particles like leaves and twigs fly from felled trees, and dust clouds are carried on the wind. Weather effects, like rain and fog, are unaffected."
options_motionBlur,0,,Motion Blur
options_ambientOcclusion,0,,Ambient Occlusion
options_bloom,0,,Bloom
general_full,0,,Full
general_half,0,,Half
general_off,0,,Off
general_low,0,,Low
general_medium,0,,Medium
general_high,0,,High
general_veryHigh,0,,Very High
options_vSync_everyBlock,0,,Every Block
options_vSync_everySecondBlock,0,,Every Second Block
options_sun_shafts,0,,Sunbeams
options_aa_FXAA,0,,FXAA
options_aa_SMAA_low,0,,SMAA low
options_aa_SMAA_medium,0,,SMAA medium
options_aa_SMAA_high,0,,SMAA high
options_FrameRate,0,,Framerate cap
save_file_already_exists,0,,Save file by that name already exists
menu_roadmap,0,,Roadmap
menu_patchnotes,0,,Patch Notes
early_acces_note,0,,"Welcome to Going Medieval. Thank you for your support.\nPlease note that we are actively developing this game, so you may notice that some areas are still in progress. Rest assured that we will update the game regularly, to add features and to make the experience more robust over time. Should you encounter any bugs, please reach out to us on our Discord server or report them through the in-game bug reporter."
roadmap_planed_updates,0,,Planned Future Updates
roadmap_01,0,,Trading & Merchants
roadmap_02,0,,Caravans
roadmap_03,0,,Settlement Diplomacy
roadmap_04,0,,Settler Social Interactions
roadmap_05,0,,Religious Influence
roadmap_06,0,,Fire & Flammability
roadmap_07,0,,Accumulating Snow
roadmap_08,0,,Organic Dirt Paths
roadmap_09,0,,Mounted Siege Weaponry
roadmap_11,0,,Raiding Other Settlements
roadmap_12,0,,Vassal System
roadmap_13,0,,Map Factions
roadmap_14,0,,Prisoner System
roadmap_15,0,,Taming Wildlife
roadmap_16,0,,Animal Husbandry
roadmap_17,0,,Grand Objectives
roadmap_18,0,,Natural Caves
roadmap_19,0,,Ruins
roadmap_23,0,,Shelves & Weapon racks
roadmap_24,0,,More Structures
roadmap_25,0,,More Music
roadmap_26,0,,More Map types
roadmap_27,0,,More Resources
roadmap_28,0,,More Siege Weapons
roadmap_29,0,,More Research Items
roadmap_30,0,,More QoL Improvements
menu_changelog,0,,Changelog
menu_new_update,0,,New features in this update
update_01_name,0,,Shelves and Racks Update
update_02_name,0,,Bartering & Diplomacy
update_02_name_alt,0,,Trading & Diplomacy
update_02_name_alt2,0,,Merchants & Diplomacy
update_03_name,0,,Animals & Pets
update_05_name,0,,Animal Trading
update_06_name,0,,Terraforming & Cats
update_07_name,0,,Beauty & Comfort
update_08_name,0,,Social Interactions
update_09_name_old,0,,Ladder System
update_09_name,0,,Environment Effects Overhaul
update_095_capsule,0,,Coin Bartering
update_10_name,0,,Water & Fishing
update_11_name,0,,Roles & Events
update_11_capsule,0,,Bards & Feasts
update_12_name,0,,Prisoners & Gates
update_12_capsule,0,,PORTCULLISES
update_14_name,0,,Training Structures & Fire
update_14_Capsule,0,,FIRE
update_15_name,0,,War Machines & Enemy AI
update_15_Capsule,0,,NEW DEFENSIVE WEAPONS
update_15_Capsule_alt,0,,SIEGE WEAPONS
update_15_Capsule_alt2,0,,WAR MACHINES
update_16_name,0,,Bandit camps & Ambushes
update_16_Capsule,0,,BANDIT CAMPS
update_entry_20,0,,New Pathfinding System
update_entry_21,0,,Fermentation
update_entry_22,0,,Trophy Mounting
update_entry_23,0,,Animal Pen
update_entry_24,0,,Starting Animals
update_entry_25,0,,Animals in caravans
update_entry_26,0,,Food Pouch
update_entry_27,0,,New structure: Sign
update_entry_28,0,,Custom Difficulty
update_entry_29,0,,Predator Animals
update_entry_30,0,,Pest Control
update_entry_31,0,,New Animals
update_entry_32,0,,CATS
update_entry_33,0,,Terraforming
update_entry_34,0,,Aesthetic Value
update_entry_35,0,,Comfort
update_entry_36,0,,Statues
update_entry_37,0,,Paintings
update_entry_38,0,,Rugs
update_entry_39,0,,Room Impressiveness
update_entry_40,0,,Bed Assigment
update_entry_41,0,,Individual rooms
update_entry_42,0,,Infirmary room
update_entry_43,0,,Infirmary Bed
update_entry_44,0,,Affection System
update_entry_45,0,,Settler Small talk
update_entry_46,0,,Social Interactions
update_entry_47,0,,Individual Action log
update_entry_48,0,,Ladder System
update_entry_49,0,,Multiple Shelf Editing
update_entry_50,0,,Feeding Animals Changed
update_entry_51,0,,Sunlight
update_entry_52,0,,Stunted Plants
update_entry_53,0,,Temperature Overhaul
update_entry_54,0,,New Day & Night Cycle
update_entry_55,0,,Accumulating Puddles
update_entry_56,0,,Accumulating Snow
update_entry_57,0,,Wound Tending Overhaul 
update_entry_58,0,,Bird Flocks
update_entry_59,0,,Predator protection
update_entry_60,0,,Rivers and Ponds
update_entry_61,0,,Waterfalls
update_entry_62,0,,New Map Type: Marsh
update_entry_63,0,,Fish and Eels
update_entry_64,0,,Settler Role System
update_entry_65,0,,"Bards, Druids and Chaplain"
update_entry_66,0,,"Feasts, Eucharists & Rituals"
update_entry_67,0,,Job Preferences
update_entry_68,0,,Extortion Events
update_entry_69,0,,Negotiating for Runaways
update_entry_70,0,,News System
update_entry_71,0,,New Settler Jobs
update_entry_72,0,,New Settler Skills
update_entry_73,0,,Gates
update_entry_74,0,,Captive Labourer system
update_entry_75,0,,New Role
update_entry_76,0,,Execution event
update_entry_77,0,,Recruiting Prisoners
update_entry_78,0,,Training Structures
update_entry_79,0,,Combat With Fire
update_entry_80,0,,New Weapon Types
update_entry_81,0,,Throwable weapon types
update_entry_82,0,,Modding support 
update_entry_83,0,,Steam Workshop integration
update_entry_84,0,,Group Enemy AI
update_entry_85,0,,Siege Weapons (player controlled)
update_entry_86,0,,Visiting Other Maps
update_entry_87,0,,Raiding Camps/Settlements
update_entry_88,0,,Grand Objectives
update_entry_89,0,,Flammable Traps
update_entry_90,0,,Fire Arrows
update_entry_91,0,,Modding support (meshes and textures)
update_entry_92,0,,Camera 2.0
update_entry_93,0,,Bandit Camps
update_entry_94,0,,Ambush event
update_entry_95,0,,Loot Stashes
update_entry_96,0,,Beggar Event
update_entry_11,0,,Structure Variations
update_entry_12,0,,Seeds & Saplings
update_entry_13,0,,Ice Blocks
update_entry_14,0,,Beekeeping
update_entry_15,0,,Orchards
update_entry_16,0,,New Resources
update_entry_17,0,,Heat Source Refueling
update_entry_18,0,,New Faction Equipment
update_entry_19,0,,New Music Tracks
update_entry_01,0,,Shelves & Weapon racks
update_entry_02,0,,Larger Maps
update_entry_03,0,,Stockpile priority
update_entry_04,0,,Temperature Balance
update_entry_05,0,,Trebuchet Balance & Changes
update_entry_06,0,,QoL Improvements
update_entry_07,0,,New decorative structures
update_entry_08,0,,Stability & Optimisation
update_entry_09,0,,Relocate Structures
update_entry_10,0,,Character Customisation
options_playlist_pause,0,,Music Playlist Pause
options_runInbackground,0,,Run In Background
options_sendAutoReport,0,,Send Crash Report
difficulty_option_raidPointsMultiplier_title,0,,Event Strength Multiplier
difficulty_option_raidPointsMultiplier_info,0,,Determines the amount of points used when spawning events like Blight and Raids. These points determine the number and strength of those events.
difficulty_option_raidStrengthMultiplier_title,0,,Event Strength Escalator
difficulty_option_raidStrengthMultiplier_info,0,,Event strength changes over time. Select how you would like event strength to escalate:
mode_name_plateau,0,,Steady
mode_info_plateau,0,,Rapid increase to a predictable plateau
mode_name_standard,0,,Standard
mode_info_standard,0,,Slower increase to an eventual plateau
mode_name_rampUp,0,,Challenge
mode_info_rampUp,0,,Steep increase ramps up over a decade
mode_name_Wavy,0,,Unforseeable
mode_info_Wavy,0,,Expect surprises in event intensity
schedule_default_4_title,0,,Hard
schedule_default_3_title,0,,Very Hard
difficulty_option_woundSeverityMultiplier_title,0,,Wound Severity Multiplier
difficulty_option_woundSeverityMultiplier_info,0,,"Determines the severity of wounds inflicted on settlers. Less severe wounds have a lower impact on attributes, and are more easily tended."
difficulty_option_animalSpawnMultiplier_title,0,,Animal Spawn Rate Multiplier
difficulty_option_animalSpawnMultiplier_info,0,,Determines speed at which new animals spawn on the map.
difficulty_option_plantYieldMultiplier_title,0,,Plant Yield Multiplier
difficulty_option_plantYieldMultiplier_info,0,,Multiplies the base value of plant resources yielded when harvested
difficulty_option_mineYieldMultiplier_title,0,,Mine Yield Multiplier
difficulty_option_mineYieldMultiplier_info,0,,Multiplies the base value of resources extracted when a voxel is mined
difficulty_option_CellarFloodEvent_title,0,,Cellar Flooded
difficulty_option_animalInfestationEvent_title,0,,Animal Infestation in Cellar
difficulty_option_moodTarget_title,0,,Settler Mood Value
difficulty_option_moodTarget_info,0,,The base mood value of a settler. Smaller values will result in settlers rebelling more often. The default settler's mood is 50.
difficulty_option_enemyHPMax_title,0,,Enemy Hitpoints
difficulty_option_enemyHPMax_info,0,,"The maximum amount of hitpoints an enemy has. Changing this during a playthrough will affect enemies that are yet to come, and not those already on your map. "
difficulty_option_healthRecoverySpeed_title,0,,Hitpoints Recovery
difficulty_option_healthRecoverySpeed_info,0,,Health recovery: base hitpoint recovery rate +/- multipliers.
difficulty_option_rottingSpeed_title,0,,Rotting Speed
difficulty_option_rottingSpeed_info,0,,How quickly resources like raw food will lose freshness and rot.
difficulty_option_decomposeSpeed_title,0,,Decomposition Speed
difficulty_option_decomposeSpeed_info,0,,"How quickly resources will lose HP due to environmental factors, like rain and temperature"
difficulty_option_tradingValue_title,0,,Barter Value
difficulty_option_tradingValue_info,0,,This offsets the proffered value by XX%.
difficulty_option_huntingRetailateChance_title,0,,Chance Quarry Retaliates
difficulty_option_huntingRetailateChance_info,0,,The chance that the quarry fights back.
difficulty_option_globalWorkSpeed_title,0,,Global Work Speed
difficulty_option_globalWorkSpeed_info,0,,This multiplies the speed of all job-related activities.
difficulty_weight_info,0,,"This represents the weighted value of the chance the event has of being triggered. The larger the base value, the more this event will happen. Remember that if every event type has the highest weighted value, then they all have an equal chance of triggering.
Weightings are further influenced by other systems in the game: like faction friendliness, time of year, map type, amount of settlers, and many more."
difficulty_option_runawayEvent_title,0,,Runaway
difficulty_option_newWorkerEvent_title,0,,New Settler
difficulty_option_merchantGeneralEvent_title,0,,Merchant visit
difficulty_option_merchantRareEvent_title,0,,Rare goods merchant visit
difficulty_option_merchantPrisonerEvent_title,0,,Prisoner merchant visit
difficulty_option_visitorEvent_title,0,,Visitor
difficulty_option_visitorRoleEvent_title,0,,Visitor with a particular role
difficulty_option_animalMiscSmallEvent_title,0,,Small animal event
difficulty_option_animalWildLargeEvent_title,0,,Large animal event
difficulty_option_animalBearSingleEvent_title,0,,Bear visit
difficulty_option_thundertstormEvent_title,0,,Thunderstorm
difficulty_option_thundertstormEvent_info,0,,Allow this event to happen in this playthrough
difficulty_option_blightEvent_title,0,,Blighted Crops
difficulty_option_blightEvent_info,0,,Allow this event to happen in this playthrough
difficulty_option_animalRaidEvent_title,0,,Hostile Animals
difficulty_option_animalRaidEvent_info,0,,Allow this event to happen in this playthrough
difficulty_option_animalDomesticSingleEvent_title,0,,Domestic Animal Event
difficulty_option_animalDomesticSingleEvent_info,0,,Allow domestic animals to appear on your map from time to time
difficulty_option_hailstormEvent_title,0,,Hailstorm
difficulty_option_hailstormEvent_info,0,,Allow this event to happen in this playthrough
difficulty_option_coldsnapEvent_title,0,,Cold snap
difficulty_option_coldsnapEvent_info,0,,Allow this event to happen in this playthrough
difficulty_option_heatwaveEvent_title,0,,Heat wave
difficulty_option_heatwaveEvent_info,0,,Allow this event to happen in this playthrough
difficulty_option_enemyRaidEvent_title,0,,Enemy Raid Events
difficulty_option_enemyRaidEvent_info,0,,"Allow random raid events to occur during your play session. (Note that in Peaceful mode this does not apply, because raids are excluded from this game mode.)"
difficulty_option_useSeeds_title,0,,Use Seeds
difficulty_option_useSeeds_info,0,,Use seeds for sowing. It is recommended to leave this 'on.' Turning this off results in unused seeds visible on the map: settlers will go through the motions of sowing at locations designated as crop fields where plants will grow automatically. You still need to acquire seeds to unlock a crop field. 
difficulty_option_enemiesHaveTrebuchet_title,0,,Enemies Armed with Siege Weapons
difficulty_option_enemiesHaveTrebuchet_info,0,,Turning this off disables enemies from constructing siege weapons during regular raids.
difficulty_option_fireSpreadSpeedMultiplier_title,0,,Fire Spread Multiplier
difficulty_option_fireSpreadSpeedMultiplier_info,0,,"Multiplies the speed at which fire spreads. This is additional to the property that as damage accrues, fire spreads more slowly to neighbouring ground. Speed of fire spread on oil splashes is unaffected."
difficulty_option_caravanAmbushChanceMultiplier_title,0,,Ambush Chance
difficulty_option_caravanAmbushChanceMultiplier_info,0,,The base chance of an ambush happening. This is further multiplied by various factors when creating caravans
save_load_fail,0,,"Settlements saved using game version <save_modified_version> will not work on version <valid_save_version> and above. To make the most of new game features, please start a new settlement. Alternatively, you can revert to a legacy build in your game launcher to continue playing this settlement"
options_camera_target_visuals,0,,Camera target visuals
options_camera_target_visuals_info,0,,Toggle visuals that represent the camera's target. Visuals will appear only while the camera is moving/zooming/orbiting.
options_camera_target_visuals_duration,0,,Camera target visuals duration
options_camera_target_visuals_duration_info,0,,How long camera target visuals remain on screen after the camera action stops.
options_coyote_time,0,,Coyote time
options_coyote_time_info,0,,"The amount of time the camera target stays airborne when going off a cliff. If camera target visuals are enabled, this is represented by a white line from the target visuals to the next layer the camera target jumps to."
options_camera_offset_by_buildings,0,,Camera offset by buildings
options_camera_offset_by_buildings_info,0,,"Toggles whether or not the camera will be offset by floors and walls, together with terrain and water."
options_camera_shake,0,,Camera Shake
options_camera_shake_info,0,,Toggles whether or not the camera will shake
options_camera_settings,0,,Camera Settings
ingame_menu_camera_settings,0,,Camera Settings
options_legacy_camera,0,,Legacy Mode
options_legacy_camera_info,0,,Toggles legacy mode where the camera operates as it did in the original game build. Enabling legacy mode disables all other more recently-added camera features 
game_parametars_title,0,,Custom Gameplay Settings
game_parametars_title_old,0,,Game Parameters
demo_end_message,0,,"This is the end of the Going Medieval Demo. 
You may continue to build your settlement in the full game, or feel free to start over with a new settlement here in the demo.
Thank you for trying out Going Medieval!"
demo_start_message,0,,"<b><uppercase>Welcome to the Going Medieval Demo!</b></uppercase> 
Each settlement may only be played until the end of the first Spring.
Also, please note that some features are unavailable in the demo.
We hope you enjoy this small slice of the larger game. 
You'll be able to continue your demo save in the full v1.0 release."
demo_exit_message,0,,"Thank you for trying out Going Medieval!
Continue to build your settlement into a mighty colony in the full game.
Follow us on <link=""web_discord_link""><style=LinkWorker>Discord</style></link> for development updates."
not_available_in_demo,0,,Not available in Demo version
lb_get_Started,0,,Get Started
lb_wishlist,0,,Wishlist Going Medieval
save_not_from_demo,0,,You are trying to load a save that is past the first season of gameplay or is started in a non demo version. To continue this save please boot up the full version of the game
save_not_compatible_demo,0,,This settlement has been started in the demo version. Its save file is not compatible with the current version of the game. You can start a new game and continue this settlement when the game leaves early access.
lb_purchase_full,0,,Buy Full Version
lb_newsletter,0,,Newsletter
lb_patch_notes,0,,Patch Notes
TwitchAnimalSpawnBbt,0,,{Animal} named {Twitch Name} has appeared!
twitch_strike_event_bbt,0,,{Twitch Name} has conjured a lighting strike!
twitch_raid_event,0,,{FromBroadcasterName} has raided your stream with {ViewersCount} people! Now they will raid your settlement!
TwitchMysteryGiftWindowTitle,0,,Mysterious gift
TwitchMysteryGiftContentTitle,0,,Mysterious gift
TwitchMysteryGiftBody,0,,A shadowy figure known only as {mysteryName} just left something at the edge of your settlement.
TwitchRerollName,0,,Reroll Twitch name
options_twitch,0,,Twitch
twitch_auth_title,0,,Authentication
twitch_auth_desc,0,,"Feel free to authenticate with Twitch and invite your friends to join in. All features are togglable, so you can customise what you want. Default settings are for small streamers (up to 20 viewers). With more viewers, try increasing cooldowns.
"
twitch_auth_desc_chanel_name,0,,Your channel name is necessary to monitor commands being activated in your chat
twitch_auth_button,0,,Log in
twitch_auth_log_in,0,,Log in
twitch_auth_log_out,0,,Log out
twitch_channel_name,0,,Channel name
twitch_user_name,0,,User name
twitch_auth_required,0,,Not logged in
twitch_auth_success,0,,You are logged in
twitch_raid_button,0,,Minimum amount of Twitch raiders to trigger
twitch_name_desc,0,,"Each Twitch user that types !name in your chat will have their name queued to be assigned to a game being (settlers, enemies, NPCs and animals). You will have an option to reroll names of specific individuals. Only one named being is allowed per chat participant at any given time."
twitch_appear_desc,0,,Each Twitch user that types !appear in your chat will spawn a small animal with their name. Only one use per chat participant.
twitch_gift_desc,0,,Generous users that type !gift in your chat will send you a gift of unknown value and content. This has a global cooldown that can be customised
twitch_strike_desc,0,,Upset Twitch users that type !strike in your chat will strike you with lightning! This has a global cooldown.
twitch_command_cooldown,0,,Cooldown
twitch_raid_title,0,,Raids
twitch_raid_desc,0,,Twitch raids also trigger in game raids.
twitch_settlers_title,0,,New Settler
twitch_settlers_desc,0,,"A new follower, subscriber or hypetrain level spawns a new settler. Remember that the soft lock for settler count is 20 settlers."
twitch_event,0,,Twitch event
twitch_event_01,0,,Follow
twitch_event_02,0,,Subscribe
twitch_event_03,0,,Hypetrain level
twitch_drops_title,0,,Twitch Drops
twitch_drops_desc,0,,"If you have earned Twitch drops during one of Going Medieval watch campaigns, you can redeem them here."
twitch_drops_button,0,,Get drops
not_allowed_map_selected,0,,This map type is not intended to be used with this scenario
recomend_dont_change_cap,0,,High number of FPS might create issues with animations being out of sync. We recommend keeping this at 60 or lower
twitch_drops_bbt,0,,{drop} has been redeemed!
twitch_drops_bbt_none,0,,No Twitch Drops were unlocked.
resource_holder_info_barley_patch,0,,"A versatile grain for bread, gruel or refreshing ale. Use as feed to fatten poultry."
resource_holder_info_wild_barley_patch,0,,"A versatile grain for bread, gruel or refreshing ale. Use as feed to fatten poultry."
resource_holder_info_beet_patch,0,,"An ancient and hardy root to grow in your garden, be that hovel or manor."
resource_holder_info_cabbage_patch,0,,The humblest of wortes and a staple food. A crop to sow all year round.
resource_holder_info_carrot_patch,0,,A colourful taproot that is delicious to eat. Can also be stored to enjoy later.
resource_holder_info_dig_marker_clay,0,,"Fine-grained, mineral-rich soil that sticks to the shoes. One of the oldest building materials."
resource_holder_info_dig_marker_empty,0,,Good soil is like black gold.
resource_holder_name_dig_marker_coal,0,,Coal seam
resource_holder_info_dig_marker_coal,0,,"Black mineral remains of plants, buried before time began. Burns fiercely in hearth or forge."
resource_holder_info_dig_marker_gold,0,,"Buried treasure. Malleable, incorruptable metal for crowns and coin."
resource_holder_info_dig_marker_iron,0,,Iron-rich ore will yield metal for the forge. 
resource_holder_info_dig_marker_limestone,0,,"Building material, born of a million ancient, dead sea creatures. Use also to make quicklime."
resource_holder_info_dig_marker_salt,0,,Precious salt for preserving food is a cornerstone of civilization. 
resource_holder_info_dig_marker_silver,0,,"A vein of fine, soft metal to be worked into coins or jewellery."
resource_holder_info_wild_flax_patch,0,,"A beautiful and versatile plant with blue flowers, yielding seeds for food and oil, and stems for linen."
resource_holder_info_flax_patch,0,,"A beautiful and versatile plant with blue flowers, yielding seeds for food and oil, and stems for linen."
resource_holder_info_hay_patch,0,,"Grass grows up fast, rippling verdant in the wind. Cut to make hay for animals, or for bedding. "
resource_holder_info_herbs_patch,0,,"Plants gathered from nature with many uses, from flavouring food to healing, brewing and dyeing."
resource_holder_info_mushroom_patch,0,,"Fungi of the field and forest. Many are edible, some are delicious."
resource_holder_info_shrub_generic,0,,A Shrub. Can be harvested for wood but yields little to none.
resource_holder_info_shrub_ivy,0,,"Hardy, climbing ivy scrambles up trees, walls and fences. It may weaken them in its tight embrace."
resource_holder_info_shrub_redcurrant,0,,"A plant that grows anywhere, and yields tart, ruby red berries packed with goodness."
resource_holder_info_tree_birch,0,,"The tree of renewal, birch burns even when wet and is ideal for smoking food. Used for dye and medicine."
resource_holder_info_tree_oak,0,,The king of the forest and sacred to the druids. Favoured for wood carving and timber-framed buildings.
resource_holder_info_tree_pine,0,,"The largest Caledonian tree, tall, straight and flexible for masts and planks. Planted to mark the graves of wandering Scots."
resource_holder_info_tree_plane,0,,"Pass a maple branch over a child to remove all traces of witchcraft. Yields hard timber, perfect for musical instruments."
resource_holder_name_wild_barley_patch,0,,Barley (Growing wild)
resource_holder_name_barley_patch,0,,Barley
resource_holder_name_beet_patch,0,,Beets
resource_holder_name_cabbage_patch,0,,Cabbage
resource_holder_name_carrot_patch,0,,Carrots
resource_holder_name_dig_marker_rocky,0,,Rocky Soil
resource_holder_info_dig_marker_rocky,0,,"Good soil is like black gold. But sometimes, rocky ground is all there is to work with."
resource_holder_name_dig_marker_clay,0,,Clay Deposit
resource_holder_name_dig_marker_empty,0,,Dirt
resource_holder_name_dig_marker_gold,0,,Gold Vein
resource_holder_name_dig_marker_granite,0,,Granite
resource_holder_name_dig_marker_iron,0,,Iron Vein
resource_holder_name_dig_marker_limestone,0,,Limestone Deposit
resource_holder_name_dig_marker_impurelimestone,0,,Limestone Deposit (Impure)
resource_holder_name_dig_marker_salt,0,,Salt Deposit
resource_holder_name_dig_marker_sand,0,,Sand Deposit
resource_holder_name_dig_marker_silver,0,,Silver Vein
resource_holder_name_wild_flax_patch,0,,Flax (Growing wild)
resource_holder_name_flax_patch,0,,Flax
resource_holder_name_hay_patch,0,,Tall Grass
resource_holder_name_herbs_patch,0,,Herbs
resource_holder_name_mushroom_patch,0,,Mushrooms
resource_holder_name_shrub_generic,0,,Shrub
resource_holder_name_shrub_ivy,0,,Ivy Shrub
resource_holder_name_shrub_redcurrant,0,,Redcurrant Shrub
resource_holder_name_tree_birch,0,,Birch Tree
resource_holder_name_tree_oak,0,,Oak Tree
resource_holder_name_tree_pine,0,,Scots Pine
resource_holder_name_tree_plane,0,,Field Maple
resource_holder_name_tree_quince,0,,Quince Tree
resource_holder_name_tree_walnut,0,,Walnut Tree
resource_holder_name_tree_damson,0,,Damson Tree
resource_holder_name_tree_mulberrie,0,,Mulberry Tree
resource_holder_info_tree_quince,0,,"Bears a legendary, tough fruit that welcomes spicing with nutmeg or cloves. "
resource_holder_info_tree_walnut,0,,"This ill-omened tree yet bears useful nuts and fine timber. Beware falling asleep in its shade, which is an invitation to malign spirits."
resource_holder_info_tree_damson,0,,Was this damascene plum brought to England by a weary crusader? 
resource_holder_info_tree_mulberrie,0,,"Stained red since the tragic demise of Pyramus and Thisbe, this tree is often planted in the infirmary garden."
resource_holder_name_shrub_blackberry,0,,Bramble Bush
resource_holder_name_shrub_sloe,0,,Blackthorn Bush
resource_holder_name_shrub_gooseberry,0,,Gooseberry Bush
resource_holder_info_shrub_blackberry,0,,"The Devil himself landed in a bramble when he was cast out of heaven. Prickly, but worth it for the prize of sweet blackberries."
resource_holder_info_shrub_sloe,0,,"A thicket of wicked thorns, bearing bitter black sloes. The Cailleach strikes the ground with a blackthorn staff to initiate winter."
resource_holder_info_shrub_gooseberry,0,,"The damp and windy climate of the British Isles seems to favour this tart green fruit, also known as a fea-berry in some parts."
resource_holder_name_rose_patch,0,,Rose Bush
resource_holder_info_rose_patch,0,,The flower of love and a symbol of England. Fivefold petals represent the five wounds of Christ.
resource_holder_name_belladonna_patch,0,,Belladona
resource_holder_name_poppy_patch,0,,Poppy Patch
resource_holder_name_magic_mushroom,0,,Liberty Cap Mushrooms
resource_holder_info_belladonna_patch,0,,The veil between easing pain and death is slight with the berries from this potent plant. A witches' poison.
resource_holder_info_poppy_patch,0,,"In turmoil's wake, bright poppies grow. Yields seed for baking, and draughts to ease pain."
resource_holder_info_magic_mushroom,0,,"A small fungus, easily missed. It wears a pointed hat and, if eaten, may cause visions or odd behaviour."
tree_mighty_oak,0,,Mighty Oak
resource_holder_name_tree_mighty_oak,0,,Mighty Oak
resource_holder_info_tree_mighty_oak,0,,"A doorway to the otherworld, this mighty oak bears witness to the great forests that once covered this land. Standing guard with roots in the underlands and branches in the heavens, to approach it is to seek wisdom, shelter, and rebirth."
resource_holder_name_tree_mighty_oak_dead,0,,Dying Mighty Oak
resource_holder_info_tree_mighty_oak_dead,0,,"A grove of mighty, sacred oak trees once flourished here. Now, the last one stands hollowed, overrun with mistletoe. As the Green Knight lost his head, so must this lord of the forest be felled to encourage new life."
resource_phase_fruitelss,0,,Fruitless
resource_phase_seeding,0,,Going to seed
resource_phase_growing,0,,Growing
resource_phase_ripening,0,,Ripening
resource_phase_ripe,0,,Ripe
resource_phase_young,0,,Young
resource_phase_dead,0,,Dead
resource_phase_flowering,0,,Flowering
resource_phase_budding,0,,Budding
resource_phase_mature,0,,Mature
resource_phase_sapling,0,,Sapling
resource_phase_burned,0,,Burnt
dont_harvest,0,,Don't Harvest
dont_cut,0,,Don't Cut
resource_holder_name_dig_marker_wetlandDirt,0,,Marshy soil
resource_holder_info_dig_marker_wetlandDirt,0,,"A fertile soil, good for growing crops. It is waterlogged, however. Ground works, such as digging out cellars, will not succeed. "
voxel_rocky,0,,Rocky soil
voxel_grass,0,,Grass
voxel_dirt,0,,Soil
voxel_limestone,0,,Limestone
voxel_clay,0,,Clay
voxel_iron,0,,Iron
voxel_salt,0,,Salt
voxel_gold,0,,Gold
voxel_granite,0,,Granite
voxel_sand,0,,Sand
voxel_silver,0,,Silver
voxel_coal,0,,Coal
voxel_impureLimestone,0,,Limestone Deposit (Impure)
voxel_wetlandDirt,0,,Marshy soil
animal_info_deer,0,,"Game forest creatures, favoured by nobles and even occasionally kept as pets. "
animal_info_hare,0,,"Timid but fast, a wild hare is hard to catch. A worthy beast for the pot, and for its fur."
animal_info_wolf,0,,"Despite the best efforts of Edward I to exterminate them, wolves have returned to stalk the woods of England. Beware."
animal_name_deer,0,,Deer
animal_name_hare,0,,Hare
animal_name_wolf,0,,Wolf
animal_name_boar,0,,Boar
animal_name_fox,0,,Fox
animal_name_rat,0,,Rat
animal_name_polecat,0,,Polecat
animal_name_cow,0,,Cattle
animal_name_goat,0,,Goat
animal_name_sheep,0,,Sheep
animal_name_donkey,0,,Ass
animal_name_cat,0,,Cat
animal_name_dog,0,,Dog
animal_name_pheasant,0,,Pheasant
animal_name_chicken,0,,Chicken
animal_name_pig,0,,Pig
animal_name_bear,0,,Bear
animal_info_bear,0,,"A mighty predator, once lost to these shores, but now resurgent and deadly. It must have escaped from a bear pit."
animal_name_badger,0,,Badger
animal_name_hound,0,,Wild Hound
animal_name_london_pigs,0,,London Pigs
animal_info_boar,0,,"Grisly, and fearless in the face of death. A boar is a ferocious opponent fit for a knight in training."
animal_info_wild_hound,0,,"Untended dogs will become a feral pack without a human master. Hungry, wild and vicious."
animal_info_fox,0,,"Old Reynard the Fox is a sly trickster, who will steal your hens and worry your sheep."
animal_info_badger,0,,"These nocturnal creatures usually mind their own business, but eat everything and can be aggressive if confronted."
animal_info_rat,0,,"The sound of scurrying and scratching, food and stores gnawed and spoiled. You smell a rat."
animal_info_london_pigs,0,,"As London fell into ruins, feral hogs once belonging to St Anthony's hospital got a taste for human flesh. "
animal_info_pheasant,0,,"Best hunted with a trained hound. A pheasant is not an especially bright bird, but it is a tasty one."
animal_info_sheep,0,,"Sheep turn England's grass into cash. Best kept for its valuable wool, it also yields meat, milk and hides."
animal_info_goat,0,,"Good for milk, meat and hides, a goat will eat almost anything, thriving even on poor land."
animal_info_chicken,0,,Our feathered friends kindly provide eggs and meat. They need regular care and guarding from predators.
animal_info_cat,0,,"Useful for killing vermin, but possibly in league with the devil. Used in Cathar rites and familiar to witches."
animal_info_dog,0,,"Whether guarding your home or at your side while hunting, a well-trained hound is justifiably a status symbol."
animal_info_pig,0,,A fat hog should be fed on acorns in the forest. Can be executed for murder - mind your children.
resource_holder_info_tree_apple,0,,"Bearing crisp, tempting autumn fruit, and wood perfect for turning or carving."
resource_holder_name_tree_apple,0,,Apple Tree
animal_info_polecat,0,,"Nocturnal predators that eat rabbits, rats and birds, these slender mammals kill with a swift bite to the neck."
animal_info_cow,0,,Hoofy bovines reared for their meat and milk. A peasant's most prized possession.
animal_info_donkey,0,,"Obstinate, ubiquitous, hardworking. A humble beast of burden, used to carry heavy loads. "
resource_holder_info_tree_willow,0,,"A silver-leaved denizen of waterside and fenland, the willow tree is fast-growing and pliable."
resource_holder_name_tree_willow,0,,Willow
resource_holder_info_reed_patch,0,,"Growing in the shallows or on marshy ground, it blankets our lowlands with rippling gold."
resource_holder_name_reed_patch,0,,Water Reed
animal_name_water_vole,0,,Water Vole
animal_info_water_vole,0,,Bright eyes glimpsed in a tiny burrow at the water's edge. Splash! And he's gone.
animal_name_mallard,0,,Mallard
animal_info_mallard,0,,"Dabbling waterfowl. The females are brown, but the males are jewel-bright green and blue."
animal_name_fish_pike,0,,Pike
animal_info_fish_pike,0,,"You will need a strong line to catch this monster. Serve with a strong Galentyne sauce, spiced with cinnamon."
animal_name_fish_trout,0,,Trout
animal_info_fish_trout,0,,"Common enough where the waters are clear and small bugs plentiful. Delicious fried, stuffed with butter and lovage."
animal_name_eel,0,,Eel
animal_info_eel,0,,"A staple for the pot at lent, our wriggly friend is also delicious fried, spiced and cooked in verjuice to create a tempting Saracen broth."
animal_color_albino,0,,Albino
animal_color_bear_default,0,,Brown
animal_color_bear_back_spot,0,,Shoulder Stripe
animal_color_bear_ginger,0,,Cinnamon
animal_color_boar_default,0,,Grizzled brown
animal_color_boar_light,0,,Tawny
animal_color_boar_pink,0,,Pale
animal_color_boar_spotted,0,,Speckled
animal_color_boar_striped,0,,Striped
animal_color_cat_default,0,,Grey
animal_color_cat_black,0,,Black
animal_color_cat_calico,0,,Tortoiseshell-and-white
animal_color_cat_calico_gray,0,,Soft Tortoiseshell
animal_color_cat_eyebrows,0,,Black Tortoiseshell
animal_color_cat_hoshi,0,,Blue
animal_color_cat_mico,0,,Tabby-and-white
animal_color_cat_miki,0,,Grey Piebald
animal_color_cat_orange,0,,Ginger
animal_color_cat_orange_white,0,,Orange Piebald
animal_color_cat_siamese,0,,Colorpoint
animal_color_cat_tabby,0,,Tabby
animal_color_cat_tiger,0,,Orange tabby
animal_color_cat_tortie,0,,Tortoiseshell
animal_color_cat_tuxedo,0,,Black Piebald
animal_color_cat_van,0,,Coloured tips
animal_color_cat_white,0,,White
animal_color_chicken_default,0,,White
animal_color_chicken_red,0,,Red
animal_color_chicken_brown,0,,Brown
animal_color_chicken_buff,0,,Buff 
animal_color_chicken_black,0,,Black
animal_color_chicken_speckled,0,,Speckled
animal_color_chicken_black_and_white,0,,Black tipped
animal_color_chicken_light,0,,Silver
animal_color_chicken_lightly_spotted,0,,Light Speckled
animal_color_chicken_red_green,0,,Green plumed
animal_color_chicken_red_white,0,,Red and white
animal_color_chicken_spotted,0,,Dark Speckled
animal_color_chicken_yellow,0,,Golden
animal_color_cow_default,0,,Brown
animal_color_cow_beige,0,,Cream
animal_color_cow_black_pattern,0,,Charcoal
animal_color_cow_black_and_white,0,,Black and White
animal_color_cow_black,0,,Black
animal_color_cow_brown_pattern,0,,Belted
animal_color_cow_brown_spotted,0,,Speckled
animal_color_cow_spotted,0,,Mottled grey
animal_color_cow_tortie,0,,Striped
animal_color_deer_default,0,,Tan
animal_color_deer_black,0,,Black
animal_color_deer_dark,0,,Brown
animal_color_deer_spotted,0,,Dappled
animal_color_deer_white,0,,Menil
animal_color_dog_default,0,,Fawn
animal_color_dog_black,0,,Black
animal_color_dog_black_mostly,0,,Black and Tan
animal_color_dog_black_and_white,0,,Black and White
animal_color_dog_black_and_yellow,0,,Black and Golden
animal_color_dog_black_yellow_white,0,,Mixed
animal_color_dog_bullenbeisser,0,,Brindled
animal_color_dog_collie,0,,Mottled
animal_color_dog_dalmatian,0,,Spotted
animal_color_dog_greyhound,0,,Grey
animal_color_dog_greyhound_stripes,0,,Grey stripes
animal_color_dog_red_white,0,,Auburn and White
animal_color_dog_yellow_white,0,,Tan and White
animal_color_donkey_default,0,,Dun
animal_color_donkey_black,0,,Black
animal_color_donkey_chestnut,0,,Chestnut
animal_color_donkey_cross,0,,Jerusalem Cross
animal_color_donkey_diamond,0,,Starred brown
animal_color_donkey_roan,0,,Roan
animal_color_donkey_rose,0,,Sorrel
animal_color_donkey_spotted,0,,Spotted
animal_color_fox_default,0,,Red
animal_color_fox_amber,0,,Amber
animal_color_fox_blonde,0,,Blonde
animal_color_fox_red,0,,Auburn
animal_color_fox_yellow,0,,Rust
animal_color_goat_alpine,0,,Chamoisee
animal_color_goat_black_neck,0,,Pied
animal_color_goat_black_head,0,,Dark Brown
animal_color_goat_grey,0,,Grey
animal_color_goat_brown,0,,Brown
animal_color_goat_brown_black,0,,Black
animal_color_goat_brown_head,0,,Tan
animal_color_goat_default,0,,White
animal_color_goat_rove,0,,Pied Blond
animal_color_hare_default,0,,White
animal_color_hare_blue,0,,Blue
animal_color_hare_brown,0,,Brown
animal_color_hare_lilac,0,,Buff
animal_color_hare_opal,0,,Grey
animal_color_hare_sable,0,,Sable
animal_color_hare_spotted,0,,Countershaded
animal_color_mallard_duck_female_default,0,,Brown
animal_color_mallard_duck_female_dark_wing,0,,Bronze
animal_color_mallard_duck_female_white_wing,0,,Mottled Auburn
animal_color_mallard_duck_male_default,0,,Green Head
animal_color_mallard_duck_male_dark,0,,Emerald Head
animal_color_mallard_duck_male_sepia,0,,Thyme Head
animal_color_pheasant_female_default,0,,Mottled Sandy
animal_color_pheasant_female_dark_tail,0,,Mottled Pale
animal_color_pheasant_female_grey,0,,Mottled Grey
animal_color_pheasant_female_white,0,,Mottled White
animal_color_pheasant_male_default,0,,Cerulean Head
animal_color_pheasant_male_green_plume,0,,Emerald Head
animal_color_pheasant_male_white_tail,0,,Green Head
animal_color_pheasant_male_white_tail_blue_plume,0,,Blue Head
animal_color_polecat_default,0,,Brown
animal_color_polecat_auburn,0,,Tawny
animal_color_polecat_auburn_stripes,0,,Banded
animal_color_polecat_black,0,,Black
animal_color_polecat_spots,0,,Speckled
animal_color_rat_default,0,,Grey
animal_color_rat_brown,0,,Brown
animal_color_rat_black,0,,Black
animal_color_rat_grey,0,,Grey
animal_color_rat_light,0,,Silver
animal_color_rat_mangy,0,,Speckled Grey
animal_color_sheep_default,0,,White
animal_color_sheep_bersugget,0,,Grey
animal_color_sheep_bieslet,0,,White-faced brown
animal_color_sheep_grey,0,,Dark Grey
animal_color_sheep_iglet,0,,White
animal_color_sheep_katmoget,0,,Black tipped
animal_color_sheep_smirslet,0,,Dark face white muzzle
animal_color_sheep_yuglet,0,,Pale-faced brown
animal_color_sheep_black,0,,Black
animal_color_sheep_piebald,0,,Piebald 
animal_color_water_vole_default,0,,Brown
animal_color_water_vole_dark,0,,Dark Brown
animal_color_water_vole_light,0,,Beige
animal_color_water_vole_mangy,0,,Dappled
animal_color_wolf_default,0,,Brown
animal_color_wolf_02,0,,Grey
animal_color_wolf_black_snout,0,,Mixed
animal_color_wolf_grey_white,0,,Buff
animal_color_wolf_light,0,,Beige
animal_color_wolf_light_brown,0,,Cream
warning_message_info_Bleeding,0,,Assign convalesce in the jobs panel in order for other settlers to tend their wounds and stop the bleeding.
warning_message_info_Cold,0,,Make appropriate clothing to beat the cold.
warning_message_info_CriticalCondition,0,,Your settlers' hitpoints are low. Convalescence and sleep will help them regenerate.
warning_message_info_Hunger,0,,Harvest more food or produce some using cooking spots like campfires or stoves.
warning_message_info_HunterMissingWeapon,0,,"Settlers are assigned hunting jobs, but have no ranged weapons to hunt with.\nEquip your hunters with ranged weapons so that they can hunt."
warning_message_info_Idle,0,,You should probably find them something productive to do.
warning_message_info_LowStockpileFood,0,,"Your food reserves are getting low. There is not enough food for settlers.\n\nGet more food by foraging, hunting or farming. <b>(only food placed on a stockpile counts)</b>\n\nForaging - Order some settlers to harvest berries or mushrooms\n\nHunting - Mark some animals to be hunted and butcher their carcasses for meat\n\nFarming - research and place crop fields to grow a steady harvest of food ingredients."
warning_message_info_MissingBed,0,,The number of beds needs to match the number of settlers.\n\nBuild some beds so your settlers can get a good night's sleep.
warning_message_info_MoodLow,0,,"The mood of some of your settlers is worsening.\n\nIf it gets too low they will stop following their schedule and orders, and even do destructive things like overeat or drink until they pass out.\n\nIf their mood falls to 0, they will leave your colony\n\nBe sure to combat low mood by making nice meals, giving settlers a good night's sleep and seeing that they have enough leisure hours in the day. "
warning_message_info_Raid,0,,Arm your settlers. You are being attacked!
warning_message_info_Sleep,0,,Your settlers are exhausted. This means that they are not getting enough sleep.\n\nMake sure that every settler has enough sleep hours in their schedule.
warning_message_info_Warmth,0,,Keep them indoors or make appropriate clothing to accommodate the heat.
warning_message_short_Bleeding,0,,<style=DefaultRed>Settlers are losing blood</style>
warning_message_short_Cold,0,,Settlers are suffering from cold
warning_message_short_CriticalCondition,0,,<style=DefaultRed>Critical Condition</style>
warning_message_short_Hunger,0,,<style=DefaultRed>Settlers are starving</style>
warning_message_short_HunterMissingWeapon,0,,Hunter lacks ranged weapon
warning_message_short_Idle,0,,Settlers are idle
warning_message_short_LowStockpileFood,0,,Food reserves on stockpile low
warning_message_short_MissingBed,0,,Not enough beds
warning_message_short_MoodLow,0,,<style=DefaultRed>Settlers are unhappy</style>
warning_message_short_Raid,0,,<style=DefaultRed>Incursion!</style>
warning_message_short_Sleep,0,,<style=DefaultRed>Settlers are exhausted</style>
warning_message_short_Warmth,0,,Settlers are suffering from excessive heat
warning_message_short_MissingStockpile,0,,Nowhere to store resources
warning_message_info_MissingStockpile,0,,Place a stockpile so that your settlers have somewhere to store resource piles.
warning_message_short_MealProduction,0,,Meal preparation missing
warning_message_info_MealProduction,0,,"Construct a workstation that turns raw food into meals, like a campfire or a stove. \nMeals can improve your settlers' mood."
warning_message_short_Recreation,0,,Leisure activities
warning_message_info_Recreation,0,,"Be sure to give your settlers leisure time activities.\n\nThere are several activities available.\n\nReligious - Depending on religious alignment, your settlers will want to pray at a shrine, Oak Brethren Temple or Restitutionist Chapel.\n\nDrinking - Settlers love to wind down with a pint of ale (some more than others)\n\nGames - games like backgammon will give your settlers a pastime.\n\nInspect the stats and mood tabs in the settler selection screen for more info."
warning_message_short_ResearchBench,0,,Research table missing
warning_message_info_ResearchBench,0,,Construct a Basic Research Table to unlock new research items.
warning_message_short_AvailableResearch,0,,Research available (<research_count>)
warning_message_info_AvailableResearch,0,,You have the available knowledge to unlock new research items
warning_message_short_WinterClothes,0,,Winter is approaching
warning_message_info_WinterClothes,0,,Prepare for chilly weather by equipping your settlers with warm clothes.\n\nTailor some winter clothing at the sewing station
warning_message_short_MoodLowRevolt,0,,<style=Rebellious>Rebellious</style>
warning_message_info_MoodLowRevolt,0,,Your settlers have had enough and for the next several hours will not follow your schedule or instructions.
warning_message_short_Unconscious,0,,<style=DefaultRed>Settlers are unconscious</style>
warning_message_info_Unconscious,0,,Your settlers are unconscious. This could be due to injuries or lack of sleep. Send another settler to bring them to a bed where they can recover.
warning_message_short_NeedTending,0,,<style=DefaultRed>Settler wounds need tending</style>
warning_message_info_NeedTending,0,,"Your settlers are wounded.\n\nTo tend their wounds, the settlers must convalesce or be carried unconscious to bed by another settler.\n\nOnly then can a settler with a tending job see to the wounds."
warning_message_short_DefensiveStructure,0,,Build up your defences
warning_message_info_DefensiveStructure,0,,Construct defensive structures like merlons and traps to prepare for potential raider attacks.
beam_error_default,0,,Support beam needs to be placed between 2x walls or ground
can_not_deal_damage_to_target,0,,This weapon cannot damage this target
worker_can_not_attack,0,,Can't attack target
worker_can_not_find_path_to_target,0,,Can't find a clear path to target
cannot_build_on_edge,0,,Cannot place building this close to edge of map
cannot_build_on_top_layer,0,,"Highest point reached, you can't place buildings this high"
cannot_change_during_raid,0,,Fast speed is disabled during attacks
cannot_dig_bedrock,0,,"You have hit bedrock, you can't dig any deeper"
cannot_dig_edge,0,,Cannot mark for mining this close to edge of map
cannot_place_stockpile_on_edge,0,,Cannot place stockpile this close to edge of map
cannot_plant_on_edge,0,,Cannot place crop field this close to edge of map
construction_failed,0,,Construction failed
construction_blocked,0,,Construction blocked
default_error_space_not_buildable,0,,Structure can't be placed there
error_ladder_blocked,0,,Structure can't be placed there
default_error_space_taken,0,,Space already occupied
dig_failed,0,,Mined Resources Mangled
error_selection_order_chopping,0,,You must select a fully grown tree
error_cant_mine_under,0,,Cannot dig this voxel. It cannot be reached or something is over it.
error_selection_order_cutting,0,,Must select a bushlike or harvestable plant 
error_selection_order_digging,0,,Select a piece of terrain
error_selection_order_harvesting,0,,You must select harvestable plant that is ripe
error_selection_order_mining,0,,You must select a mineable rock or chunk
floor_error_beam_distance,0,,Floors can only hang 3x spaces from support structures
general_birthday_today,0,,<name> has turned <age> today
general_birthday_info,0,,{0} turned
general_today,0,,today
harvest_failed,0,,Harvest ruined 
pile_has_decomposed,0,,has decomposed on the stockpile
pile_has_rotten,0,,<resource_name> has rotted on the stockpile and turned into: <rotten_resource>
placement_error_beam,0,,Cannot place beam over a staircase or roof
placement_error_stairs_blocking,0,,Invalid position. Stairs are blocked
placement_error_stairs_dead_end,0,,Invalid position. Stairs lead nowhere
plant_cut_failed,0,,Plant reaping mishandled
raiders_no_damage_for_period,0,,"Satisfied with the amount of damage done to your settlement, the aggressors are leaving."
raiders_defeated,0,,"Taking a heavy blow to their forces, the aggressors flee."
raiders_won,0,,"Satisfied with the amount of damage done to your settlement, the aggressors are leaving."
raiders_tied,0,,"The battle seems to not be in anyone's favor, the aggressors are leaving."
enemies_have_appeared,0,,<number> enemies have appeared
enemies_have_started_attacking,0,,Enemies have started their attack!
voxel_not_diggable,0,,Can't dig any deeper.
has_died,0,,<name> is dead
has_fainted,0,,<name> is unconscious
settler_is_unconscious,0,,<name> is unconscious
error_place_stability,0,,Can't place building this far from a stable structure
error_place_roof,0,,A roof needs two or more points to rest upon in order to be placed
error_roof_max,0,,Maximum roof span is {0}
error_beam_intersect,0,,"Can't place beam, intersecting with another beam"
error_beam_min_distance,0,,Beam cannot reach that far. Maximum distance for beam is {0}
error_stairs_blocked,0,,"Can't place staircase, path blocked by: {0}"
error_stiars_blocking,0,,"Can't be placed here, blocking the staircase"
error_beam_blocking,0,,Can't be placed under a beam
error_socketable,0,,Can't be placed. Can only be placed on a wall element or ground voxel
error_socketable_blocking,0,,"Can't be placed, blocked by: {0}"
error_cropfield_placement,0,,Crop field can only be placed on appropriate ground type
worker_left_mood_message,0,,<name> left your colony because they were unhappy!
warning_choose_village_name,0,,Please choose settlement name
warning_village_name_exists,0,,Settlement name already exists in save file
game_saved,0,,Game saved
report_sent,0,,Report sent
error_build_research_bench,0,,Construct a <style=Shortcut>Basic Research Table</style> to unlock new research items.
research_panel_unlocked,0,,You have unlocked the research panel. 
trap_misfire,0,,Trap misfire!
warning_message_info_AnimalRaid,0,,A pack of wild animals has arrived near your settlement. It will leave in a couple of days so it might be better to leave them undisturbed than to risk someone getting hurt.
warning_message_short_AnimalRaid,0,,<style=DefaultRed>Hostile animals</style>
warning_message_short_UnarmedVillagers,0,,Settlers are unarmed
warning_message_info_UnarmedVillagers,0,,Arm your settlers so they can defend themselves if attacked. 
selected_worker_is_crazy,0,,The selected settler has become rebellious and won't take orders
can_not_draft_crazy_worker,0,,A rebellious settler cannot be drafted.
can_not_draft_defeated_worker,0,,You can't draft settlers until victorious enemies leave the map
pile_tooltip_info_ArmourPenetrationLow,0,,<style=DefaultRed>Low armour penetration</style>
pile_tooltip_info_ArmourPenetrationMed,0,,<style=DefaultOrange>Moderate armour penetration</style>
pile_tooltip_info_ArmourPenetrationHigh,0,,<style=DefaultGreen>High armour penetration</style>
pile_tooltip_info_ArmorDamageLow,0,,<style=DefaultRed>Low armour and shield damage</style>
pile_tooltip_info_ArmorDamageMed,0,,<style=DefaultOrange>Moderate armour and shield damage</style>
pile_tooltip_info_ArmorDamageHigh,0,,<style=DefaultGreen>High armour and shield damage</style>
pile_tooltip_info_ArmorDamageVeryHigh,0,,<style=DefaultGreen>Very high armour and shield damage</style>
pile_tooltip_info_BuildingDamageLow,0,,<style=DefaultGreen>Low building damage</style>
pile_tooltip_info_BuildingDamageMed,0,,<style=DefaultOrange>Moderate building damage</style>
pile_tooltip_info_BuildingDamageHigh,0,,<style=DefaultGreen>High building damage</style>
pile_tooltip_info_BuildingDamageVeryHigh,0,,<style=DefaultGreen>Severe building damage</style>
pile_tooltip_info_AttckSpeedLow,0,,<style=DefaultRed>Low attack speed</style>
pile_tooltip_info_AttckSpeedMed,0,,<style=DefaultOrange>Moderate attack speed</style>
pile_tooltip_info_AttckSpeedHigh,0,,<style=DefaultGreen>High attack speed</style>
pile_tooltip_info_MissChanceLow,0,,<style=DefaultGreen>Small chance to miss opponent</style>
pile_tooltip_info_MissChanceMed,0,,<style=DefaultOrange>Moderate chance to miss opponent</style>
pile_tooltip_info_MissChanceHigh,0,,<style=DefaultRed>High chance to miss opponent</style>
pile_tooltip_info_MovementSpeedLow,0,,<style=DefaultOrange>Small effect on movement speed</style>
pile_tooltip_info_MovementSpeedMed,0,,<style=DefaultOrange>Moderate effect on movement speed</style>
pile_tooltip_info_MovementSpeedHigh,0,,<style=DefaultRed>Large effect on movement speed</style>
pile_tooltip_info_AattackSpeedImpactLow,0,,<style=DefaultOrange>Small effect on attack speed</style>
pile_tooltip_info_AttackSpeedImpactMed,0,,<style=DefaultOrange>Moderate effect on attack speed</style>
pile_tooltip_info_AttackSpeedImpactHigh,0,,<style=DefaultRed>Large effect on attack speed</style>
pile_tooltip_info_Shackles,0,,<style=DefaultOrange>Used for shackling prisoners to turn them into captive labourers</style>
pile_tooltip_info_Shackles2,0,,<style=DefaultOrange>Shackled prisoners move slower and have a smaller chance to run away</style>
pile_tooltip_info_BonusHigherGround,0,,<style=DefaultGreen>Attack bonus when used from higher ground</style>
pile_tooltip_info_BonusAgainstSun,0,,<style=DefaultGreen>Protects against harsh sunlight</style>
pile_tooltip_info_BonusOnLadders,0,,<style=DefaultGreen>Additional Critical Chance while on ladders</style>
sow_tooltip_TreeStuntedInfo,0,,<style=DefaultOrange>Sow trees in rows rather than clumps to avoid stunted growth due to overcrowding.</style>
building_tooltip_info_sun,0,,<style=DefaultGreen>Lets sunlight through</style>
building_tooltip_info_rain,0,,<style=DefaultOrange>Rain and snow can fall through</style>
building_tooltip_info_hail,0,,<style=DefaultGreen>Prevents hailstones getting through</style>
shrink_zone,0,,Drag the red rectangle over {zone} to delete part of the zone.\nCutting the zone in half will not create 2x zones but will randomly choose one half to delete.
expand_zone,0,,Place a zone that is connected to {zone} to expand it.
warning_message_info_RaidCountdown,0,,"Prepare your settlers, <faction_name> are on their way"
warning_message_short_RaidCountdown,0,,<style=DefaultRed>A search party arrives.</style>
warning_message_info_AttackCountdown,0,,"Prepare your settlers, <faction_name> are on their way"
warning_message_short_AttackCountdown,0,,<style=DefaultRed>Attackers approaching.</style>
can_not_banish_while_fainted,0,,Cannot banish settler while unconscious
event_animal_raid_end,0,,Hostile animals are leaving the area
warning_message_short_MoodAnnoyed,0,,Settlers are becoming annoyed
warning_message_info_MoodAnnoyed,0,,"The mood of some of your settlers is worsening.\n\nIf it gets too low they will stop following their schedule and orders, and even do destructive things like overeat or drink until they pass out.\n\nIf their mood falls to 0, they will leave your colony\n\nBe sure to combat low mood by making nice meals, giving settlers a good night's sleep and seeing that they have enough leisure hours in the day. "
worker_low_mood_message,0,,<name> is rebellious now!
settler_is_rebellious,0,,The selected settler has become rebellious and won't take orders
event_animal_raid_end_all_animals_dead,0,,All the aggressive animals have been dealt with
warning_message_short_trader,0,,Merchant
warning_message_info_trader,0,,"To initiate bartering with a merchant, select a settler and <sprite=""ctrl_right_click"" index=t> on the merchant, then select the  <b>Barter with</b> option."
warning_message_short_caravan,0,,Caravan is at destination
error_build_map_table,0,,Construct a <style=Shortcut>Cartography Table</style> to view a map of the region.
region_panel_unlocked,0,,You have unlocked the region map
warning_message_short_trader_cant_leave,0,,<style=DefaultRed>Visitors can't leave</style>
warning_message_info_trader_cant_leave,0,,"Visitors can't leave due to being locked or walled in. If you don’t let them go, your settlement's alignment with <faction_name> will decrease."
warning_message_info_group_of_animals_start,0,,A group of animals has arrived (<number> <animal>)
warning_message_info_group_of_animals_leave,0,,The <animal> group has left 
already_reserved_by_other_worker_will_cancel,0,,Another creature or settler is already trying to interact with this pile. This will cancel their actions.
warning_message_short_animals_hungry,0,,<style=DefaultRed>Animals are hungry</style>
warning_message_info_animals_hungry,0,,"Your animals are hungry. Feed them, otherwise they might die of starvation. You can check each animal's diet in the almanac. Ensure that they can access piles of appropriate resources."
message_animal_died,0,,<name> the <animal> has died
message_animal_birth,0,,<name> the <animal> has given birth to
equipment_decomposed,0,,<equipment> decomposed or has been destroyed while worn by <settler>!
fishing_failed,0,,Fishing attempt failed
warning_message_short_Suffocating,0,,<style=DefaultRed>Settlers are suffocating</style>
warning_message_info_Suffocating,0,,"Settlers cannot breathe in this environment. Remove them quickly, before they run out of air and die."
warning_message_short_role_possible,0,,Eligible for Role
warning_message_info_role_possible,0,,One or more of your settlers have the prerequisites to be given a special community role in your settlement. 
eligible_for_role_bbt,0,,<settler_name> is eligible to be a <role_name> 
warning_message_short_role_hour,0,,Role Duties Schedule
warning_message_info_role_hour,0,,"One or more settlers have role duties scheduled during the day, but have no role assigned to them. Assign a role to them or replace the role duty hours with another activity. "
warning_message_short_no_role_hour,0,,Role Duties Schedule Missing
warning_message_info_no_role_hour,0,,One or more of your settlers with assigned roles don't have role-appointed hours. Some roles need role-appointed hours for role-specific tasks.
warning_message_short_event_possible,0,,Hold an Event
warning_message_info_event_possible,0,,One or more event types are available to your settlement. Select the appropriate structure to initiate an event there.
warning_message_short_prison_cell,0,,<style=DefaultRed>Prison Cell Missing</style>
warning_message_info_prison_cell,0,,There is no room designated as a cell. Add a prison marker and stash to any room to turn it in to a prison cell
warning_message_short_prisoner_run,0,,<style=DefaultRed>Runaway!</style>
warning_message_info_prisoner_run,0,,"Prisoners are running away! Order your gaolers to capture them. If runaways reach the edge of the map, they will be gone."
warning_message_short_gaoler_missing,0,,Gaoler Needed
warning_message_info_gaoler_missing,0,,"You have prisoners but no Gaoler. This means food will not be delivered to prisoners, nor will thay be escorted to their cells. Assign this job to one or more of your settlers. "
warning_message_short_crop_blight,0,,<style=DefaultRed>Blighted crops</style>
warning_message_info_crop_blight,0,,Order your settlers to cut down spoiled crops before the blight spreads.
warning_message_short_fire,0,,<style=DefaultRed>Fire!</style>
warning_message_info_fire,0,,A fire has broken out! Extinguish the flames before they spread and damage your settlement.
cannot_extingush_greek_fire,0,,Greek fire can't be extinguished 
attack_oil_blob,0,,Ignite
attack_oil_blob_tooltip,0,,Use flaming projectiles to ignite
cant_attack_oil_without_fire_tooltip,0,,Settler needs to be next to a fire source to use flaming projectiles
dam_built_bbt,0,,River flow stopped by a dam.
enemy_siege_weapon_bbt,0,,Enemies have started placing siege weapons
warning_message_short_enemy_siege,0,,<style=DefaultRed>Enemy Siege Weapons!</style>
warning_message_info_enemy_siege,0,,Enemies have one or more siege weapons. Try to destroy them with your own siege weapons or try to disable them by taking out the enemy that is operating it
warning_message_pass_through_destroyed,0,,Fence Breach!
warning_message_info_pass_through_destroyed,0,,Someone or something has pulled down your fence
warning_message_short_FinalRaidCountdown,0,,<style=DefaultRed>Attackers approaching.</style>
warning_message_info_FinalRaidCountdown,0,,"Prepare your settlers, <faction_name> are on their way"
warning_message_short_EndGameEvent,0,,Endgame Event
warning_message_info_EndGameEvent,0,,"You have triggered the endgame event. Soon, others will arrive to play their parts as you fulfil your destiny."
warning_message_short_RoomNew,0,,Room created
warning_message_warden_recruit,0,,Cannot Recruit Prisoner
warning_message_info_warden_recruit,0,,Assign a settler the Prison Warden role. They will try to recruit prisoners to become villagers in your settlement. The Warden will try this only during role appointed hours.
warning_message_short_beggar,0,,Beggar
warning_message_info_beggar,0,,A beggar arrived and is roaming your settlement 
warning_message_short_map_markers_available,0,,Points of interest available
warning_message_info_map_markers_available,0,,You have various points of interest marked on your regional map
warning_message_tooltip_map_markers_available,0,,Points of interest on regional map: 
event_type_point_of_interest,0,,Point of interest
map_marker_expires_in,0,,Expires in:
warning_message_short_ambush,0,,<style=DefaultRed>Ambush</style>
warning_message_info_ambush,0,,"One of your caravans is under attack. Choose what to do, or the caravan will automatically surrender when the time's up."
warning_message_short_caravan_leave,0,,Caravan must depart
warning_message_info_caravan_leave,0,,"Your caravan must keep moving. When the timer runs out, your settler will be sent back home. "
loading_intro_text_4,0,,"an excerpt from ""Liber Hermagedonem"",
 by the Venerable Favian, New Exeter, ca. 1385"
loading_map_chunks,0,,"Generating map sections, {0} left"
loading_placing_objects,0,,Placing objects
loading_terrain,0,,Loading terrain
menu_loading,0,,Loading
save_terrain_missing,0,,Error loading terrain
general_continue,0,,Click to continue
save_failed,0,,Save failed
save_group_presets_failed,0,,Can't save preset
load_failed,0,,Can't load this game
load_sequence_start,0,,Loading Start
loading_ui,0,,Loading UI
load_sequence_complete,0,,Loading Complete
load_saving,0,,Autosaving...
load_spawning_objects,0,,Placing objects
loading_spawning_slopes,0,,Loading Slopes
save_in_progress,0,,Saving...
save_failed_directory,0,,Failed to create save directory. Try naming your village with english characters only. If the issue continues please contact us at support@foxyvoxel.io
save_migration_error,0,,"This save was created using an older version of Going Medieval. Due to our reworked save system, this particular save is <style=AltColor>no longer valid</style> with the current update, but this issue can be resolved. To migrate your save and continue playing, please follow these steps:\n\n 1. Switch to the <style=AltColor>migration version</style> from Steam/GOG/EGS.\n 2. Click on the “Migrate” option in the Main Menu.\n 3. Choose the save file you wish to migrate.\n 4. Switch back to the <style=AltColor>default version.</style> \n 5. Enjoy the game! \n\nFor a more detailed explanation, please visit this link: ""<link=""web_migration_link""><style=LinkWorker>Link</style></link>”. \nAdditionally, you can find a lovely narrated video with step-by-step instructions here: “<link=""web_migration_video_link""><style=LinkWorker>Link</style></link>” "
save_migration_message,0,,The game is migrating your settlement to ensure playability of the latest version <style=AltColor>(0.18 and above)</style>.
save_migration_message2,0,,Select the <style=AltColor>“Migrate”</style> option and choose the save you would like to transition to the new save system.
save_migration_button,0,,Migrate Save File
save_migration_successful,0,,<style=DefaultGreen>Save Migration Successful</style>
save_migration_failed,0,,<style=DefaultRed>Save Migration Failed </style>
menu_migrating,0,,Migrating
web_migration_link_text,0,,Link
loading_complete,0,,Loading Complete
load_failed_mod_broken,0,,<load_failed>.\n<style=DefaultRed><building></style> cannot be found in repository. This is most likely due to a mod being inactive or broken.
load_failed_mods_in_save,0,,Mods present in save
load_failed_mods_and_more,0,,and more.
load_failed_missing_mod,0,,This save has been made with one or more mods that aren't currently active. Loading may or may not cause some problems. Game might attempt to replace missing structures with default ones where possible. 
load_failed_missing_objects,0,,Missing objects
general_initializing,0,,Initializing
general_creating_world,0,,Loading
ambush_load_title,0,,Ambush
ambush_load_desc,0,,"There was no warning. <faction_name> robbers descended on the caravan, grabbing everything they could."
loot_stash_load_title,0,,Loot stash
loot_stash_load_desc,0,,What have we here? This cache may contain something useful.
bandit_camp_load_title,0,,Bandit Camp
bandit_camp_load_desc,0,,"A well-equipped <faction_name> camp is hidden here, camouflaged by a thick screen of vegetation."
stats,0,,Stats
worker_stats,0,,Stats
blood_treshold_01,0,,Minor blood loss
blood_treshold_02,0,,Moderate blood loss
blood_treshold_03,0,,Massive blood loss
consciousness_treshold_01,0,,Feeling dizzy
consciousness_treshold_02,0,,Struggling to move
consciousness_treshold_03,0,,Unconscious
food_treshold_00,0,,Not Hungry
food_treshold_01,0,,Slightly Hungry
food_treshold_02,0,,Hungry
food_treshold_03,0,,Ravenous
food_treshold_04,0,,Starving
menu_alcohol,0,,Alcohol Requirement
info_menu_alcohol,0,,"The amount of alcohol a settler requires. If this need is not met, the settler will be unhappy."
info_menu_faith,0,,"The amount of religious activity this settler requires. Settlers aligned farther from the center will need religious activities more often. If this need is not met, the settler will be unhappy."
menu_faith,0,,Religious Activities
faith_treshold_01,0,,Satisfied
faith_treshold_02,0,,No need for religious activities
faith_treshold_03,0,,Lacking
faith_treshold_04,0,,Deprived
entertaiment_treshold_01,0,,Satisfied
entertaiment_treshold_02,0,,No need for entertainment
entertaiment_treshold_03,0,,Lacking
entertaiment_treshold_04,0,,Deprived
alc_treshold_01,0,,Satisfied
alc_treshold_02,0,,No need for alcohol
alc_treshold_03,0,,Slightly lacking
alc_treshold_04,0,,Lacking
alc_treshold_05,0,,Deprived
religious_align_treshold_01,0,,"<sprite=""restitution_icon"" index=t> Restitutionist Zealot"
religious_align_treshold_02,0,,"<sprite=""restitution_icon"" index=t> Devout Restitutionist"
religious_align_treshold_03,0,,"<sprite=""restitution_icon"" index=t> Practicing Restitutionist"
religious_align_treshold_04,0,,"<sprite=""oak_brethren_icon"" index=t> Practicing Oak Brethren"
religious_align_treshold_05,0,,"<sprite=""oak_brethren_icon"" index=t> Devout Oak Brethren"
religious_align_treshold_06,0,,"<sprite=""oak_brethren_icon"" index=t> Oak Brethren Zealot"
religious_align_treshold_01_info,0,,This settler requires considerable religious activity to stay happy. They don't drink alcohol (Need for alcohol never changes). They require a Church of Restitution shrine or chapel for their religious observances.
religious_align_treshold_02_info,0,,This settler needs religious activities every few days. They require a Church of Restitution shrine or chapel for their religious observances.
religious_align_treshold_03_info,0,,"This settler needs just an occasional, quick prayer to satisfy their religious needs. They require a Church of Restitution shrine or chapel for their religious observances."
religious_align_treshold_04_info,0,,"This settler needs just an occasional, quick prayer to satisfy their religious needs. They require an Oak Brethren shrine or temple for their religious observances."
religious_align_treshold_05_info,0,,This settler needs religious activities every few days. They require an Oak Brethren shrine or temple for their religious observances.
religious_align_treshold_06_info,0,,This settler requires considerable religious activity to stay happy. They require an Oak Brethren shrine or temple for their religious observances.
menu_entertaiment,0,,Entertainment Activities
info_menu_entertaiment,0,,"The amount of entertainment activity a settler requires. If this need is not met, the settler will be unhappy."
menu_stomach,0,,Stomach
info_menu_stomach,0,,This indicates how well this settler’s stomach is. Drinking alcohol and eating raw food especially meat can cause stomach upsets. If this number reaches 0 the settler will vomit. Carcasses and rotten piles can make the stomach turn as well.
stomach_treshold_01,0,,Mild stomach ache
stomach_treshold_02,0,,Serious stomach ache
stomach_treshold_03,0,,Vomiting
religious_align_scale_info,0,,Religious alignment goes from left to right:
info_menu_blood,0,,The amount of blood a person or animal has. Losing blood can result in the villager losing consciousness or if it reaches 0% the settler will die.
info_menu_consciousness,0,,The amount of consciousness a person or animal has. Losing consciousness can result in loss of motor functions. If it reaches 0% the settler will faint.
info_menu_health,0,,"The amount of damage a person, animal or object can take before dying."
info_menu_hunger,0,,Food: The amount of nutrition that is consumed. If it reaches 0% the settler will enter starvation mode and eventually die.
info_menu_mood,0,,The settler's mood. If it reaches 0% the settler will leave.
info_menu_pain,0,,The amount of pain the settler is experiencing at that moment. Large amounts of pain will result in loss of consciousness.
info_menu_rot,0,,"Resource pile freshness. When it reaches 0%, this pile will become rotten."
info_menu_sleep,0,,Sleep: Amount of sleep the settler has had. If it reaches 0% the settler will faint.
info_menu_storage,0,,Storage amount: The amount of resources stored in this pile.
menu_health,0,,Hitpoints
menu_hit_points,0,,Hitpoints
mood_treshold_00,0,,Joyful
mood_treshold_01,0,,Neutral
mood_treshold_02,0,,Annoyed
mood_treshold_03,0,,Disillusioned
mood_treshold_04,0,,Rebellious
mood_treshold_05,0,,Broken
pain_treshold_01,0,,Annoying pain spike (Damage to consciousness)
pain_treshold_02,0,,Worrying pain spike (Damage to consciousness)
pain_treshold_03,0,,Serious pain spike (Damage to consciousness)
pain_treshold_04,0,,Alarming pain spike (Damage to consciousness)
pain_treshold_05,0,,Excruciating pain spike (Damage to consciousness)
sleep_treshold_00,0,,Well rested
sleep_treshold_01,0,,Well rested
sleep_treshold_02,0,,Competent
sleep_treshold_03,0,,Tired
sleep_treshold_04,0,,Exhausted
sleep_treshold_05,0,,Fatigued
menu_consciousness,0,,Consciousness
menu_mood,0,,Mood
menu_sleep,0,,Sleep
menu_blood,0,,Blood
menu_TemperatureHot,0,,Temperature Hot
menu_TemperatureCold,0,,Temperature Cold
menu_ReligiousAlignment,0,,Religious Alignment
menu_Inebriated,0,,Inebriated
menu_Canibal,0,,Cannibal
menu_character_age,0,,Age
menu_character_hight,0,,Height
menu_character_incapable,0,,Incapable of
menu_character_name,0,,Name
menu_character_surname,0,,Surname
menu_character_religious,0,,Religious Alignment
menu_character_societal,0,,Societal Alignment
menu_character_weight,0,,Weight
worker_attributes,0,,Attributes
worker_biography,0,,Biography
worker_health,0,,Health
worker_inventory,0,,Inventory
worker_mood,0,,Mood
worker_skills,0,,Skills
worker_social,0,,Social
worker_stance_aggressive_desc,0,,Settlers in aggressive stance will engage in combat if an enemy is in the line of sight
worker_stance_aggressive_title,0,,Aggressive
worker_stance_flee_desc,0,,Settler in flee stance will run away from any enemy in the line of sight
worker_stance_flee_title,0,,Flee
worker_stance_neutral_desc,0,,"Settler in neutral stance will not react to nearby enemies, but will fight back if attacked."
worker_stance_neutral_title,0,,Neutral
worker_drafted_stance_hold_ground_title,0,,Hold Ground
worker_drafted_stance_default_title,0,,Default
health_treshold_01,0,,Critical Condition
general_stats,0,,Attributes
menu_Pain,0,,Pain
mass_carried,0,,Mass carried
hud_lb_targeted_by,0,,Targeted by
menu_comfort,0,,Comfort
info_menu_comfort,0,,"The settler's comfort level. Better beds, chairs and clothes will result in a higher value. Increased comfort will give positive mood modifiers."
comfort_treshold_05,0,,Very Uncomfortable
comfort_treshold_04,0,,Uncomfortable
comfort_treshold_03,0,,Comfortable
comfort_treshold_02,0,,Very Comfortable
comfort_treshold_not_used,0,,Extremely Comfortable
menu_beauty_points,0,,Aesthetic Value
menu_beauty_points_on_ground,0,,on ground
menu_beauty_points_on_shelf,0,,on rack/shelf
menu_beauty,0,,Aesthetics
info_menu_beauty,0,,"The settler's requirement for beautiful surroundings. When settlers are around aesthetically pleasing items, like art, this will result in a higher value."
beauty_treshold_05,0,,Abysmal Surroundings
beauty_treshold_04,0,,Uninspiring Surroundings
beauty_treshold_03,0,,Pleasant Surroundings
beauty_treshold_02,0,,Beautiful Surroundings
stat_target,0,,Target
worker_overweight_slowdown,0,,This settler is over-burdened and so will move more slowly.
menu_Social,0,,Socialising
info_menu_social,0,,The settler's requirement for social interactions. Having your settler interact with others will fulfill their need for social interactions
social_treshold_02,0,,Deprived of company
social_treshold_03,0,,Lonely
birthday_pattern,0,,<age> (<birthday>. of <season>)
menu_malnutrition,0,,Satiety
can_not_draft_fist_fight_hour,0,,A brawling settler cannot be drafted.
selected_worker_is_fist_fight_hour,0,,The selected settler is brawling and won't take orders
hour_type_fist_fight_name,0,,Brawl
worker_action_BanishGoal,0,,Leaving
worker_action_RelocateResourcePileGoal,0,,Relocating piles
worker_action_attackgoal,0,,Attacking
worker_action_enemyselfdefensegoal,0,,Attacking
worker_action_carrytobedgoal,0,,Carrying wounded to a bed
worker_action_choptreegoal,0,,Cutting
worker_action_constructbuildinggoal,0,,Constructing
worker_action_deconstructgoal,0,,Deconstructing
worker_action_deliverbuildingmaterialsgoal,0,,Getting resources for construction
worker_action_delivercarpentryresourcecategorygoal,0,,Getting resources
worker_action_delivercarpentryresourcesgoal,0,,Getting resources
worker_action_delivercookingresourcecategorygoal,0,,Getting resources
worker_action_delivercookingresourcesgoal,0,,Getting resources
worker_action_delivercraftingresourcecategorygoal,0,,Getting resources
worker_action_delivercraftingresourcesgoal,0,,Getting resources
worker_action_deliverresearchresourcecategorygoal,0,,Getting resources
worker_action_deliverresearchresourcesgoal,0,,Getting resources
worker_action_deliversmithingresourcecategorygoal,0,,Getting resources
worker_action_deliversmithingresourcesgoal,0,,Getting resources
worker_action_delivertailoringresourcecategorygoal,0,,Getting resources
worker_action_delivertailoringresourcesgoal,0,,Getting resources
worker_action_delivercarcassdisposalresourcesgoal,0,,Getting resources
worker_action_deliverchemistryresourcesgoal,0,,Getting resources
worker_action_diggoal,0,,Mining/Digging
worker_action_drafted,0,,Drafted
worker_action_equipgoal,0,,Equipping item
worker_action_faintgoal,0,,Unconscious
worker_action_fleegoal,0,,Fleeing
worker_action_harvestgoal,0,,Harvesting resources
worker_action_hungergoal,0,,Hungry
worker_action_huntinggoal,0,,Hunting
worker_action_idlegoal,0,,Idle
worker_action_leavemapgoal,0,,Leaving
worker_action_plantcropsgoal,0,,Gardening
worker_action_productioncarpentrygoal,0,,Crafting wooden item
worker_action_productioncookinggoal,0,,Preparing food
worker_action_productioncarcassdisposalgoal,0,,Preparing Body
worker_action_productionchemistrygoal,0,,Producing
worker_action_productioncraftinggoal,0,,Producing
worker_action_productionresearchgoal,0,,Writing
worker_action_productionresourcecategorygoal,0,,Getting resources
worker_action_productionresourcegoal,0,,Getting resources
worker_action_productionsmithinggoal,0,,Crafting metal item
worker_action_productiontailoringgoal,0,,Tailoring
worker_action_productionworkergoal,0,,Producing
worker_action_repairbuildinggoal,0,,Repairing
worker_action_restgoal,0,,Convalescing
worker_action_sleepgoal,0,,Sleeping
worker_action_stockpilehaulinggoal,0,,Hauling to stockpile
worker_action_shelfhaulinggoal,0,,Hauling to stockpile
worker_action_tendwoundsgoal,0,,Tending wounds
worker_action_SelfTendWoundsGoal,0,,Tending wounds
worker_action_walktopositiondraftgoal,0,,Moving to location
worker_action_walktopositiongoal,0,,En route
worker_action_autoequipgoal,0,,Auto equipping
worker_action_faithgoal,0,,Praying
worker_action_changedoorlockdtategoal,0,,Locking/Unlocking Door
worker_action_delivercarpentryresourcedismantlegoal,0,,Getting item to dismantle
worker_action_deliversmithingresourcedismantlegoal,0,,Getting item to dismantle
worker_action_delivertailoringresourcedismantlegoal,0,,Getting item to dismantle
worker_action_delivercraftingresourcedismantlegoal,0,,Getting item to dismantle
worker_action_setuptrapgoal,0,,Resetting trap
worker_action_drinkgoal,0,,Drinking
worker_action_vomitgoal,0,,Vomiting
worker_action_entertainmentgoal,0,,Enjoying entertainment
worker_action_ChangeDoorLockStateGoal,0,,Locking/Unlocking Door
worker_action_changelockstategoal,0,,Stewarding
worker_action_burybodygoal,0,,Burying remains
worker_action_OperateTrebuchetGoal,0,,Operating Siege Weapon
worker_action_TradeGoal,0,,Bartering
worker_action_UninstallBuildingGoal,0,,Removing Building
worker_action_DeliverMoveBuildingResource,0,,Getting resources for construction
worker_action_formcaravangoal,0,,Forming Caravan
worker_action_incaravan,0,,Travelling
worker_action_productionanimalgoal,0,,Producing
worker_action_deliveranimalresourcesGoal,0,,Getting resources
worker_action_deliverfuelgoal,0,,Refueling
worker_action_slaughterAnimalGoal,0,,Slaughtering Animal
worker_action_tameAnimalGoal,0,,Taming Animal
worker_action_trainAnimalGoal,0,,Training Animal
worker_action_ropeAnimalGoal,0,,Roping Animal
worker_action_releaseAnimalGoal,0,,Releasing Animal
worker_action_releasePrisonerGoal,0,,Releasing Prisoner
worker_action_harvestAnimalGoal,0,,Harvesting Animal
worker_action_FollowGoal,0,,Moving to location
worker_action_FollowMoveOrderGoal,0,,Moving to location
worker_action_npcidlewalkgoal,0,,Moving to location
worker_action_TraderIdleGoal,0,,Idle
worker_action_EnemyIdleGoal,0,,Idle
worker_action_EnemyCombatIdleGoal,0,,Idle
worker_action_EnemyWithdrawalGoal,0,,Leaving
worker_action_fillfoodstoragegoal,0,,Filling Food Pouch
worker_action_AnimalFleeingIdleGoal,0,,Idle
worker_action_AnimalHungerGoal,0,,Hungry
worker_action_AnimalRaidIdleGoal,0,,Idle
worker_action_RopedFollowGoal,0,,Roped
worker_action_SetAnimalTargetGoal,0,,Hunting
worker_action_PestControlGoal,0,,Hunting
worker_action_productionartgoal,0,,Creating Art
worker_action_AnimalFeederHaulingGoal,0,,Filling trough
worker_action_FillMedicineStorageGoal,0,,Filling Medicine Pouch
worker_action_PatientGoal,0,,Waiting for medical treatment
worker_action_FishingGoal,0,,Fishing
worker_action_StockpileUrgentHaulingGoal,0,,Hauling to stockpile
worker_action_BardRoleGoal,0,,Performing 
worker_action_FeastEventGoalBard,0,,Performing 
worker_action_BardVisitorGoal,0,,Performing 
worker_action_PriestRoleGoal,0,,Leading a Restitutionist ceremony
worker_action_SermonEventGoalPriest,0,,Leading a Restitutionist ceremony
worker_action_PriestVisitorGoal,0,,Leading a Restitutionist ceremony
worker_action_ShamanRoleGoal,0,,Leading an Oak Brethren ceremony
worker_action_RitualEventGoalShaman,0,,Leading an Oak Brethren ceremony
worker_action_ShamanVisitorGoal,0,,Leading an Oak Brethren ceremony
worker_action_NegotiateGoal,0,,Negotiating
worker_action_FeastEventGoal,0,,Feasting
worker_action_SermonEventGoal,0,,Attending Restitutionist Service
worker_action_RitualEventGoal,0,,Attending Oak Brethren Ritual
action_AbortEventParticipation,0,,Leave Event
abort_event_participation_confirm,0,,Leaving the event early may yield negative mood modifiers for this settler. Are you sure you want to proceed?
worker_action_RitualAnimalEventGoal,0,,Attending Oak Brethren Ritual
worker_action_HangingEventGoal,0,,Attending Hanging Event
worker_action_RopePrisonerToHangingEventGoal,0,,Escorting
worker_action_GallowsExecutionGoal,0,,Going to Gallows
worker_action_RopeEnemyGoal,0,,Escorting
worker_action_WardenRoleGoal,0,,Supervising Labourers
worker_action_ProductionTrainGoal,0,,Training Skill
worker_action_TakeOutFireGoal,0,,Quenching Fires
action_AllowFlammableProjectile,0,,Use Fire Arrows
action_FlammableProjectileAllowed,0,,Stop Using Fire Arrows 
worker_action_IdleOnFireGoal,0,,On Fire
worker_action_BarrelFillGoal,0,,Filling Barrel
worker_action_OpenShelfGoal,0,,Emptying Container
worker_action_deliverammunitiontotrebuchetgoal,0,,Loading War Machine
worker_action_MasterClassEventGoalLibrarian,0,,Holding a Study Group
worker_action_MasterClassEventGoal,0,,Attending a Study Group event
worker_action_TrainingEventGoalRanged,0,,Attending a Training event
worker_action_TrainingEventGoalMelee,0,,Attending a Training event
worker_action_TrainingEventGoalSergeant,0,,Holding a Training event
worker_action_LibrarianRoleGoal,0,,Cataloguing manuscripts
worker_action_SergeantRoleGoal,0,,Sharpening weapons
worker_action_BrokerRoleGoal,0,,Counting money
worker_action_ForcedFleeGoal,0,,Fleeing
worker_action_BackgammonEntertainmentGoal,0,,Enjoying entertainment
worker_action_ShovelboardEntertainmentGoal,0,,Enjoying entertainment
worker_action_SkittlesEntertainmentGoal,0,,Enjoying entertainment
worker_action_QuoitsEntertainmentGoal,0,,Enjoying entertainment
worker_action_visitorpilgrimidlegoal,0,,Idle
worker_action_StripCarcassGoal,0,,Stripping belongings
worker_action_EnemyIdlePatrolGoal,0,,Idle
worker_action_prisonerescapegoal,0,,Fleeing
worker_action_FollowConstructBuildingGoal,0,,Constructing
worker_action_petAnimalGoal,0,,Interacting with pet
worker_action_FollowInsultGoal,0,,Heckling
worker_action_InitiateSocialFightGoal,0,,Quarrelsome
worker_action_SocialFightGoal,0,,Brawl
worker_action_SolitaryIdleGoal,0,,Isolating
name_prod_pickle,0,,Pickling
name_prod_baking_clay,0,,Firing clay
name_prod_butchering,0,,Butchering
name_prod_cutting_stone,0,,Cutting stone
name_prod_make_shield,0,,Crafting shield
name_prod_armor,0,,Crafting armour
name_prod_make_helemt,0,,Crafting helmet
name_prod_make_weapon,0,,Crafting weapon
name_prod_make_hat,0,,Crafting hat
name_prod_package,0,,Packaging
name_prod_prep_material,0,,Preparing ingredients
name_prod_prep_remedy,0,,Preparing healing remedies
name_prod_make_clothes,0,,Sewing
name_prod_ferment,0,,Fermenting
name_prod_brew,0,,Brewing
name_prod_bottle,0,,Bottling
name_prod_write,0,,Writing
name_prod_destile,0,,Distilling
name_prod_melting_ore,0,,Smelting metal ore
name_prod_prep_clay,0,,Shaping clay
name_prod_prep_ore,0,,Preparing metal ore
name_prod_roasting,0,,Roasting
name_prod_shaping_ore,0,,Shaping into ingot
name_prod_simering,0,,Simmering
name_prod_smoke_meat,0,,Smoking meat
resource_name_dismantle_cloth,0,,Dismantle items for cloth
resource_name_dismantle_wood,0,,Dismantle items for wood
resource_name_dismantle_metal,0,,Smelt items for metal
name_prod_dismantle_wood,0,,Dismantling wooden item
name_prod_dismantle_metal,0,,Smelting metal item
name_prod_dismantle_cloth,0,,Dismantling cloth item
name_prod_prep_coal,0,,Preparing lumber
name_prod_creating_coal,0,,Creating coal
name_prod_burning_carcass,0,,Burning Body
name_prod_preparing_carcass,0,,Preparing Body
name_prod_create_mech,0,,Making Parts
name_prod_prep_ice_block,0,,Preparing Ice Block
name_prod_freez,0,,Freezing
name_prod_prep_hive,0,,Preparing Bee Skep
name_prod_honey,0,,Producing Honey
name_prod_resources,0,,Waiting for resources
name_prod_worker_request,0,,Waiting for worker
name_prod_worker_skill_request,0,,No worker with
name_prod_making_trophy,0,,Making trophy
name_prod_general_producing,0,,Producing
name_prod_prep_dungbrick,0,,Preparing ingredients
name_prod_baking_dungbrick,0,,Drying dung brick
name_prod_prep_quicklime,0,,Preparing ingredients
name_prod_prep_saltpeter,0,,Preparing ingredients
name_prod_creating_quicklime,0,,Burning limestone
name_prod_creating_saltpeter,0,,Extracting saltpetre 
name_prod_make_dummy,0,,Sewing a dummy
name_prod_make_practice_target,0,,Making practice target
name_prod_trainng_marksman,0,,Practicing on a target
name_prod_trainng_melee,0,,Practicing on a dummy
name_prod_flamable_oil,0,,Mixing ingredients 
train_ranged,0,,Marksman Training
train_melee,0,,Melee Training
resource_name_train_ranged,0,,Marksman Training
resource_name_train_melee,0,,Melee Training
name_prod_mint,0,,Minting Coins
menu_copy_production,0,,Copy production entry
menu_copy_production_queue,0,,Copy entire queue
menu_paste_production_queue,0,,Paste in to queue
produce_settings_panel_assign_description,0,,Limit which settler can work on this product
production_settlers_allow_skill,0,,Allow settlers with Skill level
general_anyone,0,,Anyone
menu_production_settings_skill_range,0,,Skill Range
skill_level_doesnt_satisfy_filter,0,,Skill Level does not satisfy the range set 
skep_production_speed_tooltip,0,,"<style=DefaultOrange>Output depends on the balance of nearby plants and hives. Hives compete for resources, so space them out.</style>"
skep_production_speed,0,,Skep Production Speed
plants_around_skep,0,,Plants nearby for bees to use 
skeps_around_skep,0,,Other skeps nearby
production_assigned_to_different_settler,0,,Production is assigned to another settler! Use Edit to reassign this role.
resource_name_repair_cloth,0,,Mend cloth item
resource_name_repair_cloth_produced,0,,Mended cloth item
resource_name_repair_wood,0,,Repair wooden item
resource_name_repair_wood_produced,0,,Repaired wooden item
resource_name_repair_metal,0,,Repair metal item
resource_name_repair_metal_produced,0,,Repaired metal item
name_prod_fixing_wood,0,,Repairing wooden item
name_prod_fixing_metal,0,,Repairing metal item
name_prod_fixing_cloth,0,,Mending cloth item
repair_item_description_cloth,0,,A cloth item to be mended
repair_item_description_wood,0,,A wooden item to be repaired
repair_item_description_metal,0,,A metal item to be repaired
item_hit_point_tooltip,0,,Hitpoint range of the item being repaired
item_resource_hit_point_tooltip,0,,Hitpoint range of the repair material used
item_resource_quality_tooltip,0,,Quality range of the item being repaired
resource_hit_point_tooltip,0,,Hitpoint range of the resource being used
resource_quality_tooltip,0,,Quality range of the resource being used
menu_item_hit_points,0,,Item Hitpoints
menu_resource_hit_points,0,,Repair Material Hitpoints
wound_blood_loss_rate,0,,Blood loss rate
wound_severity,0,,Severity
wound_severity_Critical,0,,Critical
wound_severity_Maximum,0,,Maximum
wound_severity_Minor,0,,Minor
wound_severity_Moderate,0,,Moderate
wound_severity_Serious,0,,Serious
wound_severity_Severe,0,,Severe
wound_tending_completed,0,,Wounds tended
wound_tending_fail,0,,Tending to wound failed
wounds_need_tending_info,0,,must rest or sleep for wounds to be treated
wounds_need_tending_title,0,,Wounds need tending!
bitten_arm_name,0,,Bitten Arm
bitten_face_name,0,,Bitten Face
bitten_foot_name,0,,Bitten Foot
bitten_forearm_name,0,,Bitten Forearm
bitten_hand_name,0,,Bitten Hand
bitten_leg_name,0,,Bitten Leg
bitten_neck_name,0,,Bitten Neck
broken_arm_name,0,,Broken Arm
broken_leg_name,0,,Broken Leg
broken_nose_name,0,,Broken Nose
broken_ribs_name,0,,Broken Rib
bruised_arm_name,0,,Bruised Arm
bruised_chest_name,0,,Bruised Chest
bruised_leg_name,0,,Bruised Leg
cut_artery_name,0,,Severed Artery
deep_cut_arm_name,0,,Deep Arm Laceration
deep_cut_chest_name,0,,Deep Chest Laceration
deep_cut_face_name,0,,Deep Face Laceration
deep_cut_leg_name,0,,Deep Leg Laceration
deep_cut_neck_name,0,,Deep Neck Laceration
deep_cut_side_name,0,,Deep Flank Laceration
dislocated_sholder_name,0,,Dislocated Shoulder
fractured_arm_name,0,,Sprained Arm
fractured_leg_name,0,,Sprained Leg
fractured_nose_name,0,,Bruised Nose
fractured_ribs_name,0,,Bruised Rib
mild_concussion_name,0,,Mild Concussion
pierced_arm_muscle_name,0,,Pierced Arm Muscle
pierced_cheek_name,0,,Pierced Cheek
pierced_chest_name,0,,Pierced Chest
pierced_gut_name,0,,Pierced Gut
pierced_leg_muscle_name,0,,Pierced Leg Muscle
pierced_lung_name,0,,Pierced Lung
pierced_side_name,0,,Pierced Flank
scratched_arm_name,0,,Scratched Arm
scratched_chest_name,0,,Scratched Chest
scratched_face_name,0,,Scratched Face
scratched_forearm_name,0,,Scratched Forearm
scratched_hand_name,0,,Scratched Hand
scratched_leg_name,0,,Scratched Leg
scratched_neck_name,0,,Scratched Neck
shallow_cut_arm_name,0,,Minor Arm Laceration
shallow_cut_chest_name,0,,Minor Chest Laceration
shallow_cut_face_name,0,,Minor Face Laceration
shallow_cut_leg_name,0,,Minor Leg Laceration
shallow_cut_neck_name,0,,Minor Neck Laceration
shallow_cut_side_name,0,,Minor Flank Laceration
whiped_back_name,0,,Whipped back
heavy_concussion_name,0,,Severe Concussion
hypothermia_name,0,,Hypothermia
heatstroke_name,0,,Heatstroke
burn_arm_name,0,,Burnt Arm
burn_leg_name,0,,Burnt Leg
burn_torso_name,0,,Burnt Torso
burn_face_name,0,,Burnt Face
burn_hand_name,0,,Burnt Hand
burn_foot_name,0,,Burnt Foot
stomach_pain_name,0,,Stomach Pain
skill_info_AnimalHandling,0,,"Taming, feeding, training and hunting animals, and fishing."
skill_info_Botanical,0,,"Used for sowing, growing, harvesting, and gathering plants, herbs and fruits."
skill_info_Carpentry,0,,Better at crafting wooden items such as bows.
skill_info_Construction,0,,"Better at making bricks, chiseling rocks, and overall construction speed."
skill_info_Culinary,0,,"Used for cooking, butchering."
skill_info_Intelectual,0,,"Used for research, faster research."
skill_info_Marksman,0,,"Better with ranged weapons (bows, crossbows)."
skill_info_Medicine,0,,"Used for healing other workers, self healing and brewing spirits and medicinal drugs."
skill_info_Melee,0,,Deals more damage with weapons overall. Higher levels can use advanced weapons.
skill_info_Mining,0,,Skill used for mining and digging.
skill_info_None,0,,No skills needed for this type of job.
skill_info_Smithing,0,,Creates better weapons and armour out of metal. Creates ingots faster. 
skill_info_Speechcraft,0,,"Good at bargaining, helping and cheering other workers. Conversational skill helps turn enemies into allies."
skill_info_Tailoring,0,,"Better at working with cloth and leather, creating clothing and leather armour."
skill_level,0,,Skill level
skill_name_AnimalHandling,0,,Animal Handling
skill_name_Botanical,0,,Botany
skill_name_Carpentry,0,,Carpentry
skill_name_Construction,0,,Construction
skill_name_Culinary,0,,Culinary
skill_name_Intelectual,0,,Intellectual
skill_name_Marksman,0,,Marksman
skill_name_Medicine,0,,Medicine
skill_name_Melee,0,,Melee
skill_name_Mining,0,,Mining
skill_name_None,0,,Basic Skill
skill_name_Smithing,0,,Smithing
skill_name_Speechcraft,0,,Speechcraft
skill_name_Tailoring,0,,Tailoring
skill_name_Art,0,,Art
skill_info_Art,0,,Creating works of art like paintings
produce_ites_at,0,, Produces items at:
job_info_carpentry,0,,Making items and weapons out of wood. Produces items at:
job_info_construction,0,,"Construct, deconstruct and repair any building."
job_info_cooking,0,,Producing meals and beverages. Preserving food. Produces items at:
job_info_crafting,0,,"Non-skilled work crafting basic items, like bricks. Produces items at:"
job_info_harvesting,0,,Harvesting crops from crop fields and the wilderness.
job_info_hauling,0,,Non-skilled labour. Moving resources and items around.
job_info_hunting,0,,Hunting marked animals.
job_info_mining,0,,Digging and mining marked areas on the map.
job_info_plantcropfields,0,,Growing plants in crop fields.
job_info_plantcutting,0,,Cutting plants and chopping trees.
job_info_research,0,,Contemplating and writing everything down so it can be used to advance the settlement. Produces items at:
job_name_patient,0,,Patient
job_info_patient,0,,Awaiting wound treatment.
job_info_rest,0,,Convalesce while wounds heal.
job_info_smithing,0,,Making items out of metal Produces items at:
job_info_tailoring,0,,Creating clothing and hats with cloth and leather. Produces items at:
job_info_tendwounds,0,,Tend to the wounds of others. Carry unconscious settlers to beds.
job_name_carpentry,0,,Carpentry
job_name_construction,0,,Construct
job_name_cooking,0,,Cooking
job_name_crafting,0,,Craft
job_name_harvesting,0,,Harvest
job_name_hauling,0,,Haul
job_name_hunting,0,,Hunt
job_name_mining,0,,Mine
job_name_plantcropfields,0,,Grow
job_name_plantcutting,0,,Cut plants
job_name_research,0,,Research
job_name_rest,0,,Convalesce
job_name_smithing,0,,Smithing
job_name_tailoring,0,,Tailoring
job_name_tendwounds,0,,Tend
job_name_basic,0,,Steward
job_info_basic,0,,"Taking care of basic tasks like locking doors, closing windows, extinguishing torches, etc."
job_name_animal,0,,Animal Husbandry
job_info_animal,0,,"Taming, training, slaughtering, roping, releasing and harvesting resources from animals. Produces items at:"
job_priority_High,0,,Priority: High
job_priority_Highest,0,,Priority: Highest
job_priority_Low,0,,Priority: Low
job_priority_Lowest,0,,Priority: Lowest
job_priority_None,0,,Priority: None
job_priority_Normal,0,,Priority: Normal
job_title_priorities_column,0,,"<sprite=""ctrl_left_click"" index=t> increase for everyone \n<sprite=""ctrl_right_click"" index=t> decrease for everyone"
passion_1_info,0,,Settler will gain 2.5x more XP for this skill.
passion_1_name,0,,"Passionate <sprite=""passion_star"" index=t>"
passion_2_info,0,,Settler will gain 4x more XP for this skill.
passion_2_name,0,,"Very passionate <sprite=""passion_star"" index=t><sprite=""passion_star"" index=t>"
job_name_train,0,,Train
job_name_train_alt,0,,Combat Train
job_info_train,0,,Practicing combat skills with ranged and melee weapons.
job_name_art,0,,Artist
job_info_art,0,,Create works of art. Produces items at:
lb_self_tend,0,,Self-tend
lb_self_tend_title,0,,Allow Self-tending wounds
lb_self_tend_info,0,,Settler will tend to their own wounds. Note that the quality of tending is only 25% that of another settler tending to them. The tending job in the settler jobs panel must be selected for a settler to self-tend.
lb_self_tend_disabled_info,0,,The tending job in the settler jobs panel must be selected for a settler to self-tend.
job_overide_info,0,,<style=AltColor><b><size=18>The prioritization of this job is valid only during</style> <style=DefaultRed>Work hours</style></b></size>
job_name_urgenthaul,0,,Urgent Haul
job_info_urgenthaul,0,,Move only those resources and items that are marked as 'urgent.' 
job_name_fishing,0,,Fish
job_info_fishing,0,,Catch fish for food by angling.
job_name_alchemy,0,,Alchemy
job_info_alchemy,0,,Transmutation and isolation of materials for a multitude of uses. Produces items at:
job_name_firefight,0,,Firefight
job_info_firefight,0,,Quench fires near your settlement. Extinguish flames while they are small by stomping on them.
goal_preference_name_Resentful,0,,Resentful
goal_preference_info_Resentful,0,,Settler will gain only 0.2x XP \nGain negative mood modifiers when performing this job
goal_preference_name_Unwilling,0,,Unwilling
goal_preference_info_Unwilling,0,,Settler will gain only 0.5x XP \nGain negative mood modifiers when performing this job
goal_preference_name_Indifferent,0,,Indifferent
goal_preference_info_Indifferent,0,,Settler will gain 1x XP
goal_preference_name_Eager,0,,Eager
goal_preference_info_Eager,0,,Settler will gain 2.5x more XP \nGain positive mood modifiers when performing this job
goal_preference_name_Passionate,0,,Passionate
goal_preference_info_Passionate,0,,Settler will gain 4x more XP \nGain positive mood modifiers when performing this job
goal_preference_name_Incapable,0,,Incapable
goal_preference_info_Incapable,0,,Settler cannot do this job
job_preferences,0,,Job preferences
goal_preference_name_PhysicalLabourPreference,0,,Unskilled Labour
goal_preference_name_MiningPreference,0,,Mine
goal_preference_name_ConstructionPreference,0,,Construct
goal_preference_name_CraftingPreference,0,,Craft
goal_preference_name_HuntingPreference,0,,Hunt
goal_preference_name_PlantsPreference,0,,Botany
goal_preference_name_SmithingPreference,0,,Smithing
goal_preference_name_CarpentryPreference,0,,Carpentry
goal_preference_name_CookingPreference,0,,Cooking
goal_preference_name_TailoringPreference,0,,Tailoring
goal_preference_name_ResearchPreference,0,,Intellectual
goal_preference_name_TendingPreference,0,,Tend
goal_preference_name_AnimalPreference,0,,Animal Handling
goal_preference_name_ArtPreference,0,,Art
goal_preference_name_ViolencePreference,0,,Combat
goal_preference_name_RangedCombatPreference,0,,Ranged Combat
goal_preference_name_MeleeCombatPreference,0,,Melee Combat
goal_preference_name_TradingPreference,0,,Barter
goal_preference_name_BardPreference,0,,Bard Duties
goal_preference_name_PriestPreference,0,,Chaplain Duties
goal_preference_name_ShamanPreference,0,,Druid Duties
goal_preference_name_FirefightPreference,0,,Firefight
goal_preference_info_FirefightPreference,0,,Quench fires near your settlement. Extinguish flames while they are small by stomping on them.
goal_preference_name_GaolerPreference,0,,Gaoler
goal_preference_info_GaolerPreference,0,,Prisoner care and management is the Gaoler's assignment. Gaolers also strip new prisoners of belongings and manage their release.
goal_preference_name_FishingPreference,0,,Fish
goal_preference_info_FishingPreference,0,,Catch fish for food by angling.
goal_preference_name_ConvalescePreference,0,,Convalesce
goal_preference_info_ConvalescePreference,0,,Convalesce while wounds heal.
goal_preference_name_TrainingPreference,0,,Combat Train
goal_preference_info_TrainingPreference,0,,Practicing combat skills with ranged and melee weapons.
goal_preference_info_TradingPreference,0,,Bartering with Merchants and Negotiating
goal_preference_info_BardPreference,0,,Performing at feasts and in the Great Hall during bard appointed hours
goal_preference_info_PriestPreference,0,,Leading a Restitutionist ceremony
goal_preference_info_ShamanPreference,0,,Leading an Oak Brethren ceremony
goal_preference_info_PhysicalLabourPreference,0,,"Non-specialist, physical work such as hauling and stewarding"
goal_preference_info_MiningPreference,0,,Digging and mining marked areas on the map.
goal_preference_info_ConstructionPreference,0,,"Construct, deconstruct and repair any building."
goal_preference_info_CraftingPreference,0,,"Non-skilled work crafting basic items, like bricks."
goal_preference_info_HuntingPreference,0,,Hunting marked animals.
goal_preference_info_PlantsPreference,0,,"Used for sowing, growing, harvesting, and gathering plants, herbs and fruits."
goal_preference_info_SmithingPreference,0,,Making items out of metal
goal_preference_info_CarpentryPreference,0,,Making items and weapons out of wood.  Produces items at:
goal_preference_info_CookingPreference,0,,Producing meals and beverages. Preserving food. Butchering.
goal_preference_info_TailoringPreference,0,,Creating clothing and hats with cloth and leather.
goal_preference_info_ResearchPreference,0,,Contemplating and writing everything down so it can be used to advance the settlement.
goal_preference_info_TendingPreference,0,,Tend to the wounds of others. Carry unconscious settlers to beds.
goal_preference_info_AnimalPreference,0,,"Taming, training, slaughtering, roping, releasing and harvesting resources from animals."
goal_preference_info_ArtPreference,0,,Create works of art.
goal_preference_info_ViolencePreference,0,,Combat with both ranged and melee weapon types
goal_preference_info_RangedCombatPreference,0,,"Using Ranged Weapons like bows, crossbows or throwing weapons in combat and hunting"
goal_preference_info_MeleeCombatPreference,0,,Using Melee Weapons in combat
research_name_agriculture_lvl3,0,,Agriculture III
research_name_agriculture_lvl2,0,,Agriculture II
research_name_agriculture_lvl1,0,,Agriculture
research_name_architecture_lvl1,0,,Architecture
research_info_agriculture_lvl1,0,,Unlock crop fields to ensure a steady supply of food for the upcoming winter
research_name_armor_production_lvl1,0,,Armourer
research_name_armor_production_lvl2,0,,Armourer II
research_name_armor_production_lvl3,0,,Armourer III
research_name_axes_lvl2,0,,Axes
research_name_banners_lvl1,0,,Decorative Banners
research_name_blacksmithing_lvl1,0,,Blacksmithing
research_name_brewing_lvl1,0,,Brewing
research_name_chemistry_lvl1,0,,Chemistry I
research_name_chemistry_lvl2,0,,Chemistry II
research_name_clay_brick_production_lvl1,0,,Clay Brick Making
research_name_clothing_production_lvl1,0,,Tailoring
research_name_cooking_lvl1,0,,Cooking
research_name_crossbows_lvl2,0,,Crossbows I
research_name_crossbows_lvl3,0,,Crossbows II
research_name_defensive_constructions_lvl1,0,,Defensive Structures
research_name_defensive_constructions_lvl2,0,,Defensive Structures II
research_name_defensive_constructions_lvl3,0,,Defensive Structures III
research_name_defensive_constructions_lvl4,0,,Defensive Structures IV
research_name_defensive_traps,0,,Defensive Traps
research_name_decorations_lvl1,0,,Decorative Structures
research_name_decorations_lvl2,0,,Decorative Structures II
research_name_destiling_01,0,,Distilling
research_name_fermenting_lvl1,0,,Fermenting
research_name_fletchering_lvl2,0,,Fletching II
research_name_fletchering_lvl3,0,,Fletching III
research_name_furniture_lvl1,0,,Furniture
research_name_furniture_lvl2,0,,Furniture II
research_name_iron_constructions_lvl1,0,,Iron Construction
research_name_iron_smelting_lvl1,0,,Smelting
research_name_maces_lvl2,0,,Maces
research_name_preserving_food_lvl1,0,,Preserving Food
research_name_preserving_food_lvl2,0,,Preserving Food II
research_name_research_tier_02,0,,Research II
research_name_research_tier_03,0,,Research III
research_name_shield_production_lvl2,0,,Shields II
research_name_shield_production_lvl3,0,,Shields III
research_name_steel_smelting,0,,Steel
research_name_stone_block_production_lvl1,0,,Stone Block Cutting
research_name_swords_lvl2,0,,Swords
research_name_woodwork_lvl2,0,,Wooden Weaponry II
research_name_woodwork_lvl1,0,,Wooden Weaponry
research_name_cartography,0,,Cartography
research_name_beekeeping_lvl1,0,,Beekeeping
research_name_ice_production_lvl1,0,,Ice Making
research_name_trophy,0,,Trophy Mounting
research_name_terraforming,0,,Terraforming
research_name_terraforming_alt,0,,Landscaping
research_name_training_equipment_lvl1,0,,Combat Training Equipment
research_name_painting_01,0,,Painting
research_name_tapestry_01,0,,Tapestry
research_name_statues_stone_01,0,,Stone Carving
research_name_statues_wood_01,0,,Wood Carving
research_name_art_metal,0,,Metalwork
research_name_metal_art_01,0,,Silvering
research_name_art_metal_02,0,,Gilding
research_name_rugs_01,0,,Rugmaking
research_name_furniture_lvl3,0,,Furniture III
research_name_furniture_lvl4,0,,Furniture IV
research_name_religious_structures_lvl1,0,,Religious Structures
research_name_religious_structures_lvl2,0,,Religious Structures II
research_name_religious_structures_lvl3,0,,Religious Structures III
research_name_oil_press_lvl1,0,,Oil Press
research_name_barrels_lvl1,0,,Barrels
research_name_war_machines_lvl1,0,,Siege Engines I
research_name_war_machines_lvl2,0,,Siege Engines II
research_name_incendiary_ammunition,0,,Incendiary Ammunition
research_name_library_structures_01,0,,Library Structures I
research_name_library_structures_02,0,,Library Structures II
research_name_library_structures_03,0,,Library Structures III
research_name_entertainment_structure_01,0,,Entertainment I
research_name_entertainment_structure_02,0,,Entertainment II
research_name_entertainment_structure_03,0,,Entertainment III
research_name_strategy_equipment_lvl1,0,,Strategic Structures I
research_name_strategy_equipment_lvl2,0,,Strategic Structures II
research_name_merchant_structure_01,0,,Merchant Structures I
research_name_merchant_structure_02,0,,Merchant Structures II
research_name_merchant_structure_03,0,,Merchant Structures III
event_tooltip_started,0,,Started
event_tooltip_lasts,0,,Has lasted for
event_answer_01,0,,Accept
event_answer_decline_new_worker,0,,"The settlers slammed the door shut, leaving <name> outside."
event_answer_decline_help_runaway,0,,"The settlers slammed the door shut, leaving <name> outside."
event_answer_prepare_for_battle,0,,"<village_name> folk took up arms, making ready for battle"
event_answer_04,0,,Ok
event_answer_welcome_new_worker,0,,The settlers decided to welcome [him/her] into <village_name>.
event_answer_help_runaway,0,,<village_name>'s inhabitants decided to help [him/her].
event_answer_surrender_worker,0,,<village_name> surrendered <name> back to those hunting [him/her].
event_answer_refuse_give_worker,0,,<village_name>'s defiant settlers refused to bow to the assailants' demands.
event_answer_worker_allready_gone,0,,Yet <name> was no longer at <village_name>. It was impossible to comply.
event_blight_01,0,,"The settlers knew that when crop blight appeared, it was a race against time. Every able worker in <village_name> toiled to weed out this scourge before it withered the healthy plants. <village_name>’s very future depended upon it!"
event_cold_01,0,,"Severe frost turned the ground to iron, ruining planted crops. Trees split, birds froze to death, and icicles hung from the rafters. It was vital for the settlers to dress warmly and heat <village_name> sleeping quarters, to evade the deathly kiss of cold."
event_cold_warning,0,,The regional temperature is very low
event_hail_01,0,,"An icy volley heralded a fierce hailstorm. The settlers of <village_name> could only shiver uneasily, hastening under cover as the stinging barrage intensified. Once the storm passed, they crept forth, to see which crops and unsheltered resources had survived."
event_hail_warning,0,,Hailstones are destroying plants
event_heat_wave_01,0,,"
As the sun beat down, sweat poured from the workers' slick backs. They tired quickly in the blistering heat, wilting like the crops, which needed to be tended and harvested quickly before they withered. The workers needed shade; some worked after sundown."
event_heat_wave_warning,0,,The temperature is extremely high
event_merchant_01,0,,"The fact that he was hawking saints' relics that looked for all the world like chicken bones was hardly reassuring. Yet the ragged, smirking wanderer had much more to offer, for those mindful to trade."
event_merchant_02,0,,"A scent of spices on the breeze preceded the arrival of a merchant caravan, lifting the spirits of <village_name> inhabitants. Did it bring furs, cloth, or tidings from the wider world? ""I have so much to offer you good people!"" the mercer cried out. ""Come, let's make a deal!"""
event_name_merchant_01,0,,Guileful trader
event_name_merchant_02,0,,Merchant caravan
event_visitor_name,0,,Lone Traveller
game_event_type_visitor,0,,Friendly Visit
event_weapons_merchant,0,,"The arms dealer leads [his/her] sturdy pony into <village_name>, its cart, heavy-laden with wares. 'Protect yourself! Slay your foes!' [He/She] shouts. 'I have swords and armour aplenty - and affordable bows and shields for the ordinary footsoldier, too.' "
event_rare_goods_merchant,0,,"The dealer in luxuries sometimes carries swords from Toledo and Damascus, Milanese armour, unusual mechanical parts, esoteric ingredients, and books bound in buttery parchment. Their exclusive and carefully selected items come at a premium."
event_black_market_merchant,0,,"A shadow trade in bizarre, unsavoury or taboo items is available, if you know where to look. A slow nod or gesture in a dubious tavern or an invitation from a nightworker yields an introduction to a contraband merchant."
event_prisoner_merchant,0,,"A trader with a head for business of the riskiest kind - human freedom. This trafficker deals in ransoms, and will take that responsibility off your hands. For the right price."
event_visitor,0,,"A rangy hawker empties their pack, spreading a selection of oddments on a linen cloth on the ground. 'I buy and sell things that take my fancy on the road,' they say with a crooked smile. 'Take a look, if you like!'"
event_name_role_visitor,0,,<role> visit
event_role_visitor,0,,<name> of <faction_name> has graced us with a visit. [He/She] is a <role> in [his/her] own settlement. Hold an <event_name> to make the most of their stay.
warning_message_short_visitor,0,,Visitor
warning_message_info_visitor,0,,"<village_name> has a visitor from a friendly or neutral faction. If they hold a community role, you can hold a special event relevant to their expertise. Inviting them gives a better quality experience."
event_name_blight_01,0,,Blighted crops
news_name_blight,0,,Blighted crops
news_info_blight,0,,Order your settlers to cut down spoiled crops before the blight spreads.
event_name_cold_01,0,,Cold snap
event_name_hail_01,0,,Hailstorm
event_name_heat_wave_01,0,,Heat wave
event_name_new_worker_defoult_01,0,,A hopeful helpmate
event_name_new_worker_sick_01,0,,This too shall pass
event_name_new_worker_starving_01,0,,Hunger comes calling
event_name_new_worker_wounded_01,0,,A safe haven
event_name_new_worker_wounded_02,0,,Barking up the wrong tree
event_name_raid_general,0,,Attack (<faction_name>)
event_name_raid_animal_01,0,,Ferocious Wildlife
event_name_raid_avalon_01,0,,Circle of Avalon Attack
event_name_raid_kingdom_of_york_01,0,,Kingdom Of York Attack
event_name_raid_progeny_01,0,,Progeny Attack
event_name_raid_resources_01,0,,Pirate incursion
event_name_raid_savages_01,0,,Mindless assassins
event_name_raid_sons_of_england_01,0,,Sons Of England Attack
event_name_raid_third_coming_01,0,,Third Coming Attack
event_name_claim_runaway_general,0,,Violent extortionists (<faction_name>)
event_name_runaway_01,0,,Jailbird
event_name_runaway_01_b,0,,Violent extortionists (Jailbird)
event_name_runaway_name,0,,Lost property
event_name_runaway_02_b,0,,Violent extortionists (Lost property)
event_name_runaway_03,0,,Domestic violence
event_name_runaway_03_b,0,,Violent extortionists (Domestic violence)
event_name_runaway_general,0,,Salvation (<faction_name>)
event_name_runaway_event_name,0,,Salvation
event_name_runaway_04_b,0,,Violent extortionists (Salvation)
event_name_runaway_05,0,,Barbarian snack
event_name_runaway_05_b,0,,Violent extortionists (Barbarian snack)
event_name_supernatural_01,0,,Ooser looser
event_name_supernatural_02,0,,Wild hunt
event_name_supernatural_03,0,,St Anthony's Fire
event_name_thunderstorm_01,0,,Thor's hammer
event_new_worker_defoult_01,0,,"<name> approached with [his/her] hand held out and a warm, open smile. <name> was keen to learn about <village_name> and only too willing to lend a hand. All [he/she] asked was a safe place to call home."
event_new_worker_sick_01,0,,"An ailing traveller shuffled haltingly into <village_name>. Given time to recuperate, [he/she] claimed they could work, but in that moment they looked pretty rough. Would <name> be permitted to join and convalesce?"
event_new_worker_starving_01,0,,"When <name> arrived, [his/her] bones were prominent and [his/her] hair fell out in clumps. <village_name> people stared at this wretched, starving soul. Desperation was writ on <name>'s face and [he/she] pleaded. Would you take [him/her] in?"
event_new_worker_wounded_01,0,,"You sighted a pale, halting figure near the perimeter of <village_name>. As [he/she] approached, it became clear that <name> had been bleeding from a deep gash, and needed to rest. 'It was for honour,' <name> gasped. Would you grant them respite?"
event_new_worker_wounded_02,0,,"[He/She] was found, faint and bleeding, by a citizen of <village_name>. From the axe and shattered lumber,  <name> had clearly experienced a woodcutting mishap. Would you let them stay and heal?"
event_raid_animal_01,0,,"A relentless stream of wolves poured into <village_name>, teeth bared and eyes aglow. Whether their sudden visitation resulted from hunger or playful destruction was unclear. Brandishing tools and shielding the stock, the settlers had to drive them off.
"
game_event_type_animalRaid,0,,Destructive Wildlife
event_raid_animal_deer,0,,"A group of faery cattle shifted among the trees bordering <village_name>. Their beauty did not fool the settlers who chased them off, knowing only too well how destructive deer can be."
event_raid_animal_hare,0,,"It is common knowledge that the hare is the witches' familiar, or perhaps even a shapeshifting witch! <village_name> settlers ran them away with great haste."
event_raid_animal_wolf,0,,"A relentless stream of wolves poured into <village_name>, teeth bared and eyes aglow. Whether their sudden visitation resulted from hunger or playful destruction was unclear. Brandishing tools and shielding the stock, the settlers had to drive them off.
"
event_raid_animal_fox,0,,"A skulk of foxes approaching <village_name> was cause for alarm. Settlers chased them away before they could prey on livestock, or rummage in the midden heap."
event_raid_animal_polecat,0,,"The stinking foul marten or polecat and her kits were decidedly unwelcome. <village_name> settlers guarded their fowl, eggs and honey robustly from these vermin."
event_raid_animal_boar,0,,"With razor-sharp tusks and a whiff of the underworld, wild boar gathered on the edge of <village_name>. The hue and cry went up for all who could bear arms to drive them away."
event_raid_animal_rat,0,,"Known to gather around plague, pestilence or a full grain store, the <village_name> rat problem could not be ignored. Where traps and cats failed, settlers resorted to killing them one by one."
event_raid_animal_dog,0,,"The snarling, feral mutts circling <village_name> were certainly not man's best friend. The settlers worked hard to fend them off."
event_raid_animal_bear,0,,"Settlers of <village_name> were by turns amazed, then terrified, to spot an angry bear. Had it escaped from captivity? No matter, it had to be neutralised."
event_rat_infestation,0,,"Rats have burrowed into your cellars! Quickly get rid of these vermin, before they chew through your stockpiled food."
event_name_room_flood_01,0,,Cellar Flooded
event_room_flood_01,0,,"Groundwater has found its way through the earth walls, into your cellars. Prevent this recurring by building cellar walls with different materials."
event_raid_general_allready_gone,0,,"The attackers left unsatisfied, their quest for <name> frustrated."
event_raid_general_decline_hostile,0,,"You stood your ground, refusing to give in to their demands."
event_raid_general_decline_neutral,0,,"You stood your ground, refusing to give in to their demands. The attackers leave, but your relationship with <faction_name> worsens."
event_raid_resources_01,0,,"They seeped downriver, appearing overnight and carrying a stench of stagnant decay. The ghoulish pillagers of <origin> menaced <village_name> with explicit, violent threats. They would cease their harassment and move on, they said, if you submitted to their demands for <resource>."
event_raid_resources_01_accept,0,,"The intruders melted away as swiftly as they arrived, taking <resource> with them."
event_raid_general,0,,"

The raiders appeared swiftly, without warning. Immediately, the smell of blood and fear filled the air. Gaunt and savage, the assailants set about their grim task: to pillage <village_name> and murder its inhabitants."
event_raid_church_of_third_coming,0,,"Armour glinted and pennants fluttered, each bearing three white crosses. First they prayed. Then they purged the faithless. The Church was as merciless as it was fanatical."
event_raid_ancrene_disciples,0,,"Eyes shining with holy conviction, they surged forward, chanting aloud as they hewed at their screaming victims. The Ancrene Disciples vowed to cast out the Devil, by destroying every last one of his servants on Earth."
event_raid_faithful_sons_of_england,0,,"</b>'For King and Country!' they cried, charging forward with grim determination. The Sons of England would not rest until their beloved land was drenched in blood."
event_raid_band_of_the she_wolf,0,,"With thunderous faces, the barons led the charge. ‘For our one true Queen!’ they bellowed, deftly swinging their weapons, slicing through sinew and bone."
event_raid_philosophers_of_the_natural_order,0,,"The academics gathered like a storm of angry crows, their black gowns flapping comically as they huddled, strategizing. Their great minds were entirely focused on wrecking <village_name>. Except for its books, which they coveted, and meant to steal."
event_raid_society_of_fellows,0,,"Once they had stopped shouting at each other, the dons took a vote in an orderly and democratic manner, then prepared to strike. ‘You ignorant dimwits have got it coming!’ They shrieked, rampaging into <village_name> with the zeal of rioting dissidents."
event_raid_kingdom_of_york,0,,"The militants descended, baying for Royalist blood. 'Loyalists are culpable of genocide!' they roared. Slaughter seemed inescapable."
event_raid_heresy_of_the_rose,0,,"When Heretics rise, fear takes human form. Baying, screeching, drumming, chanting...some wear horns; a girl strews rose petals at the mob’s feet. Many bear flaming symbols aloft. ‘We’ve come for your souls!’ one shouts. A roar of hooting laughter rises up among their ranks. A senseless massacre is imminent."
event_raid_circle_of_avalon,0,,"They were truly a sight to behold: fair knights in shining armour. But the old Gods have always been thirsty for Christian blood, and Cedric's knights would gladly spill yours."
event_raid_beirdd_cymraeg,0,,"Colourful, theatrical, larger than life: the bards’ presence was hard to ignore. You might be enchanted and entertained, but do not be fooled. If they could not talk you into doing their bidding, they would gladly fight you, and tell a fabulous tale about it afterwards."
event_raid_progeny_of_the_plague,0,,They wanted slaves! They demanded blood! Indiscriminate raiders intent on pillage and plunder charged into your village.
event_raid_ravagers,0,,"They weren't just hungry, they were greedy. The Ravagers were already imagining a tasty feast, with human flesh as the main course. They say meat is murder, and this could be yours."
event_raid_forest_bandits,0,,"They appeared silently, eyes hollow, hair wild. Smelling rancid and daubed with blood, everyone in <village_name> recognised these pillagers as assailants of the most deadly kind. They were beyond reason, with nothing left to lose."
event_raid_mountain_bandits,0,,"They appeared silently, eyes hollow, hair wild. Smelling rancid and daubed with blood, everyone in <village_name> recognised these pillagers as assailants of the most deadly kind. They were beyond reason, with nothing left to lose."
event_raid_river_bandits,0,,"They appeared silently, eyes hollow, hair wild. Smelling rancid and daubed with blood, everyone in <village_name> recognised these pillagers as assailants of the most deadly kind. They were beyond reason, with nothing left to lose."
event_raid_looters,0,,"They appeared silently, eyes hollow, hair wild. Smelling rancid and daubed with blood, everyone in <village_name> recognised these pillagers as assailants of the most deadly kind. They were beyond reason, with nothing left to lose."
event_raid_scourge,0,,"A smell of sulfur in the air and a prickling on the skin. These were the only warning signs that a Scourge attack was coming. You would see and hear nobody. If you survived, you would witness a scene from hell itself."
event_runaway_general,0,,<name> didn't stop looking over [his/her] shoulder. But it was the bleeding weals around <name>'s ankles that gave [him/her] away as a prisoner on the run. Would you conceal [him/her]? They may have been followed.
event_runaway_church_of_third_coming,0,,"Whether it was the Third Coming seeking a poor sinner to make an example of - or some other zealots - was unclear. <name> raved about religion, torture, escape...but the details were confused. Would you give them refuge? Danger might ensue."
event_runaway_ancrene_disciples,0,,"<name> would be burned alive by the Disciples, [he/she] stated factually, with eyes dimmed, trailing sooty rags. Would you save them from the flames? [He/She] may be pursued."
event_runaway_faithful_sons_of_england,0,,"<name> said they had walked for many days, hiding in trees, ditches and abandoned barns. Followers of the soi-disant King tracked [him/her] relentlessly, sometimes with baying hounds. ‘I have done no one harm,’ said <name>, asking for <village_name>’s protection. Would you risk it? Edmund’s forces may be close behind."
event_runaway_band_of_the she_wolf,0,,"<name> practically crawled into <village_name>. [He/She] appeared hale and well-fed, and yet appeared stricken by some uncanny malaise. ‘Pins and flesh, pins mark death…’ [he/she] whispered hoarsely. There had been rumours that Queen Isabella employed a necromancer. Would you dare take <name> in?"
event_runaway_philosophers_of_the_natural_order,0,,"<name> claimed that [he/she] was running from a pack of enraged Philosophers. They had beaten [him/her] for reductive reasoning and epistemological scepticism. ‘I don’t know what they were talking about, but they wouldn’t let up.’ Would you offer [him/her] a place to stay? There may be repercussions."
event_runaway_society_of_fellows,0,,"<name> arrived in great haste, professing to have been targeted by a malicious alchemist. <name> fled, with the occultist and their cronies in hot pursuit. Would you protect <name> in <village_name>? The Society of Fellows is known to use strange methods to exact revenge. "
event_runaway_kingdom_of_york,0,,"Forlorn and desperate, <name> stood accused of treason against the Kingdom of York, by aiding and abetting the monarchy. 'I am innocent,' [he/she] sobbed. Would you grant <name> asylum? Reprisals may follow."
event_runaway_heresy_of_the_rose,0,,"<name> could not speak when [he/she] arrived. [He/She] had been tortured, and bore many bruises and scars. Your best guess was that the Heresy of the Rose were behind it, because <name> made the sign of horns. Would you shelter this fugitive? Chaos would be hard on [his/her] heels."
event_runaway_circle_of_avalon,0,,"<name> had been borne away by shining knights, [he/she] said, against [his/her] will. <name> slipped away by night, travelling barefoot along rough and broken roads. ‘Take me in, pray do not forsake me,’ [he/she] pleaded. Would you shelter <name>? Questing paladins might follow."
event_runaway_beirdd_cymraeg,0,,"<name> appeared sheepish. ‘Can I come inside? There are these bards I want to avoid.’ Wearied by wordplay and lute practice, <name> gave the performers a bad review. ‘I just wanted a bit of peace and quiet,’ [he/she] explained. Will you grant <name> entry? It may come at a price."
event_runaway_progeny_of_the_plague,0,,"Some said tales of the Progeny eating people were poppycock. But they crossed themselves when <name> appeared, having escaped as the brutes were sharpening their knives. If cannibals came looking for their lunch...would you keep <name> off the menu?"
event_runaway_ravagers,0,,"You’d never seen anyone run as fast as <name> in your life. ‘They want to eat me!’ [He/She] cried out. Wide eyed, <village_name> settlers checked their children and livestock were gathered in. ‘It’s Ravagers,’ they whispered. Would you help <name> escape? The pursuers may be hungry for revenge."
event_runaway_forest_bandits,0,,"Appearing deranged at first, <name> was simply overcome with terror. A pitiful, stumbling corpse with weals from binding and harsh beatings by a cruel master. <name> begged: 'Hide me! I will die if I am caught!'"
event_runaway_mountain_bandits,0,,"Appearing deranged at first, <name> was simply overcome with terror. A pitiful, stumbling corpse with weals from binding and harsh beatings by a cruel master. <name> begged: 'Hide me! I will die if I am caught!'"
event_runaway_river_bandits,0,,"Appearing deranged at first, <name> was simply overcome with terror. A pitiful, stumbling corpse with weals from binding and harsh beatings by a cruel master. <name> begged: 'Hide me! I will die if I am caught!'"
event_runaway_looters,0,,"Appearing deranged at first, <name> was simply overcome with terror. A pitiful, stumbling corpse with weals from binding and harsh beatings by a cruel master. <name> begged: 'Hide me! I will die if I am caught!'"
event_runaway_scourge,0,,"<name> was badly singed. 'Everything is burned, destroyed!' [He/She] would only say 'it must have been THEM. But I didn't see a soul.' The Scourge may be on the move. Will you give <name> a place to stay?"
event_claim_runaway_general,0,,"The swarthy jailers wanted your settler, <name>, and they wanted them now. They had to pay for their crimes, or your whole village would pay. It was up to you."
event_claim_runaway_church_of_third_coming,0,,"The zealots demanded that you relinquish <name> immediately, to be burned at the stake - or possibly flayed alive - for their manifold sins. God's will should be done. They were authorised to kill."
event_claim_runaway_ancrene_disciples,0,,"The Disciples argued persuasively that <name> was a cunning servant of Satan. Then they threatened to burn <village_name> to the ground, to purify everything thoroughly if you didn't hand [him/her] over."
event_claim_runaway_faithful_sons_of_england,0,,"The standard bearer made a show of reading out the proclamation: '<name> is disloyal to the crown! [He/She] must be rendered unto us for trial and punishment at King Edmund's pleasure.' His companions stood regimented, formidable, their armour glinting. The Faithful had no intention of leaving empty handed."
event_claim_runaway_band_of_the she_wolf,0,,"A group of barons and a serf dragging a wheeled metal cage arrived. ‘<name> should come with us,’ commanded the tallest of the nobles. ‘[He/She] is a favourite of Queen Isabella. Bring <name> forth at once, they will not be harmed.’ The serf caught your eye, shaking his head.
"
event_claim_runaway_philosophers_of_the_natural_order,0,,"Some wore beards, others wore spectacles. All of them wore scowls. The Philosophers of the Natural Order approached, fragrant with the scent of parchment and sealing wax. 'Hand over <name>,' said the eldest, pointing a long, ink-stained finger. 'We have a score to settle.'"
event_claim_runaway_society_of_fellows,0,,"The assembled Fellows had the air of robbers at an alefest: rather drunk, and speaking balderdash to obscure their true intentions. Indeed, you realised that their overblown flattery amounted to nought, masking a plot to kidnap <name> while you were distracted. Would you let them get away with it?"
event_claim_runaway_kingdom_of_york,0,,"Purvey’s bailiff stood, arms crossed, legs splayed wide. A hefty, northern woman, not to be trifled with. ‘Give <name> over,’ she grunted, ‘if ‘ee want no trouble.’ The labourers behind her fidgeted, impatient to engage, then settle in for a night’s drinking.  Is <name> worth fighting for?"
event_claim_runaway_heresy_of_the_rose,0,,"Alone, the Heretic drew a series of symbols on the ground at <village_name>’s entrance. After some hours, their pained expression suggested considerable exertion. Finally, they killed a hen, spreading the blood. <name>, <name>… they chanted. ‘Give me <name>.’ <village_name>’s settlers were petrified. What ghastly horrors might rise up, if they refused?"
event_claim_runaway_circle_of_avalon,0,,"‘I am here for <name>’s head,’ quoth the knight, bowing as deeply as her armour allowed. ‘I have quested for a year and a day, and I now claim my rightful prize.’ A retinue of burnished knights accompanied her, mounted on palfreys and decked with ribbons. Will you yield <name>?"
event_claim_runaway_beirdd_cymraeg,0,,"The bard began to tell an achingly beautiful saga of broken promises, a fugitive, an oath. Hair flowing, eyes closed, his fingers ran over a small harp, the ethereal music sweetening the enchantment. You would let <name> come away, would you not? Spellbound, you nonetheless had to choose."
event_claim_runaway_progeny_of_the_plague,0,,"Armed, hulking and pitiless, the circling raiders cried out a terrible ultimatum: Their raid was to be swift and brutal, unless you yielded <name> to them. They knew exactly what they wanted."
event_claim_runaway_ravagers,0,,"They came with butchers knives, wearing bloody aprons. 'Fe, fi, fo, fum, I smell the blood of Englishmen,' shouted the largest, laughing uproariously. Some had set up campfires with spits and large pots, 'Send <name> on out then, we're ready for our dinner.'"
event_claim_runaway_forest_bandits,0,,"The brute spoke, soft but menacing. '<name> belongs to me! Hand over my slave or you will all suffer.' They were deadly serious."
event_claim_runaway_mountain_bandits,0,,"The brute spoke, soft but menacing. '<name> belongs to me! Hand over my slave or you will all suffer.' They were deadly serious."
event_claim_runaway_river_bandits,0,,"The brute spoke, soft but menacing. '<name> belongs to me! Hand over my slave or you will all suffer.' They were deadly serious."
event_claim_runaway_looters,0,,"The brute spoke, soft but menacing. '<name> belongs to me! Hand over my slave or you will all suffer.' They were deadly serious."
event_claim_runaway_scourge,0,,You cannot discuss settler rendition with the Scourge
event_runaway_trade_successful_general,0,,"It took some negotiation. But reluctantly, the search party accepted what <village_name> offered, relinquishing its mission to seize <name>."
event_runaway_trade_successful_church_of_third_coming,0,,"The zealots accepted <village_name>'s terms. 'We have been merciful,' said their leader. 'You may not be so lucky next time.'"
event_runaway_trade_successful_ancrene_disciples,0,,"Finally, the disciples yielded. 'We shall pray for your eternal souls,' one murmured, turning away. '<name> is a sinner.'"
event_runaway_trade_successful_faithful_sons_of_england,0,,"The herald found it confusing that <village_name> did not yield to the self-proclaimed King Edmund's decree. After much bluster, they accepted a bribe and left."
event_runaway_trade_successful_band_of_the she_wolf,0,,"The noble bowed, almost courteously. 'You are not as foolish as you look. Let us hope Her Majesty accepts this. Au revoir.'"
event_runaway_trade_successful_philosophers_of_the_natural_order,0,," 'You have made your choice,' scoffed the elder philosopher, reaching out to grab [his/her] payment. 'Very well! Enjoy <name>'s company. You deserve each other!'"
event_runaway_trade_successful_society_of_fellows,0,,"The Dons' cunning plan to capture <name> collapsed somewhat under the considerable weight of their combined intellects, as they argued over the minutia of how to proceed. Ultimately, the boffins agreed to be paid off, and continue scheming elsewhere."
event_runaway_trade_successful_kingdom_of_york,0,,"The bailiff spat on the floor, presumably to signal she accepted the deal. 'Suit yerself, <name>'s a wrong'un any road.'"
event_runaway_trade_successful_heresy_of_the_rose,0,,"The Heretic circled three times, picking up <village_name>'s offering. 'Blood for blood,' they muttered, as they dragged the dead hen with them into the bushes, and disappeared."
event_runaway_trade_successful_circle_of_avalon,0,,"The knight accepted with dignity and honour. 'It seems I have more to learn before I am worthy of this prize.' She left with her bright-bannered retinue, and <name> kept their head."
event_runaway_trade_successful_beirdd_cymraeg,0,,"Notes of the bard's song carried on the wind as he wandered away, over the hills:\n\n
<i>'I called to them in song, but they did not come along,\n
I sang of love's sweet grace, where the willow's shadows throng.\n
I pleaded with my strings, yet <name> remained austere,\n
Now my heart is aching, but my gold is gathered near.</i>"
event_runaway_trade_successful_progeny_of_the_plague,0,,"Despite the band's eagerness to fight, the cooler heads of their generals prevailed. 'Come on,' one said, as they all skulked away, grumbling. 'We can get a lot of ale with this ransom.'"
event_runaway_trade_successful_ravagers,0,,"The chef seemed disappointed, 'Ah well. I'll have to adjust the menu for this week. Pity. But I'm sure there are others we can invite for supper, aside from <name>.'"
event_runaway_trade_successful_forest_bandits,0,,"It took some negotiation. But reluctantly, the search party accepted what <village_name> offered, relinquishing its mission to seize <name>."
event_runaway_trade_successful_mountain_bandits,0,,"It took some negotiation. But reluctantly, the search party accepted what <village_name> offered, relinquishing its mission to seize <name>."
event_runaway_trade_successful_river_bandits,0,,"It took some negotiation. But reluctantly, the search party accepted what <village_name> offered, relinquishing its mission to seize <name>."
event_runaway_trade_successful_looters,0,,"It took some negotiation. But reluctantly, the search party accepted what <village_name> offered, relinquishing its mission to seize <name>."
event_raid_villager_general_accept,0,,"<name> shuffled slowly towards [his/her] captors, head bowed. This was inevitable, or so you told yourself."
event_runaway_03,0,,<name> had bruises on [his/her] arms. [He/She] shrunk from human touch but gladly accepted food and water. <name> expected to be rejected - somewhere outside your gates there was an abuser looking to punish [him/her]. But could you let [him/her] in?
event_runaway_03_b,0,,"They wheedled, they begged, and finally they threatened murder if you didn't hand over their spouse. The thug wanted you to quit shielding <name>...so they could 'start over.' <name> was terrified."
event_runaway_03_b_accept,0,,"<name> shuffled slowly towards [his/her] abuser, head bowed. You looked away, hoping that discretion was the better part of valour."
event_runaway_05_b_accept,0,,"<name> shuffled slowly towards [his/her] captors, eyes wide with terror. [He/She] would be lucky to see another sunrise."
event_runaway_villager_cant_leave_01,0,,"The enemy was not amused. They departed raging, accusing you of trickery."
event_runaway_villager_cant_leave_02,0,,"The enemy was not amused. They accused you of trickery, and prepared to attack!"
event_supernatural_01,0,,"Settlers like their folk traditions. So, when a figure with a great wooden head topped with bulls' horns cavorted through <village_name>, it was just a bit of fun. The next morning, <resource> was missing. None of the settlers owned up. Was it Old Nick?"
event_supernatural_02,0,,"When they heard howling and baying, the settlers huddled closer. The Welsh said it's Gwyn app Nudd and the hounds of Annwn, but most of <village_name> favoured Woden or Herne. The terror was real: People and animals go missing when the Hunt is abroad."
event_supernatural_03,0,,"Oxford sages warned of a sickness of itching, vomiting and blackened extremities, which strikes after damp weather at harvest time. The faithful simply blamed Beelzebub. Either way, stricken <village_name> workers became delirious and unproductive."
event_thunderstorm_01,0,,"Unexpected thunder roared, crashing through the bruised sky. A violent presence, intruding like a bad omen, held echos of a heathen god. Fork lightening flickered and blazed towards the ground, splitting a mighty oak. "
game_event_agree,0,,Agree
game_event_reject,0,,Reject
game_event_type_new_worker,0,,New Settler
game_event_type_raid,0,,Raid
game_event_type_enviroment,0,,Environmental
game_event_type_player_triggered,0,,<village_name> Event
game_event_type_influence,0,,Renown
game_event_name_influence_20,0,,Influence rising
game_event_description_influence_20,0,,Flourishing <village_name> grows more influential in the region with each day that passes. This is sure to attract more settlers — and perhaps garner unwanted attention from other settlements.
game_event_name_influence_100,0,,Golden age
game_event_description_influence_100,0,,"<village_name> is now the most influential settlement, dominating the entire region. Pilgrims travel from far and wide to witness its splendour."
game_event_season_spring,0,,Spring
game_event_description_season_spring,0,,"Spring arrived in <village_name>. As the sun warmed the sleeping ground, vegetation began to grow. It was the perfect time to sow crops for the coming year. "
game_event_season_summer,0,,Summer
game_event_description_season_summer,0,,"Summer appeared like a warm blessing, coaxing the settlers to shed their warm clothing. Now was the time to build underground storage, to keep food fresh in the sunny days to come."
game_event_season_autumn,0,,Autumn
game_event_description_season_autumn,0,,"Autumn blustered in, with crisp mornings, and cooler days. It was the season to prepare for winter, tailoring warm clothing, and stocking up on food and supplies. "
game_event_season_winter,0,,Winter
game_event_description_season_winter,0,,"Winter held <village_name> in its icy grip, so the settlers gathered around the fire on long, dark evenings. They needed to bundle up in warm clothing, and heat their chambers to beat the chill. "
game_event_type_season_start,0,,New season
game_event_heat_wave_end,0,,Heat wave has ended
game_event_cold_snap_end,0,,Cold snap has ended
game_event_hailstorm_end,0,,Hailstorm has ended
game_event_thunderstorm_end,0,,Thunderstorm has ended
game_event_type_end,0,,The story comes to an end
game_event_name_all_dead,0,,All is lost
game_event_info_all_dead,0,,"Despite their valiant efforts, all of the settlers of <village_name> have perished. Yet the history of <village_name> lives on, inscribed on vellum: a testament for future generations. As we remember them, let us endeavour to learn from their manifold trials and misadventures."
raid_won,0,,"This time, <village_name> won the day. Battleweary, its warriors gave thanks."
raid_lost,0,,"Ill-prepared and overpowered, <village_name> conceded defeat in this battle."
raid_tie,0,,Neither <village_name> nor its foe gained the upper hand in this clash.
raid_won_name,0,,Victory!
raid_lost_name,0,,Defeat
raid_tie_name,0,,Tie
game_event_name_all_dead_second_map,0,,All is lost
game_event_info_all_dead_second_map,0,,These denizens of <village_name> perished here on their mission. May their souls be at peace.
attack_outcome,0,,"<village_name>  settlers engaged their enemy in <season> of <year>. Their ordeal continued for <raid_duration>.
<if_all_villagers_survived>Mercifully, all settlers survived the attack.</if_all_villagers_survived>
<if_not_all_villagers_survived>Not everyone survived this fateful encounter. <village_name> lost <villagers_died_count> of its people.<style=DefaultOrange> <villagers_died></style> perished during the attack.</if_not_all_villagers_survived>
<if_enemy_died><style=DefaultRed><enemy_dead_count></style> sworn enemies died during the fight.</if_enemy_died>
<if_most_active_in_fight><style=DefaultOrange><most_active_in_fight></style> was the bravest of the settlers, dealing the most blows to their foe.</if_most_active_in_fight>
<if_no_most_active_in_fight>Settlers chose not to engage with the enemy, a stratagem born of stealth, rather than cowardice.</if_no_most_active_in_fight>
<if_most_damage_taken><style=DefaultOrange><most_damage_taken></style> took the most grievous damage from the enemy.</if_most_damage_taken>
<if_no_most_damage_taken>By good fortune, no settler was hurt by enemy weapons.</if_no_most_damage_taken>
<if_most_hits_blocked><style=DefaultOrange><most_hits_blocked></style> blocked the most hits, it should be recorded.</if_most_hits_blocked>"
game_event_type_ambush,0,,Ambush
game_event_type_attack,0,,Attack
raid_outcome,0,,"The beleaguered settlers came under attack in the <season> of <year>. Their ordeal continued for <raid_duration>.
<if_all_villagers_survived>Mercifully, all settlers survived the raid.</if_all_villagers_survived>
<if_not_all_villagers_survived>Not everyone survived this fateful encounter. <village_name> lost <villagers_died_count> of its people.<style=DefaultOrange> <villagers_died></style> died during the attack.</if_not_all_villagers_survived>
<if_enemy_died><style=DefaultRed><enemy_dead_count></style> sworn enemies died during the fight.</if_enemy_died>
<if_most_active_in_fight><style=DefaultOrange><most_active_in_fight></style> was the bravest of the settlers, dealing the most blows to the foe.</if_most_active_in_fight>
<if_no_most_active_in_fight>Settlers chose not to engage with the enemy, a stratagem born of stealth, rather than cowardice.</if_no_most_active_in_fight>
<if_most_damage_taken><style=DefaultOrange><most_damage_taken></style> took the most damage from the enemy, thinking only of defending <village_name> in its hour of need.</if_most_damage_taken>
<if_no_most_damage_taken>Thankfully, no settler was hurt by enemy weapons.</if_no_most_damage_taken>
<if_most_hits_blocked><style=DefaultOrange><most_hits_blocked></style> blocked the most hits, it should be recorded.</if_most_hits_blocked>
<if_buildings_destroyed>Some of the buildings of <village_name> were destroyed under the bombardment of enemy weapons: <style=AltColor><buildings_destroyed></style></if_buildings_destroyed>"
raid_outcome_resources,0,,Enemies absconded with <resource_list>
dialogOptionEffect_NewWorker,0,,<style=DefaultGreen>A new settler will join your settlement</style>
dialogOptionEffect_PossibleRaid,0,,<style=DefaultRed>Expect a possible attack in a couple of days</style>
dialogOptionEffect_NegativeMood,0,,<style=DefaultRed>Some settlers might get a negative mood modifier</style>
dialogOptionEffect_PositiveMood,0,,<style=DefaultGreen>Your settlers will get a positive mood modifier for helping someone in need</style>
dialogOptionEffect_RaidImminent,0,,<style=DefaultRed>Enemies have arrived and will attack your settlement</style>
dialogOptionEffect_AnimalRaidImminent,0,,<style=DefaultRed>A pack of wild animals has arrived near your settlement. It will leave in a couple of days. It may be better to leave them undisturbed than to risk someone getting hurt.</style>
dialogOptionEffect_Spring,0,,<b>Spring</b>\n - Moderate temperature. Rain and fog are frequent. Small chance of hailstorms.
dialogOptionEffect_Summer,0,,"<b>Summer</b>\n - High temperatures. Chance of heatwaves. Build underground storage to keep your food fresh during the hot summer days. Days are longest at midsummer, when the sun is at its highest."
dialogOptionEffect_Autumn,0,,<b>Autumn</b>\n - Moderate temperature. Rain and fog are frequent. Chance of thunderstorms and hailstorms.
dialogOptionEffect_Winter,0,,"<b>Winter</b>\n - Low temperatures. High chance of snowfall and blizzards. Chance of cold snaps. Vegetation will not grow in low temperatures, so ensure that you sow and harvest as much as you can before winter starts. The nights are the longest in midwinter, when the sun is low in the sky, offering less heat."
dialogOptionEffect_error_build_map_table,0,,Construct a <style=Shortcut>Cartography Table</style> to view a map of the region.
dialogOptionEffect_AgentsLeaving,0,,<style=DefaultRed>The following settlers will be forced to leave your settlement</style>
eventOptionEffect_NewWorker,0,,<style=DefaultGreen>A new settler will join your settlement</style>
eventOptionEffect_PossibleRaid,0,,<style=DefaultRed>Expect a possible attack in a couple of days</style>
eventOptionEffect_NegativeMood,0,,<style=DefaultRed>Some settlers might get a negative mood modifier</style>
eventOptionEffect_PositiveMood,0,,<style=DefaultGreen>Your settlers will get a positive mood modifier for helping someone in need</style>
eventOptionEffect_RaidImminent,0,,<style=DefaultRed>Enemies have arrived and will attack your settlement</style>
eventOptionEffect_AnimalRaidImminent,0,,<style=DefaultRed>A pack of wild animals has arrived near your settlement. It will leave in a couple of days. It may be better to leave them undisturbed than to risk someone getting hurt.</style>
eventOptionEffect_Spring,0,,<b>Spring</b>\n - Moderate temperature. Rain and fog are frequent. Small chance of hailstorms. 
eventOptionEffect_Summer,0,,"<b>Summer</b>\n - High temperatures. Chance of heatwaves. Build underground storage to keep your food fresh during the hot summer days. Days are longest at midsummer, when the sun is at its highest. "
eventOptionEffect_Autumn,0,,<b>Autumn</b>\n - Moderate temperature. Rain and fog are frequent. Chance of thunderstorms and hailstorms.
eventOptionEffect_Winter,0,,"<b>Winter</b>\n - Low temperatures. High chance of snowfall and blizzards. Chance of cold snaps. Vegetation will not grow in low temperatures, so ensure that you sow and harvest as much as you can before winter starts. The nights are the longest in midwinter, when the sun is low in the sky, offering less heat."
news_name_shakedown,0,,Extortion
news_name_runaway,0,,Violent extortionists 
warning_message_short_NegotiationCountdown,0,,Negotiator
warning_message_info_NegotiationCountdown,0,,"A negotiator has arrived at the edge of your settlement. Send a settler to speak with [him/her]. To initiate negotiation, select a settler and <sprite=""ctrl_right_click"" index=t> on the negotiator, then select the  <b>Negotiate with</b> option."
game_event_type_shakedown,0,,Extortion
event_name_shakedown_general,0,,Extortion by <faction_name>
event_shakedown_negotiator_arrival,0,,A figure from <faction_name> appears just outside <village_name>. [He/She] seeks an audience to strike a deal.
event_shakedown_general,0,," 'Such a lovely place, <village_name>' the stranger drawled. 'For a reasonable fee, we can ensure nothing happens to spoil it.' [His/Her] meaning was clear."
event_shakedown_church_of_third_coming,0,," 'God commands us to punish <village_name> for its manifold sins,' the zealot shrieked. 'Pay us penance, and we will offer you His mercy instead.'"
event_shakedown_ancrene_disciples,0,,"The mystic leaned forward. 'St Menwreda appeared in a dream, showing <village_name> purified by fire. What offering will you make for our prayers, to avoid this terrible fate?'"
event_shakedown_faithful_sons_of_england,0,,The messenger came straight to the point. 'Sir Hugh Gaveston has decreed that <village_name> is to benefit from our protection. And that you must pay for it. Settlements that do not comply will be razed to the ground.'
event_shakedown_band_of_the she_wolf,0,," '<village_name> lands are under the protetion of my lord, the Baron.' The negotiator gave a Gallic shrug. 'Peasants who pay him rent generally live longer, vous comprenez?'"
event_shakedown_philosophers_of_the_natural_order,0,,"The philosopher was hard to argue with. 'Our continuous study benefits the entire region,' [He/She] said. 'And <village_name> must contribute. We understand Nature's immeasurable forces, and you don't want those turned against you now, do you?'"
event_shakedown_society_of_fellows,0,,"The negotiator was wearing a bloody apron. 'We need corpses for our plague medicine experiments. <village_name> settlers have been selected to take part! We're keen to get started, but you can opt out for a reasonable fee.'"
event_shakedown_kingdom_of_york,0,," 'It behoves all working peasants to contribute to our cause,' said the negotiator, feet planted firmly on the soil. 'If you refuse, we must assume you harbour Monarchist sympathisers, and punish <village_name> accordingly. So are you paying, or what?' "
event_shakedown_heresy_of_the_rose,0,," 'Now society is over, I can just tell you to give me your coin. You know what we Heretics are like - we will bring chaos and death to <village_name> if you decide not to pay.'"
event_shakedown_circle_of_avalon,0,,"Who would anger the Druids? Not <village_name>, surely? A simple offering can ensure Myrddin's dragons stay sleeping. You really don't want to feel their fiery breath...'"
event_shakedown_beirdd_cymraeg,0,,"<i>' 'Heed this bard's advice,\n
let generosity prevail,\n
For with coin's exchange,\nyour fortune shall not fail.\n
With melodies of joy, we'll bid you adieu,\n
Pay the piper, dear <village_name>,\n
and let blessings ensue.'</i>'"
event_shakedown_progeny_of_the_plague,0,," 'We are hungry. And the settlers of <village_name> look plump.' The cannibal licked [his/her] lips. 'But we are not unreasonable. If you pay enough, we will hunt elsewhere.'"
event_shakedown_ravagers,0,,"The chef drove a hard bargain. 'I have a selection of delicious blood pudding here for sale. I'm always seeking out local ingredients, perhaps some <village_name> citizens? But I can be incentivised to gather meat from further afield, for a price."
event_shakedown_forest_bandits,0,,"It was hard to tell if [he/she] was animal or human. 'The Wild Hunt rides through <village_name>,' [he/she] growled. 'Pay or be prey, I don't care.'"
event_shakedown_mountain_bandits,0,,"The wildling's hide smelled sour and filthy. 'A hoard of mountain clan surrounds <village_name>,' [he/she] said. 'You will not survive our attack. So make it worth our while to walk to the next settlement and destroy them in your stead.'"
event_shakedown_river_bandits,0,, 'Drowning is a painful way to die.' The pirate mused to [him/her]self. 'It's customary to offer something to the ferryman... and I'm sure the folk of <village_name> all want to keep their heads above water.'
event_shakedown_looters,0,," 'You know the score. We loot, you die. Unless you want to bribe us with something. But make it worthwhile, I don't want to waste time chatting.'"
event_shakedown_scourge,0,,"Ragged breath escaped from the foetid darkness beneath its hood. Can the Scourge can be bargained with? Maybe settlers of <village_name> could try to throw it something, and hope it goes away."
general_jump_to_location,0,,Jump to Location
event_shakedown_demands_satisfied,0,,"<faction_name> appeared satisfied with what you offered in exchange for protection. As they disappeared into the distance, you had the uncomfortable realisation that they would be back. "
event_answer_shakedown_decline,0,,The people of <village_name> said 'no'. 
event_answer_shakedown_give,0,,You decided to make them an offer.
event_answer_shakedown_leave,0,,Leave negotiation
event_runaway_err_runaway_negotiator,0,,<name> refuses to negotiate with the search party that's pursuing [him/her].
runaway_faction_wont_trade_tooltip,0,,"This faction only wants <name>, and nothing else will do. "
news_death_title,0,,<style=DefaultRed>Death:</style> <name> 
news_death_natural_death,0,,<name> passed away peacefully in [his/her] sleep at the age of <age>.
news_death_unnatural_death,0,,<name> met [his/her] untimely end at the age of <age>.
news_death_last_moments,0,,These were [his/her] last moments:
event_beggar_text,0,,Can you spare some sustenance for a poor soul in need?
event_answer_beggar_give,0,,Give the beggar something
event_answer_beggar_decline,0,,Send the beggar away
event_answer_beggar_leave,0,,Leave
event_beggar_title,0,,A beggar in need
event_beggar_arrival_text,0,,"A dusty vagrant shambled into <village_name>, and is pleading for charity."
news_name_beggar,0,,Beggar arrives
event_stash_discovered,0,,Hidden Stash
event_stash_discovered_text,0,,"The location of a potential hidden stash has been marked on your regional map. These locations may harbour wild animals, or even hostile people."
loot_stash_hostile,0,,<style=DefaultRed>This location seems to harbour hostile animals</style>
Player Triggered Events,0,,
estimated_event_quality,0,,Estimated event quality
player_triggered_event_duration,0,,Duration of the event
player_triggered_event_note,0,,Note that there is a chance that the event might be worse or better than estimated!
player_triggered_event_feast_name,0,,Feast Event
player_triggered_event_feast_info,0,,"After hours of preparation, a table groaning with food, fine wine and song greeted the settlers of <village_name>. The festivities lasted until dawn!"
player_triggered_event_feast_description,0,,"All participants will have their hunger satiated. And, depending on the quality, their need for entertainment is also satisfied for several days. "
player_triggered_event_sermon_name,0,,Eucharist Event
player_triggered_event_sermon_info,0,,A solemn and prayerful observance of one of the Christian calendar's many holy days was held. They who wait for the Lord shall renew their strength
player_triggered_event_sermon_description,0,,"All Restitutionist participants will have their religious needs fullfiled, depending on the quality, for several days. "
player_triggered_event_ritual_name,0,,Ritual Event
player_triggered_event_ritual_info,0,,"A seasonal rite was held, with the assistance of herbal guides and moonlight. Participants journeyed and shapeshifted into deeper harmony with Nature. Blessed be."
player_triggered_event_ritual_description,0,,"All Oak Brethren participants will have their religious needs fullfiled, depending on the quality, for several days. "
event_quality_points,0,,Event quality points
event_quality_participants_name,0,,Participants
event_quality_roomImpressiveness_name,0,,Room Impressiveness
event_quality_foodVariety_name,0,,Food variety
event_quality_nutrition_name,0,,Nutrition per person
event_quality_foodQuality_name,0,,Food quality
event_quality_alcohol_name,0,,Alcohol per person
event_quality_role_name,0,,Participant with role (<role_name>)
event_quality_resourceAmount_name,0,,Communion Bread & Wine
event_quality_sacrificeQuality_name,0,,Sacrifice Quality
event_quality_unique_resource_count_name,0,,Textbook present
event_quality_trainEquipAmount_name,0,,Training Equipment
general_add_unique_resource,0,,Add Textbook
no_skill_book_message,0,,You don't have any textbooks
general_add_participant,0,,Add Participant
event_requ_food,0,,Food
event_requ_beverages,0,,Beverages
plan_event,0,,Hold event
plan_event_disabled,0,,You can't hold this event because the structure is not in: <room_name>
plan_event_disabled_other_event,0,,You can't hold this event because there is another event active at the moment
end_event,0,,End event
end_event_confirm,0,,Ending the event may yield negative mood modifiers for its participants. Are you sure you want to proceed?
player_triggered_event_furniture_info,0,,Is used during: <event_name>
player_triggered_event_start,0,,Settlers started gathering for a <event_name>
player_triggered_event_ended,0,,<event_name> ended with result: <quality_outcome>
player_triggered_event_cancelled,0,,The <event_name> has been cancelled
event_quality_lvl_name_neutral,0,,Ordinary
event_quality_lvl_name_terrible,0,,Appalling
event_quality_lvl_name_very_bad,0,,Lamentable
event_quality_lvl_name_bad,0,,Disappointing
event_quality_lvl_name_decent,0,,Decent
event_quality_lvl_name_good,0,,Enjoyable
event_quality_lvl_name_very_good,0,,Excellent
event_quality_lvl_name_unforgettable,0,,Unforgettable
event_quality_cooldown,0,,Event Cooldown Time
event_quality_points_breakdown,0,,Event quality Points Breakdown
end_event_general,0,,The Event Has Ended
end_event_quality,0,,The quality of this event was: <quality_outcome>
end_event_participants,0,,Participants of the event were: <all_participants>
end_event_role_feast,0,,The participants were entertained by: <all_roles>
end_event_role_sermon,0,,The service was led by: <all_roles>
end_event_role_ritual,0,,The ritual was led by: <all_roles>
end_event_role_master,0,,The participants were educated by: <all_roles>
end_event_role_training,0,,The participants were trained by: <all_roles>
role_visitor_leaving,0,,<faction_name> <role_name> is leaving your settlement
player_triggered_event_hanging_name,0,,Execution by Hanging
player_triggered_event_hanging_info,0,,A slow and public death for the poor devil at the end of the rope. A spectacle for those who gather to watch.
player_triggered_event_hanging_description,0,,"Choose one of your prisoners to be executed. They have no say in the matter, so you can execute any prisoner you want. Settler reactions to witnessing the execution will vary."
no_participant_message,0,,There are no eligible participants that can join the event. 
no_roleparticipant_message,0,,There are no eligible role participants that can join the event. 
no_animalparticipant_message,0,,There are no domestic animals that can be added to the event. 
no_prisonerparticipant_message,0,,There are no eligible prisoners that can be added to the event. 
player_triggered_event_master_class_name,0,,Study Group
player_triggered_event_master_class_info,0,,"The librarian bookmarks manuscripts and prepares to welcome settlers for a reading and, hopefully, lively discussion."
player_triggered_event_master_class_description,0,,Attending the Study Group buffs settlers in the skill detailed in the chosen textbook. Skill buff duration depends on event quality. The number of spaces at the event for settlers is determined by the level of the librarian.
event_requ_skill_book,0,,Required Textbook
player_triggered_event_training_name,0,,Martial Training
player_triggered_event_training_info,0,,The sergeant sharpens blades and checks bowstrings are taut in anticipation of a martial training session.
player_triggered_event_training_description,0,,Attending Martial Training buffs settlers in the weapon skill selected. Skill buff duration depends on event quality. The number of spaces at the event for settlers is determined by the level of the sergeant.
event_quality_ranged_name,0,,Ranged Weaponry students
event_quality_melee_name,0,,Melee Weapons students
event_requ_training,0,,Training equipment
effector_info_AteHumanFlesh,0,,I ate human flesh! <style=AltColor>Tip: Forbid meals made with human meat in the manage panel or find alternative food sources.</style>
effector_info_AteHumanFleshCooked,0,,"Even though it was cooked, I can tell it's human flesh. <style=AltColor>Tip: Forbid meals made with human meat in the manage panel or find alternative food sources.</style>"
effector_info_AteLavishMeal,0,,"This meal was fantastic, fit for a king!"
effector_info_AteRawMeal,0,,"Raw food will have to do, if there is nothing else. <style=AltColor>Tip: cooked meals are more nutritious and some give positive mood modifiers</style>"
effector_info_AteRawMeat,0,,"I ate raw meat, like an animal! <style=AltColor>Tip: Roasted meat is much better for the stomach and also won’t negatively affect mood.</style>"
effector_info_AteWell,0,,"A decent meal, my hunger is assuaged."
effector_info_ChainedUp,0,,Get these chains off me!
effector_info_Chilly,0,,Feeling a bit chilly. I might need warmer clothes... <style=AltColor>Tip: Tailor some clothes suitable for this season.</style>
effector_info_Cold,0,,It's getting pretty cold now. My teeth are chattering. <style=AltColor>Tip: Tailor some clothes suitable for this season.</style>
effector_info_DidJobWithPassion,0,,"Nothing beats the satisfaction of a job well done. <style=AltColor>Tip: if your settlers are feeling down, try and give them jobs that they are passionate about. This will boost their mood.</style>"
effector_info_ExtremeNeedSleep,0,,"I'm so dog tired, I can barely stand up. <style=AltColor>Tip: Give this settler more sleep hours in the daily schedule.</style>"
effector_info_ExtremeNeedSleepConLoss,0,,"I'm so dog tired, I can barely stand up. <style=AltColor>Tip: Give this settler more sleep hours in the daily schedule.</style>"
effector_info_FineClothing,0,,"Comfortable and stylish. No harm in looking fabulous, even if the world has ended..."
effector_info_Freezing,0,,I'm frozen to my bones! <style=AltColor>Tip: Tailor some clothes suitable for this season.</style>
effector_info_Hot,0,,"Feeling lightheaded, it might be sunstroke... <style=AltColor>Tip: Tailor some clothes suitable for this season.</style>"
effector_info_Hungry,0,,"Pretty hungry now, I should eat something soon."
effector_info_MoodMinusRunawayEvent,0,,There are too few of us already in this world. Not helping someone in need feels like betrayal.
effector_info_MoodPlusRunawayEvent,0,,It's good that we are helping people in need.
effector_info_NeedSleep,0,,Can't wait to find a place to lay my head. <style=AltColor>Tip: Give this settler more sleep hours in the daily schedule.</style>
effector_info_SleptInLowQualityBed,0,,"Better than the ground, I guess."
effector_info_SleptOnRain,0,,I'm soaking wet from sleeping in the rain. <style=AltColor>Tip: construct beds in rooms or in roofed areas.</style>
effector_info_SleptOnSnow,0,,I slept in the freezing snow! <style=AltColor>Tip: construct beds in rooms or in roofed areas.
effector_info_SleptOutside,0,,I slept outside. <style=AltColor>Tip: construct beds in rooms.</style>
effector_info_SleptWithoutBed,0,,Had to sleep on the ground.
effector_info_SlightNeedSleep,0,,"Feeling a bit tired, I should take a nap."
effector_info_SlightlyHungry,0,,"Could do with something to eat, if I can find the time."
effector_info_StarvationLoosHP,0,,"I'm totally famished, if I don't eat something soon, I may die. I'll eat anything."
effector_info_Starving,0,,"I'm totally famished, if I don't eat something soon, I may die. I'll eat anything."
effector_info_Sweaty,0,,"It's a bit hot, I'm sweating. <style=AltColor>Tip: Tailor some clothes suitable for this season.</style>"
effector_info_UglyClothing,0,,These rags are not fit for me. <style=AltColor>Tip: some settlers mind if their apparel is of poor quality. Tailor something nicer for them to avoid this mood modifier.</style>
effector_info_VeryHot,0,,I might collapse from the heat! <style=AltColor>Tip: Tailor some clothes suitable for this season.</style>
effector_info_VeryHungry,0,,Can't hear anything over the sound of my growling stomach.
effector_name_2x,0,,2X
effector_name_3x,0,,3X
effector_name_4x,0,,4X
effector_name_AteHumanFlesh,0,,Consumed Human Flesh
effector_name_AteHumanFleshCooked,0,,Consumed Cooked Human Flesh
effector_name_AteLavishMeal,0,,Ate an Exquisite Meal
effector_name_AteRawMeal,0,,Ate Raw Food
effector_name_AteRawMeat,0,,Ate Raw Meat
effector_name_AteWell,0,,Ate a Nice Meal
effector_name_ChainedUp,0,,Chained Up
effector_name_Chilly,0,,Chilly
effector_name_Cold,0,,Cold
effector_name_DidJobWithPassion,0,,Job Satisfaction
effector_name_ExtremeNeedSleep,0,,Exhausted
effector_name_ExtremeNeedSleepConLoss,0,,Losing Consciousness
effector_name_FineClothing,0,,Elegant Apparel
effector_name_Freezing,0,,Freezing
effector_name_Hot,0,,Hot
effector_name_Hungry,0,,Hungry
effector_name_MoodMinusRunawayEvent,0,,Sanctuary Denied
effector_name_MoodPlusRunawayEvent,0,,Together we are strong
effector_name_NeedSleep,0,,Moderately Tired
effector_name_SleptOnRain,0,,Slept in the Rain
effector_name_SleptOnSnow,0,,Slept in the Snow
effector_name_SleptOutside,0,,Slept Outside
effector_name_SleptWithoutBed,0,,Slept on the Ground
effector_name_SlightNeedSleep,0,,A little Tired
effector_name_SlightlyHungry,0,,Slightly Hungry
effector_name_StarvationLoosHP,0,,Losing HP (Starving)
effector_name_Starving,0,,Starving
effector_name_Sweaty,0,,Sweaty
effector_name_UglyClothing,0,,Ugly Apparel
effector_name_VeryHot,0,,Overheated
effector_name_VeryHungry,0,,Ravenous
effector_name_StarvingStout,0,,Starving (Stout)
effector_name_AteAtTable,0,,Ate at a table
effector_name_AteSittingDown,0,,Ate sitting down
effector_name_ButcheredHuman,0,,Butchered a human
effector_name_ButcheredHumanFriend,0,,Butchered someone I knew
effector_name_CookedHumanMeat,0,,Cooked with human meat
effector_name_FaithFull,0,,Religious needs fulfilled
effector_name_FaithNeed,0,,Lacking in religious activities
effector_name_FaithDeprived,0,,Deprived of religious activities
effector_name_SawDeadBody,0,,Saw a dead body
effector_name_SawDeadBodyFriend,0,,Saw a friend's corpse
effector_info_AteAtTable,0,,Eating at the table feels so civilized. It's positively grand compared to some of the places I've had to eat...it's quite heartening.
effector_info_AteSittingDown,0,,Better than eating while standing.
effector_info_ButcheredHuman,0,,"It's an image I can't get out of my head. A person laid out, dead. The glint of the butchering knife. I feel horror and revulsion."
effector_info_CookedHumanMeat,0,,The odd thing was that it tasted like other meat. But recalling the horrible roasting smell makes me retch. It's sickening.
effector_info_FaithFull,0,,"I am content, my soul is at peace. I have no need for prayer at this time."
effector_info_FaithNeed,0,,I feel conflicted and disconnected. Some time in quiet contemplation and prayer would help.
effector_info_FaithDeprived,0,,"I fear I am losing faith, faltering in my devotion. I must pray! I must atone! <style=AltColor>Tip: Construct shrines, temples and chapels and give your settlers sufficient leisure hours to fulfil their religious needs.</style>"
effector_info_SawDeadBody,0,,"It was horrible, to see the body. It was rigid, just...staring. It didn't feel respectful, seeing them like that. <style=AltColor>Tip: Store dead bodies on stockpiles far away from your settlement, or bury the dead so others can't see the bodies.</style>"
effector_name_AlcoholNeedNone,0,,Not drinking alcohol
effector_name_AlcoholNeedLow,0,,Fancies a tipple
effector_name_AlcoholNeedMed,0,,Craving a stronger drink
effector_name_AlcoholNeedHigh,0,,Desperate for booze
effector_name_DrankNiceDrink,0,,Drank good ale
effector_name_DrankVeryNiceDrink,0,,Drank good beer
effector_name_InebriatedLow,0,,Tipsy
effector_name_InebriatedMed,0,,Drunk
effector_name_InebriatedHigh,0,,Legless
effector_name_InebriatedVeryHigh,0,,Totally paralytic
effector_name_InebriatedVeryHighLightweight,0,,Totally paralytic (Lightweight)
effector_name_InebriatedLowPunchDrunk,0,,Tipsy (Punch Drunk)
effector_name_InebriatedMedPunchDrunk,0,,Drunk (Punch Drunk)
effector_name_InebriatedHighPunchDrunk,0,,Legless (Punch Drunk)
effector_name_InebriatedVeryHighPunchDrunk,0,,Totally paralytic (Punch Drunk)
effector_name_StomachHurtLow,0,,Mild stomach pain
effector_name_StomachHurtMed,0,,Severe stomach pain
effector_name_VomitAfter,0,,Vomited
effector_info_AlcoholNeedNone,0,,I don't need a drink.
effector_info_AlcoholNeedLow,0,,A drink sounds nice
effector_info_AlcoholNeedMed,0,,I'm thirsty. A pint would really hit the spot
effector_info_AlcoholNeedHigh,0,,"I’d kill for a pint, or three <style=AltColor>Tip: Brew some alcoholic beverages for your settlers.</style>"
effector_info_DrankVeryNiceDrink,0,,"Ah, that beer really hits the spot. Lovely!"
effector_info_DrankNiceDrink,0,,"Not the finest of ales, I'll grant you. But it goes down well enough."
effector_info_InebriatedLow,0,,It's nice to relax and have a couple of drinks for a change.
effector_info_InebriatedMed,0,,"Hey, friends, look at me! I'd like to see those raiders try and come at me now!"
effector_info_InebriatedHigh,0,,"C'mon, let's have another round. Yes, I really can drink you all under the table, and I'll prove it!"
effector_info_InebriatedVeryHigh,0,,"Drunk? Pshhht. No, I did NOT soil myself! Please don't put me in the stocks again to sober up. Take me home, or let me sleep here on the floor... I'll stop crying."
effector_info_StomachHurtLow,0,,"Oh dear, my guts are grumbling. Wonder if it's something I ate or drank?"
effector_info_StomachHurtMed,0,,I've got a really bad stomach ache. It's pretty painful.
effector_info_VomitAfter,0,,Better out than in. I feel a bit empty now though. Perhaps I should eat something to settle my stomach?
effector_name_EntertainmentFull,0,,Entertainment needs fulfilled
effector_name_EntertainmentNeed,0,,Lacking in entertainment 
effector_name_EntertainmentDeprived,0,,Deprived of entertainment 
effector_info_EntertainmentFull,0,,I'm feeling grand! No need for entertainment at the minute.
effector_info_EntertainmentNeed,0,,"I'm pretty bored, truth be told. We could do with a little fun around here."
effector_info_EntertainmentDeprived,0,,"It's just one tough, dreary thing after another, isn't it? I'd even be cheered to watch mummers or an execution, I'm that fed up. <style=AltColor>Tip: Give your settlers some pastimes like a backgammon table and schedule some leisure hours for entertainment.</style>"
effector_name_NewVillagerInitialOptimisam,0,,Initial Optimism
effector_info_NewVillagerInitialOptimisam,0,,A new beginning. Nobody from my past life is here to tell me what I can or can't become...
effector_name_InPaganChapelMoodPlus,0,,Stepped into an Oak Brethren temple
effector_name_InPaganChapelMoodPlusAwful,0,,Stepped into an Oak Brethren temple (Awful)
effector_name_InPaganChapelMoodPlusDull,0,,Stepped into an Oak Brethren temple (Uninspiring)
effector_name_InPaganChapelMoodPlusMediocre,0,,Stepped into an Oak Brethren temple (Modest)
effector_name_InPaganChapelMoodPlusGood,0,,Stepped into an Oak Brethren temple (Good)
effector_name_InPaganChapelMoodPlusSlightlyImpressive,0,,Stepped into an Oak Brethren temple (Superior)
effector_name_InPaganChapelMoodPlusSomewhatImpressive,0,,Stepped into an Oak Brethren temple (Luxurious)
effector_name_InPaganChapelMoodPlusVeryImpressive,0,,Stepped into an Oak Brethren temple (Opulent)
effector_name_InPaganChapelMoodPlusExtremelyImpressive,0,,Stepped into an Oak Brethren temple (Palatial)
effector_name_InPaganChapelMoodMinus,0,,Stepped into an Oak Brethren temple
effector_name_InChapelMoodPlus,0,,Entered a Church of Restitution chapel
effector_name_InChapelMoodPlusAwful,0,,Entered a Church of Restitution chapel (Awful)
effector_name_InChapelMoodPlusDull,0,,Entered a Church of Restitution chapel (Uninspiring)
effector_name_InChapelMoodPlusMediocre,0,,Entered a Church of Restitution chapel (Modest)
effector_name_InChapelMoodPlusGood,0,,Entered a Church of Restitution chapel (Good)
effector_name_InChapelMoodPlusSlightlyImpressive,0,,Entered a Church of Restitution chapel (Superior)
effector_name_InChapelMoodPlusSomewhatImpressive,0,,Entered a Church of Restitution chapel (Luxurious)
effector_name_InChapelMoodPlusVeryImpressive,0,,Entered a Church of Restitution chapel (Opulent)
effector_name_InChapelMoodPlusExtremelyImpressive,0,,Entered a Church of Restitution chapel (Palatial)
effector_name_InChapelMoodMinus,0,,Entered a Church of Restitution chapel
effector_name_SleptInBedroom,0,,Slept in own quarters
effector_name_SleptInBedroomAwful,0,,Slept in own quarters (Awful)
effector_name_SleptInBedroomDull,0,,Slept in own quarters (Uninspiring)
effector_name_SleptInBedroomMediocre,0,,Slept in own quarters (Modest)
effector_name_SleptInBedroomGood,0,,Slept in own quarters (Good)
effector_name_SleptInBedroomSlightlyImpressive,0,,Slept in own quarters (Superior)
effector_name_SleptInBedroomSomewhatImpressive,0,,Slept in own quarters (Luxurious)
effector_name_SleptInBedroomVeryImpressive,0,,Slept in own quarters (Opulent)
effector_name_SleptInBedroomExtremelyImpressive,0,,Slept in own quarters (Palatial)
effector_name_SleptInSharedBedroom,0,,Slept in shared quarters
effector_name_SleptInSharedBedroomAwful,0,,Slept in shared quarters (Awful)
effector_name_SleptInSharedBedroomDull,0,,Slept in shared quarters (Uninspiring)
effector_name_SleptInSharedBedroomMediocre,0,,Slept in shared quarters (Modest)
effector_name_SleptInSharedBedroomGood,0,,Slept in shared quarters (Good)
effector_name_SleptInSharedBedroomSlightlyImpressive,0,,Slept in shared quarters (Superior)
effector_name_SleptInSharedBedroomSomewhatImpressive,0,,Slept in shared quarters (Luxurious)
effector_name_SleptInSharedBedroomVeryImpressive,0,,Slept in shared quarters (Opulent)
effector_name_SleptInSharedBedroomExtremelyImpressive,0,,Slept in shared quarters (Palatial)
effector_name_AteInGreatHall,0,,Ate in great hall
effector_name_AteInGreatHallAwful,0,,Ate in great hall (Awful)
effector_name_AteInGreatHallDull,0,,Ate in great hall (Uninspiring)
effector_name_AteInGreatHallMediocre,0,,Ate in great hall (Modest)
effector_name_AteInGreatHallGood,0,,Ate in great hall (Good)
effector_name_AteInGreatHallSlightlyImpressive,0,,Ate in great hall (Superior)
effector_name_AteInGreatHallSomewhatImpressive,0,,Ate in great hall (Luxurious)
effector_name_AteInGreatHallVeryImpressive,0,,Ate in great hall (Opulent)
effector_name_AteInGreatHallExtremelyImpressive,0,,Ate in great hall (Palatial)
effector_info_InPaganChapelMoodPlus,0,,"I feel a deep connection to the elements of the natural world here. My ancestors and all beings share the blessings of their wisdom freely. Within, I can find peace."
effecto_info_InPaganChapelMoodMinus,0,,"I feel uncomfortable here, in this heathen place. Our Creator shows us the true path. This old balderdash about trees and ponds is not for me!"
effector_info_InChapelMoodPlus,0,,"The hope of restitution guides my path. By my faith, by our prayers, I am renewed and uplifted by the Creator. Wholeness and purity await the faithful. Praise be!"
effector_info_InChapelMoodMinus,0,,"In this place, all believers look to the future, without care for the past, or for the Earth. The deep roots tended by our ancestors are left to wither. It saddens me to behold it."
effector_info_SleptInBedroom,0,,"Ah, the luxury of a good night's sleep, undisturbed in my own bed! I feel refreshed."
effector_info_SleptInSharedBedroom,0,,There's something comforting about falling asleep surrounded by friends. I feel safe and cosy.
effector_info_AteInGreatHall,0,,Nothing beats a good meal and a rousing tale among friends and neighbours in the great hall. Life is sweet!
effector_name_NightOwlPerkEffector,0,,Night time (Night owl perk)
effector_name_AteLavishMealNegativePerkEffector,0,,Ate an Exquisite Meal (Austere perk)
effector_name_AteWellNegativePerkEffector,0,,Ate a Nice Meal (Austere perk)
effector_name_AteRawMealNegativePerkEffector,0,,Ate Raw Food (Austere perk)
effector_name_InebriatedWorkLowPerkEffector,0,,Tipsy (Swigger perk)
effector_name_InebriatedWorkMedPerkEffector,0,,Drunk (Swigger perk)
effector_name_InebriatedWorkHighPerkEffector,0,,Legless (Swigger perk)
effector_name_InebriatedWorkVeryHighPerkEffector,0,,Totally paralytic (Swigger perk)
effector_name_InebriatedAttackStrenghtPerkEffector,0,,Strength increase (Punch drunk perk)
effector_name_ColdPositivePerkEffector,0,,Cold (Cold hardy perk)
effector_name_ChillyPositivePerkEffector,0,,Chilly (Cold hardy perk)
effector_name_SweatyPositivePerkEffector,0,,Sweaty (Heat resistant perk)
effector_name_HotPositivePerkEffector,0,,Hot (Heat resistant perk)
effector_name_ChillyPerkEffector,0,,Cold Sensitive (Chilly perk)
effector_name_HotBloodedPerkEffector,0,,Overheated (Hot-blooded perk)
effector_name_SleptInSharedBedroomPerkEffector,0,,Slept in shared quarters (Precious perk)
effector_name_SunSeekerDayPerkEffector,0,,Sunny day (Sun seeker perk)
effector_name_SnowWhiteSnowPerkEffector,0,,Snow! (Snow White perk)
effector_name_WashoutRainPerkEffector,0,,Rainy day (Washout Perk)
effector_name_FrozenDeath,0,,Losing HP (Freezing)
effector_name_ImpairedMovementLow,0,,Small Movement Impairment
effector_name_ImpairedMovementMed,0,,Significant Movement Impairment
effector_name_ShieldCombatSpeedLow,0,,Small Combat Speed Impairment
effector_name_ShieldCombatSpeedMed,0,,Significant Combat Speed Impairment
effector_name_ShieldCombatSpeedHigh,0,,Severe Combat Speed Impairment
effector_name_RangedCombatSpeedLow,0,,Small Ranged Combat Speed Impairment
effector_name_RangedCombatSpeedMed,0,,Significant Ranged Combat Speed Impairment
effector_name_RangedCombatSpeedHigh,0,,Severe Ranged Combat Speed Impairment
effector_name_VisibilityFog,0,,Visibility (Fog)
effector_name_VisibilityRain,0,,Visibility (Rain)
effector_name_VisibilitySnow,0,,Visibility (Snow)
effector_name_SleepingHealing,0,,Healing (sleeping)
effector_name_RestingHealing,0,,Healing (convalescence)
effector_name_ConLoseMotor,0,,Some Motor Function lost
effector_name_ConLoseMotorHigh,0,,Severe loss of Motor Function
effector_name_DrankWeakAlcohol,0,,Weak Alcohol
effector_name_DrankMediumAlcohol,0,,Moderate Alcohol
effector_name_DrankAlcohol,0,,Regular Alcohol
effector_name_DrankHardAlcohol,0,,Strong Alcohol
effector_name_StomachFoodInstaDmgVeryLow,0,,Stomach upset
effector_name_StomachFoodInstaDmgLow,0,,Bad stomach upset
effector_name_StomackRotDmg,0,,The stench of rot
effector_name_StomackCarcassDmg,0,,The sight of a dead body
effector_info_NightOwlPerkEffector,0,,"I love the night time, when the stars pierce the dark sky. I wonder if society has it backwards, and we should really sleep in the day?"
effector_info_AteLavishMealNegativePerkEffector,0,,"I would have preferred a simple, modest meal. Rich food does not agree with me."
effector_info_AteWellNegativePerkEffector,0,,"I would have preferred a simple, modest meal. Excessive food does not agree with me."
effector_info_AteRawMealNegativePerkEffector,0,,"Eating simple, raw food is best for the body, and for the soul. I feel healthy and righteous."
effector_info_InebriatedWorkLowPerkEffector,0,,A little drink keeps me going through the day.
effector_info_InebriatedWorkMedPerkEffector,0,,"I'm pretty sure the more I drink, the better I work."
effector_info_InebriatedWorkHighPerkEffector,0,,The work just flies by when I'm drunk. I barely notice how hard it is.
effector_info_InebriatedWorkVeryHighPerkEffector,0,,Just leave it to me! I can do it all! Just keep the drinks coming and I'll race like the wind!
effector_info_InebriatedAttackStrenghtPerkEffector,0,,"Liquid courage is flowing through my veins! I could kill a lion with my bare hands, I could take on an army...don't try to stop me!"
effector_info_ColdPositivePerkEffector,0,,"When it's cool and frosty, I feel a spring in my step and my senses come alive. It energizes me.
"
effector_info_ChillyPositivePerkEffector,0,,"When it's cool and frosty, I feel a spring in my step and my senses come alive. It energizes me."
effector_info_SweatyPositivePerkEffector,0,,"I just love the heat, I could bask in it all day. Give me a chance to be out in the summertime and I'm in my element."
effector_info_HotPositivePerkEffector,0,,"I just love the heat, I could bask in it all day. Give me a chance to be out in the summertime and I'm in my element."
effector_info_SleptInSharedBedroomPerkEffector,0,,"I need my space, and I need everything just so. I really can't get a decent night's sleep in a shared room, and then I'm tired and grumpy all day."
effector_info_SunSeekerDayPerkEffector,0,,"There's simply nothing better than the warm rays of sunshine falling on my skin. I live for it, it brings me joy."
effector_info_SnowWhiteSnowPerkEffector,0,,"That beautiful, white blanket of snow cloaking the landscape in silence? To me, it's magical."
effector_info_WashoutRainPerkEffector,0,,"I don't like rain, it's wet and irritating and it gets everywhere."
hunger_effector,0,,Hunger
sleep_effector,0,,Sleep
food_effecotor,0,,Food
carcass_effector,0,,Carcass
death_effector,0,,Death
cold_effector,0,,Cold
hot_effector,0,,Hot
clothing_effector,0,,Clothing
bed_effector,0,,Bed
passion_effector,0,,Passion
banished_effector,0,,Banishment
ransom_help_effector,0,,Helped someone
ransom_no_help_effector,0,,Help declined
faith_effector,0,,Faith
Inebriated_effector,0,,Inebriated
stomach_effector,0,,Stomach
entertainment_effector,0,,Entertainment
effector_info_AgentMoodGood,0,,I feel better than ever. 
effector_name_AgentMoodGood,0,,Merry
effector_name_WhileFaintedEffector,0,,Unconscious
effector_info_AteDubiousMeal,0,,"Not sure what was in that, and I never want to find out."
effector_name_AteRotten,0,,Ate Something Rotten
effector_name_AteDubiousMeal,0,,Ate Tainted Food
effector_info_AteHumanFleshCanibal,0,,Consumed Human Flesh
effector_name_AteHumanFleshCanibal,0,,"Eating this flesh imbues sacred power, so said the druids of yore."
effector_name_AteHumanFleshCookedCanibal,0,,Consumed Cooked Human Flesh
effector_info_AteHumanFleshCookedCanibal,0,,Each tasty morsel of this forbidden Eucharist helps me transcend mortality.
effector_name_DuringBattle,0,,Let me at them!
effector_name_SleptInLowQualityBed,0,,Slept in Uncomfortable Bed
effector_name_SleptInMedQualityBed,0,,Slept in Nice Bed
effector_name_SleptInHighQualityBed,0,,Slept in Comfortable Bed
effector_name_SleptInHighestQualityBed,0,,Slept in Very Comfortable Bed
effector_info_SleptInMedQualityBed,0,,A nice comfortable bed in these uncomfortable times.
effector_info_SleptInHighQualityBed,0,,A nice comfortable bed in these uncomfortable times.
effector_info_SleptInHighestQualityBed,0,,A nice comfortable bed in these uncomfortable times.
effector_name_AteSweet,0,,Ate something sweet
effector_info_AteSweet,0,,"When my craving for the sweeter things in life is satisfied, then so am I."
effector_name_YoungAgeEffector01,0,,Young
effector_info_YoungAgeEffector01,0,,"They all say I have much to learn. But time and energy are on my side. What I lack in experience, I make up for in enthusiasm!"
effector_name_AdultAgeEffector01,0,,Adult
effector_info_AdultAgeEffector01,0,,"True, I have had a few setbacks. But I've learned how to handle myself, and that's what counts. I am in the prime of life, after all!"
effector_name_MidAgeEffector01,0,,Middle Aged
effector_info_MidAgeEffector01,0,,"I may be older and wiser - others look to me for leadership. But honestly? Everything aches, and I'm not as nimble as I used to be."
effector_name_SeniorAgeEffector01,0,,Senior
effector_info_SeniorAgeEffector01,0,,"I know a thing or two, if only they'd listen! And yes, I can still do things for myself. Just need more time, that's all. Respect your elders!"
effector_name_GoodDream01,0,,Good Dream
effector_info_GoodDream01,0,,"I dreamed that I was comforted by a dear friend, and woke feeling safe and rested. Today is off to a great start!"
effector_name_GoodDream02,0,,Wonderful Dream
effector_info_GoodDream02,0,,My dream was so glorious I didn't want to wake up...how I soared around paradise! Let me hold onto that feeling.
effector_name_GoodDreamFood,0,,Delicious Dream
effector_info_GoodDreamFood,0,,"The most sumptuous, succulent banquet was laid before me in my dream last night. I could eat forever, my appetite was infinite!"
effector_name_GoodDreamCanibal,0,,Devouring Dream
effector_info_GoodDreamCanibal,0,,"I was chewing this delicious, roasted arm, then I realised it was mine, and it was still attached! But I couldn't stop, I was ravenous..."
effector_name_GoodDreamSpoiled,0,,Opulent Dream
effector_info_GoodDreamSpoiled,0,,"I bathed in asses milk and rose petals. Rising from the steaming vessel, handmaidens clothed me in silk and fed me sweetmeats. Alas, just a dream..."
effector_name_GoodDreamAscetic,0,,Spartan Dream
effector_info_GoodDreamAscetic,0,,"I dreamed of a solitary cliffside hermitage, where I sat for many hours on the cold floor, staring out at the crashing Atlantic waves. I woke refreshed."
effector_name_GoodDreambloodlust,0,,Killing Dream
effector_info_GoodDreambloodlust,0,,"I dreamed of a glorious battle, where we spilled a river of blood and fought until the sun rose upon our victory. I was brutal, and heroic!"
effector_name_BadDream01,0,,Bad Dream
effector_info_BadDream01,0,,"I had one of those dreams where your teeth fall out, and you spend ages looking for them. Then you realise you are at the market, stark naked. "
effector_name_BadDream02,0,,Night Terror
effector_info_BadDream02,0,,"Paralysed as the water rose about me, I knew I was going to drown, in the dark. Something squatted on my chest, laughing. I woke gasping for breath..."
effector_name_BadDreamFood,0,,Nightmare
effector_info_BadDreamFood,0,,"I was at an exotic banquet. The food came alive, writhing, scrabbling, and slithering about. I gagged, raising a spoonful to my mouth...then I awoke!"
effector_name_BadDreamSpoiled,0,,Demeaning Dream
effector_info_BadDreamSpoiled,0,,"I was forced to sleep on a bed of nails at the bottom of a well, then put in the stocks and pelted with filth by peasants! Ugh! What a nightmare!"
effector_name_KilledBloodlustMood,0,,Killed someone
effector_info_KilledBloodlustMood,0,,"I finished them, good riddance! Nobody's going to want to mess with me now, are they?"
effector_name_KilledBloodlustAtributes,0,,Killed someone
effector_name_KilledPacifistMood,0,,Killed someone
effector_info_KilledPacifistMood,0,,I want to wash the blood away. I can't believe I did that...I...feel sick. What have I become?
effector_name_WeightLowEffector01,0,,Thin
effector_name_WeightHighEffector01,0,,Large
effector_name_HeightLowEffector01,0,,Short
effector_name_HeightHighEffector01,0,,Tall
effector_name_WearingMorbidItem,0,,Wearing Morbid Item
effector_info_WearingMorbidItem,0,,"I am become an animated charnel house, rattling bones and chapless skulls mounted upon my own vital flesh."
effector_name_WearingDeadManItem,0,,Wearing the Items of the Dead
effector_info_WearingDeadManItem,0,,"It's ill waiting for dead men's shoes, they say. But if an item's not worn out, I suppose I must use it."
effector_name_WearingHumanSkinItem,0,,Wearing Human Skin
effector_info_WearingHumanSkinItem,0,,"If I don another's skin, what aspect of them am I keeping alive? I look fearsome, but fear for my own soul."
effector_name_BeingAroundHumanLeather,0,,The sight of human leather
effector_info_BeingAroundHumanLeather,0,,Being around human leather makes my skin crawl. I can't pretend I like it.
effector_name_BeingAroundHumanLeatherItems,0,,The sight of human leather items
effector_info_BeingAroundHumanLeatherItems,0,,It's surely sacriledge to use human body parts. Are these things haunted?
effector_name_SurroundingsHorrible,0,,Appalling surroundings
effector_name_SurroundingsUgly,0,,Plain surroundings
effector_name_SurroundingPretty,0,,Pleasant surrounding
effector_name_SurroundingBeautiful,0,,Beautiful surrounding
Awful,0,,Awful
Dull,0,,Uninspiring
Mediocre,0,,Modest
Good,0,,Good
SlightlyImpressive,0,,Superior
SomewhatImpressive,0,,Luxurious
VeryImpressive,0,,Opulent
ExtremelyImpressive,0,,Palatial
effector_name_InSmallRoom,0,,The walls are closing in
effector_name_InSpaciousRoom,0,,Such a spacious room
effector_name_JealousBedroom,0,,Jealous due to inferior bedroom
effector_info_JealousBedroom,0,,Why does <other_name> have a better room than me? What makes them so special?
effector_name_WantsOwnRoom,0,,A room of one's own
effector_info_WantsOwnRoom,0,,I really can't stand sharing my chamber with anyone. I need my own space.
effector_name_RoomTooImpressive,0,,Unwanted room
effector_info_RoomTooImpressive,0,,This room is a bit too luxurious for my taste. I prefer simplicity.
effector_name_expectationVeryLow,0,,Very low expectation
effector_info_expectationVeryLow,0,,"To be honest, I'm lucky that I'm still standing. Plenty of others haven't made it this far."
effector_name_expectationLow,0,,Low expectation
effector_info_expectationLow,0,,Life isn't easy. But I get by with what I have. Mustn't grumble.
effector_name_expectationMedium,0,,Medium expectation
effector_info_expectationMedium,0,,"We all need a little comfort in our lives, don't we? I'm not talking about anything fancy."
effector_name_expectationHigh,0,,High expectation
effector_info_expectationHigh,0,,"I've worked hard, so I reckon I deserve some of the finer things in life."
effector_name_expectationVeryHigh,0,,Very high expectation
effector_info_expectationVeryHigh,0,,I'm not ashamed to say that I want the very best. I'm worth it.
effector_name_ComfortableLow,0,,Very Uncomfortable
effector_name_ComfortableMedium,0,,Uncomfortable
effector_name_ComfortableVery,0,,Comfortable
effector_name_ComfortableExtremely,0,,Very Comfortable
effector_name_MadeSomethigOutOfHumanLeather,0,,Made something out of Human Leather
effector_info_MadeSomethigOutOfHumanLeather,0,,It turns out that human skin is surprisingly supple and easy to work with. I wish I didn't know that.
effector_name_AffectionSettledTogether,0,,Settled Together
effector_name_AffectionNegative,0,,Unpleasant Conversation
effector_name_AffectionNeutral,0,,Small Talk
effector_name_AffectionPositive,0,,Pleasant Conversation
effector_name_AffectionVeryPositive,0,,Wonderful Conversation
effector_name_AffectionVeryNegative,0,,Terrible Conversation
effector_name_AffectionPetNeutral,0,,Decent company
effector_name_AffectionAnimalPositive,0,,Pleasant company
effector_name_AffectionAnimalNegative,0,,Tiresome company
effector_name_AffectionPetVeryPossitive,0,,Wonderful company
effector_name_AffectionPetVeryNegative,0,,Terrible company
effector_name_AffectionWelcome,0,,Welcomed me to the settlement 
effector_name_AffectionCarryToBed,0,,Carried me when I was wounded
effector_name_AffectionTendWounds,0,,Tended my wounds
effector_name_AffectionBattledTogether,0,,We battled together 
effector_name_BeliefNeutral,0,,Faith unaffected
effector_name_BeliefSlightPositivePagan,0,,Oak Brethren faith increased slightly
effector_name_BeliefPositivePagan,0,,Oak Brethren faith increased
effector_name_BeliefVeryPositivePagan,0,,Oak Brethren faith deepened significantly
effector_name_BeliefSlightPositiveChristian,0,,Church of Restitution devotion increased slightly
effector_name_BeliefPositiveChristian,0,,Church of Restitution devotion increased
effector_name_BeliefVeryPositiveChristian,0,,Church of Restitution devotion greatly magnified
effector_name_BeliefSlightNegativePagan,0,,Oak Brethren faith decreased slightly
effector_name_BeliefNegativePagan,0,,Oak Brethren faith decreased
effector_name_BeliefVeryNegativePagan,0,,Oak Brethren faith diminished significantly
effector_name_BeliefSlightNegativeChristian,0,,Church of Restitution devotion decreased slightly
effector_name_BeliefNegativeChristian,0,,Church of Restitution devotion decreased
effector_name_BeliefVeryNegativeChristian,0,,Church of Restitution devotion greatly diminished
effector_name_BeliefConversionPagan,0,,Converted to Oak Brethren
effector_name_BeliefConversionChristian,0,,Converted to Church of Restitution
effector_name_SocialNeedLow,0,,Lonely
effector_name_SocialNeedMed,0,,Deprived of company
effector_name_BanishedVillagerFriend,0,,Banished Friend
effector_name_BanishedVillagerRival,0,,Banished Rival
effector_name_WorkerDiedFriend,0,,Friend Died
effector_name_WorkerDiedRival,0,,Rival Died
effector_info_BanishedVillagerFriend,0,,As if life isn't hard enough already. Now I've lost a friend as well.
effector_info_BanishedVillagerRival,0,,Good Riddance! I hope thay get captured by bandits!
effector_info_WorkerDiedFriend,0,,"Oh, how I shall mourn my friend's passing."
effector_info_WorkerDiedRival,0,,"We mustn't speak ill of the dead. But I can't pretend I'll shed many tears, either."
effector_name_BanishedVillager,0,,Banished Settler
effector_info_BanishedVillager,0,,There are too few of us already in this world. Banishing someone feels like a betrayal.
effector_name_WorkerDied,0,,Acquaintance died
effector_info_WorkerDied,0,,I can't believe they are no more!
effector_name_DrankVeryNiceWine,0,,Drank fine wine
effector_info_DrankVeryNiceWine,0,,"Mmm, this wine is like bottled poetry."
effector_name_WetLow,0,,Damp
effector_name_WetMed,0,,Wet
effector_name_WetHigh,0,,Drenched
effector_name_In_water,0,,In Water
effector_name_drowning,0,,Drowning
effector_name_DrownLoseHP,0,,Drowning
effector_name_RoleAssign,0,,Assigned role
effector_info_RoleAssign,0,,I am fortunate to be given the <role> role in <village_name>.
effector_name_RoleRetract,0,,Role revoked
effector_info_RoleRetract,0,,I'm disappointed that my role as <role> was taken away.
effector_name_RoleReqLost,0,,Lacking requirements
effector_info_RoleReqLost,0,,I lack certain requirements to carry out my duties fully: <list_of_requirements>
effector_name_RoleBardRoomEnter,0,,Entertaining presence
effector_info_RoleBardRoomEnter,0,,"Is anything sweeter than a lute, or more spellbinding than a story? Time flies when this <role> performs. "
effector_name_RoleShamanRoomEnter,0,,Visionary presence 
effector_info_RoleShamanRoomEnter,0,,"When this <role> enters a grove, the deep magic of the land feels close. [He/She] is attuned to Nature."
effector_name_RolePriestRoomEnter,0,,Pious presence
effector_info_RolePriestRoomEnter,0,,Be inspired to draw nearer to Christ by this <role>. [He/She] truly walks the path of faith with humility and grace.
effector_name_EventFeastOutcomeTerrible,0,,Appalling Feast
effector_name_EventFeastOutcomeVeryBad,0,,Lamentable Feast
effector_name_EventFeastOutcomeBad,0,,Disappointing Feast
effector_name_EventFeastOutcomeDecent,0,,Decent Feast
effector_name_EventFeastOutcomeGood,0,,Enjoyable Feast
effector_name_EventFeastOutcomeVeryGood,0,,Excellent Feast
effector_name_EventFeastOutcomeUnforgettable,0,,Unforgettable Feast
effector_name_EventFeastOutcomeTerribleHedonist,0,,Appalling Feast (Hedonist)
effector_name_EventFeastOutcomeVeryBadHedonist,0,,Lamentable Feast (Hedonist)
effector_name_EventFeastOutcomeBadHedonist,0,,Disappointing Feast (Hedonist)
effector_name_EventFeastOutcomeDecentHedonist,0,,Decent Feast (Hedonist)
effector_name_EventFeastOutcomeGoodHedonist,0,,Enjoyable Feast (Hedonist)
effector_name_EventFeastOutcomeVeryGoodHedonist,0,,Excellent Feast (Hedonist)
effector_name_EventFeastOutcomeUnforgettableHedonist,0,,Unforgettable Feast (Hedonist)
effector_info_EventOutcomeTerrible,0,,"Shamefully chaotic event. I yearned for death, quite literally, to end my suffering faster. Never again."
effector_info_EventOutcomeVeryBad,0,,I regret going to that - there are several hours of my life that I'd like back. What a letdown.
effector_info_EventOutcomeBad,0,,"I can't say I enjoyed that. The whole event was pretty uninspiring, if I'm honest."
effector_info_EventOutcomeDecent,0,,"That was an acceptable way to pass some time, all things considered."
effector_info_EventOutcomeGood,0,,I think everyone had a pretty good experience. I'm looking forward to the next one already.
effector_info_EventOutcomeVeryGood,0,,What a captivating event! I'll be thinking about it for days to come. I'm so glad I went.
effector_info_EventOutcomeUnforgettable,0,,I've never been to an event like it. You had to be there - I was awestruck that anything could be so beautiful.
effector_name_MoodMinusShakedownBloodlust,0,,We should have stood our ground
effector_info_MoodMinusShakedownBloodlust,0,,Why didn't we refuse and smash their skulls instead of giving them our valuable resources!
effector_name_GoalPreferenceVeryNegative,0,,Resentfully did something 
effector_name_GoalPreferenceNegative,0,,Unwillingly did something
effector_name_GoalPreferencePositive,0,,Eagerly did something
effector_name_GoalPreferenceVeryPositive,0,,Passionately did something
effector_info_GoalPreference,0,,"(<goal_names>) <style=AltColor>Tip: if your settlers are feeling down, try and give them jobs that they are passionate about. This will boost their mood.</style>"
effector_name_EventFeastNonParticipant,0,,Did not attend feast
effector_info_EventFeastNonParticipant,0,,"So, I wasn't important enough to be invited. Who cares? I'll make my own feast, with backgammon and harlots!"
effector_name_EventSermonNonParticipant,0,,Did Not Attend Eucharist 
effector_info_EventSermonNonParticipant,0,,Maybe they just forgot to invite me
effector_name_EventSermonOutcomeTerrible,0,,Appalling Eucharist 
effector_name_EventSermonOutcomeVeryBad,0,,Lamentable Eucharist 
effector_name_EventSermonOutcomeBad,0,,Disappointing Eucharist 
effector_name_EventSermonOutcomeDecent,0,,Decent Eucharist 
effector_name_EventSermonOutcomeGood,0,,Enjoyable Eucharist 
effector_name_EventSermonOutcomeVeryGood,0,,Excellent Eucharist 
effector_name_EventSermonOutcomeUnforgettable,0,,Unforgettable Eucharist 
effector_info_EventSermonOutcomePagan,0,,"Curious. A lot of chanting in latin. I suppose the bread and wine stand in for an actual sacrifice, then?"
effector_name_EventRitualNonParticipant,0,,Did Not Attend Ritual
effector_info_EventRitualNonParticipant,0,,Maybe they just forgot to invite me
effector_name_EventRitualOutcomeTerrible,0,,Appalling Ritual
effector_name_EventRitualOutcomeVeryBad,0,,Lamentable Ritual
effector_name_EventRitualOutcomeBad,0,,Disappointing Ritual
effector_name_EventRitualOutcomeDecent,0,,Decent Ritual
effector_name_EventRitualOutcomeGood,0,,Enjoyable Ritual
effector_name_EventRitualOutcomeVeryGood,0,,Excellent Ritual
effector_name_EventRitualOutcomeUnforgettable,0,,Unforgettable Ritual
effector_info_EventRitualOutcomeChris,0,,"I appreciate the veneration of all God's creation, but the animal sacrifices and divination were a bit much."
effector_name_EventExecutionGallowsNegative,0,,Badly executed
effector_name_EventExecutionGallowsPositive,0,,An excellent hanging
effector_name_EventExecutionGallowsNeutral,0,,Watched a hanging
effector_info_EventExecutionGallowsNegative,0,,The execution was a travesty of justice. I repent of my decision to watch it
effector_info_EventExecutionGallowsPositive,0,,Who doesn't love a good hanging? They deserved what was coming to them.
effector_info_EventExecutionGallowsNeutral,0,,I suppose justice was served? Rather them than me...
effector_name_ExecutedPrisoner,0,,Prisoner Executed
effector_info_ExecutedPrisoner,0,,"Mercy upon that poor prisoner's soul! There, but for the grace of my gaolers, go I..."
effector_name_ExecutedPrisonerSameFaction,0,,Prisoner Executed (Same Faction)
effector_info_ExecutedPrisonerSameFaction,0,,"Mercy upon that poor prisoner's soul! There, but for the grace of my gaolers, go I..."
effector_name_PrisonerSetFree,0,,Prisoner Freed
effector_info_PrisonerSetFree,0,,One of our wretched cellmates is released! Might I perchance harbour dreams of my own freedom?
effector_name_SleptInPrisonCellAwful,0,,Slept in an prison cell
effector_name_SleptInPrisonCellDull,0,,Slept in an prison cell
effector_name_SleptInPrisonCellMediocre,0,,Slept in an prison cell
effector_name_SleptInPrisonCellGood,0,,Slept in an prison cell
effector_name_SleptInPrisonCellSlightlyImpressive,0,,Slept in an prison cell
effector_name_SleptInPrisonCellSomewhatImpressive,0,,Slept in an prison cell
effector_name_SleptInPrisonCellVeryImpressive,0,,Slept in an prison cell
effector_name_SleptInPrisonCellExtremelyImpressive,0,,Slept in an prison cell
effector_name_RecruitSuccessful,0,,Recruiting attempt successful
effector_name_RecruitFailed,0,,Recruiting attempt failed
effector_name_DungProximity,0,,The scent of dung
effector_info_DungProximity,0,,"A foetid whisper of decay rises, assaulting the nostrils"
effector_name_EventMasterClassOutcomeTerrible,0,,Appalling <skill_name> Study Group
effector_name_EventMasterClassOutcomeVeryBad,0,,Lamentable <skill_name> Study Group
effector_name_EventMasterClassOutcomeBad,0,,Disappointing <skill_name> Study Group
effector_name_EventMasterClassOutcomeDecent,0,,Decent <skill_name> Study Group
effector_name_EventMasterClassOutcomeGood,0,,Enjoyable <skill_name> Study Group
effector_name_EventMasterClassOutcomeVeryGood,0,,Excellent <skill_name> Study Group
effector_name_EventMasterClassOutcomeUnforgettable,0,,Unforgettable <skill_name> Study Group
effector_name_EventOutcomeTerribleTrainingBuff,0,,Appalling Martial Training
effector_name_EventOutcomeVeryBadTrainingBuff,0,,Lamentable Martial Training
effector_name_EventOutcomeBadTrainingBuff,0,,Disappointing Martial Training
effector_name_EventOutcomeDecentTrainingBuff,0,,Decent Martial Training
effector_name_EventOutcomeGoodTrainingBuff,0,,Enjoyable Martial Training
effector_name_EventOutcomeVeryGoodTrainingBuff,0,,Excellent Martial Training
effector_name_EventOutcomeUnforgettableTrainingBuff,0,,Unforgettable Martial Training
effector_info_EventMasterClassOutcomeTerrible,0,,I'm so confused? I know even less about <skill_name> than when I started!
effector_info_EventMasterClassOutcomeVeryBad,0,,"Well, that's a few hours of my life I can never get back. I've learned nothing."
effector_info_EventMasterClassOutcomeBad,0,,"That was dull, and mostly obvious. At best, I've gone over what I already knew."
effector_info_EventMasterClassOutcomeDecent,0,,That was a solid lesson. I'm looking forward to finding out more.
effector_info_EventMasterClassOutcomeGood,0,,I feel as though I've learned something new today.
effector_info_EventMasterClassOutcomeVeryGood,0,,Interesting! My grasp of <skill_name> has improved considerably.
effector_info_EventMasterClassOutcomeUnforgettable,0,,This has completely opened my eyes to a whole new level of <skill_name>. I'm so lucky to have attended.
effector_info_EventMeleeTrainingOutcomeTerrible,0,,I'm so confused? I know even less about Melee than when I started!
effector_info_EventMeleeTrainingOutcomeVeryBad,0,,"Well, that's a few hours of my life I can never get back. I've learned nothing."
effector_info_EventMeleeTrainingOutcomeBad,0,,"That was dull, and mostly obvious. At best, I've gone over what I already knew."
effector_info_EventMeleeTrainingOutcomeDecent,0,,That was a solid lesson. I'm looking forward to finding out more.
effector_info_EventMeleeTrainingOutcomeGood,0,,I feel as though I've learned something new today.
effector_info_EventMeleeTrainingOutcomeVeryGood,0,,Interesting! My grasp of Melee has improved considerably.
effector_info_EventMeleeTrainingOutcomeUnforgettable,0,,This has completely opened my eyes to a whole new level of Melee. I'm so lucky to have attended.
effector_info_EventRangedTriningOutcomeTerrible,0,,I'm so confused? I know even less about Marksman than when I started!
effector_info_EventRangedTriningOutcomeVeryBad,0,,"Well, that's a few hours of my life I can never get back. I've learned nothing."
effector_info_EventRangedTriningOutcomeBad,0,,"That was dull, and mostly obvious. At best, I've gone over what I already knew."
effector_info_EventRangedTriningOutcomeDecent,0,,That was a solid lesson. I'm looking forward to finding out more.
effector_info_EventRangedTriningOutcomeGood,0,,I feel as though I've learned something new today.
effector_info_EventRangedTriningOutcomeVeryGood,0,,Interesting! My grasp of Marksman has improved considerably.
effector_info_EventRangedTriningOutcomeUnforgettable,0,,This has completely opened my eyes to a whole new level of Marksman. I'm so lucky to have attended.
effector_name_EntertainmentIntDisabled,0,,Too much backgammon
effector_name_EntertainmentRangedDisabled,0,,Too much shovelboard
effector_name_EntertainmentDexDisabled,0,,Too much skittles
effector_name_EntertainmentPrecisionDisabled,0,,Too much quoits
effector_info_EntertainmentIntDisabled,0,,"I'm getting sick of the randomness of this game. Even with good strategy, the dice seem to be against me."
effector_info_EntertainmentRangedDisabled,0,,"Who came up with this idea of shoving a coin around a table anyway? I keep losing, and I'm over it."
effector_info_EntertainmentDexDisabled,0,,Really should give up skittles as I keep getting this pain in my shoulder. Too much of a good thing.
effector_info_EntertainmentPrecisionDisabled,0,,Quoits can become an obsession. It's probably healthy to step away for a while and do something new.
effector_name_MalnutritionMinor,0,,Malnourished (Minor)
effector_name_MalnutritionModerate,0,,Malnourished (Moderate)
effector_name_MalnutritionSevere,0,,Malnourished (Severe)
effector_name_MalnutritionExtreme,0,,Malnourished (Extreme)
effector_info_Malnutrition,0,,I have become weak. Lean times with insufficient food have diminished my body and mind.
effector_name_AteSameMealType,0,,Tedious Diet
effector_info_AteSameMealType,0,,"I'm sick of eating the same few meals day in, day out. Where is the variety? "
effector_name_MoriboundWoundsStinkstomachDmg,0,,Stench
effector_info_MoriboundWoundsStinkstomachDmg,0,,<settler_name>`s wounds stink (<perk_name>)
effector_name_MoriboundWoundsStinkEnter,0,,Stench
effector_info_MoriboundWoundsStinkEnter,0,,<settler_name>`s wounds stink (<perk_name>)
effector_name_MessyEaterStomachDmg,0,,Messy Eating
effector_info_MessyEaterStomachDmg,0,,"<settler_name> eats like a pig, it turns my stomach (<perk_name>)"
effector_name_MessyEaterEnterNegative,0,,Messy Eating
effector_info_MessyEaterEnterNegative,0,,"<settler_name> eats like a pig, it turns my stomach (<perk_name>)"
effector_name_MessyEaterEnterPositive,0,,Messy Eating
effector_info_MessyEaterEnterPositive,0,,"<settler_name> eats like a pig, it's hilarious (<perk_name>)"
effector_name_CongenialPositiveMoodEnter,0,,Soothing presence
effector_info_CongenialPositiveMoodEnter,0,,<settler_name> is a joy to be around (<perk_name>)
effector_name_OutgoingPositiveMoodEnter,0,,Soothing presence
effector_info_OutgoingPositiveMoodEnter,0,,<settler_name> is a joy to be around (<perk_name>)
effector_name_BenevolentPositiveMoodEnter,0,,Soothing presence
effector_info_BenevolentPositiveMoodEnter,0,,<settler_name> is a joy to be around (<perk_name>)
effector_name_ChurlNegativeMoodEnter,0,,Annoying presence
effector_info_ChurlNegativeMoodEnter,0,,<settler_name> brings me down (<perk_name>)
effector_name_SluggardlyNegativeMoodEnter,0,,Annoying when working
effector_info_SluggardlyNegativeMoodEnter,0,,It's painful to watch <settler_name> do anything (<perk_name>)
effector_name_LaggardlyNegativeMoodEnter,0,,Annoying when working
effector_info_LaggardlyNegativeMoodEnter,0,,It's painful to watch <settler_name> do anything (<perk_name>)
effector_name_DullardNegativeMoodEnter,0,,Dullard presence
effector_info_DullardNegativeMoodEnter,0,,"<settler_name> is so thick, being around #2[him/her] frustrates me! (<perk_name>)"
effector_name_CannibalEatingHumanEnter,0,,Saw someone eat human Flesh
effector_info_CannibalEatingHumanEnter,0,,I will never get over witnessing that. (<perk_name>)
effector_name_IndustriousWorkSpeedForAll,0,,Inspiring presence
effector_info_IndustriousWorkSpeedForAll,0,,Just being around <settler_name> inspires me to work harder  (<perk_name>)
effector_name_AnimalPresence,0,,Interacted with a pet
effector_info_AnimalPresence,0,,I'm grateful for <pet_name>'s company
effector_name_AfterRebelious,0,,After rebelling
effector_info_AfterRebelious,0,,I feel better now - I needed to get that out of my system.
effector_name_AfterFightNegative,0,,A messy fight
effector_info_AfterFightNegative,0,,I wish I'd never got involved. Everything hurts.
effector_name_AfterFightPositive,0,,A good scrap
effector_info_AfterFightPositive,0,,It was a fair fight. I showed what I was made of.
effector_name_VigorousMerry,0,,Merry (Vigorous)
effector_info_VigorousMerry,0,,I'm in good form and full of energy. 
effector_name_RobustMerry,0,,Merry (Robust)
effector_info_RobustMerry,0,,I'm in good form and full of energy. 
effector_name_InfirmMerry,0,,Merry (Infirm)
effector_info_InfirmMerry,0,,My wounds are healing faster than usual - what a blessing.
effector_name_BrawlerMerry,0,,Merry (Brawler)
effector_info_BrawlerMerry,0,,I feel so tough I could punch through armour!
effector_name_WinsomeMerry,0,,Merry (Winsome)
effector_info_WinsomeMerry,0,,"I could sell eels to a fishermen, such is my appeal"
effector_name_GreenThumbMerry,0,,Merry (Green Thumb)
effector_info_GreenThumbMerry,0,,"The plants are guiding me, and the path feels clear"
effector_name_WiccheMerry,0,,Merry (Wicche)
effector_info_WiccheMerry,0,,"I am of one mind with all beasts, as though I could hear them speak"
effector_name_GourmetMerry,0,,Merry (Gourmet)
effector_info_GourmetMerry,0,,"This could be a simple dish, yet my mouth waters to create something truly delicious"
effector_name_HeftyMerry,0,,Merry (Hefty)
effector_info_HeftyMerry,0,,"Hand me my pickaxe, I'm ready to move a mountain!"
effector_name_WiseMerry,0,,Merry (Wise)
effector_info_WiseMerry,0,,The world seems ripe with meaning
effector_name_EruditeMerry,0,,Merry (Erudite)
effector_info_EruditeMerry,0,,I have such clarity - knowledge flows and I swiftly distill it
effector_name_ListlessInvitedSelf,0,,Invited To Feast
effector_info_ListlessInvitedSelf,0,,I can't recall why I decided to come. These events are such a bore!
effector_name_ListlessInvitedOthers,0,,Listless Invited To Feast
effector_info_ListlessInvitedOthers,0,,"Who invited <settler_name>? If anyone's going to ruin the feast, it will be #2[him/her]!"
effector_name_ListlessNotInvited,0,,Not Invited To Feast
effector_info_ListlessNotInvited,0,,"There's one thing worse than having to sit through a boring feast, and that's not even being invited."
effector_name_BenevolentInvitedOthers,0,,Benevolent Invited To Feast
effector_info_BenevolentInvitedOthers,0,,Feasting always feels particularly amusing when <settler_name> is there.
effector_name_NightOwlSleptDuringNight,0,,Slept During Night (Night Owl)
effector_info_NightOwlSleptDuringNight,0,,I hate sleeping at night. I get so much more work done during the hours of darkness.
effector_name_EarlyBirdSleptDuringMorning,0,,Slept In (Early Bird)
effector_info_EarlyBirdSleptDuringMorning,0,,I wish I hadn't overslept!  The whole day feels wasted if I'm not up before the sun.
effector_name_ArtLevelHighIncrease,0,,Artistically Inspired (Dainty)
effector_info_ArtLevelHighIncrease,0,,I could create something special today - maybe even sublime.
effector_name_ArtLevelLowIncrease,0,,Artistically Inspired  (Precious)
effector_info_ArtLevelLowIncrease,0,,"I'm full of ideas, and can't wait to make something lovely."
worker_high_mood_message,0,,<name> is feeling merry!
effector_name_RaidWonEffector,0,,Victorious!
effector_info_RaidWonEffector,0,,We have defied our enemies — triumph courses through my veins!
effector_name_RaidLosingEffector,0,,Losing ground
effector_info_RaidLosingEffector,0,,This fight is not going our way. Whatever will become of us!
effector_name_RaidLosingEffectorPos,0,,Losing (positive)
effector_info_RaidLosingEffectorPos,0,,I'm ready to give in - I look forward to this being over.
effector_name_RaidWinningEffector,0,,Gaining ground
effector_info_RaidWinningEffector,0,,Fortune is on our side! We may yet win the day.
effector_name_SleepFullSomnolent,0,,Good night's sleep  (Somnolent)
effector_info_SleepFullSomnolent,0,,I slept like a baby.
effector_info_RoleRetractBard,0,,I'm disappointed that my role as Bard was taken away.
effector_info_RoleRetractShaman,0,,I'm disappointed that my role as Druid was taken away.
effector_info_RoleRetractPriest,0,,I'm disappointed that my role as Chaplain was taken away.
effector_info_RoleRetractWarden,0,,I'm disappointed that my role as Prison Warden was taken away.
effector_info_RoleRetractLibrarian,0,,I'm disappointed that my role as Librarian was taken away.
effector_info_RoleRetractSergeant,0,,I'm disappointed that my role as Sergeant-at-arms was taken away.
effector_info_RoleRetractBroker,0,,I'm disappointed that my role as Broker was taken away.
almanac_group_name_Animals,0,,Animals
almanac_group_name_Apparel,0,,Apparel
almanac_group_name_Armor,0,,Armour
almanac_group_name_Base,0,,Base
almanac_group_name_Basictutorials,0,,Basic Tutorials
almanac_group_name_Books,0,,Books
almanac_group_name_Building,0,,Building Material
almanac_group_name_Carcases,0,,Carcass
almanac_group_name_Chemical,0,,Chemical
almanac_group_name_Clothing,0,,Clothing
almanac_group_name_Construction,0,,Construction
almanac_group_name_Decoration,0,,Miscellaneous
almanac_group_name_Food,0,,Food
almanac_group_name_Furniture,0,,Furniture
almanac_group_name_Headware,0,,Hats
almanac_group_name_Index,0,,Index
almanac_group_name_Life,0,,Flora & Fauna
almanac_group_name_Manufactured,0,,Manufactured
almanac_group_name_Material,0,,Materials
almanac_group_name_Meal,0,,Meal
almanac_group_name_Melee,0,,Melee
almanac_group_name_Misc,0,,Miscellaneous
almanac_group_name_Plants,0,,Plants
almanac_group_name_Production,0,,Production
almanac_group_name_Ranged,0,,Ranged
almanac_group_name_Raw,0,,Raw Ingredient
almanac_group_name_Shields,0,,Shields
almanac_group_name_Systems,0,,Systems
almanac_group_name_Textiles,0,,Textiles
almanac_group_name_Tutorial,0,,Tutorial
almanac_group_name_Defense,0,,Warfare
almanac_group_name_Waste,0,,Waste
almanac_group_name_Zone,0,,Zone
almanac_more_details,0,,Open almanac for more details
zone_name_cropfield,0,,Cropfield
zone_info_cropfield,0,,Zone used for growing crops for food or other resources. 
almanac_group_name_Leisure,0,,Leisure
almanac_group_name_Stimulants,0,,Stimulants
almanac_group_name_Medicine,0,,Medicine
almanac_group_name_Unrefined,0,,Raw Material
almanac_group_name_Seeds,0,,Seeds
almanac_group_name_Warfare,0,,Warfare
almanac_group_name_Trophy,0,,Trophies
almanac_group_name_Fermenting,0,,Fermenting ingredients
almanac_group_name_Fodder,0,,Fodder
almanac_group_name_Gameplaytips,0,,Gameplay Tips
almanac_group_name_Coin,0,,Gold Coin
almanac_group_name_Ammo,0,,Ammunition
almanac_group_name_Projectile,0,,Trebuchet Ammunition
almanac_group_name_Pierce,0,,Ballista Ammunition
almanac_group_name_Multishot,0,,Onager Ammunition
almanac_group_name_Simple,0,,Simple Meal
almanac_group_name_Lavish,0,,Lavish Meal
almanac_group_name_Roomtypes,0,,Room types
almanac_group_name_Roletypes,0,,Community Roles
almanac_group_name_Eventypes,0,,Event types
general_level,0,,Level
general_skill_requirements,0,,Skill needed
general_room_requirements,0,,Requires room type
general_own_room_requirement,0,,Settler has their own private chamber
general_room_furniture_requirements,0,,Room should contain
role_active_in_pte,0,,This role can be utilised in events
not_eligible_for_roles_info,0,,This settler is not currently eligible for any roles 
eligible_for_roles,0,,Eligible for Roles
almanac_group_name_Skillbooks,0,,Textbooks
pte_needs_rooms,0,,Can be held in
can_have_role,0,,Benefits from Community role
pte_host_buildings,0,,Can be triggered from structure
must_have_in_rooms,0,,Can be used for room type
can_host_events,0,,Can host Event
unlocked_with_research,0,,Unlocked with research
general_uses_fuel,0,,Uses Fuel
possible_states,0,,Possible States
resource_category_name_None,0,,Miscellaneous
list_or,0,,or
list_and,0,,and
room_type_not_found_legend,0,,No rooms found of this type: {type}
room_click_to_select,0,,Click to select a room of this type.
room_info_type,0,,Room type:
room_in_selection,0,,Room
room_info_temperature,0,,Room temperature
room_info_content,0,,Room content
room_info_heating,0,,Heating
room_info_floor_isolation,0,,Floor Insulation
room_info_wall_isolation,0,,Wall Insulation
room_info_roof_isolation,0,,Roof Insulation
room_info_total_isolation,0,,Total Insulation
room_info_area,0,,Area
room_minimum_area,0,,Minimum grid space area
room_must_have,0,,Must have
room_cannot_have,0,,Cannot have
room_cant_have_other_prod_buildings,0,,and other workstations
info_temperature,0,,Temperature
room_type_kitchen,0,,Kitchen
room_type_workshop,0,,Workshop
room_type_library,0,,Library
room_type_chapel_christian,0,,Church of Restitution Chapel
room_type_chapel_pagan,0,,Oak Brethren temple
room_type_bedroom_single,0,,Chamber
room_type_bedroom_individual,0,,<name>`s Chamber
room_type_bedroom_shared,0,,Shared Chamber
room_type_great_hall,0,,Great hall
room_type_default,0,,Spare room
room_info_kitchen,0,,"Knives glint in the glow cast by the hot stove. The kitchen is the heart of any home, where food is lovingly prepared. Meals are produced faster here than anywhere else."
room_info_workshop,0,,Every journeyman dreams of having a workshop where they can hone their craft and produce their finest work. This is where all workstations reach their full potential.
room_info_library,0,,"A special stillness gathers in this room, among the bookshelves laden with leather-bound tomes. The only sound is the scratching of quill on vellum, as scholars record what knowledge they have gleaned."
room_info_chapel_christian,0,,"Austere but beautiful, this room is made for prayer. Here a settler may beseech their maker for mercy, give thanks for a fine harvest, or contemplate eternity."
room_info_chapel_pagan,0,,"A hallowed space, simply decorated with the gifts of Mother Earth. A place to connect with the seasons, to become one with plant and animal healers. To listen for the sacred in all things."
room_info_bedroom_single,0,,"A rare private space. A haven to rest in solitude, and to dream and wake, alone, in peace."
room_info_bedroom_shared,0,,"A communal room, where many lay down their heads to rest. There is warmth and comfort, but also occasional loud snoring and bad smells."
room_info_great_hall,0,,"A place for tales and music through the long nights, for feasting or plotting. Where the settlers gather to take their daily bread. "
room_info_default,0,,"A spare room, empty for now. Perhaps in time, its purpose will become apparent."
room_effect_kitchen,0,,Stoves and butchering tables boost production speed
room_effect_workshop,0,,Workstations boost production speed
room_effect_library,0,,Research tables give a speed bonus for writing books
room_effect_grand_library,0,,Research tables give a speed bonus for writing books
room_effect_advanced_chapel_christian,0,,Restitutionists get positive mood modifiers when spending time here. Oak Brethren less so.
room_effect_chapel_christian,0,,Restitutionists get positive mood modifiers when spending time here. Oak Brethren less so.
room_effect_chapel_pagan,0,,"Oak Brethren get positive mood modifiers when spending time here. Restitutionists, not so much."
room_effect_advanced_chapel_pagan,0,,"Oak Brethren get positive mood modifiers when spending time here. Restitutionists, not so much."
room_effect_bedroom_single,0,,Whoever sleeps here enjoys the peace and quiet of their own quarters.
room_effect_bedroom_shared,0,,A small positive mood modifier is gained by whoever sleeps here.
room_effect_great_hall,0,,Every meal tastes a bit nicer when eaten in the great hall. A positive mood modifier is gained after each meal.
room_effect_default,0,,Spare room gives no bonuses
room_speed_multiplier_bonus,0,,Room type production speed
room_kitchen_any_stove,0,,Stove
room_kitchen_cant_have_buildings,0,,"Any other workstations, shrines or beds."
room_library_cant_have_buildings,0,,Any other workstations or shrines.
room_cant_have_shrine,0,,Shrines
room_cant_have_beds,0,,Beds
room_cant_have_workstations,0,,Workstations
room_cant_have_other_workstations,0,,Other workstations
room_cant_have_entertainment,0,,Entertainment Structures
room_cant_have_practice,0,,Practice Structures
list_exactly,0,,Exactly
room_new,0,,Room created
room_imp,0,,Impressiveness
room_info_imp,0,,"Whether a room impresses depends upon its spaciousness, and the wealth and beauty it contains."
room_imp_awful,0,,Awful
room_imp_dull,0,,Uninspiring
room_imp_mediocre,0,,Modest
room_imp_good,0,,Good
room_imp_slightly_Impressive,0,,Superior
room_imp_somewhat_impressive,0,,Luxurious
room_imp_very_impressive,0,,Opulent
room_imp_extremely_impressive,0,,Palatial
room_type_medical,0,,Infirmary
room_info_medical,0,,"Where suffering is constant and death close at hand, the infirmary is a refuge for healing, rest and prayer."
room_effect_medical,0,,Settlers heal faster in this room and tending has a higher chance of success
room_imp_free_space,0,,Spaciousness
room_imp_free_space_info,0,,The amout of free space in the room (excluding furniture and production stations) 
room_imp_wealth,0,,Total Wealth
room_imp_wealth_info,0,,"The cumulative value of all structures, items and resources"
room_imp_average_beauty,0,,Average Aesthetic Value
room_imp_average_beauty_info,0,,the average Aesthetic Value of every object in the room
room_type_prison_cell,0,,Prison Cell
room_info_prison_cell,0,,Housing for guests deprived of their liberty. Sturdy locks are essential.
room_name_grand_library,0,,Fellows' Library
room_info_grand_library,0,,"A bustling hub of serious academic research, where collegiate fellows gather to read and exchange ideas that will shape the nation."
room_type_advanced_chapel_christian,0,,Reliquary Chapel
room_info_advanced_chapel_christian,0,,"A sacred space dedicated to displaying holy relics. The chapel is a focal points for pilgrimage, inspiring the faithful through the lives of the saints."
room_type_advanced_chapel_pagan,0,,Oak Brethren Sanctuary
room_info_advanced_chapel_pagan,0,,"A haven of tranquility. Brethren can breathe deep and feel the earth beneath their feet, here in the blessed shade of the Mighty Oak. "
room_type_training,0,,Training room
room_info_training,0,,"By placing training equipment in this room, it has become a space settlers can visit to boost their training speed."
room_type_treasury,0,,Treasury
room_info_treasury,0,,"A place to house sturdy war chests and count money. Brokers often loiter within, gloating over the wealth on display."
room_effect_prison_cell,0,,Prison Cell gives no bonuses
room_effect_training,0,,Settlers will receive a slight speed boost when training inside this room
room_effect_treasury,0,,Treasury gives no bonuses
room_pte_requirement,0,,Required for Event
room_role_requirement,0,,Requirement for Community Role
bbt_new_room_unlocked,0,,A new room type has been unlocked: 
atb_info_AnimalCritChance,0,,The chance to land a critical hit when hunting.
atb_info_AttackCritChance,0,,The chance of landing a critical hit with any weapon in combat.
atb_info_BloodLoss,0,,The amount of blood lost per hour.
atb_info_BloodRecovery,0,,Blood loss recovery: settler base blood recovery rate +/- multipliers
atb_info_ButcheringYield,0,,The number of resources yielded from butchering animals.
atb_info_Clumsiness,0,,"Multiplier indicating chance of failure. The lower the number, the less this settler will fail in their actions."
atb_info_CombatPerception,0,,The range at which this settler will notice and engage with enemies when set to aggressive mode.
atb_info_ConsciousnessLoss,0,,Consciousness lost per hour.
atb_info_ConsciousnessMax,0,,Settler's maximum consciousness (may be lowered if they receive a head injury).
atb_info_ConsciousnessStep,0,,Multiplier indicating how fast this settler recovers consciousness.
atb_info_ConstructionFail,0,,"The chance that construction fails, resetting construction time."
atb_info_ConstructionSpeed,0,,This settler's building construction speed.
atb_info_ConsumptionSpeed,0,,"Time taken to consume food item, in hours. Settlers with certain perks will eat faster."
atb_info_CookingSpeed,0,,This settler's cooking and food preparation speed.
atb_info_CourteousAmount,0,,(should be hidden)
atb_info_CraftingMiscSpeed,0,,This settler's crafting speed for basic items.
atb_info_CutAmount,0,,The number of resources this settler gets from reaping vegetation.
atb_info_CutFail,0,,"The chance this settler's reaping fails, losing all resources."
atb_info_CutSpeed,0,,This settler's vegetation reaping speed.
atb_info_CuttingStone,0,,This settler's stone cutting speed.
atb_info_DecomposeSpeed,0,,How fast this resource will decompose.
atb_info_EvadeChance,0,,The chance to evade an incoming attack.
atb_info_HarvestAmount,0,,The number of resources this settler gets from harvesting.
atb_info_HarvestFail,0,,"The chance of this settler's harvest failing, losing all resources."
atb_info_HarvestSpeed,0,,This settler's crop harvesting speed.
atb_info_HealthLoss,0,,The number of hitpoints lost per hour.
atb_info_HealthMax,0,,Maximum hitpoints: base hitpoints +/- multipliers.
atb_info_HealthRecovery,0,,Health recovery: base hitpoint recovery rate +/- multipliers.
atb_info_Hunger,0,,This settler's nutrition expended per hour.
atb_info_HungerThreshold,0,,Hunger threshold: settler base hunger +/- multipliers. (Example: a -10% perk means hunger thresholds are offset by 10% and this settler will go hungry later than other settlers)
atb_info_HuntingRetaliateChance,0,,The chance that the quarry fights back.
atb_info_HuntingRunChance,0,,The chance that the quarry flees.
atb_info_HuntingVisibility,0,,Chance that an animal will see this settler when the settler is hunting.
atb_info_MakeClayBrick,0,,This settler's clay brickmaking speed.
atb_info_MakeClothesSpeed,0,,This settler's garment making speed.
atb_info_MeleeAttackSpeed,0,,Melee attack duration: base melee duration +/- multipliers.
atb_info_MeleeChance,0,,The chance to hit a target with a melee weapon.
atb_info_MeleeDmg,0,,"Melee weapon proficiency (Higher melee skill will increase, and penalties such as wounds will decrease this modifier.)."
atb_info_MineAmount,0,,The number of resources this settler gets from mining and digging.
atb_info_MineFail,0,,The chance this settler will spoil resources when mining and digging.
atb_info_MineSpeed,0,,Voxel mining and digging speed.
atb_info_MoodChangeSpeed,0,,The speed this settler's mood stat changes.
atb_info_MoodTarget,0,,Mood target. This varies depending on positive and negative events. (Settlers with more optimistic perks will cope better with low mood than pessimists.)
atb_info_MotorFunction,0,,Settler motor function level. Affects the duration of all physical actions.
atb_info_MovementSpeed,0,,Movement speed represented in grid spaces per second.
atb_info_PainMax,0,,The maximum pain this settler can endure.
atb_info_PainStep,0,,Multiplier indicating how fast this settler's pain subsides.
atb_info_PainTreshold,0,,"Pain Threshold: settler base pain +/- multipliers (example: if a perk sets it to -10%, this settler will be able to handle more pain in combat)"
atb_info_RangedChance,0,,The chance to hit a target with a ranged weapon.
atb_info_RangedDmg,0,,"Ranged weapon proficiency (Higher ranged weapon skill will increase, and penalties such as wounds will decrease this modifier.)"
atb_info_RangedRange,0,,Ranged attack multiplier. (This is modified by the weather and time of day.)
atb_info_RangedSpeed,0,,Ranged weapon attack duration: base ranged attack duration +/- multipliers.
atb_info_ResearchSpeed,0,,Settler's research speed.
atb_info_RottingSpeed,0,,How fast this resource will rot.
atb_info_SleepDepletionSpeed,0,,Sleep depletion multiplier.
atb_info_SleepNeed,0,,Sleep depletion rate. (Settlers lose 4% sleep per hour.)
atb_info_SleepRecoverSpeed,0,,This settler's sleep recovery rate while sleeping or unconscious.
atb_info_SleepThreshold,0,,"Sleep thresholds multiplier. (example: if a perk sets it to -10%, sleep thresholds are offset by 10% and this settler will go to sleep later than other settlers.)"
atb_info_SmithingSpeed,0,,This settler's smithing speed.
atb_info_SowSpeed,0,,This settler's crop sowing speed.
atb_info_SqueamishAmount,0,,(should be hidden)
atb_info_TendingFailChance,0,,"Chance that wound tending fails, making wounds worse."
atb_info_TendingQuality,0,,Multiplier indicating how well wounds are tended. (This is also affected by the quality of the healing kit and herbs.)
atb_info_TendingSpeed,0,,The speed this settler tends to wounds.
atb_info_UnarmedArmorDamage,0,,The percentage of damage dealt by an unarmed settler to the target's armour.
atb_info_UnarmedBuildingDamage,0,,The percentage of damage dealt by an unarmed settler to a building or resource pile.
atb_info_UnarmedDamage,0,,Base damage that this settler inflicts when unarmed.
atb_info_UnarmedIgnoreArmor,0,,The percentage damage inflicted by an unarmed settler on an armed target.
atb_info_UnarmedPrecision,0,,The chance to strike a target when unarmed.
atb_info_UnarmedSpeed,0,,The time between punches.
atb_info_WoodWorkingSpeed,0,,This settler's woodworking speed.
atb_info_WoundRegen,0,,Settler's regeneration speed when wounded.
atb_name_AnimalCritChance,0,,Animal Critical Hit Chance
atb_name_AttackCritChance,0,,Attack Critical Hit Chance
atb_name_BloodLoss,0,,Blood Loss
atb_name_BloodRecovery,0,,Blood Recovery
atb_name_ButcheringYield,0,,Butchering Yield
atb_name_Clumsiness,0,,Clumsiness
atb_name_CombatPerception,0,,Combat Perception
atb_name_ConsciousnessLoss,0,,Loss of Consciousness 
atb_name_ConsciousnessMax,0,,Consciousness Max
atb_name_ConsciousnessStep,0,,Consciousness Recovery
atb_name_ConstructionFail,0,,Chance Construction Fails
atb_name_ConstructionSpeed,0,,Construction Speed
atb_name_ConsumptionSpeed,0,,Consumption Duration
atb_name_CookingSpeed,0,,Cooking Speed
atb_name_CourteousAmount,0,,Courteous Amount
atb_name_CraftingMiscSpeed,0,,Crafting Speed
atb_name_CutAmount,0,,Reaping Amount
atb_name_CutFail,0,,Chance Reaping Fails
atb_name_CutSpeed,0,,Reaping Speed
atb_name_CuttingStone,0,,Cutting Stone
atb_name_DecomposeSpeed,0,,Decomposition Speed
atb_name_EvadeChance,0,,Evade Chance
atb_name_HarvestAmount,0,,Harvest Amount
atb_name_HarvestFail,0,,Chance Harvest Fails
atb_name_HarvestSpeed,0,,Harvest Speed
atb_name_HealthLoss,0,,Hitpoint Loss
atb_name_HealthMax,0,,Hitpoints Max
atb_name_HealthRecovery,0,,Hitpoints Recovery
atb_name_Hunger,0,,Appetite
atb_name_HungerThreshold,0,,Hunger Threshold
atb_name_HuntingRetaliateChance,0,,Chance Quarry Retaliates
atb_name_HuntingRunChance,0,,Chance Quarry Flees
atb_name_HuntingVisibility,0,,Hunting Visibility
atb_name_MakeClayBrick,0,,Brickmaking Speed
atb_name_MakeClothesSpeed,0,,Sewing Speed
atb_name_MeleeAttackSpeed,0,,Melee Weapon Attack Duration Multiplier
atb_name_MeleeChance,0,,Melee Weapon Hit Chance
atb_name_MeleeDmg,0,,Melee Weapon Damage Multiplier
atb_name_MineAmount,0,,Mining Amount
atb_name_MineFail,0,,Chance Mining Fails
atb_name_MineSpeed,0,,Mining Speed
atb_name_MoodChangeSpeed,0,,Mood Change Speed
atb_name_MoodTarget,0,,Mood Target
atb_name_MotorFunction,0,,Motor Function
atb_name_MovementSpeed,0,,Movement Speed
atb_name_PainMax,0,,Pain Max
atb_name_PainStep,0,,Speed Pain Recedes
atb_name_PainTreshold,0,,Pain Threshold
atb_name_RangedChance,0,,Ranged Weapon Hit Chance
atb_name_RangedDmg,0,,Ranged Weapon Damage Multiplier
atb_name_RangedRange,0,,Global Range
atb_name_RangedSpeed,0,,Ranged Weapon Attack Duration Multiplier
atb_name_ResearchSpeed,0,,Research Speed
atb_name_RottingSpeed,0,,Rotting Speed
atb_name_SleepDepletionSpeed,0,,Sleep Depletion Speed
atb_name_SleepNeed,0,,Sleep Requirement
atb_name_SleepRecoverSpeed,0,,Sleep Recovery Speed
atb_name_SleepThreshold,0,,Sleep Threshold
atb_name_SmithingSpeed,0,,Smithing Speed
atb_name_SowSpeed,0,,Sowing Speed
atb_name_SqueamishAmount,0,,Squeamish Amount
atb_name_TendingFailChance,0,,Chance Tending Wounds Fails
atb_name_TendingQuality,0,,Tending Wounds Effectiveness
atb_name_TendingSpeed,0,,Tending Wounds Speed
atb_name_UnarmedArmorDamage,0,,Unarmed Damage to Armour
atb_name_UnarmedBuildingDamage,0,,Unarmed Damage To Buildings
atb_name_UnarmedDamage,0,,Unarmed Damage
atb_name_UnarmedIgnoreArmor,0,,Unarmed Base Damage
atb_name_UnarmedPrecision,0,,Unarmed Hit Chance
atb_name_UnarmedSpeed,0,,Unarmed Attack Duration
atb_name_WoodWorkingSpeed,0,,Woodworking Speed
atb_name_WoundRegen,0,,Wound Regeneration
atb_name_GlobalXPgain,0,,XP Gain
atb_name_GlobalWorkSpeed,0,,Global Work Speed
atb_info_GlobalXPgain,0,,The amount of XP this settler gains from each activity.
atb_info_GlobalWorkSpeed,0,,This multiplies the speed of all job-related activities.
atb_name_RareChance,0,,Inspiration
atb_info_RareChance,0,,Chance of producing higher quality items increased.
atb_name_CookingAmount,0,,Cooking Yield
atb_info_CookingAmount,0,,The number of resources produced by cooking.
atb_name_TradingValue,0,,Barter Value
atb_name_TradingBargain,0,,Bargain
atb_name_NegotiationChance,0,,Negotiation
atb_info_TradingValue,0,,This offsets the proffered value by XX%.
atb_info_TradingBargain,0,,The value this settler can gain from the merchant while not giving the same amount back.
atb_info_NegotiationChance,0,,The % chance that the negotiation will succeed. For instance: when offering resources instead of a settler during ransom events.
atb_name_AnimalHarvestYeald,0,,Animal Harvest Yield
atb_info_AnimalHarvestYeald,0,,The number of resources yielded from living animals.
atb_name_XpCapMultiplier,0,,XP Cap Multiplier
atb_info_XpCapMultiplier,0,,Settler daily XP per skill is capped. This multiplier sets the cap.
atb_name_XpDecayMultiplier,0,,XP Decay Rate
atb_info_XpDecayMultiplier,0,,"Settler XP decays slowly over time, and the decay rate varies per settler. XP will not decay beneath the last level gained in a given skill."
atb_name_HarvestAnimalSpeed,0,,Animal Harvest Speed
atb_name_TameAnimalSpeed,0,,Animal Taming Speed
atb_name_TrainAnimalSpeed,0,,Animal Training Speed
atb_name_TameChanceMultiplier,0,,Chance to Tame Animal
atb_name_TrainChanceMultiplier,0,,Chance to Train Animal
atb_info_HarvestAnimalSpeed,0,,The speed this settler harvests resources from animals (like milking goats or shearing sheep)
atb_info_TameAnimalSpeed,0,,The speed this settler tames animals
atb_info_TrainAnimalSpeed,0,,The speed this settler trains animals
atb_info_TameChanceMultiplier,0,,The chance for this settler to successfully progress in taming a wild animal
atb_info_TrainChanceMultiplier,0,,The chance for this settler to successfully progress in training a domesticated animal
atb_name_AnimalTameChance,0,,Chance to Tame Animal
atb_name_AnimalTrainChance,0,,Chance to Train Animal
atb_info_AnimalTameChance,0,,The chance that the taming attempt will be sucessful (the settler attempting to tame this animal will also multiply this chance)
atb_info_AnimalTrainChance,0,,The chance that the training attempt will be sucessful (the settler attempting to train this animal will also multiply this chance)
atb_name_AgentBeautyInput,0,,Aesthetic Value
atb_info_AgentBeautyInput,0,,The amount of Beauty this being offers to the world. This number is combined with the Aesthetic Value of equipped items.
atb_name_AgentBodyBeautyInput,0,,Aesthetic Value (Whole body)
atb_info_AgentBodyBeautyInput,0,,The amount of Beauty this being offers to the world. This number is combined with the Aesthetic Value of equipped items. Some items may override this value by covering it up
atb_name_AgentFaceBeautyInput,0,,Aesthetic Value (Face)
atb_info_AgentFaceBeautyInput,0,,The amount of Beauty this being offers to the world. This number is combined with the Aesthetic Value of equipped items.
atb_name_AffectionPositiveMultiplier,0,,Positive Social Interaction 
atb_name_AffectionNegativeMultiplier,0,,Negative Social Interaction
atb_name_SocialCompatibilityPositive,0,,Positive Social Interaction Chance 
atb_name_SocialCompatibilityNegative,0,,Negative Social Interaction Chance
atb_name_ConversationInteractionHoursCooldown,0,,Time between social interactions 
atb_name_ConversationAvailabilityChance,0,,Chance to engage in social interactions
atb_info_AffectionPositiveMultiplier,0,,Multiplies positive social interaction intensity
atb_info_AffectionNegativeMultiplier,0,,Multiplies negative social interaction intensity
atb_info_SocialCompatibilityPositive,0,,Multiplies the chance a positive social interaction will occur
atb_info_SocialCompatibilityNegative,0,,Multiplies the chance a negative social interaction will occur
atb_info_ConversationInteractionHoursCooldown,0,,Number of hours between social interactions
atb_info_ConversationAvailabilityChance,0,,Chance to engage in social interactions
atb_name_fishing_yeald,0,,Fishing Yield
atb_info_fishing_yeald,0,,The number of fish caught when fishing 
atb_name_fishing_failed,0,,Chance Fishing Fails
atb_info_fishing_failed,0,,The percentage chance that fishing will fail and resources from that catch will be lost
atb_name_NegotiationMultiplier,0,,Negotiation Multiplier
atb_info_NegotiationMultiplier,0,,"This multiplier affects the value demanded by negotiators. The lower the multiplier, the lower the amount your settlement offers other faction in extortion events and runaway negotiations."
atb_name_RecruitChance,0,,Successfully Enroll a Recruit Chance
atb_name_BeingRecruitedChance,0,,Successful Accept Recruitment Chance
atb_info_RecruitChance,0,,The chance a daily recruitment attempt is successful or not. This is also multiplied by the Recruitment chance of the prisoner targeted for enrolment.
atb_info_BeingRecruitedChance,0,,The chance a daily recruitment attempt is successful or not. This is also multiplied by the Recruitment chance of the settler attempting to enroll a new recruit.
atb_name_recruitPrisonerChance,0,,Recruit prisoner chance
atb_info_recruitPrisonerChance,0,,The chance to successfully recruit a prisoner to become a new settler. 
atb_name_AgentFlammability,0,,Flammability
atb_name_AgentFireDamageMultiplier,0,,Flame damage multiplier
atb_info_AgentFlammability,0,,"How flammable the person, animal or object is. Higher flammability means they more easily chatch fire."
atb_info_AgentFireDamageMultiplier,0,,Flame damage is multiplied by this number 
atb_name_RangedTrainSpeed,0,,Ranged Training Speed
atb_name_MeleeTrainSpeed,0,,Melee Training Speed
atb_info_RangedTrainSpeed,0,,Speed at which settler completes a training session
atb_info_MeleeTrainSpeed,0,,Speed at which settler completes a training session
atb_name_SocialFightChance,0,,Retaliate Chance
atb_name_SimpleToLavishChance,0,,Upgrade Meal Chance
atb_info_SocialFightChance,0,,The chance to pick a fight with whoever caused offence  
atb_info_SimpleToLavishChance,0,,The chance that a simple meal will be served as a more lavish version. 
quality_fine,0,,Fine
quality_flawless,0,,Flawless
quality_flimsy,0,,Flimsy
quality_good,0,,Good
quality_none,0,,
quality_sturdy,0,,Sturdy
quality_superior,0,,Superior
tainted,0,,Tainted
tainted_info,0,,"This item has been stripped from a carcass. As a result it is devalued, and some of your settlers may react negatively to wearing it."
resources names,0,,
resource_name_dirt,0,,Dirt
resource_name_advanced_research_book,0,,Thesis
resource_name_alcohol,0,,Alcohol
resource_name_wine,0,,Wine
resource_name_rough_wine,0,,Rough wine
resource_name_beer,0,,Beer
resource_name_ale,0,,Ale
resource_name_ash,0,,Ash
resource_name_barley,0,,Barley
resource_name_basic_research_book,0,,Chronicle
resource_name_beet,0,,Beet
resource_name_bone_meal,0,,Bone Meal
resource_name_bones,0,,Bones
resource_name_cabbage,0,,Cabbage
resource_name_carrot,0,,Carrot
resource_name_clay,0,,Clay
resource_name_clay_brick,0,,Clay Brick
resource_name_compost,0,,Compost
resource_name_deer_carcass,0,,Deer Carcass
resource_name_dung,0,,Dung
resource_name_dungbrick,0,,Dungbrick
resource_name_gold,0,,Gold
resource_name_gold_ingot,0,,Gold Ingot
resource_name_gunpowder,0,,Gunpowder
resource_name_hare_carcass,0,,Hare Carcass
resource_name_hay,0,,Hay
resource_name_healing_kit,0,,Healing Kit
resource_name_healing_kit_advanced,0,,Advanced Healing Kit
resource_name_healing_kit_simple,0,,Simple Healing Kit
resource_name_herbs,0,,Herbs
resource_name_honey,0,,Honey
resource_name_human_carcass,0,,Settler Corpse
resource_name_human_carcass_old,0,,Human Carcass
resource_name_iron,0,,Iron Nugget
resource_name_iron_ingot,0,,Iron Ingot
resource_name_lavish_meal,0,,Lavish Meal
resource_name_lavish_meal_med_batch,0,,5 Lavish Meal
resource_name_lavish_meal_large_batch,0,,10 Lavish Meal
resource_name_lavish_meal_meat_human,0,,Lavish Meal (Human Meat)
resource_name_leather,0,,Leather
resource_name_leather_deer,0,,Leather (Deer)
resource_name_leather_hare,0,,Leather (Hare)
resource_name_leather_wolf,0,,Leather (Wolf)
resource_name_leather_boar,0,,Leather (Boar)
resource_name_leather_fox,0,,Leather (Fox)
resource_name_leather_rat,0,,Leather (Rat)
resource_name_leather_water_vole,0,,Leather (Water vole pelt)
resource_name_leather_polecat,0,,Leather (Polecat)
resource_name_leather_cow,0,,Leather (Cattle)
resource_name_leather_goat,0,,Leather (Goat)
resource_name_leather_sheep,0,,Leather (Sheep)
resource_name_leather_donkey,0,,Leather (Ass)
resource_name_leather_cat,0,,Leather (Cat)
resource_name_leather_dog,0,,Leather (Dog)
resource_name_leather_human,0,,Leather (Human)
resource_name_leather_bear,0,,Leather (Bear)
resource_name_limestone,0,,Limestone
resource_name_limestone_block,0,,Limestone Brick
resource_name_linen_cloth,0,,Linen Cloth
resource_name_meal,0,,Meal
resource_name_simple_meal,0,,Simple Meal
resource_name_meal_med_batch,0,,5 Meal
resource_name_meal_large_batch,0,,10 Meal
resource_name_meat,0,,Raw Meat
resource_name_meat_human,0,,Raw Meat (Human)
resource_name_mushroom,0,,Mushroom
resource_name_normal_research_book,0,,Handbook
resource_name_packaged_meal,0,,Packaged Meal
resource_name_packaged_meal_med_batch,0,,5 Packaged Meal
resource_name_packaged_meal_large_batch,0,,10 Packaged Meal
resource_name_packaged_meal_meat_human,0,,Packaged Meal (Human Meat)
resource_name_pickled_vegetable,0,,Pickled Vegetable
resource_name_quicklime,0,,Quicklime
resource_name_redcurrant,0,,Redcurrant
resource_name_roasted_meat,0,,Roasted Meat
resource_name_roasted_meat_human,0,,Roasted Meat (Human)
resource_name_salt,0,,Salt
resource_name_saltpeter,0,,Saltpetre
resource_name_silver,0,,Silver
resource_name_smoked_meat,0,,Smoked Meat
resource_name_smoked_meat_human,0,,Smoked Meat (Human)
resource_name_stew,0,,Stew
resource_name_sticks,0,,Sticks
resource_name_coal,0,,Coal
resource_name_sulfur,0,,Sulfur
resource_name_meat_rot,0,,Rotten Meat
resource_name_vegetable_rot,0,,Vegetable Rot
resource_name_vinegar,0,,Vinegar
resource_name_wood,0,,Wood
resource_name_mechanical_parts,0,,Mechanical Components
resource_name_wool_cloth,0,,Wool Cloth
resource_name_cloth,0,,Clothing Fabric
resource_name_metal,0,,Metal
resource_name_dubious_meal,0,,Dubious Meal
resource_name_burn_body,0,,Burn Body
resource_name_settler_carcass,0,,Settler Corpse
resource_name_enemy_carcass,0,,Enemy Corpse
resource_name_apple,0,,Apples
resource_name_apple_cider,0,,Cider
resource_name_apple_pie,0,,Apple Pie
resource_name_honey_biscuits,0,,Honey Crispels
resource_name_redcurrant_pie,0,,Redcurrant Pie
resource_name_mead,0,,Mead
resource_name_silver_ingot,0,,Silver Ingot
resource_name_ice_block,0,,Ice Block
resource_name_cabbage_seed,0,,Cabbage Seed
resource_name_carrot_seed,0,,Carrot Seed
resource_name_beet_seed,0,,Beet Seed
resource_name_herbs_seed,0,,Herb Seed
resource_name_flax_seed,0,,Flax Seed
resource_name_birch_sapling,0,,Birch Sapling
resource_name_oak_sapling,0,,Oak Sapling
resource_name_maple_sapling,0,,Maple Sapling
resource_name_pine_sapling,0,,Pine Sapling
resource_name_apple_sapling,0,,Apple Sapling
resource_name_willow_sapling,0,,Willow Sapling
resource_name_tallow,0,,Tallow
resource_name_wax,0,,Beeswax
resource_name_wolf_carcass,0,,Wolf Carcass
resource_name_steel_ingot,0,,Steel Ingot
resource_name_cow_carcass,0,,Cow Carcass
resource_name_goat_carcass,0,,Goat Carcass
resource_name_sheep_carcass,0,,Sheep Carcass
resource_name_donkey_carcass,0,,Ass Carcass
resource_name_chicken_carcass,0,,Chicken Carcass
resource_name_boar_carcass,0,,Boar Carcass
resource_name_pheasant_carcass,0,,Pheasant Carcass
resource_name_fox_carcass,0,,Fox Carcass
resource_name_cat_carcass,0,,Cat Carcass
resource_name_dog_carcass,0,,Dog Carcass
resource_name_rat_carcass,0,,Rat Carcass
resource_name_polecat_carcass,0,,Polecat Carcass
resource_name_bear_carcass,0,,Bear Carcass
resource_name_mallard_carcass,0,,Mallard Carcass
resource_name_water_vole_carcass,0,,Water Vole Carcass
resource_name_trophy,0,,Trophy
resource_name_deer_head_trophy,0,,Deer Head Trophy
resource_name_enemy_skull_trophy,0,,Enemy Skull Trophy
resource_name_settler_skull_trophy,0,,Settler Skull Trophy
resource_name_hare_stuffed_trophy,0,,Stuffed Hare Trophy
resource_name_wolf_head_trophy,0,,Wolf Head Trophy
resource_name_cow_head_trophy,0,,Cow Head Trophy
resource_name_goat_head_trophy,0,,Goat Head Trophy
resource_name_sheep_head_trophy,0,,Sheep Head Trophy
resource_name_donkey_head_trophy,0,,Ass Head Trophy
resource_name_chicken_stuffed_trophy,0,,Stuffed Chicken Trophy
resource_name_boar_head_trophy,0,,Boar Head Trophy
resource_name_pheasant_stuffed_trophy,0,,Stuffed Pheasant Trophy
resource_name_fox_stuffed_trophy,0,,Stuffed Fox Trophy
resource_name_cat_stuffed_trophy,0,,Stuffed Cat Trophy
resource_name_dog_stuffed_trophy,0,,Stuffed Dog Trophy
resource_name_rat_stuffed_trophy,0,,Stuffed Rat Trophy
resource_name_polecat_stuffed_trophy,0,,Stuffed Polecat Trophy
resource_name_bear_head_trophy,0,,Bear Head Trophy
resource_name_mallard_stuffed_trophy,0,,Stuffed Mallard Trophy
resource_name_water_vole_stuffed_trophy,0,,Stuffed Water Vole Trophy
resource_name_milk,0,,Milk
resource_name_egg_chicken,0,,Egg
resource_name_cheese,0,,Cheese
resource_name_egg_meal,0,,Stuffed Eggs
resource_name_milk_meal,0,,Junket
resource_name_cheese_meal,0,,Tart de Bry
resource_name_fermenting_mash,0,,Fermenting Mash
resource_name_fermented_mash,0,,Dubious Booze
resource_name_fermenting_ale,0,,Fermenting Ale
resource_name_fermenting_beer,0,,Fermenting Beer
resource_name_fermenting_fruit_juice,0,,Fermenting Fruit Juice
resource_name_fermenting_mead,0,,Fermenting Mead
resource_name_curdling_milk,0,,Curdling Milk
resource_name_aged_wine,0,,Aged Fine Wine
resource_name_animal_feed,0,,Animal Feed
resource_name_dye,0,,Pigment
resource_name_gold_coin,0,,Gold Coin
resource_name_fish_dish,0,,Fish Dish
resource_name_eel_meal,0,,Eel Meal
resource_name_pike_fish,0,,Pike 
resource_name_trout_fish,0,,Trout
resource_name_eel,0,,Eel
resource_name_smoked_fish,0,,Smoked Fish
resource_name_salted_eel,0,,Salted Eels
resource_name_water_bucket,0,,Water
resource_name_flamable_oil,0,,Flammable Oil
resource_name_flamable_oil_greek_fire,0,,Greek Fire
resource_name_dummy,0,,Practice Dummy
resource_name_practice_target,0,,Practice Target
resource_name_basic_trebuchet_ammo,0,,Trebuchet Projectile
resource_name_basic_ballista_ammo,0,,Ballista Bolt
resource_name_basic_onager_ammo,0,,Onager Projectile
resource_name_flamable_trebuchet_ammo,0,,Incendiary Trebuchet Projectile
resource_name_flamable_onager_ammo,0,,Incendiary Onager Projectile
resource_name_flamable_gf_trebuchet_ammo,0,,Incendiary Trebuchet Projectile (greek fire)
resource_name_flamable_gf_onager_ammo,0,,Incendiary Onager Projectile (greek fire)
resource_info_basic_trebuchet_ammo,0,,A hefty stone ball. Suitable for pulverising both masonry and mortal foes.
resource_info_basic_ballista_ammo,0,,A heavy spear. Unleash with great force from the tensioned jaws of a ballista. 
resource_info_basic_onager_ammo,0,,A collection of small stones. Rain vicious hail on your enemy.
resource_info_flamable_trebuchet_ammo,0,,"A sealed clay vessel, containing flammable oil. Burn it all down."
resource_info_flamable_onager_ammo,0,,"Oil-drenched incendiary missiles. Spark fires, and chaos."
resource_info_flamable_gf_onager_ammo,0,,"Oil-drenched incendiary missiles. Spark fires, and chaos."
resource_name_wood_mechanical_parts,0,,Wooden Mechanical Components
resource_info_wood_mechanical_parts,0,,"Gears, wheels and ratchets finely-crafted in wood."
resource_name_clay_tile_decorative,0,,Decorative tile Clay
resource_name_stone_tile_decorative,0,,Decorative tile Stone
resource_name_marble_tile_decorative,0,,Decorative tile Marble
resource_info_clay_tile_decorative,0,,"Warm red tiles patterned with fleur-de-lis, mythical beasts and heraldic crests."
resource_info_stone_tile_decorative,0,,Finely finished tiles in all shades of stone. Glistening and tough.
resource_info_marble_tile_decorative,0,,"Salvaged from a Roman ruin, this polished tile has creatures from the Great Flood pressed within."
resource_name_restitutionist_relic,0,,Holy Relic
resource_name_mighty_oak_sapling,0,,Mighty Oak Sapling
resource_name_skill_book_animal_handling_01,0,,"<sprite=""animalhandling"" name=""animalhandling""> The Aberdeen Bestiary"
resource_name_skill_book_botanical_01,0,,"<sprite=""botanical"" name=""botanical""> Old English Herbarium"
resource_name_skill_book_carpentry_01,0,,"<sprite=""carpentry"" name=""carpentry""> Against the grain"
resource_name_skill_book_construction_01,0,,"<sprite=""construction"" name=""construction""> Honnicourt's Sketchbook"
resource_name_skill_book_culinary_01,0,,"<sprite=""culinary"" name=""culinary""> King of the Kitchen"
resource_name_skill_book_intelectual_01,0,,"<sprite=""intelectual"" name=""intelectual""> Retractationes"
resource_name_skill_book_marksman_01,0,,"<sprite=""marksman"" name=""marksman""> The School of Shooting"
resource_name_skill_book_medicine_01,0,,"<sprite=""medicine"" name=""medicine""> Bald's Leechbook"
resource_name_skill_book_melee_01,0,,"<sprite=""melee"" name=""melee""> Blooms of Battle"
resource_name_skill_book_smithing_01,0,,"<sprite=""smithing"" name=""smithing""> De diversis artibus "
resource_name_skill_book_speechcraft_01,0,,"<sprite=""speechcraft"" name=""speechcraft""> De Oratore"
resource_name_skill_book_tailoring_01,0,,"<sprite=""tailoring"" name=""tailoring""> Thread and thimble"
resource_name_skill_book_mining_01,0,,"<sprite=""mining"" name=""mining""> Venae Profundae"
resource_name_skill_book_art_01,0,,"<sprite=""art"" name=""art""> On embellishment"
resource_name_grand_book,0,,Influential Treatise
resource_info_restitutionist_relic,0,,"A crumbling finger bone is all that remains of the Venerable Saint Mildred, revered for her kindness.. "
resource_info_mighty_oak_sapling,0,,A new sapling revealed in a sacred grove. Its burnished bark gleams with promise.
resource_info_skill_book_animal_handling_01,0,,All creatures great and small are detailed within this finely-illuminated bestiary.
resource_info_skill_book_botanical_01,0,,All manner of wortcunning is detailed in this illustrated Materia Medica of plants.
resource_info_skill_book_carpentry_01,0,,A randomly-assembled sheaf of diagrams sketched by a master carpenter for an unnamed apprentice.
resource_info_skill_book_construction_01,0,,A master illustrator's record of skills and devices used to build our greatest edifices.
resource_info_skill_book_culinary_01,0,,Cooking tips and recipes - reputedly from a king's own household chef.
resource_info_skill_book_intelectual_01,0,,Great thinker St Augustine's refelction on and evaluation of his own earlier works is a masterpiece worthy of deep study.
resource_info_skill_book_marksman_01,0,,"A manual detailing the minutia of archery. From draw path to posture, there is no finer guide."
resource_info_skill_book_medicine_01,0,,"A hefty therapeutic guide to internal and external maladies, complete with remedies and charms."
resource_info_skill_book_melee_01,0,,"A poetic training manual on the art of melee, with illustrations by the Italian maestros."
resource_info_skill_book_smithing_01,0,,"Presbyter's guide to smithing includes detailed sections on gold, silver, copper, tin, and iron"
resource_info_skill_book_speechcraft_01,0,,No greater tome hath ever pronounced upon speechcraft than this work by Cicero.
resource_info_skill_book_tailoring_01,0,,A bible of stitchcraft and pattern-cutting for the artful bodkin.
resource_info_skill_book_mining_01,0,,"Drainage, assaying, smashing ores - this well-thumbed mining volume is comprehensive."
resource_info_skill_book_art_01,0,,"A fine work on how to master lavish illumination, with a focus on detail and gilding."
resource_info_grand_book,0,,"A great compendium of the distilled knowledge of <village_name>, gilded, bound in vellum and illuminated in the rarest pigments."
resource_name_blackberry,0,,Blackberry
resource_name_sloe,0,,Sloe
resource_name_gooseberry,0,,Gooseberry
resource_info_blackberry,0,,"A hedgerow jewel, delicious eaten raw or cooked into pies and jam."
resource_info_sloe,0,,"Best picked after the first frost for wines and jellies. An ancient and astringent fruit, beloved of witches."
resource_info_gooseberry,0,,"Gooseberry tart, fool or compote are the recipes of choice for this juicy currant."
resource_name_quince,0,,Quince
resource_name_damson,0,,Damson
resource_name_mulberrie,0,,Mulberry
resource_name_walnut,0,,Walnut
resource_info_quince,0,,"A legendary, tough fruit that welcomes spicing with nutmeg or cloves. Poach, preserve or serve with wild game. "
resource_info_damson,0,,"Dried, stewed or preserved, these wild plums offer sustenance through the winter.
"
resource_info_mulberrie,0,,"The mulberry fruit is a delight in all manner of puddings, syrups and pies."
resource_info_walnut,0,,"Raw, pickled or pressed, these brain-shaped nuts are a must for the winter store cupboard."
resource_name_quince_sapling,0,,Quince Sapling
resource_name_walnut_sapling,0,,Walnut Sapling
resource_name_damson_sapling,0,,Damson Sapling
resource_name_mulberrie_sapling,0,,Mulberry Sapling
resource_name_cannonball,0,,Shot
resource_info_cannonball,0,,"Cast from iron into a mould of sand. A large, round rock is equally destructive."
resource_name_explosive_trebuchet_ammo,0,,Explosive Trebuchet Projectile
resource_info_explosive_trebuchet_ammo,0,,Gunpowder is carefully poured into this spherical clay pot. Light and launch for explosive results.
resource_name_stewed_fruit,0,,Compote
resource_name_vegetable_stew,0,,Stew
resource_name_cooked_grain,0,,Gruel
resource_name_roasted_fish,0,,Grilled Fish
resource_name_roasted_mushrooms,0,,Grilled Mushrooms
resource_name_egg_boiled,0,,Boiled Egg
resource_info_egg_boiled,0,,"Simple but tasty, with a firm white and creamy, golden yolk."
resource_name_sauteed_fruits,0,,Lavish Fruit Course
resource_name_lavish_vegetable_stew,0,,Lavish Vegetable Dish
resource_name_bread,0,,Bread
resource_name_lavish_roasted_meat,0,,Lavish Meat Roast
resource_name_lavish_roasted_meat_human,0,,Lavish Human Roast
resource_name_lavish_roasted_fish,0,,Lavish Seafood Treat
resource_name_fruit_pie,0,,Fruit Pie
resource_name_meat_pie,0,,Meat Pie
resource_name_buiskets,0,,Scones
resource_name_cheese_pie,0,,Tart de Bry
resource_name_fish_pie,0,,Fish Pie
resource_name_sauteed_fruits_vegetables,0,,Pottage
resource_name_honey_glazed_vegetables,0,,Honey-glazed Vegetables
resource_name_fruit_puding,0,,Fruit Pudding
resource_name_fruit_cheese,0,,Cheese and Fruit Platter
resource_name_honey_glazed_fruit,0,,Sweetmeat
resource_info_stewed_fruit,0,,"All and any fruits can be stewed a little to make this simple meal, which doubles as a sauce."
resource_info_vegetable_stew,0,,"Peasant food - a mix of leaves and grains, simmered. Serve with bread."
resource_info_cooked_grain,0,,"An unappetising, yet necessary staple of peasant life. Weak gruel signifies hunger and hardship."
resource_info_roasted_fish,0,,"Simple and delicious. The catch of the day, gutted, baked and served. "
resource_info_roasted_mushrooms,0,,"Sprouting mysteriously from the underworld, governed by evil and fairy folk. Yet curiously delicious. "
resource_info_sauteed_fruits,0,,"Prepared with ripe, fresh fruit to tantalise the tastebuds. Mouthwatering."
resource_info_lavish_vegetable_stew,0,,"Never has a humble vegetable been so exalted. A hearty repast, seasoned to perfection."
resource_info_bread,0,,"From fine white pandemain to a stale old trencher, bread is a staple food we pray for daily."
resource_info_lavish_roasted_meat,0,,"Juicy and tender, with crisp and delicious skin. Savoury and satisfying."
resource_info_lavish_roasted_meat_human,0,,"Once tasted, never forgotten. Pairs well with broad beans and an Italian red wine, if you can get it."
resource_info_lavish_roasted_fish,0,,"Salted, spiced and soaked in verjuice, this fresh seafood dish is a delicacy."
resource_info_fruit_pie,0,,"Brushed with melted butter and adorned with spices, this pie has elevated humble fruit into a divine dessert."
resource_info_meat_pie,0,,A tough coffyn of pastry stuffed with tasty meat. Portable and palatable.
resource_info_buiskets,0,,"A fluffy baked treat, served with clotted cream then jam. Or jam then cream, if you venture beyond the River Tamar."
resource_info_cheese_pie,0,,"Gooey, sweetened cheese tart in a crisp pie crust, beloved of Charlemagne."
resource_info_fish_pie,0,,"A solid case conceals the tenderest, flaky fish in a rich sauce. Scrumptious."
resource_info_sauteed_fruits_vegetables,0,,"What's in a pottage? A bit of everything. If it grows, then into the pot it goes."
resource_info_honey_glazed_vegetables,0,,"Boiled until soft then glazed with honey and saffron, which imparts an earthy sweetness on roasting."
resource_info_fruit_puding,0,,"Baked, whisked and spiced, fruit becomes the dreamiest of confections - a pudding."
resource_info_fruit_cheese,0,,"Tempting fruits and delectable dairy products combine to satisfy the senses, and the stomach."
resource_info_honey_glazed_fruit,0,,Glistening like an edible jewel - a sweetmeat of honeyed fruit is a treat beyond compare.
resource_name_burn_animal,0,,Burn Animal
resources info,0,,
resource_info_dirt,0,,Good soil is like black gold.
resource_info_advanced_research_book,0,,A thoughtful and erudite volume. The research on these pages is invaluable.
resource_info_alcohol,0,,"Brewed carefully to a secret recipe derived by monks, or possibly arabs, this is a powerful Aqua Vitae."
resource_info_rough_wine,0,,"Rough sour wine. If there's nothing else to drink, it will suffice."
resource_info_beer,0,,Brewed to perfection. A nutritious and thirst-quenching beverage.
resource_info_ale,0,,The strength of your drink is marked in Xs on the barrel by the monk or alewife who brewed it.
resource_info_ash,0,,"After the fire, humble ashes have many uses, from enriching garden soils to pottery glazes and soap."
resource_info_barley,0,,"A versatile grain for bread, gruel or refreshing barley water. Use as feed to fatten poultry."
resource_info_basic_research_book,0,,Simple tales and facts laid down on skin.
resource_info_beet,0,,"Hardy and easy to grow in your garden, be that hovel or manor."
resource_info_bone_meal,0,,Your crops will grow strong if you fertilize the soil with ground bones.
resource_info_bones,0,,"If you lack the time to carve these mortal remains, at least grind them up for fertilizer."
resource_info_cabbage,0,,"The humblest of wortes and a staple food. Boil and serve with butter, if you have it."
resource_info_carrot,0,,A colourful taproot that is delicious to eat. Can also be stored to enjoy later.
resource_info_clay,0,,Basic construction material dug from a clay pit. One of the oldest building materials.
resource_info_clay_brick,0,,A humble brick. Construct walls to keep your kin gathered in and your enemies at bay.
resource_info_compost,0,,Let Mother Nature do her work. Rot down food scraps and detrius to create rich compost to help grow plants.
resource_info_deer_carcass,0,,"To be harvested, hung and butchered. Yields delicious venison, and useful hide."
resource_info_dung,0,,"An unavoidable resource where animals are kept. Best deployed as fertiliser, or fuel."
resource_info_dungbrick,0,,"When wood is scarce, dried animal dung will suffice as fuel for the fire."
resource_info_gold,0,,"Malleable, incorruptable metal for crosses, crowns and coin. The ultimate goal of alchemists."
resource_info_gold_ingot,0,,A block of pure metal with a golden aura. Ready for smithing.
resource_info_gunpowder,0,,"Wisdom from the Orient, this magical powder is made of sulfur, saltpetre and charcoal. Deployed in thundering cannons at Crécy."
resource_info_hare_carcass,0,,"Timid but fast, a wild hare is hard to catch. A worthy beast for the pot, and for its fur."
resource_info_hay,0,,Cutting grass and drying it for the winter is the best way to feed your animals.
resource_info_healing_kit,0,,A comprehensive medical kit complete with everything you need to treat most medical issues. (Leeches not included.)
resource_info_healing_kit_advanced,0,,"Drawing on herbal wisdom and Oxford learning, this contains preparations for all imbalances of the humours, and even battle wounds."
resource_info_healing_kit_simple,0,,"A simple pack of herbs and bandages. For minor scrapes and bruises, and common ailments."
resource_info_herbs,0,,"Plants gathered from nature with many uses, from flavouring food to healing, brewing and dyeing."
resource_info_honey,0,,"To sweeten any dish or make mead. Used in medicinal and herbal preparations, internal and external."
resource_info_human_carcass,0,,What remains when we have shuffled off this mortal coil.
resource_info_iron,0,,"Mined iron ore. Must be processed before smithing into tools, weapons and armour."
resource_info_iron_ingot,0,,A block of pure metal with a subtle sheen. Ready for smithing.
resource_info_lavish_meal,0,,Pies and roasts and jellies and sweetmeats... dine like a baron and savour every morsel.
resource_info_leather,0,,Hides become more useful after the tanner turns them into buttery leather.
resource_info_limestone,0,,"An essential quarried stone building material, made from the bodies of ancient sea creatures. Used to make quicklime."
resource_info_limestone_block,0,,A dressed stone brick made from quarried limestone.
resource_info_linen_cloth,0,,"If you can grow flax, spin it, and weave it, and bleach it with lye for a white finish. Beautiful, all-purpose cloth."
resource_info_meat,0,,"Dry salt or cure it for later. Better yet, lard well and add to the pot, or roast it. Delicious."
resource_info_mushroom,0,,"Wild food from fields and woodlands. Identify carefully to avoid toxic fungi. 
"
resource_info_normal_research_book,0,,Some thought has gone into this tome. A useful guide.
resource_info_packaged_meal,0,,"Hunting or working in the fields can really build up a hunger. A cold, wrapped meal will keep you going."
resource_info_pickled_vegetable,0,,Vegetables stored in salt water or vinegar will keep for lean times.
resource_info_quicklime,0,,An alkaline powder made by burning limestone in a lime kiln.
resource_info_redcurrant,0,,"Bittersweet and delicious with venison. The French remove the seeds with a goose quill, and boil them to make jelly."
resource_info_roasted_meat,0,,"Nothing could be more delicious than fresh, succulent roast meat. A noble meal."
resource_info_salt,0,,Precious salt for preserving food is a cornerstone of civilization. Brine springs emerge in English towns ending -wich or -wych.
resource_info_saltpeter,0,,A mineral for preserving meat. It is said experiments with this salt at the Tower of London have caused explosions.
resource_info_silver,0,,"A fine, soft metal to be worked into coins or jewellery. May deflect the attentions of malicious faeries."
resource_info_smoked_meat,0,,"Lean meat, sliced, brined and dried slowly over a wood fire. Can be stored for several months."
resource_info_steel_ingot,0,,A block of pure metal with a subtle sheen. Ready for smithing.
resource_info_stew,0,,"Peasant food - a mix of leaves and grains, simmered. Serve with bread."
resource_info_sticks,0,,"Timber and firewood are the riches of the forest, a resource that regrows if managed wisely."
resource_info_sulfur,0,,"Also known as brimstone, this is a powerful acid if mixed with water, and is used in gunpowder. Smells like the devil."
resource_info_meat_rot,0,,There is no mistaking the foetid stench of meat that has gone bad.
resource_info_vegetable_rot,0,,"Waste not, want not, they say. Spoiled vegetables are only good for compost."
resource_info_vinegar,0,,"Wine or beer turned sour. No need to waste it, you can use it in cooking and pickling."
resource_info_wolf_carcass,0,,"Despite the best efforts of Edward I to exterminate them, wolves have returned to stalk the woods of England. Beware."
resource_info_wood,0,,"Timber and firewood are the riches of the forest, a resource that regrows if managed wisely."
resource_info_wool_cloth,0,,"The English and Flemish grow the best wool. Woven finely and dyed, it is sought after for warm clothing and blankets."
resource_info_mechanical_parts,0,,"A collection of cogs and sprockets, axles and chains. The guts of a machine."
resource_info_coal,0,,Burns at a much higher temperature than lumber. Most useful when creating steel.
resource_info_dubious_meal,0,,Liberally spiced to disguise unsavoury flavours. Best not to ask cook what's in this.
resource_info_enemy_carcass,0,,What remains when we have shuffled off this mortal coil.
resource_info_apple,0,,"Tempting, autumn fruit. Tart and delicious in desserts such as muse and pie."
resource_info_apple_cider,0,,"The boozy nectar brewed from apples, for wassailing, or to slake a thirst."
resource_info_apple_pie,0,,"Sweet, spiced apples, lovingly encased in a coffin of pastry. "
resource_info_honey_biscuits,0,,"Crisp, wafer-thin, honey delights. How they are spun from honey alone is something of a culinary secret. Well worth a few bee stings."
resource_info_redcurrant_pie,0,,"Bright, tart, and bursting with flavour. Savour your currant harvest in a flaky pastry pie."
resource_info_mead,0,,"An ancient, heady, honey wine. A libation to the Gods. May induce poetry."
resource_info_silver_ingot,0,,"Refined silver, cast into uniform moulded blocks."
resource_info_ice_block,0,,"Heavy, fragile, and liable to melt. Store underground with items you wish to keep chilled. "
resource_info_cabbage_seed,0,,"Once collected, cabbage seeds will keep for years. Easy to grow."
resource_info_carrot_seed,0,,Collected from ripe seedheads on a carrot plant. Slow to germinate. 
resource_info_beet_seed,0,,"Seeds gathered from the beet plant. Best planted in deep, well-drained soil."
resource_info_herbs_seed,0,,"Precious seed that you may use to grow a herb garden for cooking, or medicine."
resource_info_flax_seed,0,,"Shiny, golden seeds that may be sown for rope, or cloth."
resource_info_birch_sapling,0,,"The tree of renewal, birch burns even when wet and is ideal for smoking food. Used for dye and medicine."
resource_info_oak_sapling,0,,The king of the forest and sacred to the druids. Favoured for wood carving and timber-framed buildings.
resource_info_maple_sapling,0,,"Pass a maple branch over a child to remove all traces of witchcraft. Yields hard timber, perfect for musical instruments."
resource_info_pine_sapling,0,,"The largest Caledonian tree, tall, straight and flexible for masts and planks. Planted to mark the graves of wandering Scots."
resource_info_willow_sapling,0,,"A silver-leaved denizen of waterside and fenland, the willow tree is fast-growing and pliable."
resource_info_apple_sapling,0,,"Bearing crisp, tempting autumn fruit, and wood perfect for turning or carving."
resource_info_tallow,0,,"Animal fat with a multitude of uses, from soap and candles to balms applied to the skin."
resource_info_wax,0,,"Harvested from the hive. Used for candles, and making soothing ointments and balms."
resource_info_enemy_skull_trophy,0,,Death was too merciful for this enemy. They still appear to be grinning.
resource_info_settler_skull_trophy,0,,"Alas, poor settler! A sorry reminder of our shared mortality."
resource_info_general_trophy,0,,A decorative mounted memento of a slain beast. 
resource_info_egg_meal,0,,"Raisins, saffron, herbs, cheese...just a pinch may elevate a humble egg into a tasty treat."
resource_info_milk_meal,0,,"Sweet, silky curds and whey. Use your creamiest milk and add a flourish of nutmeg."
resource_info_milk,0,,Creamy white and full of goodness. Spoils quickly if not kept cool.
resource_info_egg_chicken,0,,"A symbol of life, the humble egg can be used in thousands of recipes."
resource_info_cheese,0,,"A staple food that gives milk longevity, in countless tasty varieties."
resource_info_cheese_meal,0,,"Gooey, sweetened cheese tart in a crisp pie crust, beloved of Charlemagne."
resource_info_fermenting_mash,0,,"Bubbling broth, yeasty and alive with a natural alchemy."
resource_info_fermented_mash,0,,"A rough, malodorous brew. Unsavoury, yet intoxicating."
resource_info_fermenting_ale,0,,"Steeped grain, boiled and now fermenting to yield our daily draught."
resource_info_fermenting_beer,0,,"A malted barley mash releases flavourful sweetness, to then brew up with yeast."
resource_info_fermenting_fruit_juice,0,,Summer's sweetness slowly transforming into heady wine.
resource_info_fermenting_mead,0,,"A soup of herbs and honey, bubbling towards a syrupy, heady wine."
resource_info_curdling_milk,0,,Warmed and soured. The curds from creamy milk may be made into cheese.
resource_info_aged_wine,0,,"Time and cool darkness have worked their magic, revealing layers of character to savour."
resource_info_animal_feed,0,,"A nourishing blend of straw, vegetables and grain. Used to feed animals."
resource_info_dye,0,,"Nature's colour palette extracted from leaves, roots, oak galls, ores, and even the soil."
resource_info_gold_coin,0,,"A golden Noble, engraved with the ship of a long-dead king. Melt it down, or spend it."
resource_info_fish_dish,0,,"Delicious fried, stuffed with butter and lovage."
resource_info_eel_meal,0,,"Serve fried, spiced and cooked in verjuice to create a tempting Saracen broth."
resource_info_pike_fish,0,,"You will need a strong line to catch this monster. Serve with a strong Galentyne sauce, spiced with cinnamon."
resource_info_trout_fish,0,,Common enough where the waters are clear and small bugs plentiful.
resource_info_eel,0,,"A staple for the pot at lent, our wriggly friend is also delicious fried."
resource_info_smoked_fish,0,,"A catch preserved! Enjoy this flavoursome fish now, or store it for later."
resource_info_salted_eel,0,,"Slippery no more, these will keep.  Savour blaunche porre with leeks and honey later."
resource_info_dummy,0,,A strawman. The perfect stand-in enemy for practicing melee skills.
resource_info_practice_target,0,,Ever decreasing circles for accuracy practice in ranged attacks.
resource_info_water_bucket,0,,A simple pail for transporting water.
resource_info_flamable_oil,0,,Slick liquid that will catch fire in favourable conditions.
resource_info_flamable_oil_greek_fire,0,,Fierce combustible that cannot be quenched with water. Said to contain quicklime and saltpetre.
equipment_material_iron,0,,Iron
equipment_material_steel,0,,Steel
equipment_material_silver,0,,Silver
equipment_material_gold,0,,Gold
equipment_material_bone,0,,Bone
equipment_material_wood,0,,Wood
equipment_material_wicker,0,,Wicker
equipment_material_linen,0,,Linen
equipment_material_leather,0,,Leather
equipment_material_wool,0,,Wool
equipment_material_hay,0,,Straw
equipment_material_metal,0,,Metal
equipment_material_cloth,0,,Clothing Fabric
equipment_material_leather_deer,0,,Deer hide
equipment_material_leather_hare,0,,Hare pelt
equipment_material_leather_wolf,0,,Wolf pelt
equipment_material_leather_boar,0,,Boar pelt
equipment_material_leather_fox,0,,Fox pelt
equipment_material_leather_rat,0,,Rat pelt
equipment_material_leather_water_vole,0,,Water vole pelt
equipment_material_leather_polecat,0,,Polecat pelt
equipment_material_leather_cow,0,,Cow hide
equipment_material_leather_goat,0,,Goat skin
equipment_material_leather_sheep,0,,Sheep skin
equipment_material_leather_donkey,0,,Ass hide
equipment_material_leather_cat,0,,Cat skin
equipment_material_leather_dog,0,,Dog pelt
equipment_material_leather_human,0,,Human skin
equipment_material_leather_bear,0,,Bear skin
Equipment name,0,,
equipment_name_dagger,0,,Dagger
equipment_name_short_sword,0,,Short Sword
equipment_name_falchion,0,,Falchion
equipment_name_knightly_sword,0,,Knightly Sword
equipment_name_longsword,0,,Longsword
equipment_name_greatsword,0,,Greatsword
equipment_name_staff,0,,Staff
equipment_name_cudgel,0,,Cudgel
equipment_name_bludgeon,0,,Bludgeon
equipment_name_mace,0,,Mace
equipment_name_two_handed_mace,0,,Two Handed Mace
equipment_name_two_handed_flanged_mace,0,,Two Handed Flanged Mace
equipment_name_military_pick,0,,Military Pick
equipment_name_spear,0,,Spear
equipment_name_reinforced_spear,0,,Reinforced  Spear
equipment_name_berdiche,0,,Berdiche
equipment_name_billhook,0,,Billhook
equipment_name_warfork,0,,Warfork
equipment_name_hatchet,0,,Hatchet
equipment_name_greataxe,0,,Greataxe
equipment_name_warhammer,0,,Warhammer
equipment_name_two_handed_warhammer,0,,Two Handed Warhammer
equipment_name_flail,0,,Flail
equipment_name_reinforced_flail,0,,Reinforced Flail
equipment_name_two_handed_flail,0,,Two Handed Flail
equipment_name_short_bow,0,,Short Bow
equipment_name_war_bow,0,,War Bow
equipment_name_curved_bow,0,,Curved Bow
equipment_name_long_bow,0,,Longbow
equipment_name_light_crossbow,0,,Light Crossbow
equipment_name_crossbow,0,,Crossbow
equipment_name_heavy_crossbow,0,,Heavy Crossbow
equipment_name_throwing_axes,0,,Throwing Axes
equipment_name_light_javelins,0,,Javelins
equipment_name_sling,0,,Sling
equipment_name_sling_staff,0,,Stave Sling
equipment_name_bolas,0,,Bolas
equipment_name_hand_ram,0,,Battering Ram
equipment_name_metal_hand_ram,0,,Metal Battering Ram
equipment_name_armor,0,,Armour
equipment_name_light_armor,0,,Light Armour
equipment_name_forest_light_armor,0,,Wood Armour
equipment_name_macabre_armor,0,,Bone Armour
equipment_name_mail_armor,0,,Mail Armour
equipment_name_plate_armor,0,,Plate Armour
equipment_name_savage_heavy_armor,0,,Savage Plate Armour
equipment_name_plate_helmet,0,,Great Helm
equipment_name_pigface_helmet,0,,Pigface Helmet
equipment_name_helmet,0,,Helmet
equipment_name_light_helmet,0,,Light Helmet
equipment_name_macabre_helmet,0,,Bone Helmet
equipment_name_mail_helmet,0,,Mail Helmet
equipment_name_mask,0,,Mask
equipment_name_horned_mask,0,,Horned Mask
equipment_name_horned_helmet,0,,Horned Helmet
equipment_name_gambeson_armor,0,,Gambeson
equipment_name_heretic_helmet,0,,Heretic Helmet
equipment_name_kettle_helmet,0,,Kettle Helmet
equipment_name_viking_helmet,0,,Viking Helmet
equipment_name_buckler_shield,0,,Buckler
equipment_name_kite_shield,0,,Kite Shield
equipment_name_tower_shield,0,,Tower Shield
equipment_name_pavise_shield,0,,Pavise Shield
equipment_name_shield,0,,Shield
equipment_name_macabre_shield,0,,Bone Shield
equipment_name_winter_clothes,0,,Winter Clothes
equipment_name_summer_clothes,0,,Summer Clothes
equipment_name_wide_hat,0,,Wide Hat
equipment_name_cap,0,,Cap
equipment_name_shackles,0,,Shackles
equipment_name_crown,0,,Crown
equipment_name_heretic_crown,0,,Heretic Crown
equipment_name_sack_hood,0,,Sackcloth Hood
equipment_name_headband,0,,Headband
equipment_name_chaperon,0,,Chaperon
equipment_name_mouthpiece,0,,Kerchief
equipment_name_head_scarf,0,,Head Scarf
equipment_name_hood,0,,Hood
equipment_name_wolf_headpiece,0,,Wolf Headpiece
equipment_name_boar_headpiece,0,,Boar Headpiece
equipment_name_stag_headpiece,0,,Stag Headpiece
equipment_name_hare_headpiece,0,,Hare Headpiece 
Equipment_info,0,,
equipment_info_dagger,0,,Always handy when you need to get to the point. Best for close combat - eye gouging and slitting throats.
equipment_info_short_sword,0,,The single-handed weapon of choice for slicing through armoured opponents. Keep it sharp.
equipment_info_falchion,0,,"Light and elegant with a single, deadly cutting edge. Ideal for slashing."
equipment_info_knightly_sword,0,,"A double-edged weapon, best aimed at the chinks in your opponent's armour."
equipment_info_longsword,0,,"A long-handled sword to be gripped and swung with both hands, ideally while charging on horseback in plate armour."
equipment_info_greatsword,0,,A huge claymore like this needs a double hand grip and a mighty warrior to wield it. 
equipment_info_staff,0,,"An unassuming weapon, but deadly in the right hands. Take a wide stance with hands apart, to parry or lunge."
equipment_info_cudgel,0,,"A stout club, which works well as a rudimentary form of self-defence."
equipment_info_bludgeon,0,,"A short, heavy club. Basic, but effective in the hands of a thug or a cannibal."
equipment_info_mace,0,,"Not an accurate weapon, but brutal when a blow lands. Splits armour and crushes bones."
equipment_info_two_handed_flanged_mace,0,,"The hard ridges on this mighty mace inflict damage on plate armour, and crush the wearer. Win win!"
equipment_info_two_handed_mace,0,,"This mighty weapon will not pierce armour, but it will stun and pulverize the contents. A symbol of great power."
equipment_info_military_pick,0,,A narrow point on this long weapon makes it ideal for swinging at enemies to pierce their plate mail.
equipment_info_spear,0,,"This may be just a pointed stick, but it does the job at a pinch. For fending off wolves and warmongers."
equipment_info_reinforced_spear,0,,Not particularly sophisticated - even a serf can wield one. But devastating in the hands of a trained soldier.  
equipment_info_berdiche,0,,"A variety of poleaxe with a tall, heavy blade. Let it fall and cut down heretics as it may."
equipment_info_billhook,0,,"A sharp hook for coppicing trees. This peasant's tool doubles as a weapon, popular among the Faithful Sons of England."
equipment_info_warfork,0,,"Whether you see yourself as a pitchfork-wielding peasant or more of a mighty Neptune type, the warfork has you covered."
equipment_info_hatchet,0,,"A neat, single handed axe. Chop wood, carry water, and split marauder's heads with it. So versatile."
equipment_info_greataxe,0,,"Designed specifically for hewing limbs from humans, rather than trees. Inflicts deep, devastating wounds."
equipment_info_warhammer,0,,A blunt instrument for inflicting damage on your enemy's helmeted head. Or take out their horse's legs.
equipment_info_two_handed_warhammer,0,,Delivers a forceful and targeted blow to your armoured opponent. Dent his confidence!
equipment_info_flail,0,,"Useful for threshing grain, or your foes. Handy for catching the edge of a shield but unsophisticated."
equipment_info_reinforced_flail,0,,"Only useful at short range, this weapon has been customised for greater intimidation. A thuggish weapon."
equipment_info_two_handed_flail,0,,"What you sacrifice in speed, you can make up for in sheer brute force. Inaccurate but imposing."
equipment_info_short_bow,0,,"A compact bow, perfect for use on horseback. Favoured by the Saracens."
equipment_info_war_bow,0,,Bowmen tell of the Welsh and English prevailing in the great archery duel at Crécy. They used bows such as these.
equipment_info_long_bow,0,,"A regular wooden bow fashioned from a single piece of yew, with reinforced nocks. A standard weapon for centuries."
equipment_info_curved_bow,0,,"All bowyers are inspired by Tristan's legendary bow, Fail Not. This beautifully-balanced weapon comes close."
equipment_info_light_crossbow,0,,"Easier to use and quicker to reload than a regular crossbow. Lacking force, it's best for finishing off a wounded foe."
equipment_info_crossbow,0,,"Favoured by Genoese mercenaries, this bow gives flight to a short, heavy bolt that can pierce chain mail."
equipment_info_heavy_crossbow,0,,A bow hard to cock requiring a strong archer to wield it. But the force of the arrow is unsurpassed.
equipment_info_throwing_axes,0,,A ranged weapon that is easy to wield but hard to master. Best lodged in the backs of your fleeing enemies.
equipment_info_light_javelins,0,,A thrown spear that glints in the sun as it arcs towards your doomed assailants. A ranged alternative to archery.
equipment_info_sling,0,,"Do not underestimate the humble sling. Experts may loose stones faster than arrows, pelting foes with rugged rain."
equipment_info_sling_staff,0,,"Part staff, part sling. Extends the length or your reach to great effect, especially handy for high walls and sieges."
equipment_info_bolas,0,,"A weapon that looks like a toy. Spinning around their axis, these flying orbs will break the target's legs."
equipment_info_hand_ram,0,,A stout wooden pole shaped for smashing down doors. Powered by human strength and determination.
equipment_info_metal_hand_ram,0,,"An armoured pole, to splinter even the sturdiest of portals. Heavy to wield but worth the effort."
equipment_info_light_armor,0,,"Inexpensive and easy to repair, this boiled leather armour is lightweight and deflects most cuts."
equipment_info_forest_light_armor,0,,"The forest provides. For those without a forge, particularly Manx cannibals, wooden plate will suffice."
equipment_info_mail_armor,0,,"Flexible and easy to wear, mail offers good protection from sharp blades, helping to avert festering battlefield wounds."
equipment_info_plate_armor,0,,Knightly armour costs a small fortune. But invulnerability to swords and protection from blunt trauma comes at a price.
equipment_info_savage_heavy_armor,0,,"Dented and rusty, this is no armour for a shining knight. Bright metal is shunned among those who work in darkness."
equipment_info_plate_helmet,0,,"Seeing and breathing are restricted. But there is no finer headgear than a plate metal helmet, worthy of a crusader."
equipment_info_light_helmet,0,,This sturdy headgear offers some basic protection from glancing blows and slashes to the face.
equipment_info_mail_helmet,0,,"A mail coif is a wise addition to any set of armour, helping to deflect blades aimed at the back of the head or neck."
equipment_info_forest_mask,0,,"A stiff, wooden visage, unmoving in the face of human tragedy. The Green Man laughs at death."
equipment_info_forest_horned_mask,0,,"A carved helm is imbued with the untamed spirit of the inhuman world, beyond the campfire. Fear the unknown."
equipment_info_forest_horned_helmet,0,,"A helm to invoke the terror of the Horned God, Lord of the Forest. Any swept up by Herne's hunt will be harried to the ends of time."
equipment_info_gambeson_armor,0,,"A tough, quilted doublet favoured by infantry. The original body armour, it can stop arrows piercing the wearer."
equipment_info_macabre_armor,0,,"Armour fashioned from bone, evoking the tortoise or the crab. Some of the bone may be human."
equipment_info_macabre_helmet,0,,"An outer skull, if you will. Usually sported by those who savour human flesh."
equipment_info_heretic_helmet,0,,This horned headgear adds a demonic look to any outfit. Favoured by architects of chaos.
equipment_info_kettle_helmet,0,,"A brimmed, metal war hat, familiar to all who have marched on the battlefields of Europe. "
equipment_info_buckler_shield,0,,"A small, nimble, circular shield, ideal for duels and other hand-to-hand combat. "
equipment_info_kite_shield,0,,"A tall and unwieldy shield that comes into its own when used on horseback, protecting both horse and rider. "
equipment_info_heater_shield,0,,"A sturdy shield offers a good level of protection from arrows, blows and cuts. Used with a single-handed weapon."
equipment_info_tower_shield,0,,"This tall, heavy shield wards against projectiles and can be deployed in a shield wall. Use to safeguard archers."
equipment_info_pavise_shield,0,,A belief in basketry is the only thing standing betwixt the wielder of this flimsy shield and certain death.
equipment_info_macabre_shield,0,,"Adorned with an osseous device, this decorative shield serves as a memento mori for both wearer and assailant."
equipment_info_winter_clothes,0,,"Wrapping up in many layers is essential in the notoriously cold, damp depths of the English winter."
equipment_info_summer_clothes,0,,"Lightweight, breathable clothes are best for the summer months, when workers often overheat or get sunburnt outdoors."
equipment_info_cap,0,,Keep the head snug and protect hair from woodsmoke and lice with a suitable headcovering.
equipment_info_wide_hat,0,,"Ideal for harvesting or any outdoor labour, a wide-brimmed hat keeps off both the sun and the rain."
equipment_info_shackles,0,,Strong iron manacles are essential to prevent captives from escape and other mischief.
equipment_info_macabre_crown,0,,Worn more for display than protection. The effect is fearsome.
equipment_info_druid_crown,0,,"A circlet wreathed in oak leaves, evoking wisdom and growth with the waxing power of the midsummer king."
equipment_info_heretic_crown,0,,Swapping a crown of thorns for a circle of horns is a heretical act. And so the wearer turns authority upon its head.
equipment_info_sack_hood,0,,"A rough sack about the head giving the wearer a disturbing, scarecrow-like appearance."
equipment_info_headband,0,,A strip of cloth worn crownwise - perchance keeps straying hair off the face.
equipment_info_mouthpiece,0,,A square of fabric worn to cover the face or head. Beloved of bandits.
equipment_info_head_scarf,0,,"A simple cloth head covering. Easily adaptable for warmth, or disguise."
equipment_info_hood,0,,"Used for stealth and concealed identity by fugitives and outlaws, in the tradition of Robin Hood."
equipment_info_wolf_headpiece,0,,"Mountain folk tell tales of shifting into wolf form, of hunting in packs. This headgear evokes the howling fear of the unknown."
equipment_info_boar_headpiece,0,,"The warrior cult of the boar is resurgent, mainly in Northumbria. Pagan soldiers yet pray to its god, Vitiris, for courage."
equipment_info_stag_headpiece,0,,"An antlered nod to our ancient goddess, Elen of the Ways. Or a plea to join Herne's Hunt. Uncanny, and sartorially Pagan."
equipment_info_hare_headpiece,0,,"Evokes shapeshifing and heralds disaster. The wearer embodies fertility, madness, and death. Beware the hare."
equipment_info_chaperon,0,,The quintessential 14th century headgear - a caped hood with a long liripipe.
equipment_info_reinforced_wooden_shield,0,,"This reinforced shield gives added protection, but comes with added weight. A trade off that may save your life."
equipment_info_bone_bow,0,,"A shortbow fashioned from animal bone, hide and sinew. "
resource_category_name_CtgAlcoholMat,0,,Alcohol Ingredients
resource_category_name_CtgAnimHerbFood,0,,Herbivore Food
resource_category_name_CtgAperal,0,,Apparel
resource_category_name_CtgArmor,0,,Armour
resource_category_name_CtgBuildMat,0,,Construction Material
resource_category_name_CtgCarcass,0,,Carcass
resource_category_name_CtgChemMat,0,,Chemical
resource_category_name_CtgClothMat,0,,Clothing Fabric
resource_category_name_CtgCookingMat,0,,Primary Cooking Ingredient
resource_category_name_CtgSecondCookingMat,0,,Secondary Cooking Ingredient
resource_category_name_CtgDesinf,0,,Disinfectants
resource_category_name_CtgEdible,0,,Edible
resource_category_name_CtgFruit,0,,Fruits
resource_category_name_CtgFuel,0,,Fuel
resource_category_name_CtgHealPack,0,,Medicine
resource_category_name_CtgItem,0,,Item
resource_category_name_CtgMeal,0,,Meals
resource_category_name_CtgMeat,0,,Meat
resource_category_name_CtgMetal,0,,Metal
resource_category_name_CtgPresMat,0,,Preservatives
resource_category_name_CtgRawMat,0,,Raw Material
resource_category_name_CtgRawMeat,0,,Raw Meat
resource_category_name_CtgResearch,0,,Knowledge
resource_category_name_CtgVegetable,0,,Vegetables
resource_category_name_CtgWaste,0,,Waste
resource_category_name_CtgWeapon,0,,Weapons
resource_category_name_CtgAlcohol,0,,Alcohol
resource_category_name_CtgLeatherMat,0,,Leather
resource_category_name_CtgTextileMat,0,,Textiles
resource_category_name_CtgHumanCarcass,0,,Human Carcass
resource_category_name_CtgStructure,0,,Structure
resource_category_name_CtgSeeds,0,,Seeds
resource_category_name_CtgCandleFuel,0,,Candle Material
resource_category_name_CtgDestilMat,0,,Distillery ingredients
resource_group_Apparel,0,,Apparel
resource_group_ApparelClothing,0,,Clothing
resource_group_ApparelHeadware,0,,Hats
resource_group_Books,0,,Books
resource_group_Carcass,0,,Carcass
resource_group_CarcassAnimal,0,,Animal
resource_group_CarcassHuman,0,,Human
resource_group_Food,0,,Food
resource_group_FoodMeal,0,,Meal
resource_group_FoodRaw,0,,Raw
resource_group_Material,0,,Material
resource_group_Textiles,0,,Textiles
resource_group_Warfare,0,,Warfare
resource_group_WarfareArmor,0,,Armour
resource_group_WarfareShield,0,,Shield
resource_group_WarfareWeapon,0,,Weapon
resource_group_WarfareWeaponMelee,0,,Melee
resource_group_WeaponMelee,0,,Melee
resource_group_WeaponRanged,0,,Ranged
resource_group_Waste,0,,Waste
resource_group_ArmorBody,0,,Body Armour
resource_group_ArmorHead,0,,Headgear
resource_group_MeleeOnehanded,0,,One Handed Melee
resource_group_MeleeTwohanded,0,,Two Handed Melee
resource_group_Medicine,0,,Medicine
resource_group_MaterialUnrefined,0,,Raw Material
resource_group_MaterialManufactured,0,,Manufactured
resource_group_Structures,0,,Structures
resource_group_Water,0,,Water
resource_group_Base,0,,Base
resource_group_StructuresLeisure,0,,Leisure
resource_group_StructuresDecoration,0,,Misc
resource_group_StructuresFurniture,0,,Furniture
resource_group_StructuresDefense,0,,Warfare
resource_group_StructuresProduction,0,,Production
resource_group_Seeds,0,,Seeds
resource_group_Trophy,0,,Trophies
resource_group_FoodFermenting,0,,Fermenting ingredients
resource_group_Fodder,0,,Fodder
resource_group_Decoration,0,,Misc
resource_category_name_CtgFodder,0,,Fodder
resource_category_name_CtgGold,0,,Gold
resource_group_Coin,0,,Coins
resource_group_Misc,0,,Misc
resource_category_name_CtgOilSource,0,,Oil Source
resource_group_Ammo,0,,Ammunition
resource_group_AmmoProjectile,0,,Trebuchet Ammunition
resource_group_AmmoPierce,0,,Ballista Ammunition
resource_group_AmmoMultishot,0,,Onager Ammunition
resource_group_Relic,0,,Holy Relic
resource_group_Grandoak,0,,Mighty Oak
resource_group_Skillbooks,0,,Textbooks
resource_group_Grandbook,0,,Influential Treatise
resource_group_MealSimple,0,,Simple Meal
resource_group_MealLavish,0,,Lavish Meal
resource_group_winter_clothes_tainted,0,,Winter Clothes (Tainted)
resource_group_summer_clothes_tainted,0,,Summer Clothes (Tainted)
resource_name_pet,0,,Pet
perk_name_Vigorous,0,,Vigorous
perk_name_Robust,0,,Robust
perk_name_Infirm,0,,Infirm
perk_name_Moribund,0,,Moribund
perk_name_NightOwl,0,,Night Owl
perk_name_FortyWinks,0,,Forty Winks
perk_name_Somnolent,0,,Somnolent
perk_name_EarlyBird,0,,Early Bird
perk_name_Stout,0,,Stout
perk_name_Gluttonous,0,,Gluttonous
perk_name_IronStomach,0,,Iron Stomach
perk_name_Gourmet,0,,Gourmet
perk_name_Austere,0,,Austere
perk_name_Gobbler,0,,Gobbler
perk_name_Congenial,0,,Congenial
perk_name_Outgoing,0,,Outgoing
perk_name_Churl,0,,Churl
perk_name_Contemplative,0,,Contemplative
perk_name_Industrious,0,,Industrious
perk_name_LordofMisrule,0,,Lord of Misrule
perk_name_Hedonist,0,,Hedonist
perk_name_Listless,0,,Listless
perk_name_Benevolent,0,,Benevolent
perk_name_Ruthless,0,,Ruthless
perk_name_Brawler,0,,Brawler
perk_name_Disfigured,0,,Disfigured
perk_name_Illfavoured,0,,Ill-favoured
perk_name_Winsome,0,,Winsome
perk_name_Fair,0,,Fair
perk_name_Ravishing,0,,Ravishing
perk_name_Swigger,0,,Swigger
perk_name_PunchDrunk,0,,Punch Drunk
perk_name_Lightweight,0,,Lightweight
perk_name_HeatResistant,0,,Heat resistant
perk_name_ColdHardy,0,,Cold hardy
perk_name_HotBlooded,0,,Hot-blooded
perk_name_Chilly,0,,Chilly
perk_name_Vulnerable,0,,Vulnerable
perk_name_ElfShot,0,,Elf Shot
perk_name_GreenThumb,0,,Green Thumb
perk_name_Strapping,0,,Strapping
perk_name_Wicche,0,,Wicche
perk_name_Ascetic,0,,Ascetic
perk_name_Dainty,0,,Dainty
perk_name_Precious,0,,Precious
perk_name_Whirlwind,0,,Whirlwind
perk_name_FleetFooted,0,,Fleet Footed
perk_name_Brawny,0,,Brawny
perk_name_Sluggardly,0,,Sluggardly
perk_name_Laggardly,0,,Laggardly
perk_name_Hefty,0,,Hefty
perk_name_SunSeeker,0,,Sun Seeker
perk_name_SnowWhite,0,,Snow White
perk_name_Washout,0,,Washout
perk_name_Dullard,0,,Dullard
perk_name_Wise,0,,Wise
perk_name_Erudite,0,,Erudite
perk_name_Bloodlust,0,,Bloodlust
perk_name_Callous,0,,Callous
perk_name_Cannibal,0,,Cannibal
perk_name_Gossipmonger,0,,Gossipmonger
perk_name_BoneCollector,0,,Bone Collector
perk_name_Macabre,0,,Macabre
perk_name_Pyromancer,0,,Pyromancer
perk_name_SweetToothed,0,,Sweet-Toothed
perk_name_Prophet,0,,Prophet
perk_name_Mudskipper,0,,Mudskipper
perk_name_Flamekissed,0,,Flamekissed
perk_name_Riverborn,0,,Riverborn
perk_name_Workshy,0,,Workshy
perk_name_Ironblood,0,,Ironblood
perk_name_Bowdrunk,0,,Bowdrunk
perk_name_Siegewise,0,,Siegewise
perk_name_Wardenborn,0,,Weardborn
perk_name_Pitiless,0,,Pitiless
perk_name_Wildwyrd,0,,Wildwyrd
perk_name_Herbivore,0,,Herbivore
perk_name_Steadfast,0,,Steadfast
perk_name_Nimbleblade,0,,Nimbleblade
perk_name_Bloomer,0,,Greensoul
perk_name_Stoic,0,,Stoic
perk_name_Splinter,0,,Splinter
perk_name_Reeky,0,,Reeky
perk_name_Bareknuckled,0,,Bareknuckled
perk_name_Beastmaster,0,,Beastmaster
perk_info_Vigorous,0,,"Bursting with health and vitality, <name> is never sick for long."
perk_info_Robust,0,,"<name> appears unassailable, bouncing back swiftly from injuries that would put others in the grave."
perk_info_Infirm,0,,Fragile health is a burden that <name> has always had to bear. [He/She] is often convalescent.
perk_info_Moribund,0,,"<name> often has an unwholesome smell, emanating from foetid bandages. [He/She] is slow to heal when injured."
perk_info_NightOwl,0,,<name> feels most alive working during the hours of darkness. [He/She] can survive happily with very little sleep.
perk_info_FortyWinks,0,,<name> only needs to shut [his/her] eyes for the briefest of cat naps to feel fully restored.
perk_info_Somnolent,0,,"<name> loves nothing better than a nice, long snooze. In fact, [he/she] needs more sleep than most just to function."
perk_info_EarlyBird,0,,"<name> relishes getting to work at daybreak, when the first cock crows. An early bedtime is essential."
perk_info_Stout,0,,"<name> jokes that [his/her] ample belly is a great asset, storing energy for lean times. Getting around is slower, though."
perk_info_Gluttonous,0,,"Food, glorious food! <name> simply loves to eat, whenever, and wherever possible."
perk_info_IronStomach,0,,One of <name>'s favourite tricks is eating horseshoe nails or soap. It's a special talent to be able to eat literally anything.
perk_info_Gourmet,0,,"Ah, la joie de cuisiner! <name> is everyone's favourite cook, with endless culinary skills that tantalise the tastebuds."
perk_info_Austere,0,,"<name> has mastered discipline and self-denial. [He/She] often fasts, going for days without food with no ill effect."
perk_info_Gobbler,0,,"The only way to preserve food is to eat it, quickly. At least that's what <name> thinks."
perk_info_Congenial,0,,"Out of sight, out of mind, that's <name>'s motto. [He/She] doesn't worry about things beyond [his/her] control."
perk_info_Outgoing,0,,"<name> is a great sport, always setting up bouts, games and sing alongs. [He/She] is a jolly soul."
perk_info_Churl,0,,"Mean and surly, barely even civil. <name> is hard to work with and harder still to befriend."
perk_info_Contemplative,0,,<name> spends most of [his/her] time with [his/her] own thoughts. The rest of us are not invited.
perk_info_Industrious,0,,"<name> is certainly a busy bee, buzzing around getting things done from dawn til dusk. [He/She] never seems to rest."
perk_info_LordofMisrule,0,,"For some, tricks and buffoonery were a midwinter indulgence, but <name> liked to play jokes all year long."
perk_info_Hedonist,0,,"Without a bit of excitement, <name> quickly gets bored, and starts causing trouble. Quite the drama queen."
perk_info_Listless,0,,"<name> tends to mope about complaining, and is a total wet blanket if anything fun is suggested. [He/She] generally isn't invited."
perk_info_Benevolent,0,,<name> is a ray of hope in an otherwise bleak existence. [He/She] makes everyone feel better.
perk_info_Ruthless,0,,"<name> is extremely candid, and doesn't suffer fools gladly. Those who can't handle the unvarnished truth tend to steer clear."
perk_info_Brawler,0,,"Whenever a fist fight breaks out, you can guarantee that <name> started it."
perk_info_Disfigured,0,,"After the fire, <name> did not really have a face, but [he/she] had a purpose. Few will look <name> in the eye."
perk_info_Illfavoured,0,,"<name> was born with a boss eye, which made it difficult to know where to look when speaking to [him/her]."
perk_info_Winsome,0,,"Everyone loved <name>: the shy and the bold, knights, children, young and old. [He/She] was beautiful to behold."
perk_info_Fair,0,,Who is the fairest of them all? <name> of course! [His/Her] natural charm makes it very hard for anyone to say 'no'.
perk_info_Ravishing,0,,"Of all the flowers in <village_name>, <name> bearest the prize. [He/She] is as bonny and blithe as a summer breeze."
perk_info_Swigger,0,,"It's thirsty work! <name> likes to drink on the job, and it makes [him/her] work faster."
perk_info_PunchDrunk,0,,"If you share alcohol with <name>, expect a black eye, or worse. [He/She] is an angry drunk."
perk_info_Lightweight,0,,<name> really cannot hold [his/her] drink. Even a tiny tipple will make <name> doze off.
perk_info_HeatResistant,0,,"Even in scorching conditions, <name> can take the heat. [He/She] loves working in the sun."
perk_info_ColdHardy,0,,<name> seems impervious to the cold. [He/She] works on throughout the harshest days of winter.
perk_info_HotBlooded,0,,"<name> seems to be permanently overheated, throwing open windows and shunning warm clothes. [He/She] should be kept cool."
perk_info_Chilly,0,,"<name> always complains of draughts and chills, and huddles close to the fire. [He/She] must be kept warm."
perk_info_Vulnerable,0,,"<name> suffers constantly from gout or flux, rashes or spasms. [His/Her] constitution is decidedly feeble."
perk_info_ElfShot,0,,Excruciating back pains that <name> endures were doubtless caused by fairy arrows. What had [he/she] done to deserve such misery?
perk_info_GreenThumb,0,,"<name> has always loved plants...sometimes better than people. [He/She] tends them, and they thrive."
perk_info_Strapping,0,,"<name> is as strong as an ox. [He/She] is always hale and hearty, and never laid low."
perk_info_Wicche,0,,<name> is highly attuned to the natural world. [He/She] listens closely to the feral whispers of plants and animals.
perk_info_Ascetic,0,,"<name> has mastered discipline and self-denial. [He/She] shuns comfort, preferring the austerity of a cold, bare cell."
perk_info_Dainty,0,,"<name> needs the finer things in life to thrive. [He/She] struggles to cope with little things like dirt, cold and hardship."
perk_info_Precious,0,,"<name> is thin skinned, delicate and nervy. It is important to keep [him/her] comfortable."
perk_info_Whirlwind,0,,"<name> runs like the wind, fleet as a deer. [He/She] also walks at quite a clip."
perk_info_FleetFooted,0,,It always feels as though <name> is one step ahead. [His/Her] long legs and rapid stride are the reason.
perk_info_Brawny,0,,<name> is powerful and carries out tough jobs effortlessly.
perk_info_Sluggardly,0,,"Always tardy, always tired. <name> is short on punctuality and is slow to get things done."
perk_info_Laggardly,0,,"<name> struggles to keep up. [He/She] lags behind the others, and takes longer than most to perform the smallest task."
perk_info_Hefty,0,,"<name> is exceptionally large, practically a giant in fact. [He/She] is not built for speed."
perk_info_SunSeeker,0,,<name> comes alive when the sun is shining. A few golden rays is all it takes to bring out the best in [him/her].
perk_info_SnowWhite,0,,<name> loves nothing better than the biting air and crisp frost of midwinter. [He/She] thrives in the cold.
perk_info_Washout,0,,"If there are rainclouds about, <name> is going to be very unhappy. Getting wet makes [him/her] as miserable as sin."
perk_info_Dullard,0,,"It takes <name> a long time to catch on to things, and [he/she] requires a lot of patience. Even then, <name> may not understand."
perk_info_Wise,0,,"<name> often sees things from a new angle, and thinks differently from most. [He/She] is a problem solver."
perk_info_Erudite,0,,"<name> has a rare intellect, and could even be called gifted. [He/She] learns extremely quickly."
perk_info_Bloodlust,0,,"<name> comes into [his/her] own in a fight, roused by the prospect of violent slaughter."
perk_info_Callous,0,,"<name> is unmoved by human mortality. Flesh is a mere commodity, once the soul has fled."
perk_info_Cannibal,0,,<name> is a merciless butcher and devourer of men. [He/She] is fortified by human flesh.
perk_info_Gossipmonger,0,,"<name> makes it [his/her] business to know everyone's business, and to share it widely."
perk_info_BoneCollector,0,,"Where others see death, <name> sees potential. Bones remember, after all."
perk_info_Macabre,0,,"To <name>, rot is hallowed, and every mouldering corpse a tale well told."
perk_info_Pyromancer,0,,"Smoke clings to <name> as shadow to bone, and embers stir at [his/her] passing."
perk_info_SweetToothed,0,,"Some jest that <name> would barter gold for a pot of honey, and count the trade fair made."
perk_info_Prophet,0,,"Often bedridden and of weak constitution, <name>'s foretelling of events quakes even the stoutest of hearts"
perk_info_Mudskipper,0,,"<name> strides merrily through mire and fen, marsh and moor. The wetter, the better."
perk_info_Flamekissed,0,,"<name> cowers before fire like a slave before a cruel master. Flames cling to [him/her] longer than most, carving dark, angry scars."
perk_info_Riverborn,0,,"<name> glides through water like an eel, untroubled by wet or chill. Fish leap to [his/her] nets as if by old magic."
perk_info_Workshy,0,,"<name> is quick to slip away from honest toil, but [he/she] finds endless delight in song, games, and idle pleasures."
perk_info_Ironblood,0,,"<name> thrives on routine, drills and sparring. [He/She] trains relentlessly with an uncanny focus."
perk_info_Bowdrunk,0,,A quiver on the hip and a rhythm in the draw - <name> is obsessed with perfecting every shot.
perk_info_Siegewise,0,,"<name> knows every cog, crank, and counterweight. When the war engines' thunder rises, [he/she] is already one step ahead."
perk_info_Wardenborn,0,,"<name> has a calm authority that settles even the most restless prisoner. [He/She] knows when to speak, when to watch, and when to turn the key."
perk_info_Pitiless,0,,"<name> strips prisoners, sneers at their pleas, and never remembers thier names. Mercy is not part of the job."
perk_info_Wildwyrd,0,,<name> can soothe a raging goat or bring a wild dog to heel with a mere murmur. Creatures know to obey.
perk_info_Herbivore,0,,"<name> eats only plants, not from piety but preference. Raw cabbages? Delicious."
perk_info_Steadfast,0,,"Faced with torture, starvation, or hopelessness, <name> refuses to break. [He/She] has faced horror before, and kept walking."
perk_info_Nimbleblade,0,,"When <name> fights, it's like watching lightening dance. Not a scratch lands on [him/her], but the dead pile up fast."
perk_info_Bloomer,0,,Plants thrive under <name>’s touch. Even barren earth gives up roots and fruit for [him/her].
perk_info_Stoic,0,,Accepts suffering with grace. Pain is but a passing shadow.
perk_info_Splinter,0,,"<name> sometimes wakes up screaming, convinced [he/she] isn't alone in [his/her] own mind. And maybe [he/she]'s right."
perk_info_Reeky,0,,"No matter how often <name> bathes, [he/she] has a distinct whiff of rot about [him/her]. Animals avoid <name>. So do people."
perk_info_Bareknuckled,0,,<name> trusts flesh over forge. [He/She] strikes harder barehanded than most do with blades - none are left standing.
perk_info_Beastmaster,0,,Creatures yield to <name> as if bewitched by the Pied Piper of Hamelin. [He/She] tames beasts with neither fuss nor fear.
prox_info_moribund,0,,"When injured, <name>'s wounds emit a sickly odour that Precious and Dainty settlers find revolting"
prox_info_messy_eather,0,,"<name>'s slobbering, slovenly dining habits can prove unpleasant to witness"
prox_info_positive,0,,"Cheery and thoughtful, <name>'s presence lifts the mood of those close by"
prox_info_negative,0,,"Gruff and gloomy, <name>'s presence dampens the spirits of everyone nearby"
prox_info_industrious,0,,<name>'s work ethic encourages settlers close by to pick up their pace
prox_info_sluggardly,0,,Onlookers experience frustration when they witness <name>'s shoddy work
prox_info_dullard,0,,The Wise and Erudite become short-tempered around <name>'s lack of sense
has_rebellious_state,0,,Additional Rebellious State
rebl_name_EatBindge,0,,Binge Eating
rebl_name_InsultSpree,0,,Heckling
rebl_name_solitaryIdle,0,,Isolating
rebl_name_drinkEntBindge,0,,Reveling
rebl_name_fistFight,0,,Quarrelsome
rebl_name_idleHot,0,,Cooling off
rebl_name_idleCold,0,,Drawn to the fire
rebl_name_natureIdle,0,,Feral
has_merry_state,0,,Invigorated
merry_name_Vigorous,0,,Rejuvenated
merry_name_robust,0,,Revitalised
merry_name_Infirm,0,,Gastronomically Inspired
merry_name_Gourmet,0,,Mighty
merry_name_Brawler,0,,Charming
merry_name_Winsome,0,,Green-fingered
merry_name_GreenThumb,0,,Attuned to beasts
merry_name_Wicche,0,,Inspired
merry_name_Dainty,0,,Set to excavate
merry_name_Hefty,0,,Astute
merry_name_Wise,0,,Ingenious
merry_name_Erudite,0,,Ingenious
negative_chemistry_towards_perks,0,,Does not get along with:
positive_chemistry_towards_perks,0,,Gets along with:
affection_tooltip,0,,Affection
relation_towards,0,,My affection towards <settler_name> : <affection_amount>
relation_from,0,,<settler_name>`s affection towards me: <affection_amount>
affection_borders,0,,Affection Range
effector_name_AffectionPerkChemistryPositive,0,,I get along with:
effector_name_AffectionPerkChemistryNegative,0,,I don't get along with:
building names,0,,
building_name_clay_brick_floor,0,,Clay Brick Floor
building_name_general_floor,0,,Floor
building_name_limestone_block_floor,0,,Limestone Block Floor
building_name_limestone_floor,0,,Limestone Floor
building_name_wood_floor,0,,Wooden Floor
building_name_wicker_floor,0,,Wicker Floor
building_name_metal_grated_platform,0,,Metal Grated Platform
building_name_wicker_mesh_floor,0,,Wicker Grated Floor
building_name_stone_decorative_floor,0,,Decorative Stone Tiled Floor
building_name_clay_decorative_floor,0,,Decorative Clay Tiled Floor
building_name_marble_decorative_floor,0,,Decorative Marble Tiled Floor
building_name_clay_brick_merlon,0,,Clay Brick Merlon
building_name_clay_merlon,0,,Clay Merlon
building_name_general_merlon,0,,Merlon
building_name_limestone_block_merlon,0,,Limestone Block Merlon
building_name_limestone_merlon,0,,Limestone Merlon
building_name_wood_merlon,0,,Wooden Merlon
building_name_dirt_voxel,0,,Soil
building_name_clay_brick_wall_element,0,,Clay Brick Wall
building_name_clay_wall_element,0,,Clay Wall
building_name_general_wall,0,,Wall
building_name_limestone_block_wall_element,0,,Limestone Block Wall
building_name_limestone_wall_element,0,,Limestone Wall
building_name_wood_wall_element,0,,Wooden Wall
building_name_dirt_slope,0,,Slope
building_name_general_stairs,0,,Stairs
building_name_clay_brick_stair,0,,Clay Brick Stair
building_name_clay_stair,0,,Clay Stair
building_name_limestone_block_stair,0,,Limestone Block Stair
building_name_limestone_stair,0,,Limestone Stair
building_name_wood_stair_straight,0,,Wooden Stair Straight
building_name_wooden_stair_square,0,,Wooden Stair Square
building_name_clay_brick_window,0,,Clay Brick Window
building_name_clay_window,0,,Clay Window
building_name_general_window,0,,Window
building_name_limestone_block_window,0,,Limestone Block Window
building_name_limestone_window,0,,Limestone Window
building_name_wood_window,0,,Wooden Window
building_name_tall_gate,0,,Tall Gate
building_name_gate,0,,Gate
building_name_portcullis,0,,Portcullis 
building_name_wood_gate_tall,0,,Tall Gate
building_name_wood_gate,0,,Gate
building_name_wood_portcullis,0,,Portcullis 
building_name_wood_ornate_gate_tall,0,,Ornate Tall Gate
building_name_wood_ornate_gate,0,,Ornate Gate
building_name_grated_door,0,,Grated Door
building_name_wicker_door,0,,Wicker Door
building_name_wood_door,0,,Wooden Door
building_name_reinforced_door,0,,Reinforced Door
building_name_barn_door,0,,Barn Door
building_name_wood_fence_gate,0,,Wooden Gate
building_name_wicker_fence_gate,0,,Wicker Gate
building_name_fence_gate,0,,Fence Gate
building_name_limestone_block_chimney,0,,Limestone Block Chimney
building_name_limestone_chimney,0,,Limestone Chimney
building_name_clay_brick_chimney,0,,Clay Brick Chimney
building_name_clay_brick_beam,0,,Clay Brick Arch
building_name_limestone_block_beam,0,,Limestone Block Arch
building_name_wood_beam,0,,Wooden Beam
building_name_ornate_wood_beam,0,,Ornate Wooden Beam
building_name_wood_ladder,0,,Wooden ladder
building_name_stick_ladder,0,,Stick ladder
building_name_mounted_ballista,0,,Mounted Ballista
building_name_mounted_cannon,0,,Mounted Cannon
building_name_movable_ballista,0,,Movable Ballista
building_name_movable_cannon,0,,Movable Cannon
building_name_movable_organ_gun,0,,Movable Organ Gun
building_name_movable_trebuchet,0,,Movable Trebuchet
building_name_siege_weapon_onager,0,,Onager
building_info_siege_weapon_onager,0,,"A heavy, torsion-powered catapult. Hurl offensive items at long range."
building_name_siege_weapon_ballista,0,,Ballista
building_name_siege_weapon_trebuchet,0,,Trebuchet
building_name_minting_station,0,,Coin Mint
building_info_minting_station,0,,Position the gold blank and strike the hammer on the metal die. Clink! A freshly minted coin.
building_name_siege_weapon_canon,0,,Pot-de-fer
building_info_siege_weapon_canon,0,,Fires heavy shot from a fixed position.
building_name_siege_weapon_prism,0,,Prism
building_info_siege_weapon_prism,0,,Harnesses and directs the power of light as a potent weapon.
building_name_rally_point_marker,0,,Rally Point
building_info_rally_point_marker,0,,Settlers gather here when drafted.
building_name_large_bell,0,,Large Bell
building_info_large_bell,0,,Ring the bell to call in settlers to activated rally points.
rally_point_panel_desc,0,,Select which settlers will gather at this point when drafted.
bell_panel_desc,0,,Select the rally points that will activate when you ring this bell.
rally_point_marker_default_name,0,,Rally Point
bell_default_name,0,,Large Bell
rally_point_panel_armed_only,0,,Armed Settlers only
rally_point_already_in,0,,This settler is already assigned to rally point: 
lb_use_rally_points,0,,Use Rally Points
lb_use_rally_points_title,0,,Assigned to Rally Point
lb_use_rally_points_info,0,,"If unchecked, this settler will not draft when the rally point is activated."
building_name_drawbridge_large,0,,Large Drawbridge
building_name_drawbridge_medium,0,,Drawbridge
building_name_drawbridge_short,0,,Short Drawbridge
building_info_drawbridge,0,,A movable bridge that can be used defensively to keep enemies out. Clear livestock and items from its path when lowering to avoid destruction! 
building_name_ornate_bookshelf,0,,Ornate Bookshelf
building_info_ornate_bookshelf,0,,"Sorted alphabetically, the librarian's most valuable textbooks reside here. They are read to settlers who are keen to learn during Study Groups."
building_name_relic_shelf,0,,Altar Shelf
building_info_relic_shelf,0,,A fitting spot to display a mystical item of great importance.
building_name_war_chest,0,,War Chest
building_info_war_chest,0,,A mighty strongbox to keep gold coin for brokerage and similar purposes under lock and key.
building_name_standing_decoration_pagan,0,,Oak Brethren Idol
building_info_standing_decoration_pagan,0,,"Human or animal? This shapely natural form is hard to categorise, but easy to revere."
building_name_skittles,0,,Skittles
building_info_skittles,0,,Roll a heavy leather ball at nine wooden pins and let them tumble! Generally enjoyed with a pint of cider or ale.
building_name_quoits,0,,Quoits
building_info_quoits,0,,Attempts to ban this hoop tossing game from the taverns of England for encouraging idleness have largely failed.
building_name_shovelboard,0,,Shovelboard
building_info_shovelboard,0,,"Formerly a game reserved for nobility, anybody with a groat in their pocket these days can slide it down the board to score."
building_name_librarian_book_stand,0,,Scholars' Lectern
building_info_librarian_book_stand,0,,"The librarian perches a precious textbook here, and reads - sometimes translating from latin or french - for the settlers at Study Group."
building_name_sergeants_podium,0,,Sergeant's Podium
building_info_sergeants_podium,0,,Here the sergeant stands when providing Martial Training to settlers who aspire to improve their fighting skills.
building_name_market_centar_marker,0,,Market Cross
building_info_market_centar_marker,0,,"Every thriving market town aspires to build a stone market cross as a hub for trade, proclamations and justice."
building_name_sparing_area,0,,Sparring ground
building_info_sparing_area,0,,"Let them duel it out, while the crowd looks on and jeers. Some practice willingly, others are thrown into the pit for sport."
building_name_stage,0,,Stage
building_info_stage,0,,All the world's a stage...but troubadours and jongleurs rather prefer a raised platform in a decorative tent when putting on a show.
building_name_strategy_table,0,,War table
building_info_strategy_table,0,,The small model castle and troops may look like toys. But the games mapped out on this strategy table are deadly serious.
building_name_merchant_table,0,,Merchant's table
building_info_merchant_table,0,,"A finely-polished surface, ideal for balancing ledgers and counting coins, or even collecting taxes!"
building_name_model_solar_system,0,,Planetarium
building_info_model_solar_system,0,,"A model of the firmament, with glittering planets denoting our nearest heavenly neighbours. But whether to put Helios in the middle, or our own globe, Terra? A conundrum."
building_name_scales,0,,Scales
building_info_scales,0,,Coin balances are a necessity since Edward I proclaimed money should be weighed to stop coin clippers stealing.
building_name_grand_research_table,0,,Grand Research Table
building_info_grand_research_table,0,,"An ancient, hefty table, stained with ink. Perfect for gathering many manuscripts together and consulting them to write an influential treatise."
building_name_chess_pawn,0,,Pawn
building_name_chess_rook,0,,Rook
building_name_chess_knight,0,,Knight
building_name_chess_bishop,0,,Bishop
building_name_chess_king,0,,King
building_name_chess_queen,0,,Queen
building_info_chess_piece,0,,"The statue resembles a chess piece. Its etched features stack definitively atop one another, like moves in a long, careful game"
building_name_foxy_statue,0,,Statue of a Fox
building_info_foxy_statue2,0,,Quite foxy...
building_info_foxy_statue,0,,"<b>A small tribute to those who help keep this community thriving</b>
    Mathijs The Otter Mod
    Lyosha
    alexbb721
    Isabelle 'Lady' Briar
    Lady Kathleen
    Megan_OMCF
    Miss Morrigan Marie
    and you - our Early Access players."
building_name_scarecrow,0,,Scarecrow
building_info_scarecrow,0,,"A man built of sticks and straw, sporting a battered jerkin, hat sagging low. The crows hesitate, not because it moves with the wind, but because it's always watching."
building_name_sundial,0,,Sundial
building_info_sundial,0,,"Its gnomon angled like a monk’s finger, the sundial tracks the hours with shadows. Incised numerals remind all who pass that daylight is a limited resource."
building_name_purple_torch,0,,Torch (Twitch)
building_name_purple_torch_wall,0,,Wall Torch (Twitch)
building_name_purple_brazier,0,,Brazier (Twitch)
building_name_animal_sleeping_spot_hay,0,,Animal Sleeping Spot (hay)
building_info_animal_sleeping_spot,0,,A comfortable spot where domesticated animals will lie down to rest.
production names,0,,
building_name_advanced_research_table,0,,Advanced Research Table
building_name_apothecary_bench,0,,Apothecary Bench
building_name_armourer_table,0,,Armourer's Table
building_name_basic_research_table,0,,Basic Research Table
building_name_general_blacksmith_station,0,,Blacksmith's Forge
building_name_blacksmith_station,0,,Blacksmith's Forge (Limestone Brick)
building_name_clay_brick_blacksmith_station,0,,Blacksmith's Forge (Clay Brick)
building_name_brewing_station,0,,Brewing Station
building_name_butchering_table,0,,Butchering Table
building_name_camp_fire,0,,Campfire
building_name_stove,0,,Stove
building_name_general_hearth,0,,Hearth
building_name_clay_brick_stove,0,,Stove (Clay Brick)
building_name_limestone_block_stove,0,,Stove (Limestone Brick)
building_name_limestone_stove,0,,Stove (Limestone)
building_name_compost_making_station,0,,Compost Heap
building_name_fermenting_station,0,,Fermenting Station
building_name_fletchers_table,0,,Bowyer's Table
building_name_general_kiln,0,,Kiln
building_name_kiln,0,,Kiln (Clay)
building_name_limestone_kiln,0,,Kiln (Limestone)
building_name_smelting_station_default,0,,Smelting Furnace
building_name_limestone_smelting_station,0,,Smelting Furnace (Limestone)
building_name_smelting_station,0,,Smelting Furnace (Clay)
building_name_smokehouse_default,0,,Smokehouse
building_name_limestone_smokehouse,0,,Smokehouse (Limestone)
building_name_smokehouse,0,,Smokehouse (Clay)
building_name_pyre,0,,Pyre
building_name_research_table,0,,Research Table
building_name_sewing_station,0,,Sewing Station
building_name_spirit_destilary,0,,Spirit Distillery
building_name_stonemasons_bench,0,,Stonemason's Bench
building_name_woodwork_bench,0,,Woodwork Bench
building_name_ice_station,0,,Ice Box
building_name_skep,0,,Skep
building_name_easel,0,,Easel
building_name_saltpeter_pit,0,,Saltpetre Works
building_name_oil_press,0,,Oil Press
building_info_saltpeter_pit,0,,Turns excrement into a valuable crystal with explosive potential.
building_info_oil_press,0,,Process raw materials into oil in this useful contraption.
Roof names,0,,
building_name_general_roof_half,0,,Half Roof
building_name_general_roof_whole,0,,Roof
building_name_clay_shingle_roof_half,0,,Clay Shingle Roof Half
building_name_clay_shingle_roof_whole,0,,Clay Shingle Roof
building_name_hay_roof_half,0,,Thatched Roof Half
building_name_hay_roof_whole,0,,Thatched Roof
building_name_limestone_slate_roof_half,0,,Limestone Slate Roof Half
building_name_limestone_slate_roof_whole,0,,Limestone Slate Roof
building_name_wicker_roof_half,0,,Wicker Roof Half
building_name_wicker_roof_whole,0,,Wicker Roof
building_name_wood_roof_half,0,,Wooden Roof Half
building_name_wood_roof_whole,0,,Wooden Roof
Furniture names,0,,
building_name_warden_desk,0,,Prison Warden's Desk
building_Info_warden_desk,0,,This weighty table represents the warden's locus of power over the settlement's prisoners.
building_name_prison_stash,0,,Prisoner's Stash
building_Info_prison_stash,0,,Victuals are stored here for prisoners in their cells.
building_name_fire_pit,0,,Fire Pit
building_name_fire_pit_round,0,,Round Fire Pit
building_name_clay_brick_fire_pit,0,,Fire Pit (Clay Brick)
building_name_clay_brick_fire_pit_round,0,,Round Fire Pit (Clay Brick)
building_name_stone_brick_fire_pit,0,,Fire Pit (Limestone Brick)
building_name_stone_brick_fire_pit_round,0,,Round Fire Pit (Limestone Brick)
building_name_stone_fire_pit,0,,Fire Pit (Limestone)
building_name_stone_fire_pit_round,0,,Round Fire Pit (Limestone)
building_name_fire_place,0,,Fireplace
building_name_general_brazier,0,,Brazier
building_name_iron_brazier,0,,Brazier (Iron)
building_name_gold_brazier,0,,Brazier (Gold)
building_name_silver_brazier,0,,Brazier (Silver)
building_name_clay_brazier,0,,Brazier (Clay)
building_name_clay_brick_brazier,0,,Brazier (Clay Brick)
building_name_stone_brazier,0,,Brazier (Limestone)
building_name_stone_brick_brazier,0,,Brazier (Limestone Brick)
building_name_general_decoration,0,,Decoration
building_name_general_wall_decoration,0,,Wall Decoration
building_name_shrine_christian_stone,0,,Restitutionist Shrine (Limestone)
building_name_shrine_christian_wood,0,,Restitutionist Shrine (Wood)
building_name_shrine_pagan_stone,0,,Oak Brethren Shrine (Limestone)
building_name_shrine_pagan_wood,0,,Oak Brethren Shrine (Wood)
building_name_general_christian_shrine,0,,Restitutionist Shrine
building_name_general_pagan_shrine,0,,Oak Brethren Shrine
building_name_statue_fate_stone,0,,Statue Fate Stone
building_name_statue_fate_wood,0,,Statue Fate Wood
building_name_statue_knight,0,,Statue Knight
building_name_statue_obelisk,0,,Statue Obelisk
building_name_statue_pagan_stone,0,,Statue Pagan Stone
building_name_statue_pagan_wood,0,,Statue Pagan Wood
building_name_statue_woman,0,,Statue Woman
building_name_general_torch,0,,Torch
building_name_gold_torch,0,,Torch (Gold)
building_name_gold_torch_wall,0,,Wall Torch (Gold)
building_name_silver_torch,0,,Torch (Silver)
building_name_silver_torch_wall,0,,Wall Torch (Silver)
building_name_iron_torch,0,,Torch (Iron)
building_name_iron_tourch_wall,0,,Wall Torch (Iron)
building_name_general_wall_torch,0,,Wall Torch
building_name_wood_torch,0,,Torch (Wood)
building_name_wood_torch_wall,0,,Wall Torch (Wood)
building_name_chair,0,,Chair
building_name_stool,0,,Stool
building_name_stone_chair,0,,Stone Chair
building_name_stone_stool,0,,Stone Stool
building_name_wicker_stool,0,,Wicker Stool
building_name_wood_chair,0,,Wooden Chair
building_name_wood_stool,0,,Wooden Stool
building_name_iron_chair,0,,Iron Chair
building_name_quality_chair,0,,Quality Chair
building_name_quality_chair_wool,0,,Quality Chair (Wool)
building_name_quality_chair_linen,0,,Quality Chair (Linen)
building_name_stone_table_large,0,,Stone Table Large
building_name_stone_table_medium,0,,Stone Table Medium
building_name_stone_table_small,0,,Stone Table Small
building_name_wood_table_large,0,,Wooden Table Large
building_name_wood_table_medium,0,,Wooden Table Medium
building_name_wood_table_small,0,,Wooden Table Small
building_name_general_table_large,0,,Large Table
building_name_general_table_medium,0,,Medium Table 
building_name_general_table_small,0,,Small Table 
building_name_quality_table_large,0,,Quality Table Large
building_name_quality_table_medium,0,,Quality Table Medium
building_name_quality_table_small,0,,Quality Table Small
building_name_wall_bookshelf,0,,Wall Bookshelf
building_name_wall_decoration_christian,0,,Church of Restitution Wall Decoration
building_name_wall_decoration_pagan,0,,Oak Brethren Wall Decoration
building_name_wall_mirror,0,,Wall Mirror
building_name_wall_pottery_shelf,0,,Wall Pottery Shelf
building_name_wall_stone_lion_head,0,,Wall Stone Lion Head
building_name_wall_tapestry,0,,Wall Tapestry
building_name_wall_tool_shelf,0,,Wall Tool Shelf
building_name_fence,0,,Fence
building_name_wicker_fence,0,,Fence (Wicker)
building_name_stone_fence,0,,Fence (Limestone)
building_name_wood_fence,0,,Fence (Wood)
building_name_wicker_bed,0,,Wicker Bed
building_name_royal_bed,0,,Royal Bed
building_name_royal_bed_wool,0,,Royal Bed (Wool)
building_name_royal_bed_linen,0,,Royal Bed (Linen)
building_name_quality_bed,0,,Quality Bed
building_name_quality_bed_wool,0,,Quality Bed (Wool)
building_name_quality_bed_linen,0,,Quality Bed (Linen)
building_name_hay_wood_bed,0,,Wooden Hay Bed
building_name_hay_sleeping_spot,0,,Hay Sleeping Spot
building_name_medical_bed,0,,Infirmary Bed
building_name_standing_bookshelf,0,,Bookshelf
building_name_weapon_rack,0,,Weapon Rack
building_name_armour_rack,0,,Armour Rack
building_name_shelf,0,,Shelf
building_name_hook,0,,Meat Hook
building_name_wall_medicine_shelf,0,,Medicine Shelf
building_name_candle,0,,Candelabra
building_name_candle_wall,0,,Candle Sconce
building_name_gold_candle,0,,Candelabra (Gold)
building_name_gold_candle_wall,0,,Candle Sconce (Gold)
building_name_silver_candle,0,,Candelabra (Silver)
building_name_silver_candle_wall,0,,Candle Sconce (Silver)
building_name_iron_candle,0,,Candelabra (Iron)
building_name_iron_candle_wall,0,,Candle Sconce (Iron)
building_name_wood_candle,0,,Candelabra (Wood)
building_name_wood_candle_wall,0,,Candle Sconce (Wood)
building_name_stone_candle,0,,Candelabra (Limestone)
building_name_stone_candle_wall,0,,Candle Sconce (Limestone)
building_name_merchants_stall,0,,Merchant Stall
building_name_map_table,0,,Cartography Table
building_name_caravan_post,0,,Caravan Halt
building_name_archery_range,0,,Archery Range
building_name_practice_dummy,0,,Practice Dummy
building_name_banner,0,,Banner
building_name_banner_linen,0,,Banner (Linen)
building_name_banner_wool,0,,Banner (Wool)
building_name_banner_leather_deer,0,,Banner (Deer hide)
building_name_banner_leather_hare,0,,Banner (Hare pelt)
building_name_banner_leather_wolf,0,,Banner (Wolf pelt)
building_name_banner_leather_boar,0,,Banner (Boar pelt)
building_name_banner_leather_fox,0,,Banner (Fox pelt)
building_name_banner_leather_rat,0,,Banner (Rat pelt)
building_name_banner_leather_water_vole,0,,Banner (Water vole pelt)
building_name_banner_leather_polecat,0,,Banner (Polecat pelt)
building_name_banner_leather_cow,0,,Banner (Cow hide)
building_name_banner_leather_goat,0,,Banner (Goat skin)
building_name_banner_leather_sheep,0,,Banner (Sheep skin)
building_name_banner_leather_donkey,0,,Banner (Ass hide)
building_name_banner_leather_cat,0,,Banner (Cat skin)
building_name_banner_leather_dog,0,,Banner (Dog pelt)
building_name_banner_leather_human,0,,Banner (Human skin)
building_name_banner_leather_bear,0,,Banner (Bear skin)
building_name_banner_wall,0,,Wall Banner
building_name_banner_wall_linen,0,,Wall Banner (Linen)
building_name_banner_wall_leather,0,,Wall Banner (Leather)
building_name_banner_wall_wool,0,,Wall Banner (Wool)
building_name_banner_wall_leather_deer,0,,Wall Banner (Deer hide)
building_name_banner_wall_leather_hare,0,,Wall Banner (Hare pelt)
building_name_banner_wall_leather_wolf,0,,Wall Banner (Wolf pelt)
building_name_banner_wall_leather_boar,0,,Wall Banner (Boar pelt)
building_name_banner_wall_leather_fox,0,,Wall Banner (Fox pelt)
building_name_banner_wall_leather_rat,0,,Wall Banner (Rat pelt)
building_name_banner_wall_leather_water_vole,0,,Wall Banner (Water vole pelt)
building_name_banner_wall_leather_polecat,0,,Wall Banner (Polecat pelt)
building_name_banner_wall_leather_cow,0,,Wall Banner (Cow hide)
building_name_banner_wall_leather_goat,0,,Wall Banner (Goat skin)
building_name_banner_wall_leather_sheep,0,,Wall Banner (Sheep skin)
building_name_banner_wall_leather_donkey,0,,Wall Banner (Ass hide)
building_name_banner_wall_leather_cat,0,,Wall Banner (Cat skin)
building_name_banner_wall_leather_dog,0,,Wall Banner (Dog pelt)
building_name_banner_wall_leather_bear,0,,Wall Banner (Bear skin)
building_name_banner_wall_leather_human,0,,Wall Banner (Human skin)
building_name_wardrobe,0,,Wardrobe
building_name_wall_instrument_shelf,0,,Musical Instrument Shelf
building_name_pagan_ritual_circle,0,,Oak Brethren Ritual Circle
building_name_book_stand,0,,Restitutionist Lectern
building_name_large_shrine_christian_wood,0,,Large Restitutionist Shrine (Wood)
building_name_large_shrine_pagan_wood,0,,Large Oak Brethren Shrine (Wood)
building_name_large_shrine_christian_stone,0,,Large Restitutionist Shrine (Limestone)
building_name_large_shrine_pagan_stone,0,,Large Oak Brethren Shrine (Limestone)
building_name_prison_marker,0,,Prison Cell Marker
building_name_gallows,0,,Gallows
building_name_large_shrine_christian,0,,Large Restitutionist Shrine
building_name_large_shrine_pagan,0,,Large Oak Brethren Shrine
building_name_shield_rack_single_wall,0,,Decorative Shield Rack
building_name_trophy_rack_wall,0,,Decorative Trophy Rack
building_name_weapon_rack_single_wall,0,,Decorative Weapon Rack
building_name_weapon_rack_wall,0,,Wall-mounted Weapon Rack
building_name_chest,0,,Chest
building_name_chest_iron,0,,Chest (Iron)
building_name_chest_steel,0,,Chest (Steel)
building_name_chest_silver,0,,Chest (Silver)
building_name_chest_gold,0,,Chest (Gold)
building_name_chest_wood,0,,Chest (Wood)
building_name_chest_wicker,0,,Chest (Wicker)
building_name_pen_marker,0,,Pen Marker
building_name_trough,0,,Trough
building_name_sign,0,,Sign
building_name_sign_wall,0,,Wall Sign
building_name_backgammon_table,0,,Backgammon Table
building_name_silver_mirror_wall,0,,Wall Mirror
resource_name_silver_mirror_wall,0,,Wall Mirror
building_name_statue_large,0,,Large Statue
building_name_stone_statue_large,0,,Large Statue (Limestone)
building_name_wood_statue_large,0,,Large Statue (Wood)
building_name_statue_wall,0,,Wall Relief
building_name_stone_statue_wall,0,,Wall Relief (Limestone)
building_name_wood_statue_wall,0,,Wall Relief (Wood)
building_name_rug_large,0,,Rug
resource_name_wool_rug_large_proto,0,,Rug
building_name_wool_rug_large,0,,Rug (Wool)
building_name_linen_rug_large,0,,Rug (Linen)
building_name_hay_rug_large,0,,Rush Matting
resource_name_hay_rug_large_proto,0,,Rush Matting
building_name_leather_deer_rug_large,0,,Rug (Deer hide)
building_name_leather_hare_rug_large,0,,Rug (Hare pelt)
building_name_leather_wolf_rug_large,0,,Rug (Wolf pelt)
building_name_leather_boar_rug_large,0,,Rug (Boar pelt)
building_name_leather_fox_rug_large,0,,Rug (Fox pelt)
building_name_leather_rat_rug_large,0,,Rug (Rat pelt)
building_name_leather_water_vole_rug_large,0,,Rug (Water vole pelt)
building_name_leather_polecat_rug_large,0,,Rug (Polecat pelt)
building_name_leather_cow_rug_large,0,,Rug (Cow hide)
building_name_leather_goat_rug_large,0,,Rug (Goat skin)
building_name_leather_sheep_rug_large,0,,Rug (Sheep skin)
building_name_leather_donkey_rug_large,0,,Rug (Ass hide)
building_name_leather_cat_rug_large,0,,Rug (Cat skin)
building_name_leather_dog_rug_large,0,,Rug (Dog pelt)
building_name_leather_human_rug_large,0,,Rug (Human skin)
building_name_leather_bear_rug_large,0,,Rug (Bear skin)
building_name_tapestry_vertical_wall,0,,Wall Tapestry
building_name_painting_vertical_wall,0,,Painting
building_name_wooden_well,0,,Wooden well
building_name_barrel_small,0,,Small water barrel
building_name_barrel_large,0,,Large water barrel
building_info_wooden_well,0,,A wooden structure for drawing up clean water. 
building_info_barrel_small,0,,"A small barrel cunningly bound in waxy wicks. These burn away in a fire, releasing water."
building_info_barrel_large,0,,"A hefty barrel cunningly bound in waxy wicks. These burn away in a fire, releasing water."
trap names,0,,
building_name_metal_trap,0,,Metal Trap
building_name_stick_trap,0,,Stick Trap
building_name_wood_trap,0,,Wooden Trap
building_name_oil_trap,0,,Fire trap
building_name_oil_trap_greek_fire,0,,Greek fire trap
building_name_oil_blob,0,,Oil splash
building_name_oil_blob_greek_fire,0,,Greek fire splash
building_info_oil_trap,0,,Set a brutal fire trap and watch your enemies burn.
building_info_oil_trap_greek_fire,0,,The blaze from this hellish trap cannot be quenched with water. Beware!
building_info_oil_blob,0,,Lay a trail of oil splashes to ignite in a fiery chain.
building_info_oil_blob_greek_fire,0,,Daub splashes of Greek fire to spark into a relentless inferno.
graves names,0,,
building_name_grave,0,,Grave
building_name_limestone_normal_grave,0,,Limestone Gravestone
building_name_limestone_sarcophagus,0,,Limestone Sarcophagus
building_name_unmarked_grave,0,,Unmarked Grave
building_name_wood_normal_grave,0,,Wooden Grave Marker
building_name_wood_sarcophagus,0,,Wooden Sarcophagus
cropfield names,0,,
building_name_barley_cropfield,0,,Barley Field
building_name_beet_cropfield,0,,Beet Field
building_name_birch_cropfield,0,,Birch Tree
building_name_cabbage_cropfield,0,,Cabbage Field
building_name_carrot_cropfield,0,,Carrot Field
building_name_flax_cropfield,0,,Flax Field
building_name_hay_cropfield,0,,Tall Grass
building_name_herbs_cropfield,0,,Herbs
building_name_default_stockpile,0,,Default Stockpile
building_name_dumping_stockpile,0,,Dumping Stockpile
building_name_warfare_stockpile,0,,Warfare Stockpile
building_name_redcurrant_cropfield,0,,Redcurrant Shrub
building_name_maple_cropfield,0,,Field Maple
building_name_oak_cropfield,0,,Oak Tree
building_name_pine_cropfield,0,,Scots Pine
building_name_willow_cropfield,0,,Willow
building_name_apple_cropfield,0,,Apple Tree
building info,0,,
building_info_clay_brick_floor,0,,"Brick makes a sturdy, hard floor. Practical and effective."
building_info_limestone_block_floor,0,,Dressed limestone makes lovely flagstones for a floor that could last for generations.
building_info_limestone_floor,0,,Natural limestone makes for a slightly uneven but very tough surface.
building_info_wicker_floor,0,,This floor fashioned with sticks can be used as a platform for a second floor. 
building_info_wood_floor,0,,Rough planks laid flat can be sanded to make a level floor.
building_info_metal_grated_platform,0,,"A horizontal metal grate allows for ventilation, drainage and viewing between levels."
building_info_wicker_mesh_floor,0,,"A horizontal wooden grate allows for ventilation, drainage and viewing between levels."
building_info_stone_decorative_floor,0,,A mosaic of beautiful stone in many hues is laid precisely on the floor.
building_info_clay_decorative_floor,0,,Tiles of fired earth create a rich pattern underfoot.
building_info_dirt_voxel,0,,Humankind has been gathering and moving earth around for millennia.
building_info_clay_brick_wall_element,0,,A simple barrier constructed with clay bricks.
building_info_clay_wall_element,0,,A basic partition created with clay is rudementary but effective.
building_info_limestone_block_wall_element,0,,Dressed limestone blocks cemented with mortar create an imposing facade.
building_info_limestone_wall_element,0,,A substantial wall erected with natural limestone blocks and mortar.
building_info_wood_wall_element,0,,"A simple but solid wall, built from wooden logs."
building_info_clay_brick_merlon,0,,"Sturdy and smart, brick merlons present an imposing battlement facade, second only to solid limestone."
building_info_clay_merlon,0,,A finishing touch to battlements shaped from moulded clay. Decorative and useful.
building_info_limestone_merlon,0,,"Rough-hewn yet impenetrable, protection for your battlement archers."
building_info_wood_merlon,0,,Wooden stockades have offered valid protection from ingress down the ages.
building_info_limestone_block_merlon,0,,"For the finest crenellations, add dressed limestone merlons. A noble fortification."
building_info_dirt_slope,0,,A basic access ramp fashioned from dirt.
building_info_clay_brick_stair,0,,Clay blocks make for weighty steps with lasting appeal.
building_info_clay_stair,0,,A basic escalier moulded from dirt.
building_info_limestone_block_stair,0,,An elevated means of ascension. Solid steps worthy of an experienced mason.
building_info_limestone_stair,0,,Rough hewn but solid steps.
building_info_wood_stair_straight,0,,A flight of steps constructed from wooden planks.
building_info_wooden_stair_square,0,,Flights of wooden stairs that turn corners as they ascend in tight spaces.
building_info_clay_brick_window,0,,An opening framed in brick. A window on the world.
building_info_clay_window,0,,"A hole punched through an earthen wall is simple, but usable."
building_info_limestone_block_window,0,,Fine dressed stone mullion windows are an architectural highlight in churches and castles.
building_info_limestone_window,0,,"An aperture in stone. To let air in, or arrows out."
building_info_wood_window,0,,"A classic, timber-framed window lets the light flood into dark places."
building_info_wood_beam,0,,Beams of solid wood have held up the floors and ceilings of England for centuries.
building_info_limestone_block_beam,0,,"Stone arches require skilled masons. But these will stand the test of time, gracefully bearing heavy loads."
building_info_clay_brick_beam,0,,"Constructed over a timber form, a sturdy brick arch makes an attractive, load-bearing support."
building_info_clay_brick_chimney,0,,A smoke hood fashioned from brick. Funnels smoke outwith.
building_info_limestone_block_chimney,0,,The fine lines of this dressed stone chimney suggest an elegant hearth.
building_info_limestone_chimney,0,,Rough limestone and mortar suffice to build a sturdy chimney.
building_info_reinforced_door,0,,"If you prefer to think of your home as a fortress, this double-strength entry is for you."
building_info_wood_door,0,,"A timber door offers strength and security, and is easily repaired."
building_info_fence_gate,0,,An access point between outdoor areas.
building_info_barn_door,0,,"Offers some protection from the elements, but cannot be secured against wandering animals or enemies."
building_info_grated_door,0,,A portal with a view. See who - or what - is outside before you open it.
building_info_wicker_door,0,,"A flimsy barrier woven from supple sticks. It affords some warmth, little defense and is easy to traverse quickly."
building_info_siege_weapon_ballista,0,,Flings bolts and stones from a fixed position.
building_info_mounted_cannon,0,,Fires cannonballs from a fixed position.
building_info_movable_ballista,0,,Fires bolts and stones. May be repositioned with some effort.
building_info_movable_cannon,0,,Fires canonballs. May be repositioned with some effort.
building_info_movable_organ_gun,0,,The ribauldequin is an infernal machine with a row of small barrels. Fires a volley of shot.
building_info_siege_weapon_trebuchet,0,,"A deadly siege engine with a long, pivoting arm to hurl missiles. "
building_info_wood_ladder,0,,"A bit more precarious then a staircase, but takes up much less space."
building_info_wood_gate_tall,0,,A tall and sturdy gate is a useful barrier to livestock and undesirables.
building_info_wood_gate,0,,A hinged barrier to close an opening. Can be doubled up for a wider entranceway.
building_info_wood_portcullis,0,,A latticed grille that slides up or down within a gateway using chains. Deploy rapidly when under attack.
Furniture info,0,,
building_info_backgammon_table,0,,Two settlers can enjoy a game of backgammon for entertainment.
building_info_clay_brazier,0,,A clay container filled with glowing wood or charcoal for warmth.
building_info_clay_brick_brazier,0,,A brick structure filled with glowing wood or charcoal for warmth.
building_info_iron_brazier,0,,A metal basket filled with glowing wood or charcoal for warmth.
building_info_stone_brazier,0,,A stone container filled with glowing wood or charcoal for warmth.
building_info_stone_brick_brazier,0,,A stone brick structure filled with glowing wood or charcoal for warmth.
building_info_hay_sleeping_spot,0,,Just one step up from sleeping on dirt. Hay thrown down as a place to rest.
building_info_hay_wood_bed,0,,Sacks stuffed with hay on a wooden frame. A basic but fairly comfortable bed.
building_info_quality_bed,0,,A fine wooden bed with a turned frame and ropes to support the mattress. Luxurious.
building_info_royal_bed,0,,An elaborately carved and decorated piece. A fitting place for a ruler to rest their head.
building_info_wicker_bed,0,,"This beats laying in the hay, but is still rudimentary and not the most comfortable of beds."
building_info_quality_table_large,0,,"A large, exquisitely-crafted table, made from fine-grained wood."
building_info_quality_table_medium,0,,"A exquisitely-crafted table, made from fine-grained wood."
building_info_quality_table_small,0,,"A fine side table, beautifully worked in wood."
building_info_stone_table_large,0,,"A grand table fit for a banquet, fashioned in stone."
building_info_stone_table_medium,0,,"A table fit for a banquet, fashioned in stone."
building_info_stone_table_small,0,,A small side table beautifully finished in stone.
building_info_wood_table_large,0,,"A large, scrubbed wooden table is a gathering space for work or meals."
building_info_wood_table_medium,0,,A scrubbed wooden table is a gathering space for work or meals.
building_info_wood_table_small,0,,A simple wooden table for a small space or small tasks.
building_info_iron_chair,0,,"A seat wrought from iron. A beautiful and unusual piece, almost throne-like."
building_info_quality_chair,0,,"A finely turned piece, a seat for someone important, perhaps?"
building_info_stone_chair,0,,"A seat hewn from stone. Imposing, but a little chilly. Bring cushions."
building_info_stone_stool,0,,A simple stone seat.
building_info_wicker_stool,0,,A simple woven seat.
building_info_wood_chair,0,,A sturdy wooden chair.
building_info_wood_stool,0,,A simple wooden seat.
building_info_shrine_christian,0,,"Here, followers aligned with the Church of Restitution gather to pray."
building_info_shrine_pagan,0,,"Here, followers aligned with the Oak Brethren gather to pray."
building_info_statue_fate_stone,0,,"Three stone women, spinning. The thread is life."
building_info_statue_knight,0,,An gallant champion with chiselled features.
building_info_statue_obelisk,0,,"Mysterious, tall and regular in shape. A geometric marker and talking point in stone."
building_info_statue_pagan_stone,0,,The runes are illegible but the symbolism is clear. This carving celebrates heathen gods.
building_info_statue_woman,0,,The stony gaze of this beautiful maiden is genuinely arresting.
building_info_wall_bookshelf,0,,Books are rare and valuable. They deserve an attractive resting place.
building_info_wall_decoration_christian,0,,"A shining, golden plaque, made even brighter by the light of many candles tended by the faithful."
building_info_wall_decoration_pagan,0,,"A dark, rugged piece, hewn from oak. Lovingly carved with ancient runes and symbols indicating the wheel of life."
building_info_wall_mirror,0,,Who is the fairest of them all? Keep track with this fairytale mirror.
building_info_wall_pottery_shelf,0,,Fine tableware is worthy of display when not in use. This shelf does the job nicely.
building_info_wall_stone_lion_head,0,,A carved lion makes for a bold statement of power.
building_info_wall_tapestry,0,,Keep out draughts and add a touch of colour to your walls with this painstakingly created tapestry.
building_info_wall_tool_shelf,0,,Keep tools handy and organised with this useful wall rack.
building_info_fence,0,,A rustic boundary useful for organising crops and livestock. Easily penetrated by marauders.
building_info_torch,0,,A source of light in the darkness.
building_info_torch_wall,0,,A flame that is wall mounted to give steady light.
building_info_standing_bookshelf,0,,A room without books is like a body without a soul. Display your hard-won knowledge with pride.
building_info_weapon_rack,0,,Keep weapons and shields readily available with a sturdy and practical storage rack.
building_info_armour_rack,0,,Display your outfits and headgear when not in use. Dressing is easy when your garb is properly organised.
building_info_shelf,0,,"Space-saving vertical storage keeps items clean and tidy, and eliminates ground decay. "
building_info_hook,0,,"A metal wall hook, suitable for hanging carcasses awaiting processing. Avoids ground decay."
building_info_medical_shelf,0,,"A shelf for safely storing herbs, healing poultices, and other medical supplies."
building_info_candle,0,,Illuminate the darkness and add cheer to your dwelling with candlelight. 
building_info_merchants_stall,0,,"A rough awning, marking a spot where items change hands. Peddlers and street merchants may be found here."
building_info_map_table,0,,"On this sturdy table is a map of all known places heareabouts. It is useful for orientation, and making plans."
building_info_caravan_post,0,,Settlers gather at this point in anticipation of a caravan's arrival or departure.
building_info_archery_range,0,,"A training area with stationary, circular targets for archery practice."
building_info_practice_dummy,0,,A strawman. The perfect stand-in enemy for practicing melee skills.
building_info_banner,0,,A ragged pennant with a long history. Its frayed edges flutter in the breeze.
building_info_shield_rack_single_wall,0,,"A home for heraldry. Let your shields shine, mounted effortlessly on this sturdy rack."
building_info_trophy_rack_wall,0,,Stories of the hunt. A fitting display showcasing memorable kills.
building_info_weapon_rack_single_wall,0,,A resting place with custom niches for the honourable tools of war.
building_info_weapon_rack_wall,0,,Blades and bludgeons deserve to be seen. This decorative wall mounting system keeps weapons handy.
building_info_chest,0,,"Storage for your belongings. A chest offers protection from the elements, but not from changes in temperature. "
building_info_pen_marker,0,,Place this marker in an enclosure and click on it to assign which animals to pen here.  
building_info_trough,0,,A manger to hold animal food.
building_info_sign,0,,Inscribe your own message here for others to see.
building_info_mirror_wall,0,,Who is the fairest of them all? Keep track with this fairytale mirror.
building_info_statue_large,0,,"This sizeable sculpture, hewn by hand and displayed for all to enjoy, is built to last. "
building_info_statue_wall,0,,A wall-mounted artefact adds interest to a decorative scheme - without taking up valuable floor space.
building_info_rug_large,0,,"Live like a lord with a textile floor covering, which offers extravagant protection for chilly feet. "
building_info_rush_large,0,,"A fresh layer of rushes or hay keeps the floor clean and fresh, and makes the room smell sweeter."
building_info_human_rug_large,0,,"In life, you shouldn't let people walk all over you. In death, you may not have a choice."
building_info_animal_rug_large,0,,"Animal pelts fashioned into apparel are a necessity for warmth in the cooler seasons, and something of a style statement."
building_info_tapestry_vertical_wall,0,,Keep out draughts and add a touch of colour to your walls with this painstakingly created tapestry.
building_info_painting_vertical_wall,0,,The pleasure of expression through colourful pigments is only surpassed by gazing upon the finished artwork on the wall.
building_info_medical_bed,0,,"A cot where the infirm and injured may rest, and - if prayers are answered - heal."
building_info_wardrobe,0,,"A small, wooden chamber for your clothes."
building_info_wall_instrument_shelf,0,,A sturdy shelf provides a spot to display musical intruments.
building_info_pagan_ritual_circle,0,,"Entrances to the otherworld, sacred rings like these were built on thin places by forgotten ancestors."
building_info_book_stand,0,,"No ordinary book stand, a lectern holds sacred scriptures and upholds the Word of our Lord."
building_info_fire_pit,0,,Gathering around an open fire is the essence of warmth and cameraderie. Guard children and pets closely.
building_info_fire_place,0,,A fire set into the wall is the height of sophistication. The effect is cosy and bright.
building_info_prison_marker,0,,"Label this location carefully, if captives are to be sealed within."
building_info_gallows,0,,"A horizontal wooden beam. The condemned dance on the noose, which hangs, ominously, beneath it."
cropfield info,0,,
building_info_maple_cropfield,0,,"Pass a maple branch over a child to remove all traces of witchcraft. Yields hard timber, perfect for musical instruments."
building_info_oak_cropfield,0,,The king of the forest and sacred to the druids. Favoured for wood carving and timber-framed buildings.
building_info_pine_cropfield,0,,"The largest Caledonian tree, tall, straight and flexible for masts and planks. Planted to mark the graves of wandering Scots."
building_info_willow_cropfield,0,,"A silver-leaved denizen of waterside and fenland, the willow tree is fast-growing and pliable."
building_info_apple_cropfield,0,,"Bearing crisp, tempting autumn fruit, and wood perfect for turning or carving."
building_info_barley_cropfield,0,,"A versatile grain for bread, gruel or refreshing ale. Use as feed to fatten poultry."
building_info_beet_cropfield,0,,"Hardy and easy to grow in your garden, be that hovel or manor."
building_info_birch_cropfield,0,,"The tree of renewal, birch burns even when wet and is ideal for smoking food. Used for dye and medicine."
building_info_cabbage_cropfield,0,,The humblest of wortes and a staple food. A crop to sow all year round.
building_info_carrot_cropfield,0,,A colourful taproot that is delicious to eat. Can also be stored to enjoy later.
building_info_flax_cropfield,0,,"A beautiful and versatile plant with blue flowers, yielding seeds for food and oil, and stems for linen."
building_info_hay_cropfield,0,,"Grass grows up fast, rippling verdant in the wind. Cut to make hay for animals, or for bedding. "
building_info_herbs_cropfield,0,,"Plants gathered from nature with many uses, from flavouring food to healing, brewing and dyeing."
building_info_redcurrant_cropfield,0,,"A plant that grows anywhere, and yields tart, ruby red berries packed with goodness."
building_info_default_stockpile,0,,A designated area where resource piles are stored.
building_info_dumping_stockpile,0,,A designated area where waste is stored.
building_info_stockpile_test,0,,Designated area where settlers will store resources
building_info_warfare_stockpile,0,,A designated area where weaponry and armour is stored.
roof info,0,,
building_info_clay_shingle_roof,0,,"Clay tiles have warmth and rustic appeal, and keep the weather out."
building_info_hay_roof,0,,"A roof fashioned from bundles of hay, laid flat and pinned with wooden rods. Rustic and waterproof."
building_info_limestone_slate_roof,0,,"A roof built from roofing slates blends with the local landscape, and keeps things dry."
building_info_wicker_roof,0,,A roof fashioned from bundled sticks.
building_info_wood_roof,0,,A roof made from wooden shingles offers protection from the elements.
production info,0,,
building_info_advanced_research_table,0,,Deploy mathematics and natural philosophy to their fullest extent to uncover the secrets and complexities of new discoveries.
building_info_apothecary_bench,0,,A work station for transforming natural ingredients into cures.
building_info_armourer_table,0,,A bench where many types of armour take shape.
building_info_basic_research_table,0,,A place to begin your studies of a new item.
building_info_blacksmith_station,0,,Process iron into usable items. Don't forget to invoke Weyland Smith.
building_info_brewing_station,0,,Equipped with a copper cauldron for brewing ale.
building_info_butchering_table,0,,A station for hanging and preparing meat from carcasses.
building_info_camp_fire,0,,"A fire for light, warmth and cooking. Gather round, bring a story."
building_info_clay_brick_stove,0,,A humble brick fireplace is the heart of the home. For warmth and cooking.
building_info_compost_making_station,0,,Recycle decaying plants and waste here to create rich compost for soil.
building_info_fermenting_station,0,,"An area for managing all fermentation, from vinegar to alcohol and cheese production."
building_info_fletchers_table,0,,"A bench with timber, tools and cord to create bows."
building_info_kiln,0,,"A special oven for creating ceramics, bricks and tiles from clay."
building_info_limestone_block_stove,0,,"An elegant, dressed stone hearth is fit for a noble. The epitome of form and function."
building_info_limestone_stove,0,,"A rough hewn, stone fireplace is both welcoming and functional."
building_info_pyre,0,,Commit a body to the hungry flames to reduce mortal remains to dust and ashes.
building_info_research_table,0,,"Choose alchemy, divination, or the experience of your settlers to figure out how stuff works."
building_info_sewing_station,0,,"This is where needles, thread and shears can be found for sewing and mending."
building_info_smelting_station,0,,This is the place to bring metal ore and transform it into ingots.
building_info_smokehouse,0,,A building to hang meat and cure it with smoke from an open fire.
building_info_spirit_destilary,0,,"After fermentation, the distillery performs alchemy yielding aqua vitae. A powerful, medicinal alcohol."
building_info_stonemasons_bench,0,,All the tools necessary to work stone are found here.
building_info_woodwork_bench,0,,All the tools necessary for carpentry are found here.
building_info_ice_station,0,,A wooden box to hold water as it freezes. Generates ice for the settlement.
building_info_skep,0,,"If the bees work hard, this woven hive will overflow with liquid gold honey, and malleable wax."
building_info_easel,0,,An artist's frame to hold paintings as they are created.
graves info,0,,
building_info_grave,0,,"An ending is marked here. Rest in peace, fellow traveller."
building_info_limestone_normal_grave,0,,"Dead, but not forgotten. A marker graven in stone is a fine tribute that will endure for generations."
building_info_limestone_sarcophagus,0,,A stone casket is a fitting memorial for a significant person. It does not need to be buried underground.
building_info_unmarked_grave,0,,"As final resting places go, a humble hole in the ground is the least we can hope for. Earth to earth, ashes to ashes."
building_info_wood_normal_grave,0,,"A wooden grave marker may not last for eternity, but serves a memorial for those in mourning."
building_info_wood_sarcophagus,0,,A wooden box to keep the deceased respectfully entombed. It does not need to be buried underground.
traps info,0,,
building_info_metal_trap,0,,"This metal floor contraption has concealed spikes, triggered by unsuspecting enemies. Watch where you place them: even settlers can accidentally trigger a trap if they aren't careful."
building_info_stick_trap,0,,Sharpened stakes are laid ready to skewer unfortunate victims. Watch where you place them: even settlers can accidentally trigger a trap if they aren't careful.
building_info_wood_trap,0,,"This wooden floor contraption has concealed spikes, triggered by unsuspecting enemies. Watch where you place them: even settlers can accidentally trigger a trap if they aren't careful."
building_info_builder_needed,0,,Waiting for settler
pseudonym_name_Red,0,,The Red
pseudonym_name_Butcher,0,,The Butcher
pseudonym_name_Saint,0,,The Saint
pseudonym_name_Chou,0,,Le Chou
pseudonym_name_Bastard,0,,The Bastard
pseudonym_name_Pagan,0,,The Pagan
pseudonym_name_Cuckold,0,,The Cuckold
pseudonym_name_Rebel,0,,The Rebel
pseudonym_name_Apostle,0,,The Apostle
pseudonym_name_Zealot,0,,The Zealot
pseudonym_name_Heretic,0,,The Heretic
pseudonym_name_Chaste,0,,The Chaste
pseudonym_name_Pudding,0,,The Pudding
pseudonym_name_Forlorn,0,,The Forlorn
pseudonym_name_Tart,0,,The Tart
pseudonym_name_Doctor,0,,The Doctor
pseudonym_name_Fool,0,,The Fool
pseudonym_name_Spy,0,,The Spy
pseudonym_name_Deceiver,0,,The Deceiver
pseudonym_name_Broken,0,,The Broken
pseudonym_name_Bard,0,,The Minstrel
pseudonym_name_Crow,0,,The Crow
pseudonym_name_Bonesetter,0,,The Bonesetter
pseudonym_name_Wakeful,0,,The Wakeful
pseudonym_name_Bold,0,,The Bold
pseudonym_name_Spear_Maiden,0,,The Spear Maiden
pseudonym_name_Confessor,0,,The Confessor
pseudonym_name_Philosopher,0,,The Philosopher
pseudonym_name_Lucky,0,,The Lucky
pseudonym_name_Prodigal,0,,The Prodigal
pseudonym_name_Paramour,0,,The Paramour
pseudonym_name_Riddler,0,,The Riddler
pseudonym_name_Kitten,0,,The Kitten
pseudonym_name_Lamb,0,,The Lamb
pseudonym_name_Bride,0,,The [Bridegroom/Bride]
pseudonym_name_Thief,0,,The Thief
pseudonym_name_Pirate,0,,The Pirate
pseudonym_name_Ghost,0,,The Ghost
pseudonym_name_Hanged,0,,The Hanged
pseudonym_info_Red,0,,"The world had changed, and so had <name>. Having nothing more to lose, [he/she] joined a group of marauding bandits, and was soon their leader. Insatiable bloodlust in various assaults and squirmishes soon earned <name> a nickname 'The Red'."
pseudonym_info_Butcher,0,,"<name> wasn’t particularly smart nor talented, so each summer, around Pentecost, [his/her] parents sent [him/her] to help Uncle Aldwin at the livestock farm. <name> proved adept at slitting throats. [He/She]’s been known as 'The Butcher' ever since."
pseudonym_info_Saint,0,,"<name> was not averse to nursing lepers and other outcasts, but it was to the animal kingdom that [he/she] felt the deepest afinity. <name> blushed and demured when likened to St Francis, but the comparison was apt."
pseudonym_info_Chou,0,,"<name> spent so long in the vegetable garden as a child that [his/her] mother, of Norman stock, affectionately called [him/her] 'cabbage', as is the French way. To this day, <name> still has a green thumb, especially for brassicas."
pseudonym_info_Bastard,0,,"An apologist for the Philosophers of the Natural Order, <name> harboured a nagging fear that wherever [his/her] errant father was, he might be a follower of Gregorius, or even a cannibal. <name>'s friends called [him/her] 'bastard' and made it worse."
pseudonym_info_Pagan,0,,<name> spoke to plants and buried strange parcels in the woods under the full moon. Nobody dared speak up against [him/her] due to rumours <name> could hex them. <name> did not care that other humans called [him/her] 'Pagan'. Humans were the problem.
pseudonym_info_Cuckold,0,,"It was well known that <name>'s spouse was unfaithful, and <name> didn't seem willing or able to do anything about it. Once a beaten, unwanted child, <name> was perfectly content to gather up whatever crumbs of affection [he/she] could salvage."
pseudonym_info_Rebel,0,,"<name> is young at heart. <name> likes to joke around and play the fool. [He/She] avoids responsibility at all costs, laughing at [his/her] elders."
pseudonym_info_Apostle,0,,"<name> was a follower alright, and loved to go on about the scriptures. [His/Her] proselytising could become a little tiresome and repetitive. When <name> wouldn't shut up, they called [him/her] 'The Apostle'. <name> thought it was a complement."
pseudonym_info_Zealot,0,,"<name> keeps making altars and offerings, stopping the day's business to say prayers and muttering about sin. One might be forgiven for saying [he/she] takes it a bit far."
pseudonym_info_Heretic,0,,"<name> speaks of the God of Abraham and the mosques of the Moors, of sacred groves, lost scrolls and forbidden rites. <name> knows a bit too much for [his/her] own good."
pseudonym_info_Chaste,0,,"<name> is pining for a dead lover, and will never marry another. <name> is living in the past, trying to stop precious memories from slipping away, and shuns all affection."
pseudonym_info_Pudding,0,,"<name> could make an excellent fygey pudding, among other desserts. [He/She] never lacked for paramours, being bonny and sweet, with just enough spice. Lovers, rivals and jilted exes all called <name> 'pudding', with varying degrees of affection."
pseudonym_info_Forlorn,0,,"When not complaining, <name> was weeping into [his/her] pottage. This was destinctly unappetising. It did not pay to ask <name> why [he/she] was forlorn, since [his/her] tales of woe were so distressing they would haunt your dreams forever."
pseudonym_info_Tart,0,,"<name> was not in the least flirtatious. [He/She] got [his/her] nickname thanks to an acerbic nature, that left a bitter taste even after the briefest of interactions. <name> was the ultimate sourpuss."
pseudonym_info_Doctor,0,,"<name> had saved a friend's life at just 10 years old, earning the title of 'doctor'. Less well known was that <name> had abandoned many beseeching patients during the unremitting horror of The Pestilence. It was a title burdened with secret shame."
pseudonym_info_Fool,0,,"<name> had at one time played the fool at court, and revelled in being allowed to insult the high and mighty, as long as [he/she] caused enough mirth to compensate. [His/Her] cutting wit and humourous insults were unsurpassed."
pseudonym_info_Spy,0,,"<name> had once been bribed by the abbot to listen for compromising secrets at the manor of <origin>. Alas [he/she] had been exposed and disavowed by all concerned. <name> was a pretty useless spy, but to this day, nobody trusted [him/her]."
pseudonym_info_Deceiver,0,,"As a sailor, <name> offered safe passage to desperate townsfolk attempting to flee the Tide of Death to the Western Isles or Hibernia. Once out at sea, <name> tossed them overboard, stripping their valuables. 'It's just business', <name> shrugged."
pseudonym_info_Broken,0,,It was said that <name>'s adventuring career came to an abrupt end when [he/she] took an arrow to the knee. [He/She] does have a funny walk.
pseudonym_info_Bard,0,,<name> had the voice of an angel and the memory of a druid. [His/Her] spellbinding tales and sweet lullabies earned <name> the honorary title of 'minstrel'.
pseudonym_info_Crow,0,,"Some folk still left bread and milk out for the fairy folk, a custom as old as the very hills. <name> would swoop in and gobble these up, the wiley old bird."
pseudonym_info_Bonesetter,0,,"<name> had first practiced on animals but soon moved on to human subjects. The way [he/she] hovered [his/her] hands over the damaged limb before giving a sudden, brisk wrench was almost mystical. <name> could not explain how [he/she] did it."
pseudonym_info_Wakeful,0,,"<name> could never sleep, so [he/she] gained a reputation as a good watchman. [His/Her] night vision was highly tuned."
pseudonym_info_Bold,0,,"<name> once took on three pirates after drinking for a day and a night. No one remembers if [he/she] prevailed through bravery or foolhardiness, but the legend lives on."
pseudonym_info_Spear_Maiden,0,,"<name> is like a fierce valkyrie from the times of the norsemen. [She] is fearless in the face of death, wild with the bloodlust of battle. They call her shieldmaiden."
pseudonym_info_Confessor,0,,"<name> will solemnly unburden [him/her]self of a long list of [his/her] slain victims, in minute and sometimes tedious detail. Nobody really wants to hear it."
pseudonym_info_Philosopher,0,,"<name> once read half a thing, somewhere, maybe, about turning lead into gold. Apparently urine is involved. [He/She] may be taking the piss."
pseudonym_info_Lucky,0,,"<name> was born under a lucky horseshoe, so they said. It seemed plausible enough. Money seemed to fall in [his/her] lap, chance encounters led to romance, and the sun always shone on <name>."
pseudonym_info_Prodigal,0,,"<name> was a quitter, [he/she] left many a task unfinished. And yet with [his/her] silver tongue, loaded with sweet flattery and plausible excuses, <name> would be welcomed back for seemingly infinite second chances."
pseudonym_info_Paramour,0,,"Ugly as a child, <name> would never slight a lady for her looks. And in the wake of Armageddon, the value of good looks as currency was somewhat diminished. <name> helped keep spirits - and skirts - high, gaining a reputation as a satisfying lover."
pseudonym_info_Riddler,0,,"Some people talk straight. But <name> had a way with words that certainly sounded clever, but was also a trifle confusing. Many of <name>'s pronouncements could have multiple meanings. [His/Her] friends called [him/her] The Riddler."
pseudonym_info_Kitten,0,,"Cute, soft, endearing...<name> is certainly adorable, and people flock to [him/her] to pet [him/her]. But beware, <name> also has claws, and often leaves a trail of destruction behind [him/her]."
pseudonym_info_Lamb,0,,"<name> was docile and sweet-tempered, and so was often affectionately called lamb. Like most of [his/her] disposition, <name> had learned the hard way to be on guard against wolves."
pseudonym_info_Bride,0,,"<name> seemed to be forever stitching away at incredibly fine and delicate items of clothing and linens for [his/her] wedding trousseau. [He/She] became dewy eyed at the prospect of marriage. What a pity, then, that <name> had never even been kissed."
pseudonym_info_Thief,0,,"<name> had always been nimble fingered, but became a full-time thief to survive the Dark Years. [He/She] stitched many hidden pockets into [his/her] clothes and would pinch anything that wasn't nailed down. <name> was often hired to do so."
pseudonym_info_Pirate,0,,"<name> didn’t do much to deserve [his/her] nickname, [he/she] inherited it. <name> was from a long line of swashbucklers known for attacking and looting trading ships in the waters around British Isles. <name>, however, didn't sail, and couldn't swim."
pseudonym_info_Ghost,0,,"<name> was pale and silent and loitered in dark alcoves. <name> seldom spoke, and often seemed to appear out of nowhere, startling people. <name> was actually a bit creepy, seeming to have more in common with the dead than the living."
pseudonym_info_Hanged,0,,"It is told that <name> survived death by hanging. As the hangman pulled the lever and the rope jerked, <name> expected the end. But the rope suddenly snapped. As God willed it, some said, crossing themselves."
pseudonym_pattern,0,,<pseudonym> of <origin>
bg_recent_name_Apostate,0,,Apostate
bg_recent_name_Uprooted,0,,Uprooted
bg_recent_name_Caring,0,,Caring
bg_recent_name_Cunning,0,,Cunning
bg_recent_name_Rustic,0,,Rustic
bg_recent_name_Soothsaying,0,,Soothsaying
bg_recent_name_Spinning,0,,Spinning
bg_recent_name_Tireless,0,,Tireless
bg_recent_name_Penitent,0,,Penitent
bg_recent_name_Shrewd,0,,Shrewd
bg_recent_name_Faithless,0,,Faithless
bg_recent_name_Yorkist,0,,Yorkist
bg_recent_name_Savage,0,,Savage
bg_recent_name_Cheerful,0,,Cheerful
bg_recent_name_Charitable,0,,Charitable
bg_recent_name_AvantGarde,0,,Avant-garde
bg_recent_name_Toxic,0,,Toxic
bg_recent_name_Clever,0,,Clever
bg_recent_name_Inconspicuous,0,,Inconspicuous
bg_recent_name_Ambitious,0,,Ambitious
bg_recent_name_Despicable,0,,Despicable
bg_recent_name_Accurate,0,,Accurate
bg_recent_name_Confident,0,,Confident
bg_recent_name_Patient,0,,Patient
bg_recent_name_Deadly,0,,Deadly
bg_recent_name_Bloodthirsty,0,,Bloodthirsty
bg_recent_name_Bookish,0,,Bookish
bg_recent_name_Hopeful,0,,Hopeful
bg_recent_name_Ruthless,0,,Ruthless
bg_recent_name_Loyal,0,,Loyal
bg_recent_name_Chivalrous,0,,Chivalrous
bg_recent_name_Weary,0,,Weary
bg_recent_name_Wicked,0,,Wicked
bg_recent_name_Thrifty,0,,Thrifty
bg_recent_name_Tempered,0,,Tempered
bg_recent_name_Brutal,0,,Brutal
bg_recent_name_Winsome,0,,Winsome
bg_recent_name_Willful,0,,Willful
bg_recent_name_Artful,0,,Artful
bg_recent_name_Crafty,0,,Crafty
bg_recent_name_Swindling,0,,Swindling
bg_recent_name_Thoughtless,0,,Thoughtless
bg_recent_name_Reckless,0,,Reckless
bg_recent_name_Desolate,0,,Desolate
bg_recent_name_Solitary,0,,Solitary
bg_recent_name_Ashen,0,,Ashen
bg_recent_name_Wary,0,,Wary
bg_recent_name_Tangled,0,,Tangled
bg_recent_name_Whole,0,,Whole
bg_recent_name_Disciplined,0,,Disciplined
bg_recent_name_Gnarled,0,,Gnarled
bg_recent_name_Frosty,0,,Frosty
bg_recent_name_Riven,0,,Riven
bg_recent_name_Seaborn,0,,Seaborn
bg_recent_name_Frayed,0,,Frayed
bg_recent_name_Candlelit,0,,Candlelit
bg_recent_name_Merciful,0,,Merciful
bg_recent_name_Grim,0,,Grim
bg_recent_name_Singed,0,,Singed
bg_recent_name_Unshaped,0,,Unshaped
bg_recent_name_Gentle,0,,Gentle
bg_recent_name_Nurturing,0,,Nurturing
bg_recent_name_Studious,0,,Studious
bg_recent_name_Lightfoot,0,,Lightfooted
bg_recent_name_Keen,0,,Keen
bg_recent_info_Apostate,0,,"<name> was drawn to The Circle of Avalon. <name> had secretly despised sheepish, obedient Christians, and was relieved that others felt the same. [He/She] dreamed of Arthur’s imminent return from under the faerie hill, now that the purge was over."
bg_recent_info_Uprooted,0,,"<name> despaired. Seeing villagers die was bad, watching the <origin> sheep succumb was catastrophic. <name> did [his/her] best to ease their suffering - slitting their throats at any sign of infection. Without livestock or livelihood, <name> fled."
bg_recent_info_Caring,0,,there was no one to tend to the animals. Hogs ran wild. Cattle starved in the winter fields. It was after <name> came upon a lifeless mare beside her newborn foal that [he/she] decided to shepherd whatever beasts were needful.
bg_recent_info_Cunning,0,,"<name> burned the putrid remains of [his/her] kin. [He/She] then followed the old grandmother deep into the forest. The cunning wicche knew every leaf, berry and fungus. <name> became fluent in the untamed language of the wild wood."
bg_recent_info_Rustic,0,,"<name> had learned to survive on foraged hedgerow fare, supplemented with the occasional stolen egg or trapped hare. <name> could make a meal from dandelion, primroses or stewed acorns. [His/Her] eyes were painful hollows, always hungry."
bg_recent_info_Soothsaying,0,,"<name> lived by the lore of oak, ash and thorn, trying to ignore the collapse of civilisation and seeking solace among the trees. [He/She] waited beneath hazel and hawthorn, listening for whispers from the fey folk. Sometimes, <name> was rewarded."
bg_recent_info_Spinning,0,,"<name> learned all about flax, for clothing, bedding, bread sacks, ropes and oil. [He/She] was soothed by retting and rolling, scutching and spinning. <name> had a steady hand, and eyes the pale, flaxen blue of a cloudless, summer sky."
bg_recent_info_Tireless,0,,"<name> got the knack of carpentry fashioning coffins for plague victims, later nailing whole families into their homes to die. Next, <name> built trebuchets in the War of Succession. Fac et aliquid operis, ut semper te diabolus inveniat occupatum!"
bg_recent_info_Penitent,0,,"<name> acquired a cap marked with a red cross. It was a memento of months spent marching naked, one behind the other. Each whipped their naked, bleeding bodies with scourges spiked with nails. 'God is merciful, God is just', they wept."
bg_recent_info_Shrewd,0,,"circumstances could have been better, but [he/she] made the most of it. When <name> took to whittling amulets to ward against the Mortal Corruption, in a number of shapes to appeal to christians, jews or pagans, [he/she] got rich, fast."
bg_recent_info_Faithless,0,,"the priest beseeched <name> to repair <origin> church, despite the sickly season. [He/She] watched gloomily as the congregation gradually expired, sneezing as they broke bread together, and buried their brethren. God is dead, <name> thought."
bg_recent_info_Yorkist,0,,"<name> thought it was bleeding obvious that the royals were to blame, cutting England to the bone because of their silly French war. [He/She] had pitched in willingly to help shore up York's defenses. Someone had to make a stand."
bg_recent_info_Savage,0,,"<name> had utterly lost [his/her] mind. <name> had seen Beelzebub and there was no redemption. [He/She] could make shelter, and fire, and dream of blood and screams. <name> would not, or could not, say if [he/she] had eaten human flesh."
bg_recent_info_Cheerful,0,,"<name> would whistle as [he/she] worked, almost as though the horrors of recent times had passed [him/her] by. <name>'s reason to be cheery was simple enough. [He/She] had caught the pestilence, but had dodged the Grim Reaper. Life was good."
bg_recent_info_Charitable,0,,"<name> roved among the mills, begging or stealing flour to bake bread. This [he/she] made into simple bannocks and distributed to the starving village folk, barely clinging to the wreckage of their former lives. It kept <name> busy, and purposeful."
bg_recent_info_AvantGarde,0,,"<name> experimented. Have you tried rat au vin or eels in goat's milk? Neither had <name> until Armageddon. [He/She] was utterly fearless in combining random ingredients to keep everyone fed, leading to unexpected results and frequent indigestion."
bg_recent_info_Toxic,0,,"<name> fed a band of hungry marauders, a risky job. <name> would occasionaly cut corners to save time. Uncertain if it was a stray toadstool or mouldering rye that caused the hallucinations, <name> still maintained [he/she] did [his/her] best."
bg_recent_info_Clever,0,,"<name> believed [him/her]self spared from Mortal Sickness for a higher purpose. So said the Canterbury Friar, who taught [him/her] to read. “Knowledge is freedom”, <name> whispered softly, mounting the Friar’s mule and stealing away into the darkness."
bg_recent_info_Inconspicuous,0,,"<name> was deployed undercover to watch for heresy among royalist factions. On receiving no further instructions from [his/her] Master of Whispers, <name> sought the shadows, using what [he/she] heard to survive."
bg_recent_info_Ambitious,0,,"<name> crept about Oxford, tearing pages glowing with illuminations, swiping vellum and ink. <name> served [his/her] masters in the scriptorium dilligently. <name> had a steady hand. <name> would learn to read and write, and finally become Somebody."
bg_recent_info_Despicable,0,,"<name> took to the hills on a rampage as order crumbled. Born to privilege, <name> gathered a vile band of ruffians and killed and burned at will. [He/She] was exhilarated by chaos, amused by desecration, and not to be underestimated."
bg_recent_info_Accurate,0,,"<name> began to perform a sideshow, throwing daggers in an arc over a pretty girl for a few coins. <name> figured out [he/she] had a talent when [he/she] threw a carving knife dead into the eye of a looter. <name> never misses."
bg_recent_info_Confident,0,,"the noble's marches and forests became pretty much fair game. So <name> now poaches with impunity. [He/She] will catch what you want to order: venison, boar, rabbit, peacock. Naturally, this comes at a price."
bg_recent_info_Patient,0,,"<name> developed patience to sit in a furze bush or atop an oak tree, chewing on a blade of grass and listening to the wind. At the perfect moment, [he/she] would take down [his/her] prey with a single arrow. <name> had become an assassin."
bg_recent_info_Deadly,0,,"<name> was on a crusade to wipe out pretentious, usurping commoners and reinstate the true and righteous order of England. Blood mattered, and <name> would reclaim [his/her] birthright. The peasantry needed to be brought to their filthy knees."
bg_recent_info_Bloodthirsty,0,,"<name> recalled the healer lancing boils. Flagstones had run red as he opened veins, cursing the French, and the King. Finally <name> took the powders and purifying herbs from the dying healer's blackened hand. <name> was left holding the bloody razor."
bg_recent_info_Bookish,0,,"studying the many great works in the libraries of Oxford gave <name> confidence to try [his/her] hand at medicine. <name> was from a worthy family, the last of [his/her] name. Book learning surely surpasses base peasant cures, herbs and charms?"
bg_recent_info_Hopeful,0,,"<name> fished leeches from the pond at <origin>, and carried them about in a milk jar, offering healing. <name> had no experience whatsoever, but had once seen a monk put the beasts on a dying man. It probably did no harm, <name> thought."
bg_recent_info_Ruthless,0,,<name> recalled townsfolk dying in the streets as the nobles fled north to escape the plague. Are we not all mere sinners in the eyes of God? <name> would follow William of York in defending the rights of common folk. To the death if necessary.
bg_recent_info_Loyal,0,,"<name> pledged fealty to King Edmund, who was ordained to rule and bring England back into harmony and balance. <name> would gladly put anyone who disagreed with [him/her] to the sword. Death would be swift and merciful."
bg_recent_info_Chivalrous,0,,"<name> swooned over the histories of Sir Gawain and Sir Bedivere. To be so gallant, so merciful. <name> thought [he/she] had the right qualities to be a knight. And those qualities were sorely needed, in these savage days."
bg_recent_info_Weary,0,,"<name> was tired, truth be told. [His/Her] joints ached and [he/she] couldn't fathom how The End of Days had passed [him/her] by. <name> still oiled [his/her] blades, strangely envious of comrades slain at Saint-Omer. Somehow, <name> soldiered on."
bg_recent_info_Wicked,0,,"<name> regretted wishing death on [his/her] father's house. This very fate befell all [his/her] kin, and <name> was filled with remorse. [He/She] took up [his/her] father's hammer, and fired up the forge. Each metallic blow rang out: ""Guilty, guilty."""
bg_recent_info_Thrifty,0,,"<name> had left the silent streets of <origin> with a cart, and started collecting metal. From churches to manors, <name> stripped them clean and melted it all down. Sir Hugh Gaveston and William of York would surely be needing swords."
bg_recent_info_Tempered,0,,"<name> had packed [his/her] surviving children on a cart and fled. [He/She] could not remain, as the ghosts of [his/her] family would haunt the house for eternity. <name> found a niche as an ironmonger. Even the unhinged need new locks and bolts."
bg_recent_info_Brutal,0,,"<name> had fallen from grace, ending up in prison. Fate in the form of The Great Mortality - sickened guards and a filched key - offered a window of escape. <name> now had an unhealthy fascination with torture and tools of punishment."
bg_recent_info_Winsome,0,,"[he/she] became the Earl's lover. <name> had comforted him as his wife lay dying, and coerced him with blackmail when the countess unexpectedly recovered. <name> become a puppet master to the hapless Earl, his wife relegated to a distant tower."
bg_recent_info_Willful,0,,"bards told of how <name> commanded the barring of the gates, deaf to the pitiful wails and scrabbling outside. By sheer force of will, <name> kept extinction at bay in <origin>. That day, <name> became a legendary leader."
bg_recent_info_Artful,0,,"<name> chose eternal damnation over living purgatory. [He/She] sold the cow, then [his/her] only daughter. An artful beggar, [he/she] roamed the tattered shires, flattering, cajoling and seducing for a crust of bread. <name> is a survivor."
bg_recent_info_Crafty,0,,"<name> was scavenging from a bloated corpse, and came by a fine pair of shears. Trimming cloth from dead limbs was easy. Turning it into wearable garments took more practice. But <name> persisted. Now [he/she] can fashion a suit from almost anything."
bg_recent_info_Swindling,0,,"<name> raided barns for stray kittens and pups, fashioning brightly-coloured sacks from dead-men's cloaks to stash them in. Off to market! Jiggety jig. <name> would sell the unwary a pre-bagged 'piglet,' at bargain price...and vanish. Caveat emptor!"
bg_recent_info_Thoughtless,0,,"<name> fancied [him/her]self a dressmaker. And so [he/she] set about using miller's floursacks, sheets and linen rags to clothe the destitute orphans and wastrels of <origin>. A frightful sight they were, shorn of their remaining dignity."
bg_recent_info_Reckless,0,,"<name> ventured into the abandoned mines, with a band of comrades and a few candle stubs. It only takes a pickaxe, any fool can do it, <name> supposed. And putting aside the fatal rockfall and the flooding incidents, <name> was right."
bg_recent_info_Desolate,0,,"<name> wanted to hit someone, to take out [his/her] rage at the horror and desolation that had violated everything [he/she] loved. But <name> was a pacifist. So [he/she] hacked spoils from the bountiful earth until [his/her] grief was spent instead."
bg_recent_info_Solitary,0,,"<name> had felt more at home in the quiet of the clay pits and lime kilns than in the towns. There were traces of humanity, but not the stench or the despair. <name> carved a secret labyrinth into the rock, invoking memories of Reims Cathedral."
bg_recent_info_Ashen,0,,"<name> had burned what could not be buried. Ash clung to [his/her] skin and throat until [he/she] forgot the scent of anything but smoke and death. It clings to [him/her] still, often in dreams."
bg_recent_info_Wary,0,,"trust was a luxury <name> could no longer afford. A smile could conceal a knife, a handhake spread a fever. [He/She] learned to remain vigilant, and to move before danger struck."
bg_recent_info_Tangled,0,,"the debts mounted quickly, and <name> tangled [himself/herself] in promises, betrayals, and desperate bargains. The plague wiped the slate clean, as there was nothing left, and nobody alive to pay."
bg_recent_info_Whole,0,,"somehow, <name> endured. Through fever, famine, and fire [he/she] remained whole - yet hollowed inside. Beneath the skin, grief festered, withering into a shape that only barely resembled [his/her] soul before."
bg_recent_info_Disciplined,0,,"with each blow and every struggle, <name> was hardened. Order became all that mattered. Without it, [he/she] believed, even the strongest crumbled into dust."
bg_recent_info_Gnarled,0,,"time twisted <name> like a winter-throttled oak. With scarred hands and a bowed back, [he/she] held fast to roots deep in the ruined earth of <origin>. Storms passed; [he/she] endured."
bg_recent_info_Frosty,0,,"<name> froze long before winter came. Each death, each burial dulled [his/her] spirit further. No comfort could thaw the frost that settled into [his/her] marrow."
bg_recent_info_Riven,0,,"the world tore <name> apart. Some pieces, [he/she] left in the mass graves; some, [he/she] buried deeper. Surely, once this harrowing was over, they had earned God's grace?"
bg_recent_info_Seaborn,0,,"the sea could not weep, for it was made of tears. So, <name> raised a sail to ride [his/her] sorrow on salt and tide. Let the land rot. <name> would look to the horizon."
bg_recent_info_Frayed,0,,"hope unravelled stitch by stitch. <name> carried on anyway, patching the seams of a broken life with whatever scraps [he/she] scavenged among the ruins."
bg_recent_info_Candlelit,0,,"<name> often worked until Matins in the scriptorium at <origin> Abbey, illuminating documents by flickering tallow light. [He/She] befriended every pigment, coaxing gold leaf's gleam and verdigris to bloom. Silence was [his/her] companion, precision [his/her] obsession."
bg_recent_info_Merciful,0,,"<name> became adept with saw and iron, deftly cutting rot from living flesh. Some said [he/she] rather enjoyed it. [He/She] claimed it was an act of mercy, whispering prayers as limbs fell away."
bg_recent_info_Grim,0,,"<name> took no joy in the work, but neither did [he/she] flinch. Shackles clanked, keys turned, and bones broke where necessary. Words sometimes failed <name> - steel did not."
bg_recent_info_Singed,0,,"when sparks flew, <name> had been the first to haul buckets, drag bodies, and wrangle panicked beasts. The cleansing flames may have touched [him/her] here and there, but [he/she] was undeterred."
bg_recent_info_Unshaped,0,,"<name> had never liked drills or sparring grounds. So [he/she] was surprised to learn that when fists flew, [he/she] didn’t hesitate. <name> had finally discovered their own strength, yet knew nothing of discipline."
bg_recent_info_Gentle,0,,"<name> flinched at smoke and screaming, but never turned away from the wounded. [He/She] learned to stitch flesh, carving saints for those in [his/her] care. <name> softened the world to make the horrors more bearable."
bg_recent_info_Nurturing,0,,"<name> tended creatures and crops with quiet joy, coaxing life from egg and seed alike. Each act of care was a prayer for one of those who had perished before."
bg_recent_info_Studious,0,,"<name> practiced all arts with quiet focus, whether bladework or brushstroke. [He/She] had heard the pen was mightier than the sword, but opted to use both."
bg_recent_info_Lightfoot,0,,"<name> turned away from darkness. [He/She] had a ready smile, and would charm stories from the surliest of strangers, always chasing breeze over burden."
bg_recent_info_Keen,0,,"<name> studied tracks like an alphabet, and knew the signs to follow to avoid disturbing elves. [He/She] had witnessed many strange occurrences, but knew better than to speak of them."
background_context_link_01,0,,"After the Apocalypse,"
background_context_link_02,0,,"In the wake of death and terror,"
background_context_link_03,0,,"When the world changed,"
background_context_link_04,0,,"Following the plague,"
bg_old_name_Farmer,0,,farmer
bg_old_name_Swineherd,0,,swineherd
bg_old_name_Marshal,0,,marshal
bg_old_name_Cottar,0,,cottar
bg_old_name_Gardener,0,,gardener
bg_old_name_Reeve,0,,reeve
bg_old_name_Herbalist,0,,herbalist
bg_old_name_Roofer,0,,roofer
bg_old_name_Bowyer,0,,bowyer
bg_old_name_Carpenter,0,,carpenter
bg_old_name_Wheelwright,0,,wheelwright
bg_old_name_Builder,0,,builder
bg_old_name_BrickMaker,0,,brick maker
bg_old_name_Shipwright,0,,shipwright
bg_old_name_Innkeep,0,,innkeep
bg_old_name_Butcher,0,,butcher
bg_old_name_Chef,0,,chef
bg_old_name_Brewster,0,,brewster
bg_old_name_Architect,0,,architect
bg_old_name_MasterBuilder,0,,master builder
bg_old_name_Engineer,0,,engineer
bg_old_name_Scribe,0,,scribe
bg_old_name_Monk,0,,monk
bg_old_name_Hunter,0,,hunter
bg_old_name_Archer,0,,archer
bg_old_name_Recruit,0,,recruit
bg_old_name_Healer,0,,healer
bg_old_name_FieldDoctor,0,,field doctor
bg_old_name_Nun,0,,nun
bg_old_name_Knight,0,,knight
bg_old_name_Soldier,0,,soldier
bg_old_name_ArmyCook,0,,army cook
bg_old_name_Mercenary,0,,mercenary
bg_old_name_Farrier,0,,farrier
bg_old_name_Lorimer,0,,lorimer
bg_old_name_Blacksmith,0,,blacksmith
bg_old_name_Armourer,0,,armourer
bg_old_name_Arrowsmith,0,,arrowsmith
bg_old_name_Barber,0,,barber
bg_old_name_Courtesan,0,,courtesan
bg_old_name_Alchemist,0,,alchemist
bg_old_name_Peddler,0,,peddler
bg_old_name_Tanner,0,,tanner
bg_old_name_Cordwainer,0,,cordwainer
bg_old_name_Armorer,0,,journeyman armourer
bg_old_name_Cobbler,0,,cobbler
bg_old_name_Miner,0,,miner
bg_old_name_Franklin,0,,franklin
bg_old_name_Carter,0,,carter
bg_old_name_GraveDigger,0,,grave digger
bg_old_name_Berner,0,,berner
bg_old_name_wright,0,,wright
bg_old_name_turnkey,0,,turnkey
bg_old_name_netmaker,0,,netmaker
bg_old_name_recuperant,0,,recuperant
bg_old_name_squire,0,,squire
bg_old_name_fen_scout,0,,fen scout
bg_old_name_nitre_miner,0,,nitre miner
bg_old_name_quacksalver,0,,quacksalver
bg_old_name_brawler,0,,brawler
bg_old_name_infirmarian,0,,infirmarian
bg_old_name_quartermaster,0,,quartermaster
bg_old_name_delver,0,,delver
bg_old_name_marksage,0,,marksage
bg_old_name_hermit,0,,hermit
bg_old_name_tutor,0,,tutor
bg_old_name_bear_baiter,0,,bear baiter
bg_old_info_Farmer,0,,"Though not educated, <name> was wise. [He/She] knew when to plant to avoid a frost, and could coax oxen to plough a perfect furrow. Life was hard but Nature was bountiful. <name> had much to be thankful for."
bg_old_info_Swineherd,0,,"Wandering the forest with rooting hogs for company, carrying a stout stick for beating down acorns and interlopers...this was all <name> knew. Whiling away the hours, chewing mushrooms, alone with [his/her] imagination. Other people's jobs were more onerous, <name> believed."
bg_old_info_Marshal,0,,"A wanderer from Barcelona, <name> had the gift of healing animals, and occasionally humans at a pinch. [He/She] was learned, understanding the Moorish faith, and the teachings of Galen and Aristotle. <name> had an excellent sense of humour!"
bg_old_info_Cottar,0,,"With a field to plough and a cottage to live in, <name> laboured hard. [He/She] had mainly worried about death and taxes. With a dozen destitute dependents, <name> had feared paying out all [his/her] livestock in heriots to the Lord if any died."
bg_old_info_Gardener,0,,"<name> had found peace within the wattle fences of the garden, filled with scented flowers and herbs. [He/She] knew their properties well, as food and medicine. Time stood still under the trellises, and <name> would bathe in the scent of new growth."
bg_old_info_Reeve,0,,"Rising from humble serf to Reeve offered <name> a coveted place at [his/her] lord's table. Yet overseeing [his/her] fellow labourers was a thankless task. With so much to manage, why not take a little for oneself? <name> certainly felt justified."
bg_old_info_Herbalist,0,,"Having once seen a copy of De Materia Medica at Oxford, <name> became a lifelong devotee Dioscorides. Blending this with the teachings of [his/her] mentor, an elderly nun and plantswoman, <name> felt confident in pronouncing upon botanical matters."
bg_old_info_Roofer,0,,"<name> felt that [his/her] dizzying head for heights was a divine gift, to be used in architectural celebration of Our Lord. Working among the angels on the great spire of Salisbury Cathedral was the pinnacle of [his/her] career."
bg_old_info_Bowyer,0,,"It was said that <name> annihilated 23 French warriors at L’Ecluse, each dispatched with a single, mercifully accurate shot. [His/Her] fame as an archer was only surpassed by <name>’s skill with yew, building fine longbows. They were greatly prized."
bg_old_info_Carpenter,0,,"<name> was a member of the Brotherhood of Carpenters, a guild that offered heavenly rewards. To work all day with wood, knowing that in death the Brotherhood would pay for burial and even have prayers said at the chantry made <name> deeply thankful."
bg_old_info_Wheelwright,0,,"<name> of <origin> believed there were many spokes in the wheel of life. [He/She] enjoyed lending a hand with repairs and building projects, even fashioning a crucifix at the behest of a group of mummers for their mystery play."
bg_old_info_Builder,0,,"From sawn timber lintel frames to trampled cob for thick, curved walls, <name> could work them with [his/her] strong, raw hands. <name> was known to be rough and ready, just as quick to anger as to lauch into bawdy tales or raucous songs."
bg_old_info_BrickMaker,0,,"<name> loved the slippery feeling of earth between [his/her] toes. [He/She] spent a happy childhood plugging weathered clay in the yards of Hull, forming an array of ruddy blocks destined for castles and fortresses. [He/She] was an absolute brick."
bg_old_info_Shipwright,0,,"<name> had done [his/her] time building vessels on the docks, and could turn [his/her] calloused hand to all manner of construction. Ports being rough and ready places, <name> also knew how to throw a punch and dodge a scoundrel's shiv."
bg_old_info_Innkeep,0,,"<name> was known for the crustiest pie pastry in <origin>, and poured a generous pitcher of ale to boot. Jovial and fair, [he/she] never hesitated to knock a few thick heads together if fights broke out, either."
bg_old_info_Butcher,0,,"<name> knew animals inside out, as befits a member of the Butcher's Guild. [He/She] had a gentle way with all beasts, and dealt their fate swiftly. <name> knows how to prepare exotic cuts fit for a king, which peasants have never tasted."
bg_old_info_Chef,0,,"Once an enfant de cuisine under the great master Taillevent, <name> became chef to the great houses of England. Despite [his/her] snobbery, there's no denying <name>'s culinary expertise regarding all manner of edible flora, fauna, and fungi."
bg_old_info_Brewster,0,,"You could tell <name>'s profession by [his/her] tall black hat and broomstick. Yes, [he/she] brewed ale. <name> was a grafter, and resented the Abbot's assumption that [he/she] used [his/her] wiles to get pious men drunk. You can't hold back an entrepreneur."
bg_old_info_Architect,0,,"If truth be told, <name> was jealous of Henry Yeverley. Although [he/she] could never rival the Master Mason of the King's Works, <name> thought [his/her] advanced ideas on architecture, acquired at the Château de Vincennes, worthy of greater renown."
bg_old_info_MasterBuilder,0,,"<name> loved getting stuck into a complex project. [He/She] spent many years crossing Europe in search of instruction. <name> understood how to create gravity-defying structures with stone and iron, taught by the nameless, genius cathedral builders."
bg_old_info_Engineer,0,,<name> took pride in the vast engines of war [he/she] designed. <name> dreamed of one day creating a device as legendary as the great Warwolf trebuchet created by Master James of St. George. How the tarbarrels and corpses would fly!
bg_old_info_Scribe,0,,"The pen is mightier than the sword, and <name> had certainly reveled in a little power. Called upon to wield [his/her] quill by merchants and gentry, <name> recorded their contracts, their laws and their deaths in littera antiqua, with a flourish."
bg_old_info_Monk,0,,"<name> liked to potter in the still room, with [his/her] salves and potions. Those brought to the hospital were truly at the mercy of God. But <name> liked to offer what little curative help [he/she] could to ease their suffering."
bg_old_info_Hunter,0,,"They said in <origin> that <name> was born with a bow in [his/her] hand. In the warmer months, <name> would hunt wolves, [his/her] tongue lolling and eyes bright as [he/she] loped through the forest, lithe, invisible, and poised to strike."
bg_old_info_Archer,0,,"From being fostered as a squire through to becoming a mounted archer, <name> was a true career soldier. Scarred and surly, [he/she] had kept a cool head at Saint-Omer and Morlaix, escaping without victory but with [his/her] life."
bg_old_info_Recruit,0,,"<name> practiced when [he/she] could with the longbow, but ploughing and reaping duties generally took precedence. No matter, <name> was enlisted to fight in France, ending at the Siege of Tournai. A string to [his/her] bow and a tale for the fireside."
bg_old_info_Healer,0,,"A cloistered life, tending the abbey gardens and copying fine manuscripts, spun <name> along a golden thread of erudition. Alas, the pitiless Abbott urged [him/her] to go forth and heal the sick and the poor. So, reluctantly, <name>’s exile began."
bg_old_info_FieldDoctor,0,,"By day, <name> tended fallen troops. But at night, the rank threat of battlefield dysentery and marsh fever invaded [his/her] sleep. Bad air from bloated corpses was the stuff of nightmares. Of the four horsemen, <name> dreaded pestilence most."
bg_old_info_Nun,0,,"<name>'s family paid the church her dowry, granting her a pious and cloistered life. Instead, a small, persistent voice bid her roam over battlefields, stitching up wounds and praying with the broken as they gasped their last. It was <name>'s calling."
bg_old_info_Knight,0,,"Chivalry was <name>'s lifeblood, and [he/she] would die for honour. A knight of St John, <name> had become a warrior monk, defended Rhodes from infidels. Loyalty, justice and generosity were [his/her] watchwords, but woe betide the summa culpabilis."
bg_old_info_Soldier,0,,"<name> had seen gruesome battles, weak leaders and fearsome foes. Expecting to face death in France, <name> trained constantly and was fighting fit, belligerent and always guarded. We often give our enemies the means of our own destruction."
bg_old_info_ArmyCook,0,,"An army marches on its stomach, and <name> knew how to keep the campfires burning and soldier's bellies full. [His/Her] meals weren't exactly gourmet but <name> was a keen butcher, and could fillet the opposition pretty skillfuly in retreat."
bg_old_info_Mercenary,0,,"<name> had roamed Italy causing the worst kinds of trouble with the Company of St George, a group of freemen whose goal was pillaging and chaos. All good things must end, and <name> had subsequently dug ditches and escaped hanging for petty thievery."
bg_old_info_Farrier,0,,"<name> is a horse whisperer. [He/She] keeps equine hooves healthy and shod in iron. It doesn't pay much, but it's a stable job."
bg_old_info_Lorimer,0,,"<name> has furrows of concentration etched on [his/her] brow, and brawny arms from working hammer and bellows. Whether a humble horse bit or a knight's spurs, <name> could craft them."
bg_old_info_Blacksmith,0,,"Broad and taciturn, <name> believed [his/her] art helped forge Anglalonde, aided by the gods. 'Weland gave the Sword, The Sword gave the Treasure, and the Treasure gave the Law,' so it was said. And <name> repeated that often, to any who listened."
bg_old_info_Armourer,0,,"<name> could bend anything to [his/her] will, especially bright metal. Formerly apprentice to a master from Chartres, <name>'s hammer and nimble fingers had worked long years in the armouries of the London arsenal. [He/She] had saved countless lives."
bg_old_info_Arrowsmith,0,,"Tipped with blade or barbed, <name> had been turning out arrow heads since [he/she] was 14. [He/She] sometimes wondered how many of [his/her] creations had found their mark, staining the ruddy battlefields of Sluys and Crecy."
bg_old_info_Barber,0,,"Need a close shave? When it was time to remove a troublesome beard or festering limb, <name> would merrily oblige. [He/She] loved to gossip almost as much as letting blood. <name> was often the first to know, and, for many, the last they would see."
bg_old_info_Courtesan,0,,"<name> speaks soft and low, with a gentle laugh as pleasing as birdsong. Despite being a great storyteller, nobody knows [his/her] chequered history at court. However, <name> knows a tasty little secret about almost everyone else..."
bg_old_info_Alchemist,0,,"<name> had become disillusioned questing for the Philosopher's Stone, and sought the Elixir of Youth. [He/She] could read Greek and Arabic and made copious notes in code. <name> occasionally despaired, [his/her] dreams reduced to glittering dross."
bg_old_info_Peddler,0,,"Traveller <name> carried needful supplies on [his/her] back like a snail, toiling between remote hamlets. The insular indwellers were always suspicious. Each time, <name> sweet-talked them into trusting [him/her], so that the bargaining could begin."
bg_old_info_Tanner,0,,"<name> knew how to tan a hide with an animal's own brains, and with the alchemy of wood ash, excrement and festering bark. Without <name>, no one would have shoes, armour or saddles. But [he/she] was hardly popular. As jobs go, <name>'s really stank."
bg_old_info_Cordwainer,0,,"<name> entered the Cordwainers' Guild by patrimony - 'Corio et Arte' had been [his/her] father's favourite refrain. The scent of leather revived unbidden memories of London ateliers in the shadow of St Paul's, bustling with shoemakers like <name>."
bg_old_info_Armorer,0,,"<name> began with cuir bouilli, leather boiled in wax and sturdy enough to give a commoner some battlefield protection. Later [he/she] progressed to Brigandine armour, riveting on metal plate to shield the heart. <name> was also serviceable with a bow."
bg_old_info_Cobbler,0,,"Hailing from <origin>, <name> liked to roam up over the downs and through the ferny holloways of England. Villagers always welcomed [him/her], as even the most humble carl or cotter had shoes for <name> to mend."
bg_old_info_Miner,0,,"<name> had done [his/her] time in the Low Peak lead fields and the Welsh mines of the Black Prince. Pale and shunning daylight like many miners, <name> had hollow eyes and headaches. Glistening veins of gold caressed [his/her] dreams."
bg_old_info_Franklin,0,,"Tilling lynchets into the poor, hilly soil near <origin> had been a last resort as fertile land was scarce. But <name> had done well, and won the freedom to farm their own hide. <name> felt pride, but mainly relief. [He/She] soldiered on."
bg_old_info_Carter,0,,<name> got sick of shoveling dung with the reeve looking over [his/her] shoulder. And sicker still of the miserable husbandman who didn't pay fair and square in ale when <name> unloaded it onto the fields. At least [he/she] had a strong back.
bg_old_info_GraveDigger,0,,<name> dug the graves at <origin> churchyard. But it was on the bloodied field at Crécy that [he/she] did [his/her] finest work. To crack French skulls in a ditch hewn with the very same pickaxe gave <name> endless satisfaction.
bg_old_info_Berner,0,,"<name> was top dog, the leader of the pack. [He/She] cared for the hounds, and in return these dogs were fiercely loyal. Although not of high rank, <name> commanded respect. Hounds can be ferocious when crossed."
bg_old_info_wright,0,,"<name> had rebuilt half of [his/her] town after the fire. Soot became a second skin, and every new timber laid was a prayer against flame's return."
bg_old_info_turnkey,0,,"Feeding, cleaning, interrogating. <name> liked the weight of keys swaying on [his/her] belt and the smell of damp straw. [He/She] was ambitious, some might say authoritarian."
bg_old_info_netmaker,0,,"<name> tied fragile prayers into knots of hempen twine with calloused hands. [He/She] never failed to wet the nets with a libation, in hopes of a hefty catch."
bg_old_info_recuperant,0,,<name> learned patience by stitching wounds and waiting for health to return in the infirmary. [He/She] nursed a quiet resilience noticed by few.
bg_old_info_squire,0,,"<name> polished arms humbly, and dreamed of carrying a banner. [He/She] knew how to clean blades, take bruises, and rise early."
bg_old_info_fen_scout,0,,<name> knew where river mud sucked and where raiders struck. [His/Her] wyrd was written in silt and sedge.
bg_old_info_nitre_miner,0,,<name> made ends meet by scraping crusted saltpetre from the walls of the grotto that also served as [his/her] home. The coughing and headaches seemed a fair price to pay.
bg_old_info_quacksalver,0,,"<name> healed with trickery and makeshift prayer, and sometimes - just sometimes - a steady hand."
bg_old_info_brawler,0,,"Where laws fail, fists rule. <name> had earned coin and broken teeth brawling for bed, board and booze."
bg_old_info_infirmarian,0,,"<name> spent years tending the broken; scrubbing bloody flagstones, wiping seeping wounds. Neither soldier, nor sage - just a steady hand when it mattered most."
bg_old_info_quartermaster,0,,"<name> knew the importance of maintaining supplies since the campaign against the Scots at Neville's Cross. [He/She] could dress a wound, clothe a man, or bargain for a bucket, but had never fired a single arrow."
bg_old_info_delver,0,,"<name> hated the serf's life. [He/She] preferred to vanish into rock or river, emerging hours later with raw ore gleaming and the perfect story to tell."
bg_old_info_marksage,0,,"<name>'s bow was a puzzle, not a weapon. [He/She] sensed windrift and the curve of distance, seeing angles comrades missed. [He/She] had become a legend among archers who saw action at Calais."
bg_old_info_hermit,0,,"<name> had inadvertently gone from beggar to hermit, when voices [he/she] heard were deemed holy. Solitary life and food offerings from locals were both greatly beneficial in finding peace of mind."
bg_old_info_tutor,0,,"If <name> could instil [his/her] love of learning in [his/her] small students, it would be a reward in itself. Sadly the young Lordships were spoiled brats, who showed little promise."
bg_old_info_bear_baiter,0,,"<name> had to keep the bear in fine fettle, but the dogs were replaceable. [He/She] stayed in the shadows and let the fur fly, once the wagers had been made."
none_faction_name,0,,Nonpartisan
non_partisan_nomads_name,0,,Nonpartisan
church_of_third_coming_name,0,,The Church of the Third Coming
ancrene_disciples_name,0,,The Ancrene Disciples
faithful_sons_of_england_name,0,,The Faithful Sons Of England
band_of_the she_wolf_name,0,,The Band of the She-Wolf
philosophers_of_the_natural_order_name,0,,The Philosophers of the Natural Order
society_of_fellows_name,0,,The Society of Fellows
kingdom_of_york_name,0,,The Kingdom Of York
heresy_of_the_rose_name,0,,The Heresy of the Rose
circle_of_avalon_name,0,,The Circle of Avalon
beirdd_cymraeg_name,0,,The Beirdd Cymraeg
progeny_of_the_plague_name,0,,The Progeny of the Plague
ravagers_name,0,,The Ravagers
forest_bandits_name,0,,The Forest Bandits
mountain_bandits_name,0,,The Mountain Bandits
river_bandits_name,0,,The River Bandits
looters_name,0,,The Looters
scourge_name,0,,The Scourge
non_partisan_nomads_info,0,,No affiliation with any faction. Harming a nonpartisan will not trigger any friendliness penalties. But it may have other repercussions.
church_of_third_coming_info,0,,"An often brutal, neochristian theocracy, disciples preach that the plague marked the beginning of Armageddon, in a world ruled by Satan and his demons. They keenly await the return of Christ and have joined the final battle to purify the world of sin and sinners, by any means necessary. Militant and aggressive, they have barely any understanding for those who lack their faith.
"
ancrene_disciples_info,0,,"A band of Christian mystics proselytising the obscure, visionary dreams of Anchoress Menwreda of Wigmore, who was walled into a cell for life at just 15 years of age. Her complex, mystic revelations calcified into rigid doctrine during the plague years. Adherents frequently burn people alive, accusing them of being in league with the Devil, the cause of the scourge."
faithful_sons_of_england_info,0,,"Plantagenet Royalists, the Faithful champion Edmund II as the lawful heir to the throne. Their goal is to reunite England, recreating the feudal structure that was in place before the pestilence, with Edmund’s favourite, Sir Hugh Gaveston, leading the charge.
"
band_of_the she_wolf_info,0,,"A rough collective of factions led by individual barons, united by their unswerving loyalty to the former queen, Isabella of France. Backed by the powerful house of Aquitaine and using not just military might but also necromancy, this group aims to reinstate the nobility and ensure its longevity."
philosophers_of_the_natural_order_info,0,,"These scholars argue that Nature, and not God, wrought the plague. Zealously pursuing knowledge, they pore over tomes of Byzantine scripture and debate Ockham's law of parsimony. They dream of a new world order based on study, not superstition, girding themselves with learning to ward of future pestilence.
"
society_of_fellows_info,0,,"Intellectuals led by the flamboyant alchemist, Gaius Ortolanus, the Society of Fellows aims to distil understanding of the plague to its quintessence, and so, obtain mastery over it. Rigorous, serious, and often cantankerous, they suppress ignorance and religious claptrap wherever they find it."
kingdom_of_york_info,0,,"This newly-founded anti-kingdom is led by firebrand peasant, Jan Purvey. He lays the blame for the plague squarely on the English Crown, and its warfare against France. Without this folly, Britain would have kept this pestilence at its borders with the continent, namely, the English Channel. The York movement calls for permanent abolition of the monarchy, and equal rights for all.
"
heresy_of_the_rose_info,0,,"Inspired by the mystic Marguerite Porete, who was burnt at the stake for heresy, followers strive towards the annihilation of the soul. Beyond this, some are nihilists, many think they are God, and most despise hierarchies. The only thing they agree upon is their right to disagree. Their motto is: 'where there is order, let me bring chaos.'"
circle_of_avalon_info,0,,"Arthur Pendragon and his stately court epitomise Britain’s golden era. So says the Circle of Avalon, which strives for a renaissance of chivalry and knightly virtue. Once upon a time, Merlin's second sight revealed fearsome dragons battling beneath Vortigern’s castle. Today, the Circle calls on his druid successors to restore the old ways, summoning a ray of light in a these darkening days.
"
beirdd_cymraeg_info,0,,"The ancient oral tradition of gathering poetry and lore is strong, and of all the corners of Britain, this practice is most exalted in the valleys of Wales. Beirdd ⁠— bards ⁠— become initiates by sleeping on Cadair Idris, learn of shapeshifting from Taliesin, and celebrate Gwledd Brân, the Feast of the Crow. Bards become adept at casting a spell over listeners, finally becoming tutors and completing the cycle."
progeny_of_the_plague_info,0,,"A group of marauders, thieves and slavers, the Progeny flourish due to drinking the blood of plague survivors. Their practices have evolved to include ritual torture, savagery and dismemberment. They hunt humans as they would any wild animal, taking pleasure in the thrill of the chase. Captives are livestock: bred, worked to death and eaten. These cannibals are now so feared, that it is hard to discern where the stories end, and the horror begins.
"
ravagers_info,0,,"Among the many prohibitions in the Bible, none appears against eating human flesh. Upon this flimsy scaffold, the Ravagers — driven first by starvation, and later by developing culinary practices — have built their rationale for a cannibalistic lifestyle. Their recipe books feature detailed instructions to turn almost all body parts into haute cuisine: roasts, sausages, charcuterie…some of which they sell to hungry villagers, unaware of what — or whom — they are consuming."
forest_bandits_info,0,,"Moving silently among ancient oaks and living on wild game, nettles and roots, life in the forest depths comes naturally to many a felon. What could be more companionable than gathering around the fire, sharing tales of the Hyrne and his Wild Hunt, and planning the next raid?"
mountain_bandits_info,0,,"Rugged and weathered, the mountain clans shelter in natural caves and bathe under icy waterfalls. Clad in wolfskins and hunting in packs, they slink down from their mountain strongholds to strike: silent, ferocious, hungry."
river_bandits_info,0,,"Britain’s mighty rivers carry waterfolk, who in turn ferry travelers, goods and news. Since the sickness, they have become indigent and feral, embracing piracy and pillage. The wherrymen make offerings to the nymph queen, Coventina, at the riverside, hopeful that she will bless their predatory riverine incursions."
looters_info,0,,"When the plague took hold, authority crumbled and hunger stalked the land. Mercenaries, robber barons and displaced peasants roamed unchecked, preying on the weak. These looters take whatever they can carry, and will maim and kill with impunity."
scourge_info,0,,"Some say that they are revenant plague victims. Their faces are always covered. And, since their corpses catch alight and turn to ash, disturbing uncertainty lingers as to who, or what, they are. Their presence is invoked if milk sours, or a child goes missing in the night. Beasts are found cruelly dispatched, but not eaten. Crops are burned, items smashed. They exist only to manifest terror, and their name, seldom spoken, is the Scourge."
faction_type_faithful,0,,Church of Restitution
faction_type_pagan,0,,Oak Brethren
faction_type_knowledge,0,,Knowledge
faction_type_monarchy,0,,Monarchy
faction_type_anarchy,0,,Anarchy
faction_type_cannibal,0,,Cannibal
faction_type_bandits,0,,Bandits
faction_type_chaos,0,,Chaos
church_of_third_coming_center,0,,"EDEN NOVA
Eden Nova is a newly-built settlement. It grew up around the abbey founded by St Augustine in Canterbury, where the Roman monk rekindled Christianity among the pagan Saxons, eventually spreading it across the land. A birthplace of new ideas, Eden Nova harbours a fundamentalist Christian sect, intent on converting a new generation of sinners.
"
ancrene_disciples_center,0,,"HEREFORD
Hereford Tower is a great structure encasing the former cell, and now tomb, of the visionary Anchoress Menwreda at Wigmore Abbey. It has become a site of pilgrimage and a power base for the Ancrene Disciples."
faithful_sons_of_england_center,0,,"NEW EXETER
New Exeter was founded outside the original city walls, after Exeter’s Bishop fled during the plague. Work on the cathedral had ground to a halt, and 1900 died, leaving Devon’s former first city desolate."
band_of_the she_wolf_center,0,,"LANCASTER
A fortification crouched on a bend of the River Lune, Lancaster boasts a fine castle, built to repel the Scots. Members of the Plantagenet dynasty ruling over this earldom perished in the great sickness. It has a reputation for notable imprisonments, and executions."
philosophers_of_the_natural_order_center,0,,"OXFORD
Built to ford the river Thames and surrounded by marshes, Oxford was latterly a meeting place of royalty, but since the plague, has fallen from grace. All sects of scholars and religious orders dwell here, often quarrelling among themselves while reaching for the truth."
society_of_fellows_center,0,,"CAMBRIDGE
In the eastern fenlands lies Cambridge, once a Roman trading post, now a place of learning, religion, and frequent riots. Without a king or archbishop to back their cause, the scholars are often besieged by resentful and untrusting townsfolk."
kingdom_of_york_center,0,,"YORK
Once home to Roman armies and Viking heroes, York is the great capital of the North. Beneath its cobbled streets run ancient Roman sewers and other hidden passageways. From this obscure warren, the Kingdom of York sends forth its footsoldiers and spies."
heresy_of_the_rose_center,0,,"ROSSLYN
The dungeons beneath Rosslyn Castle are said to hide a clandestine library of dangerous and esoteric texts, closely guarded by Heretics. The nobles who lived here having perished, a dense, almost impenetrable forest has grown up around it. Frightening stories are spread to keep it undisturbed."
circle_of_avalon_center,0,,"GLASTONBURY
According to legend, it was here at the Isle of Glass that Excalibur was forged and here, grievously wounded, that Arthur sought respite after the Battle of Camlann. It is told that Morgan le Fay and her eight sisters practiced the healing arts here, and that there is a hidden cave through which you can pass to the fairy realm of Annwn. The Circle of Avalon has raised a new Mithraeum, atop the tor."
beirdd_cymraeg_center,0,,"YNIS MÔN
The Beirdd Cymraeg inhabit the island of Ynys Môn, around the great burial chamber Bryn Celli Ddu. The island has long been a seat of bardic and druidic learning. There the Roman chronicler Tacitus met 'Furies, in robes of deathly black and with dishevelled hair,' and 'a circle of Druids, lifting their hands to heaven.'"
progeny_of_the_plague_center,0,,"ISLE OF MANN
An island formed when an Irish giant threw a clod of earth at a rival in Scotland. It missed, and fell into the Irish sea, becoming the Isle of Mann. It lies under the misty cloak of the sea god, Manannán, who gave immortality to the gods through his swine, which returned to life when killed; those who ate of the swine never died."
ravagers_center,0,,"NOVA FORESTA
Nova Foresta was proclaimed a Royal Forest by William the Conqueror. As a result, it is well stocked with game, and is ideal for hunting. Local legends tell of the Ettin, a race of ferocious giants. These tales have been interwoven with recent cannibal sightings. So this regal landscape, rich with fauna, is usually avoided."
general_no_center,0,,No center
scourge_center,0,,"Everywhere, Nowhere"
forest_bandits_center,0,,No center
mountain_bandits_center,0,,No center
river_bandits_center,0,,No center
looters_center,0,,No center
non_partisan_nomads,0,,No center
menu_language_default,0,,Officially Supported Languages
menu_language_community,0,,Other Translations
menu_modbrowser,0,,Mods
mod_id,0,,Mod Id
mod_author,0,,Author
mod_game_version,0,,Game Version
mod_tags,0,,Tags
get_mods,0,,Get Mods
get_more,0,,Get More
general_upload,0,,Upload
create_new,0,,Create New
mod_delete,0,,Delete/Unsubscribe
mod_delete_info,0,,Unsubscribe From this mod and delete if locally from your computer
mod_edit,0,,Edit
mod_edit_info,0,,As you are the author of this mod you can edit it
mod_open_local_directory,0,,Open Folder
mod_open_local_directory_info,0,,Open the local folder where the mod is stored on your computer
workshop_update,0,,Update
workshop_update_info,0,,As you are the author of this mod you can change it and upload the updated version
workshop_upload,0,,Upload
workshop_upload_info,0,,This mod only exists local on your machine. Upload it to steam workshop to share it with others 
workshop_open,0,,Steam Workshop
workshop_open_info,0,,Open the Steam Workshop page of this mod
steam_workshop_upload_prompt,0,,"This action will upload this item to the Steam Workshop, do you want to proceed?"
create_new_mod_loc_template,0,,This action will create English version of localization ready for modding on your hard drive. Do you wish to proceed?
create_new_mod_template,0,,This action will create empty mod template on your hard drive. Do you wish to proceed?
delete_remote_mod_prompt,0,,Are you sure you want to unsubscribe from this mod. doing so will delete it locally as well 
delete_local_mod_prompt,0,,Are you sure you want to delete this mod from your computer?
mod_version,0,,Mod Version
new_mod_created,0,,New mod template created at <path>
general_show,0,,Show
eula_accept_prompt,0,,"To use or create mods, please confirm you have read and accept the game's <link=""web_eula_link""><style=LinkWorker>Terms of Use</style></link> "
general_do _not_accept,0,,Do Not Accept
error_create_directory,0,,Could not create new directory. Please check do you have necessary rights to write to Documents directory. 
and_more,0,,And more...
dev_activateAllResearch_off,0,,Activate all research
dev_activateAllResearch_on,0,,Revert activated research
dev_autoconstruct_off,0,,Auto Construction: Off
dev_autoconstruct_on,0,,Auto Construction: On
dev_autoprod_resources_off,0,,Auto Production: Off
dev_autoprod_resources_on,0,,Auto Production: On
dev_autoprod_worker_off,0,,Instant Production: Off
dev_autoprod_worker_on,0,,Instant Production : On
dev_damage_voxel,0,,Damage Voxel
dev_destroy_pile,0,,Destroy Pile on Point
dev_dev,0,,Dev
dev_draw_effect_map,0,,Draw Effect Map
dev_draw_map_mask,0,,Draw Map Mask
dev_general_actions,0,,General
dev_instant_dig_off,0,,Instant Dig: Off
dev_instant_dig_on,0,,Instant Dig: On
dev_map,0,,Map
dev_mark_animals_for_attack,0,,Mark Animals for Hunting
dev_mark_workers_for_attack,0,,Attack Settlers
dev_menu_combat,0,,Combat
dev_production_speed_max,0,,Production Speed: Max
dev_production_speed_normal,0,,Production Speed: Normal
dev_remove_all_attack_marks,0,,Remove Targets
dev_remove_worker,0,,Remove Settler
dev_reset_workers,0,,Reset Settlers
dev_set_mood_minus_10,0,,Mood -10
dev_set_mood_plus_10,0,,Mood +10
dev_set_worker_hunger_1,0,,Creature Hunger: Starving
dev_set_worker_hunger_100,0,,Creature Hunger: Full
dev_set_worker_hunger_50,0,,Creature Hunger: Hungry
dev_set_worker_sleep,0,,Set Creature Sleep
dev_set_worker_sleep_1,0,,Creature Sleep: Exhausted
dev_set_worker_sleep_100,0,,Creature Sleep: Well Rested
dev_set_worker_sleep_50,0,,Creature Sleep: Tired
dev_spawn_animal,0,,Spawn Animal
dev_spawn_enemy,0,,Spawn 1x enemy
dev_spawn_random_raid,0,,Spawn Simple Raid
dev_spawn_resource,0,,Spawn Resource
dev_spawn_worker_1,0,,Spawn Settler
dev_spawn_worker_10,0,,Spawn 10 Settlers
dev_start_planer,0,,Start Planer
dev_toggle_positionining_box,0,,Toggle position box
dev_voxel_info,0,,Show Voxel Info
dev_weather_view,0,,Show weather info
unique_id,0,,Unique ID
map_size_dev_100,0,,dev 100
map_size_dev_512,0,,dev 512
dev_delete_all,0,,Delete All Saves
dev_workers,0,,Settlers
dev_toggle_altCamera_on,0,,Alternative Camera: On
dev_toggle_altCamera_off,0,,Alternative Camera: Off
dev_toggle_ui_on,0,,UI: Off
dev_toggle_ui_off,0,,UI: On
dev_event_interaction_chance_always,0,,Event Int. chance: 100%
dev_event_interaction_chance_default,0,,Reset Event Int. chance
menu_autoplay,0,,Automatic Tests
dev_spawn_plant,0,,Spawn Plant on Point
dev_spawn_fish,0,,Spawn Fish on Point
dev_try_fish_spawn,0,,Spawn a new Fish
dev_spawn_resource_ctg,0,,Spawn all from Category
dev_spawn_item,0,,Spawn Item on Point
dev_force_exception,0,,Force an Exception
dev_kill_all_piles,0,,Destroy all Piles
dev_recount_piles,0,,Recount Piles
dev_recount_haul_piles,0,,Recount Haul Piles
dev_crop_harvest,0,,Force Crop Harvest Phase
dev_marketing_mode,0,,Marketing Mode
dev_spawn_blank_npc,0,,Spawn Blank NPC
dev_set_npc_behaviour,0,,Set NPC Behaviour
dev_wound_worker,0,,Wound Settler
dev_set_health_100,0,,Health = 100
dev_set_health_1,0,,Health = 1
dev_set_health_0,0,,Health = 0
dev_set_freshness_100,0,,Freshness = 100
dev_set_freshness_1,0,,Freshness = 1
dev_set_freshness_0,0,,Freshness = 0
dev_set_worker_hunger_minus_100,0,,Settler Hunger: Ravenous
dev_set_worker_stats,0,,Set Settler Stats
dev_faint_worker,0,,Faint Settler
dev_unfaint_worker,0,,Unfaint Settler
dev_add_xp_to_skill,0,,Modify Skill XP
dev_toggle_combat_damage_popup,0,,Toggle Combat Numbers
dev_kill_all_enemies,0,,Kill All Enemies
dev_spawn_trebuchet,0,,Spawn Trebuchet on Point
dev_kill_all_animals,0,,Kill All Animals
dev_kill_all_fish,0,,Kill All Fish
dev_deal_damage,0,,Deal 15 Damage on Point
dev_ladder_falldown,0,,Push Settler off Ladder
dev_events,0,,Events
dev_spawn_event,0,,Trigger Event
dev_schedule_event_group,0,,Schedule Event from Group
dev_weather_time,0,,Weather and Time
dev_water_debug,0,,Toggle Water Debug UI
dev_mining_speed_reset,0,,Reset Mining Speed
dev_mining_speed_10,0,,Mining Speed: ×10
dev_kill_all_plants,0,,Destroy All Plants
dev_plant_next_phase,0,,Force Plant Next Phase on Point
dev_crop_next_phase,0,,Force Crop Next Phase on Point
dev_set_low_fuel,0,,Set Low Fuel on Point
dev_toggle_player_voxel_info,0,,Toggle Player Voxel Info
dev_thunder,0,,Thunderstrike on Point
dev_toggle_regions,0,,Toggle Regions
dev_toggle_air_nodes,0,,Toggle Air Grid Nodes
dev_toggle_ground_nodes,0,,Toggle Ground Grid Nodes
dev_toggle_pathing_lines,0,,Toggle Pathing Lines
dev_pathfining,0,,Pathfinding
dev_refresh_nodes,0,,Refresh All Nodes
dev_update_node_visualizer,0,,Update Node Visualizer
dev_warning_messages,0,,Warning Messages
dev_create_warning,0,,Create Warning Messages
dev_update_warning,0,,Update Warnings
dev_remove_warning,0,,Remove Warnings
dev_visual_debug,0,,Visual Debug
dev_toggle_all_debug,0,,Toggle All
dev_toggle_recheability_debug,0,,Toggle Reachability
dev_toggle_proximity_debug,0,,Toggle Proximity
dev_toggle_relocate_debug,0,,Toggle Relocate Pile
dev_effects,0,,Effects
dev_spawn_particle_system,0,,Spawn Particle System
dev_trading,0,,Trading
dev_spawn_trader,0,,Spawn Trader
dev_spawn_trader_with_bodyguards,0,,Spawn Trader with Bodyguards
dev_faction_set_friendliness,0,,Set Faction Alignment
dev_animals,0,,Animals
dev_mark_for_roping,0,,Mark for Roping
dev_domestic,0,,Set Domestic
dev_pet,0,,Set Pet
dev_wild,0,,Set Wild
dev_wild_aggressive,0,,Set Wild Agressive
dev_pregnant,0,,Set Pregnant Animal
dev_birth,0,,Give Birth
dev_animal_prod_finish,0,,Finish Animal Production
dev_reset_animal_timers,0,,Reset Taming/Training Counters
dev_structure_preset_panel,0,,Structure Preset Panel
dev_toggle_structure_preset_panel,0,,Toggle Panel
dev_traps,0,,Traps
dev_trigger_trap,0,,Trigger Trap on Point
dev_reset_trap,0,,Reset Trap
dev_tooltip_spawn_plant,0,,Spawns Plant on Mouse Click
dev_tooltip_spawn_fish,0,,Spawns Fish on Mouse Click
dev_tooltip_try_fish_spawn,0,,Spawns another Fish somewhere on the map if possible.
dev_tooltip_spawn_resource,0,,Spawns resource pile on mouse click
dev_tooltip_spawn_resource_ctg,0,,Spawns every resource of a category on mouse click
dev_tooltip_spawn_item,0,,Spawns item on mouse click
dev_tooltip_spawn_animal,0,,Spawns animal on mouse click
dev_tooltip_autoconstruct,0,,Toggles between instant and normal construction
dev_tooltip_activate_all_research,0,,Toggles unlocking of all research
dev_tooltip_production_speed_normal,0,,Sets Procution Speed multiplier to 1.
dev_tooltip_production_speed_max,0,,Sets Production Speed Multiplier to 50.
dev_tooltip_force_exception,0,,Forces an exception.
dev_tooltip_destroy_pile,0,,Destroys pile on mouse click
dev_tooltip_kill_piles,0,,Destroys all piles on the map.
dev_tooltip_toggle_ui,0,,Toggles the ingame UI on and off
dev_tooltip_toggle_alt_camera,0,,Changes the camera mode from standard to isometric.
dev_tooltip_recount_piles,0,,Recounts all piles on the map.
dev_tooltip_recount_haul_piles,0,,Recounts all haul piles on the map.
dev_tooltip_force_crop_harvest_phase,0,,Forces crops to harvest phase after planting.
dev_tooltip_marketing_mode,0,,Turns on Marketing Mode
dev_tooltip_set_interaction_event_chance_always,0,,Sets Interaction Event chance to 100%.
dev_tooltip_set_interaction_event_chance_default,0,,Resets Interaction Event chance to default.
dev_tooltip_spawn_worker_1,0,,Spawns 1 Settler on mouse click.
dev_tooltip_spawn_worker_10,0,,Spawns 10 Settlers on mouse click.
dev_tooltip_remove_worker,0,,Click on a Settler to kill them.
dev_tooltip_wound_worker,0,,Click on a Settler to Wound them
dev_tooltip_set_health_100,0,,"Sets health level of creatures, plants or resources to 100."
dev_tooltip_set_health_1,0,,"Sets health level of creatures, plants or resources to 1."
dev_tooltip_set_health_0,0,,"Sets health level of creatures, plants or resources to 0."
dev_tooltip_set_freshness_100,0,,Sets freshness of hauled piles and piles on the ground to 100.
dev_tooltip_set_freshness_1,0,,Sets freshness of hauled piles and piles on the ground to 1.
dev_tooltip_set_freshness_0,0,,Sets freshness of hauled piles and piles on the ground to 0.
dev_tooltip_set_hunger_100,0,,Set's creature's hunger to Full.
dev_tooltip_set_hunger_50,0,,Set's creature's hunger to Hungy.
dev_tooltip_set_hunger_1,0,,Set's creature's hunger to Starving.
dev_tooltip_set_hunger_-100,0,,Set's creature's hunger to Ravenous.
dev_tooltip_set_worker_stats,0,,Change Settler stats by clicking on them.
dev_tooltip_set_worker_sleep_100,0,,"Sets creature's Sleep stat to 100, if it has the stat."
dev_tooltip_set_worker_sleep_50,0,,"Sets creature's Sleep stat to 50, if it has the stat."
dev_tooltip_set_worker_sleep_1,0,,"Sets creature's Sleep stat to 1, if it has the stat."
dev_tooltip_faint_worker,0,,Faints a Settler on mouse click
dev_tooltip_unfaint_worker,0,,Wakes up Settler from loss of consciousness on mouse click.
dev_tooltip_reset_workers,0,,Resets the state of all Settlers (DOES NOTHING)
dev_tooltip_mood_plus,0,,Add +10 to the Settler's mood stat on mouse click.
dev_tooltip_mood_minus,0,,Removes 10 from the Settler's mood stat on mouse click.
dev_tooltip_add_xp_to_skill,0,,Adds or Removes XP from a skill on mouse click.
dev_tooltip_hunt_animals,0,,Marks all animals for Hunting.
dev_tooltip_hunt_workers,0,,DOES NOTHING
dev_tooltip_toggle_combat_damage_popup,0,,Toggles combat numbers.
dev_tooltip_spawn_enemy,0,,Spawns an enemy on mouse click.
dev_tooltip_kill_enemies,0,,Kills all enemies on the map.
dev_tooltip_spawn_trebuchet,0,,Spawns a trebuchet on mouse click.
dev_tooltip_kill_all_animals,0,,Kills all animals on the map.
dev_tooltip_kill_all_fish,0,,Kills all fish on the map.
dev_tooltip_deal_damage,0,,Damage anything you click on by 15 (except voxels).
dev_tooltip_ladder_falldown,0,,Push a creature off of a ladder.
dev_tooltip_spawn_event,0,,Triggers selected event.
dev_tooltip_schedule_event_group,0,,Schedules a random event from a selected group.
dev_tooltip_weather_date_time,0,,Modify weather and time.
dev_tooltip_voxel_info,0,,Display info of the currently selected voxel.
dev_tooltip_toggle_water_debug_ui,0,,Toggles water editing and info UI.
dev_tooltip_damage_voxel,0,,Damage voxels around cursor in a range on mouse click.
dev_tooltip_weather_view,0,,Toggles the weather info panel. It shows weather events for the entire season.
dev_tooltip_instant_dig,0,,Toggles between instant and normal digging.
dev_tooltip_10_mining_speed,0,,Sets mining speed to ×10
dev_tooltip_revert_mining_speed,0,,Resets the mining speed back to normal.
dev_tooltip_kill_plants,0,,Destroys all plants on the map.
dev_tooltip_plant_next_phase,0,,Advance the clicked plant to its next growth phase.
dev_tooltip_crop_next_phase,0,,Advance the clicked crop to its next growth phase.
dev_tooltip_set_low_fuel,0,,Sets fuel to very low on mouse click.
dev_tooltip_toggle_player_voxel_info,0,,Toggles voxel info for the player.
dev_tooltip_thunder,0,,Click to spawn a thunderstrike (from Thunderstorm).
dev_tooltip_toggle_regions,0,,Toggles the debug visuals for Regions.
dev_tooltip_air_grid_nodes,0,,Toggles debug visuals for Nodes
dev_tooltip_ground_grid_nodes,0,,Toggles debug visuals for Air Nodes
dev_tooltip_pathing_lines,0,,Toggles debug visuals for Pathing Lines.
dev_tooltip_refresh_nodes,0,,Refreshes all Nodes.
dev_tooltip_node_visualizer,0,,Updates Node Visualizers.
dev_tooltip_create_warning_messages,0,,Creates random Warning messages.
dev_tooltip_test_update_warnings,0,,Updates warning Messages.
dev_tooltip_test_remove_warnings,0,,Removes all warning Messages momentarily.
dev_tooltip_toggle_all_visual_debug,0,,"Toggles all debug visuals. (if some of the later ones are off, you need to turn them on, this option does not reenable them.)"
dev_tooltip_toggle_reachability,0,,Toggles reachability debug visuals.
dev_tooltip_toggle_visual_proximity,0,,Toggles proximity debug visuals.
dev_tooltip_toggle_relocate_piles,0,,Toggle relocate piles debug visuals.
dev_tooltip_spawn_particle_system,0,,Spawns selected Particle System (effect) on mouse click.
dev_tooltip_spawn_trader,0,,Spawns a random trader on mouse click.
dev_tooltip_spawn_trader_bodyguards,0,,Spawns a random trader with bodygurads on mouse click.
dev_tooltip_faction_set_friendliness,0,,Alter Faction Alignment.
dev_tooltip_mark_for_roping,0,,Marks clicked animal for roping.
dev_tooltip_set_domestic,0,,Set animal as domestic on mouse click.
dev_tooltip_set_pet,0,,Set animal as a pet on mouse click.
dev_tooltip_set_wild,0,,Set animal as wild on mouse click.
dev_tooltip_set_wild_aggro,0,,Set animal as aggressive and wild on mouse click.
dev_tooltip_set_pregnant_animal,0,,Force pregnancy on female animal on mouse click.
dev_tooltip_give_birth_animal,0,,Completes pregnancy for female animal on mouse click.
dev_tooltip_finish_animal_production,0,,Force completion of animal production on mouse click.
dev_tooltip_reset_taming_and_training,0,,Resets Taming and Training timers for animal on mouse click.
dev_tooltip_toggle_structure_preset_panel,0,,Toggle Structure Preset Panel.
dev_tooltip_trigger_traps,0,,Trigger trap on mouse click.
dev_tooltip_reset_traps,0,,Reset trap on mouse click.
dev_tooltip_spawn_blank_npc,0,,Spawns a blank NPC on mouse click.
dev_tooltip_set_npc_behaviour,0,,Sets NPC behaviour on mouse click.
dev_npc_behaviour_select,0,,Select an NPC behaviour type to set:
dev_behaviour_name_tooltip,0,,"After choosing the behaviour, click on the NPC you want to apply it to."
dev_piles,0,,Resources and Items
Seasons,0,,Seasons
Set Spring,0,,Set Spring
Set Summer,0,,Set Summer
Set Autumn,0,,Set Autumn
Set Winter,0,,Set Winter
dev_tooltip_set_season,0,,Advance time to the selected season.
Day Time,0,,Time of Day
Set Noon,0,,Set Noon
Set Dawn,0,,Set Dusk
Set Midnight,0,,Set Midnight
Set Dusk,0,,Set Dawn
dev_tooltip_set_time_of_day,0,,Change time of day to the selected one.
Weather,0,,Weather
Set rain,0,,Starts raining
Set fog,0,,Fog
Set snow,0,,Starts snowing
dev_tooltip_set_weather_event,0,,Triggers the selected precipitation.
dev_inflict_wound,0,,Select wound to inflict:
dev_event_spawn,0,,Select an event to spawn:
dev_tooltip_inflict_wound,0,,Inflicts selected wound on Settler on mouse click.
dev_gender_male,0,,Gender: Male
dev_gender_female,0,,Gender: Female
dev_tooltip_gender,0,,Toggles gender of the enemy you are spawning.
dev_tooltip_enemy,0,,Spawns the selected enemy on mouse click.
dev_enemy_spawn,0,,Select an NPC to spawn:
dev_trebuchet_spawn,0,,Select a trebuchet to spawn:
dev_friendliness_minus,0,,Alignment -10
dev_friendliness_plus,0,,Alignment +10
dev_tooltip_friendliness_plus,0,,Adds 10 Alignment to the selected Faction.
dev_tooltip_friendliness_minus,0,,Removes 10 Alignment to selected Faction.
dev_faction_friendliness,0,,Select a Faction...
dev_faction_modify_friendliness,0,,...then Alignment + / - 10.
dev_tooltip_faction,0,,Select the Faction you want to alter the Alignment of.
dev_tooltip_particle,0,,Spawns selected particle system (effect) on mouse click.
dev_particle_system,0,,Select a particle system to spawn:
dev_tooltip_skill,0,,Alters this skill on a Settler by the chosen amount on mouse click.
dev_select_dropdown,0,,Change skill by:
dev_select_skill,0,,Select skill to alter
dev_select_item,0,,Select item to spawn on mouse click
dev_select_item_quality,0,,Select the item quality
dev_tooltip_spawn_item_quality,0,,Spawns the item of the selected quality on mouse click.
dev_random_item,0,,Random Items
dev_tooltip_random_item,0,,Spawns 10 random items on mouse click.
resource_name_fish_pike,0,,Pike 
resource_name_fish_trout,0,,Trout
dev_tooltip_fish,0,,Spawns chosen fish on mouse click
dev_select_fish,0,,Choose fish to spawn:
dev_select_plant,0,,Choose plant to spawn:
dev_tooltip_plant,0,,Spawns chosen plant on mouse click.
dev_tooltip_resourceCtg,0,,Spawns every resource from the chosen category on mouse click.
dev_select_resourceCtg,0,,Choose resource category to spawn:
dev_tooltip_resource,0,,Spawns the maximum stack of chosen resource on mouse click.
dev_select_resource,0,,Choose resource to spawn:
dev_tooltip_stat_set,0,,Set chosen stat to selected value of clicked on Settler.
dev_stat_0,0,,Stat = 0
dev_stat_25,0,,Stat = 25
dev_stat_50,0,,Stat = 50
dev_stat_75,0,,Stat = 75
dev_stat_100,0,,Stat = 100
dev_tooltip_animal_pet,0,,Spawns chosen animal on mouse click as a pet.
dev_tooltip_animal_domestic,0,,Spawns chosen domesticated animal on mouse click.
dev_tooltip_animal,0,,Spawns chosen animal as wild on mouse click.
dev_tooltip_wild_aggressive_animals,0,,Spawns chosen animal as wild aggressive on mouse click.
dev_wild_animals,0,,Wild Animals
dev_domestic_animals,0,,Domestic Animals
dev_pet_animals,0,,Pet Animals
dev_wild_aggressive_animals,0,,Wild Aggressive Animals
resource_category_name_CtgAll,0,,All
equipment_name_heater_shield,0,,Shield
equipment_name_macabre_crown,0,,Crown
equipment_name_druid_crown,0,,Crown
equipment_name_mirror_wall,0,,Wall Mirror
equipment_name_stone_statue_large,0,,Large Statue (Limestone)
equipment_name_wood_statue_large,0,,Large Statue (Wood)
equipment_name_stone_statue_wall,0,,Wall Relief (Limestone)
equipment_name_wood_statue_wall,0,,Wall Relief (Wood)
equipment_name_rug_large,0,,Rug (Linen)
equipment_name_hay_rug_large,0,,Rush Matting
equipment_name_tapestry_vertical_wall,0,,Wall Tapestry
equipment_name_painting_vertical_wall,0,,Painting
resource_name_heater_shield,0,,Shield
resource_name_macabre_crown,0,,Crown
resource_name_druid_crown,0,,Crown
resource_name_mirror_wall,0,,Wall Mirror
resource_name_stone_statue_large,0,,Large Statue (Limestone)
resource_name_wood_statue_large,0,,Large Statue (Wood)
resource_name_stone_statue_wall,0,,Wall Relief (Limestone)
resource_name_wood_statue_wall,0,,Wall Relief (Wood)
resource_name_rug_large,0,,Rug (Linen)
resource_name_hay_rug_large,0,,Rush Matting
resource_name_tapestry_vertical_wall,0,,Wall Tapestry
resource_name_painting_vertical_wall,0,,Painting
menu_AnimalWild,0,,Animal Wildness
menu_AnimalUntrained,0,,Animal Untrainedness
menu_Fermentation,0,,Fermantation
menu_SunLight,0,,Accumulated sunlight
menu_Dryness,0,,Dryness
menu_Breath,0,,Breath
dev_particle_build_particles,0,,Build Particles
dev_particle_dust,0,,Dust
dev_particle_wood,0,,Wood
dev_particle_stone,0,,Stone
dev_particle_grass,0,,Grass
dev_particle_arrowbreak,0,,Arrow Break
dev_particle_arrowmiss,0,,Arrow Miss
dev_particle_crithit,0,,Critical Hit
dev_particle_trebuchehit,0,,Trebuchet Hit
dev_particle_vegetables_chopp,0,,Vegetable Chop
dev_particle_hammer_sparks,0,,Hammer Sparks
dev_particle_blood_splat,0,,Bloodsplat
dev_particle_wood_chips,0,,Wood Chips
dev_particle_weapon_hit,0,,Weapon Hit
dev_particle_trap_activate,0,,Trap Activate
dev_particle_DustParticles,0,,Dust 2
dev_particle_hay_pickup,0,,Hay Pick Up
dev_particle_shrub_destroy,0,,Shrub Cut
dev_particle_destroy_building,0,,Building Destruction
dev_particle_drunk,0,,Drunk
dev_particle_rebelious,0,,Rebellious
dev_particle_pinned,0,,Pinned
dev_particle_barley_death,0,,Barley Wilt
dev_particle_beet_death,0,,Beet Wilt
dev_particle_cabbage_death,0,,Cabbage Wilt
dev_particle_carrots_death,0,,Carrots Wilt
dev_particle_flax_death,0,,Flax Wilt
dev_particle_herbs_death,0,,Herbs Wilt
dev_particle_mushroom_death,0,,Mushrooms Death
dev_particle_destroy_clay_brick_wall,0,,Clay Brick Wall Destruction
dev_particle_destroy_limestone_block_wall,0,,Limestone Brick Wall Destruction
dev_particle_destroy_liimestone_wall,0,,Limestone Wall Destruction
dev_particle_destroy_clay_wall,0,,Clay Wall Destruction
dev_particle_destroy_wood_wall,0,,Wood Wall Destruction
dev_particle_destroy_wood_floor,0,,Wood Floor Destruction
dev_particle_destroy_wicker_floor,0,,Wicker Floor Destruction
dev_particle_destroy_reinforced_wood_door,0,,Reinforced Door Destruction
dev_particle_destroy_grated_door,0,,Grated Door Destruction
dev_particle_destroy_hay_roof,0,,Thatch Roof Destruction
dev_particle_destroy_wicker_roof,0,,Wicker Roof Destruction
dev_particle_destroy_wood_roof,0,,Wood Roof Destruction
dev_particle_destroy_limestone_roof,0,,Limestone Roof Destruction
dev_particle_destroy_clay_roof,0,,Clay Roof Destruction
dev_particle_destroy_wood_torch,0,,Wood Torch Destruction
dev_particle_destroy_iron_torch,0,,Iron Torch Destruction
dev_particle_destroy_banner,0,,Banner Destruction
dev_particle_destroy_ground,0,,Ground Destruction
dev_particle_destroy_pottery_shelf,0,,Pottery Shelf Destruction
dev_particle_destroy_book_shelf,0,,Bookshelf Destruction
dev_particle_spawn_pile,0,,Spawn Pile
dev_particle_stylized_dust,0,,Stylized Dust
dev_particle_build_finished_particles,0,,Building Finished
dev_particle_blueprint_placed,0,,Blueprint Placed
dev_particle_footsteps_dust,0,,Footsteps Dust
dev_particle_skillup_particles,0,,Skill Level Up
dev_particle_hot_particles,0,,Hot
dev_particle_cold_particles,0,,Cold
dev_particle_production_finished_particles,0,,Production Finished
dev_particle_tame_hearts,0,,Taming Hearts
dev_particle_eating,0,,Eating
dev_particle_trainsuccess,0,,Training Successful
dev_particle_shearing,0,,Shearing
dev_particle_building_hit,0,,Building Hit
dev_particle_tree_shake_apple,0,,Shake Apple Tree
dev_particle_paint_splats,0,,Paint Splats
dev_particle_tree_shake_branches,0,,Shanking Branches
dev_particle_tree_shake_birch,0,,Shake Birch Tree
dev_particle_tree_shake_maple,0,,Shake Maple Tree
dev_particle_tree_shake_oak,0,,Shake Oak Tree
dev_particle_tree_shake_pine,0,,Shake Pine Tree
dev_particle_tree_shake_plane,0,,Shake Plane Tree
dev_particle_tree_fall_birch,0,,Fall Birch Tree
dev_particle_crows_flying_straight,0,,Crows Flying
dev_particle_ducks_flying_straight,0,,Ducks Flying
dev_particle_geese_flying_straight,0,,Geese Flying
dev_particle_buzzard_flying_over,0,,Buzzards Flying
dev_particle_pigeons_flying_straight,0,,Pigeons Flying
dev_particle_pigeons_scare,0,,Scare Pigeons
dev_particle_crows_circling,0,,Circling Crows
dev_particle_crows_scare,0,,Scare Crows
dev_particle_worker_dirt_left_footprint,0,,Left Settler Footprint (dirt)
dev_particle_worker_dirt_right_footprint,0,,Right Settler Footprint (dirt)
dev_particle_bear_dirt_left_footprint,0,,Left Bear Footprint
dev_particle_bear_dirt_right_footprint,0,,Right Bear Footprint
dev_particle_boar_dirt_right_footprint,0,,Right Boar Footprint
dev_particle_boar_dirt_left_footprint,0,,Left Boar Footprint
dev_particle_deer_dirt_footprint,0,,Deer Footprint
dev_particle_cow_dirt_footprint,0,,Cow Footprint
dev_particle_donkey_dirt_footprint,0,,Donkey Footprint
dev_particle_dog_dirt_footprint,0,,Dog Footprint
dev_particle_sheep_dirt_footprint,0,,Sheep Footprint
dev_particle_worker_snow_left_footprint,0,,Left Settler Footprint (snow)
dev_particle_worker_snow_right_footprint,0,,Right Settler Footprint (snow)
dev_particle_footsteps_snow_dust,0,,Snow Footprint Dust
dev_particle_footsteps_wet_splash,0,,Footprint Water Splash
dev_particle_footsteps_grass_dust,0,,Footprint Grass Dust
dev_particle_water_splash,0,,Water Splash
dev_particle_water_ripple,0,,Water Ripple
dev_select_event_group,0,,Select an Event Group to schedule:
dev_tooltip_event_group,0,,Schedule a random event from the selected group
dev_event_group_Runaway,0,,Runaway Settler
dev_event_group_Thunderstorm,0,,Thunderstorm
dev_event_group_Hailstorm,0,,Hailstorm
dev_event_group_Blight,0,,Blighted crops
dev_event_group_Coldsnap,0,,Cold snap
dev_event_group_Heatwave,0,,Heat wave
dev_event_group_AnimalRaid,0,,Animal Raid
dev_event_group_Newworker,0,,New Settler
dev_event_group_Raid,0,,Raid
dev_event_group_Merchantgeneral,0,,Guileful trader
dev_event_group_Merchantrare,0,,Merchant caravan
dev_event_group_Visitor,0,,Lone Traveller
dev_event_group_AnimalMiscSmall,0,,Group of Animals
dev_event_group_AnimalWildLarge,0,,Large Wild Animal
dev_event_group_AnimalDomesticSingle,0,,Domestic Animal
dev_event_group_AnimalBearSingle,0,,Bear
BlankBehaviour,0,,Default
EnemyBehaviour,0,,Enemy
TraderBehaviour,0,,Trader
TraderBodyguardBehaviour,0,,Trader Bodyguard
dev_make_npc_leave,0,,Banish NPC
dev_tooltip_make_npc_leave,0,,Makes the NPC leave the map.
dev_event_crop_blight,0,,Blighted crops
dev_event_season_start_spring,0,,Spring Start
dev_event_season_start_summer,0,,Summer Start
dev_event_season_start_autumn,0,,Autumn Start
dev_event_season_start_winter,0,,Winter Start
dev_event_heat_wave,0,,Heat wave
dev_event_cold_snap,0,,Cold snap
dev_event_hailstorm,0,,Hailstorm
dev_event_thunderstorm,0,,Thunderstorm
dev_event_influence_20,0,,Influence rising
dev_event_influence_100,0,,Golden age
dev_event_new_worker,0,,New Settler
dev_event_new_worker_hungry,0,,Hunger comes calling
dev_event_new_worker_wounded,0,,A safe haven
dev_event_new_worker_wounded_02,0,,Barking up the wrong tree
dev_event_new_worker_sick,0,,This too shall pass
dev_event_raid_new,0,,Raid
dev_event_runaway_new,0,,Violent extortionists 
dev_event_wolf_raid,0,,Ferocious wolves
dev_event_all_dead,0,,All is lost
dev_event_general_goods_trader_small,0,,Pedlar
dev_event_general_goods_trader_normal,0,,General goods merchant 
dev_event_general_goods_trader_large,0,,General goods wholesale merchant
dev_event_trader_weapons,0,,Weapons merchant
dev_event_trader_rare,0,,Rare goods merchant
dev_event_trader_visitor,0,,Lone Traveller
game_boar_event,0,,Boar
game_dog_event,0,,Dog
game_cat_event,0,,Cat
game_deer_event,0,,Deer
game_goat_event,0,,Goat
game_cow_event,0,,Cattle
game_sheep_event,0,,Sheep
game_sheep_domestic_event,0,,Domestic Sheep
game_chicken_event,0,,Chicken
game_pheasant_event,0,,Pheasant
game_cow_domestic_event,0,,Domestic Cow
game_fox_event,0,,Fox
game_polecat_event,0,,Polecat
game_single_polecat_event,0,,Single Polecat
game_bear_event,0,,Bear
dev_event_shakedown,0,,Extortion
dev_event_bard_visitor,0,,Bard
dev_event_priest_visitor,0,,Chaplain
dev_event_shaman_visitor,0,,Druid
dev_events_seasons_and_weather,0,,Seasons and Weather
dev_event_group_VisitorRole,0,,Friendly Visit
dev_spawn_bard_visitor,0,,Spawn Bard
dev_toggle_invurnelability,0,,Toggle Creature Invulnerability
dev_toggle_invurnelability_on,0,,Make All Settlers Vulnerable
dev_toggle_invurnelability_off,0,,Make All Settlers Invulnearable
dev_tooltip_toggle_invurnelability,0,,Toggles Invulnerability of any Creature you click on
dev_tooltip_toggle_Invulnerability_all,0,,Toggles Invulnerability for all of your Settlers.
dev_set_npc_faction,0,,Set Faction of NPC
dev_tooltip_set_npc_faction,0,,Set Faction of NPC on pointer click
dev_faction_name_tooltip,0,,On pointer click sets the faction of the NPC to this one
dev_event_prisoner_merchant,0,,Prisoner Merchant
dev_event_group_Merchantprisoner,0,,Prisoner Merchant
dev_npc_faction_select,0,,Select Faction to change to
dev_buildings,0,,Buildings
dev_unlock_all_variants_off,0,,Unlock All Variants: Off
dev_unlock_all_variants_on,0,,Unlock All Variants: On
dev_tooltip_unlock_all_variants,0,,If on will have all variants of building types unlocked regardless wether you have discovered the associated material
dev_spawn_materials_with_building_off,0,,Spawn Mats with Building: Off
dev_spawn_materials_with_building_on,0,,Spawn Mats with Building: On
dev_tooltip_spawn_materials_with_building,0,,If on will spawn required materials upon blueprint placement
dev_craftable_buildings_enabled_off,0,,Craftable Buildings Menu: Off
dev_craftable_buildings_enabled_on,0,,Craftable Buildings Menu: On
dev_tooltip_craftable_buildings_enabled,0,,If on will enable craftable buildings being built from the Construction menu
dev_all_placement_allowed_on,0,,Allow All Placement: On
dev_all_placement_allowed_off,0,,Allow All Placement: Off
dev_tooltip_all_placement_allowed,0,,"If on will allow overlapping buildings and placing socketable buildings floating in the air, etc"
dev_switchFactionOwnership,0,,Switch Faction Ownership
dev_tooltip_switchFactionOwnership,0,,Toggles building and pile ownership between player and enemy.
dev_convertAllBuildingsToEnemyOwned,0,,Convert All Buildings to Enemy Owned
dev_tooltip_convertAllBuildingsToEnemyOwned,0,,Convert all player buildings to enemy buildings.
dev_allowEdgePlacement_off,0,,Edge Placement: Off
dev_allowEdgePlacement_on,0,,Edge Placement: On
dev_tooltip_allowEdgePlacement,0,,Allows buildings to be placed in the red zone
dev_destroy_all_buildings,0,,Destroy All Buildings
dev_tooltip_destroy_all_buildings,0,,Destroys all buildings on the map
dev_research,0,,Research
dev_production,0,,Production
dev_camera,0,,Camera
dev_toggle_altCamera,0,,
dev_fill_storage,0,,Fill Storage
dev_tooltip_fill_storage,0,,Fills storage on click with random allowed piles and destroy old ones.
dev_health,0,,Health
dev_hunger,0,,Hunger
dev_worker_stats,0,,Settler Stats
dev_sleep,0,,Sleep
dev_relocate_animal_idle_points,0,,Relocate Animal Idle Points
dev_tooltip_relocate_animal_idle_points,0,,Refreshes and randomly relocates all animal idle points.
dev_refresh_stability_water,0,,Refresh Water Stability
dev_tooltip_refresh_stability_water,0,,Refreshes water stability on the map.
dev_world_map,0,,World Map
dev_spawn_map_marker,0,,Spawn Map Marker
dev_spawn_world_marker_tooltip,0,,Spawn map marker on the world map of the chosen type
dev_commander_ai,0,,Commander AI
dev_tooltip_commander_ai,0,,Play around with commander AI tools
dev_create_commander_from_all,0,,Create from all enemies
dev_tooltip_create_commander_from_all,0,,Creates a Commander AI group from all enemies on the map
dev_enable_manual_commander_input,0,,Manual Input
dev_tooltip_enable_manual_commander_input,0,,Sets the first commander agent to the debug manual input one
dev_enable_manual_construct_commander_input,0,,Manual Construct Input
dev_tooltip_enable_manual_construct_commander_input,0,,Sets the first commander agent to the debug manual construct one
dev_enable_manual_dig_commander_input,0,,Manual Dig Input
dev_tooltip_enable_manual_dig_commander_input,0,,Sets the first commander agent to the debug manual dig one
dev_voxel,0,,Voxel
dev_plants,0,,Plants
dev_spawn_mature_plant,0,,Spawn Mature Plant on Point
dev_tooltip_spawn_mature_plant,0,,Spawns a fully grown plant on point
dev_instant_cut_off,0,,Instant Cut: Off
dev_instant_cut_on,0,,Instant Cut: On
dev_tooltip_instant_cut,0,,Turns on or off instant cutting of plants when using the Cut command
dev_crops,0,,Crops
dev_force_crop_harvest_phase_off,0,,Force Harvest Phase: Off
dev_force_crop_harvest_phase_on,0,,Force Harvest Phase: On
dev_force_plant_crops_off,0,,Auto Plant Crops: Off
dev_force_plant_crops_on,0,,Auto Plant Crops: On
dev_tooltip_force_plant_crops,0,,When this is turned on placed and expanded crops will be automatically seeded
dev_fuel,0,,Fuel
dev_regions,0,,Regions
dev_pathfinding,0,,Pathfinding
dev_fish,0,,Fish
dev_second_map,0,,Secondary Maps
dev_second_map_timer_on,0,,Second Map Timer: On
dev_second_map_timer_off,0,,Second Map Timer: Off
dev_tooltip_second_map_timer,0,,Disable/enable the second map timer.
dev_ambush_caravan,0,,Force Caravan Ambush
dev_ambush_caravan_tooltip,0,,Forces ambush on an active caravan
dev_unlock_all_room_types,0,,Unlock All Room Types
dev_tooltip_unlock_all_room_types,0,,Unlocks All Room Types for room detection
dev_toggle_tooltips_on,0,,Tooltips: On
dev_toggle_tooltips_off,0,,Tooltips: Off
dev_tooltip_toggle_tooltips,0,,Toggles tooltips on and off
dev_rotation,0,,Rotation
dev_kill_all_workers_but_one,0,,Kill All But 1 Settler
dev_tooltip_kill_all_workers_but_one,0,,Kills all settlers except 1.
dev_grass_chunks_checkerboard,0,,Checkerboard Grass
dev_tooltip_grass_chunks_checkerboard,0,,Turns grass into a checkerboard pattern. Non-reversible. Dev only.
religious_influence_50,0,,Restitution +50
religious_influence_100,0,,Restitution +100
pagan_influence_50,0,,Oak Brethren +50
pagan_influence_100,0,,Oak Brethren +100
military_influence_50,0,,Military +50
military_influence_100,0,,Military +100
trade_influence_50,0,,Mercantile +50
trade_influence_100,0,,Mercantile +100
cultural_influence_50,0,,Intellectual +50
cultural_influence_100,0,,Intellectual +100
infamy_50,0,,Infamy +50
infamy_100,0,,Infamy +100
dev_event_twitch_thunder,0,,Twitch Thunder
dev_event_deer_raid,0,,Ferocious Deer
dev_event_hare_raid,0,,Ferocious Hares
dev_event_fox_raid,0,,Ferocious Foxes
dev_event_polecat_raid,0,,Ferocious Polecats
dev_event_boar_raid,0,,Ferocious Boars
dev_event_rat_raid,0,,Ferocious Rats
dev_event_dog_raid,0,,Ferocious Dogs
dev_event_bear_raid,0,,Ferocious Bears
dev_event_rats_pest,0,,Rat Infestation
dev_event_all_dead_second_map,0,,All is Lost (Secondary Map)
dev_event_beggar,0,,A beggar in need
dev_event_room_flood,0,,Cellar Flooded
game_event_type_nuisance,0,,Nuisance 
game_event_type_grand_objective,0,,Grand Objective
dev_event_religious_final,0,,Centre Of Pilgrimage
dev_event_pagan_final,0,,Pagan Sanctuary
dev_event_intellectual_final,0,,New University
dev_event_trade_final,0,,Charter Fair
dev_event_uncover_relic_location,0,,Uncover Relic
dev_event_uncover_mighty_oak_location,0,,Uncover Mighty Oak
dev_event_uncover_grand_research_table_location,0,,Uncover Grand Research Table
dev_event_pilgrims_visit_relic,0,,Pilgrims Visit Relic
dev_event_pilgrims_visit_mighty_oak,0,,Pilgrims Visit Mighty Oak
dev_event_uncover_trade_deal_location,0,,Uncover Trade Deal
dev_event_end_game,0,,And so it ends
dev_event_raid_infamy,0,,Infamy Raid
dev_event_group_CellarFlood,0,,Cellar Flooded
dev_event_group_AnimalRaidWolf,0,,Animal Raid (Wolf)
dev_event_group_AnimalRaidRare,0,,Animal Raid (Rare)
dev_event_group_AnimalInfestation,0,,Animal Infestation
dev_event_group_VisitorBeggar,0,,Beggar
dev_event_gorup_UncoverPilgrimRelicLocation,0,,Uncover Relic Location
dev_event_gorup_TradeDealBroker,0,,Uncover Trade Deal Location
dev_event_gorup_UncoverMightyOakLocation,0,,Uncover Mighty Oak Location
dev_event_gorup_UncoverGrandREsearchDeskLocation,0,,Uncover Grand Research Table Location
dev_event_gorup_PilgrimRelicVisitor,0,,Relic Pilgrim Visitor
dev_event_gorup_PilgrimMightyOakVisitor,0,,Mighty Oak Pilgrim Visitor
dev_finish_all_blueprints,0,,Finish All Blueprints
dev_tooltip_finish_all_blueprints,0,,Turns all stable blueprints into buildings
dev_set_prisoner_recruited_0,0,,Prisoner - Recruited: 0%
dev_set_prisoner_recruited_50,0,,Prisoner - Recruited: 50%
dev_set_prisoner_recruited_99,0,,Prisoner - Recruited: 99%
dev_tooltip_set_prisoner_recruited_0,0,,Sets the recruited stat of a clicked prisoner to 0%
dev_tooltip_set_prisoner_recruited_50,0,,Sets the recruited stat of a clicked prisoner to 50%
dev_tooltip_set_prisoner_recruited_99,0,,"Sets the recruited stat of a clicked prisoner to 99%, so that the next successful recruit attempt will turn him to a settler."
dev_reset_prisoner_recruit_attempt,0,,Reset Prisoner Recruit Attempt
dev_tooltip_reset_prisoner_recruit_attempt,0,,"Resets prisoner recruit attempt timer, so you can attempt one more time"
dev_advance_building_phase,0,,Advance Building Phase
dev_tooltip_advance_building_phase,0,,Click on a building to change its building phase from blueprint to foundation and from foundation to complete
dev_trigger_altered_state,0,,Trigger Altered State
dev_tooltip_trigger_altered_state,0,,Click on a Settler to Trigger Rebellious or Merry state
dev_fill_workers_food_storage,0,,Fill Settler Food Pouch
dev_tooltip_fill_workers_food_storage,0,,Fills food pouch of all Settlers with 1 packaged meal
dev_add_perk,0,,Add Perk
dev_tooltip_add_perk,0,,Click on a Settler to Add the selected Perk to them
dev_tooltip_trigger_rebellious,0,,Click on a Settler to Trigger Rebellious state on them
dev_tooltip_trigger_merry,0,,Click on a Settler to Trigger Merry state on them
dev_trigger_rebellious,0,,Trigger Rebellious
dev_trigger_merry,0,,Trigger Merry
dev_toggle_debug_serialize,0,,Toggle Debug Serialize
dev_tooltip_toggle_debug_serialize,0,,Toggles debug serialization
