Key,Type,Desc,Vietnamese
DefaultFont,0,,UIResources/Base/Fonts/DefaultFont
TitleFont,0,,UIResources/Base/Fonts/DefaultFonts/Almendra-Bold SDF
action_allow,0,,Cho Phép
action_UrgentHaul,0,,Khuân Vác Khẩn Cấp
action_attack,0,,Tấn Công
action_attack_disabled,0,,Tấn Công Bị Vô Hiệu
action_attacking,0,,Đang Tấn Công
action_banish,0,,Trục Xuất
action_cancel,0,,Hủy Bỏ
action_abortgoal,0,,Hủy Hành Động
action_chopping,0,,Đốn Hạ Cây
action_cutallvegetation,0,,Phát Quang Toàn Bộ Cây Cỏ
action_cutting,0,,Cắt Tỉa
action_deconstructing,0,,Tháo Dỡ Công Trình
action_draft,0,,Động Viên
action_drafted,0,,Đã Động Viên
action_activate,0,,Kích Hoạt
action_activateBell,0,,Rung Chuông Báo Động
action_deactivateBell,0,,Tắt Chuông Báo Động
action_equipping,0,,Trang bị
action_forbid,0,,Cấm
action_harvesting,0,,Thu hoạch
action_hunting,0,,Săn bắt
action_list,0,,Hành động
action_mining,0,,Khai mỏ
action_upgradeBuilding,0,,Thay thế công trình
uprade_building_title,0,,Thay Thế Công Trình
uprade_building_info,0,,Lựa chọn cấu trúc công trình mà bạn muốn thay thế.\nMột số công trình đặc thù có thể không hiển thị trong danh sách hoặc không hỗ trợ tính năng thay thế trực tiếp.\nMột số phương án thay thế vật liệu sẽ bị vô hiệu hóa nếu trong kho không có sẵn lượng vật liệu xây dựng cần thiết.
uprade_building_selected,0,,Đã Chọn
uprade_building_possible,0,,Các Phương Án Thay Thế Khả Dụng
hud_info_show_stability_vis,0,,Hiển thị chỉ số độ vững chắc quanh con trỏ chuột
ctrl_ShowhideStability,0,,Hiển thị chỉ số độ vững chắc kết cấu
ctrl_UpgradeBuilding,0,,Thay Thế / Nâng Cấp Công Trình
action_copybuilding,0,,Sao chép
resource_name_enemy,0,,Thi Thể Kẻ Địch
resource_name_worker,0,,Thi Thể Dân Làng
grave,0,,Nơi an nghỉ của
window_state_open,0,,Mở
window_state_closed,0,,Đóng
open_window_info,0,,Mở cửa sổ là cách lý tưởng để làm mát phòng trong những ngày hè oi bức.
closed_window_info,0,,Đóng cửa sổ giúp giữ ấm và ngăn gió lạnh lùa vào mùa đông.
torch_state_on,0,,Bật
torch_state_off,0,,Tắt
torch_on_info,0,,Ngọn lửa này tỏa ra ánh sáng và hơi ấm khi được thắp sáng
torch_off_info,0,,Không tỏa ra ánh sáng hay nhiệt lượng khi bị dập tắt
lock_state_locked,0,,Đã khóa
lock_state_unlocked,0,,Mặc định
lock_state_always_open,0,,Luôn mở
locked_door_info,0,,Cánh cửa này bị khóa với tất cả mọi người
unlocked_door_info,0,,"Cửa cho phép đi qua: Dân làng, NPC thân thiện, thú cưng và một số động vật nuôi như chó mèo.
Cửa chặn lại: Kẻ thù, NPC hung dữ và động vật hoang dã."
unlocked_barn_door_info,0,,Bất kỳ ai cũng có thể đi qua cánh cửa này.
always_open_door_info,0,,Bất kỳ ai cũng có thể đi qua cánh cửa này mà không bị giảm tốc độ di chuyển.
forbidden_resource,0,,Bị Cấm Thu Gom
error_no_possible_path,0,,Không tìm thấy đường đi tới <object>!
error_autoforbid_message,0,,<object>: Bị cấm do không có đường đi tới đó
forbidden_structure_info,0,,"Công trình này đang bị <LinkAlmanac=""Tutorialforbid"">cấm</link>. Dân làng sẽ không tương tác cho đến khi được cho phép. Bấm 'Cho phép' hoặc dùng lệnh cho phép để mở lại."
forbidden_resource_info,0,,"Đống tài nguyên này đang ở trạng thái <LinkAlmanac=""Tutorialforbid"">Bị cấm</link>. Dân làng sẽ không tương tác hay khuân vác cho tới khi được bạn cho phép. Nhấp vào nút 'Cho phép' hoặc dùng lệnh cho phép trên thanh công cụ."
forbidden_shelf_info,0,,"Lưu trữ tài nguyên tại đây đang bị <LinkAlmanac=""Tutorialforbid"">cấm</link>. Dân làng sẽ không cất hoặc lấy tài nguyên ra cho đến khi được cho phép. Bấm 'Cho phép' hoặc dùng lệnh cho phép để mở lại."
armor_damage,0,,Sát thương phá giáp
armor_hitpoints_percentage,0,,Tỉ lệ độ bền giáp
armor_rating,0,,Chỉ số phòng ngự giáp
attack_duration,0,,Thời gian tấn công
banish_worker_confirm,0,,Trục xuất dân làng này sẽ ảnh hưởng tiêu cực tới tâm lý những người còn lại. Bạn có chắc chắn muốn tiếp tục?
base_damage,0,,Sát thương vũ khí trang bị
base_range,0,,Tầm bắn vũ khí trang bị
base_yield_peak,0,,Sản lượng tối đa khi thu hoạch
base_yeald_ripe,0,,Sản lượng cơ bản khi chín
base_yeald_phase,0,,Sản lượng ở giai đoạn này
body_armor,0,,Giáp Thân
building_damage,0,,Mức Độ Hư Hại
building_error_not_reachable,0,,Không thể tiếp cận vị trí công trình
building_error_no_resources,0,,Không có đủ vật liệu được phép sử dụng
building_error_no_skilled_construction_worker,0,,Không có dân làng nào đủ trình độ kỹ năng xây dựng yêu cầu
building_phase_0,0,,BẢN THIẾT KẾ
building_phase_1,0,,Giai đoạn lập thiết kế
building_phase_2,0,,Giai đoạn thi công xây dựng
cover_amount,0,,Mức độ che chắn
ranged_cover_amount,0,,Mức độ che chắn tầm xa
melee_cover_amount,0,,Mức độ che chắn cận chiến
cover_percentage,0,,Hiệu quả che chắn
crop_freeze_temperature,0,,Nhiệt độ gây chết cóng
crop_grow_time,0,,Thời gian sinh trưởng
crop_grow_life_span,0,,Vòng đời sinh trưởng
crop_stop_temperature,0,,Nhiệt độ ngừng sinh trưởng
crop_min_sow_temperature,0,,Nhiệt độ gieo hạt tối thiểu
damage,0,,Sát thương
damage_per_second,0,,Sát thương mỗi giây
damage_per_second_ab,0,,DPS
dead,0,,Đã chết
dig_resource_health,0,,Độ cứng (Độ bền đào bới)
durability,0,,Độ bền
effect_reason_attribute_decomposespeed,0,,Đang mục nát do
effect_reason_attribute_rottingspeed,0,,Đang thối rữa do
effect_reason_ground,0,,Loại mặt đất
effect_reason_temperature,0,,Nhiệt độ
high_temperature,0,,Nhiệt độ cao
effect_reason_time_decomposespeed,0,,"Đống đồ sẽ <LinkAlmanac=""Systemdecomposition"">phân hủy</link> sau"
effect_reason_time_rottingspeed,0,,"Đống đồ sẽ <LinkAlmanac=""Systemdecomposition"">thối rữa</link> sau"
effect_reason_weather,0,,Không có mái
end_position,0,,Vị trí kết thúc
free_spaces,0,,Ô trống khả dụng
game_name,0,,Going Medieval
general_Celsius,0,,Độ C
general_Fahrenheit,0,,Độ F
general_Kelvin,0,,Độ K
general_accept,0,,Chấp nhận
general_attack,0,,Tấn công
general_autosave_frequency,0,,Tự động lưu sau mỗi (ngày)
general_autumn,0,,Mùa Thu
general_xp,0,,Kinh nghiệm (XP)
general_back,0,,Quay lại
general_back_almanac,0,,Mục trước
general_next_alamanc,0,,Tiếp theo
general_base_value,0,,Giá trị cơ bản của thuộc tính
general_blocked,0,,Ô chứa bị chặn
general_cancel,0,,Hủy bỏ
general_close,0,,Đóng
general_clothes,0,,Quần áo
general_consume,0,,Tiêu thụ
general_drink,0,,Uống
general_copy,0,,Sao chép
general_damage,0,,Sát thương cơ bản
general_day,0,,Ngày
general_days,0,,ngày
general_deliver,0,,Vận chuyển đạn dược
general_description,0,,Mô tả
general_drop,0,,Vứt vật phẩm
general_edit,0,,Chỉnh sửa
general_effects,0,,Hiệu ứng
general_empty,0,,Trống
general_enemy,0,,Kẻ thù
general_equip,0,,Trang bị
general_finish,0,,Hoàn thành
general_headware,0,,Mũ nón
general_info,0,,Thông tin
general_item_slot_body,0,,Ô trang bị thân thể
general_item_slot_bodyarmor,0,,Ô trang bị giáp thân
general_item_slot_head,0,,Ô trang bị đầu
general_item_slot_lefthand,0,,Ô trang bị tay trái
general_item_slot_righthand,0,,Ô trang bị tay phải
general_lock_camera,0,,Chuyển góc nhìn tới
general_max_temperature,0,,Nhiệt độ thoải mái tối đa
general_maxLevel,0,,Tối đa
general_min_temperature,0,,Nhiệt độ thoải mái tối thiểu
general_next,0,,Tiếp theo
general_no,0,,Không
general_of,0,,của
general_ok,0,,Đồng ý
general_operate,0,,Vận hành
general_overcast,0,,Trời âm u
general_paste,0,,Dán
general_paste_all,0,,Dán tất cả
general_paste_selected,0,,Dán phần đã chọn
general_requirements,0,,Yêu cầu
general_reset,0,,Đặt lại
general_skill_level_up,0,,kỹ năng hiện đã đạt cấp
general_spring,0,,Mùa Xuân
general_summer,0,,Mùa Hè
general_symbol_Celsius,0,,°C
general_symbol_Fahrenheit,0,,°F
general_symbol_Kelvin,0,,°K
general_temperature,0,,Nhiệt độ
general_temperature_units,0,,Đơn vị nhiệt độ
general_to,0,,đến
general_unlocks,0,,Mở khóa
general_villager,0,,Dân làng
general_winter,0,,Mùa Đông
general_yes,0,,Có
global_position,0,,Tọa độ bản đồ
growth_halted,0,,Đã ngừng sinh trưởng
head_armor,0,,Mũ Trụ Đầu
hour_type_any_name,0,,Tự do làm gì cũng được
hour_type_tooltip_convalescing,0,,Sẽ ưu tiên dưỡng thương ngay cả khi công việc bị vô hiệu hóa trong bảng phân công
hour_type_tooltip_sleeping,0,,Không được ngủ trong khung giờ này
hour_type_tooltip_work,0,,Sẽ ưu tiên các công việc được thiết lập trong bảng công việc
hour_type_tooltip_role,0,,Sẽ ưu tiên thực hiện nhiệm vụ theo vai trò trước mọi việc khác
hour_type_tooltip_leisure,0,,Sẽ ưu tiên tham gia hoạt động giải trí ngay cả khi không bị thiếu hụt
hour_type_tooltip_anything,0,,"Sẽ ưu tiên đáp ứng nhu cầu cá nhân. Khi đã thỏa mãn, sẽ đi làm việc."
hour_type_tooltip_sleep,0,,Sẽ ưu tiên giấc ngủ hơn hầu hết mọi hoạt động khác.
hour_type_tooltip_nosleep,0,,Sẽ không bao giờ ngủ trong khung giờ này
hour_type_draft_name,0,,Động viên chiến đấu
hour_type_leisure_name,0,,Giải trí
hour_type_psychotic_name,0,,Tuyệt vọng
hour_type_sleep_name,0,,Ngủ
hour_type_working_name,0,,Làm việc
hour_type_caravan_name,0,,Chuẩn bị đoàn buôn
hour_type_role_job_name,0,,Nhiệm vụ chức vụ
hud_info_area,0,,Tạo bãi chứa để dân làng lưu trữ tài nguyên.
hud_info_hide_roof,0,,Ẩn phần mái để nhìn vào bên trong công trình.
hud_info_hide_room,0,,Hiển thị lớp phủ trực quan các loại phòng quy hoạch đã được nhận diện.
hud_info_jobs,0,,Phân chia công việc cho từng dân làng.
hud_info_layer_down,0,,Xem tầng bên dưới.
hud_info_layer_up,0,,Xem tầng bên trên.
hud_info_layer_additional,0,,"\nGiữ [<style=Shortcut>Ctrl</style>] + [<style=Shortcut>Lăn chuột</style>] để chuyển tầng nhanh chóng.\nGiữ [<style=Shortcut>Ctrl</style>] + <sprite=""ctrl_left_click"" index=t> vào vật thể hoặc mặt đất để nhảy tới tầng đó."
hud_info_camera_commands,0,,Hiện bảng điều khiển camera
hud_info_lock_camera_target_layer,0,,Khóa tâm camera vào tầng hiện tại
hud_info_camera_layer_up,0,,Chuyển tầng khóa camera lên trên
hud_info_camera_layer_additional,0,,\nGiữ [<style=Shortcut>Shift</style>] + [<style=Shortcut>Lăn chuột</style>] để thay đổi <style=DefaultBlue>tầng</style> mà camera đang khóa vào.
hud_info_camera_layer_down,0,,Chuyển tầng khóa camera xuống dưới
menu_action_scroll_wheel_camera_layer,0,,Trong khi giữ [<style=Shortcut>Shift</style>]\n Dùng <style=Shortcut>Lăn chuột</style> để thay đổi <style=DefaultBlue>tầng độ cao</style> mà camera khóa vào
camera_locked,0,,Tâm camera đã được khóa vào tầng <layer_number>
camera_unlocked,0,,Đã mở khóa độ cao camera
hud_info_order_allow,0,,Chọn các đống tài nguyên để cho phép hoặc cấm dân làng sử dụng.
hud_lb_order_UrgentHaul,0,,Dọn đồ khẩn cấp
hud_info_order_UrgentHaul,0,,Đánh dấu tài nguyên và vật phẩm cần ưu tiên chuyển về kho gấp
hud_info_order_cancel,0,,Hủy các mệnh lệnh đã ban hành.
hud_info_order_chopping,0,,Chỉ định cây gỗ cần đốn hạ.
hud_info_order_cleaning,0,,Mô tả dọn dẹp vệ sinh
hud_info_order_clearall,0,,"Chỉ định dọn sạch toàn bộ: đốn cây, cắt cỏ và đào khoáng."
hud_info_order_createcrops,0,,Quy hoạch vùng trồng trọt nông nghiệp.
hud_info_order_cutallvegetation,0,,Chỉ định các loại cây cỏ cần cắt dọn.
hud_info_order_cutting,0,,Chỉ định thảm thực vật cần cắt dọn và thu hoạch.
hud_info_order_deconstructing,0,,Đánh dấu chỉ định các công trình cần tháo dỡ thu hồi vật liệu.
hud_info_order_digging,0,,Đánh dấu vùng địa hình cần đào bới.
hud_info_order_tame,0,,Đánh dấu động vật để dân làng thuần hóa.
hud_info_order_train,0,,Đánh dấu động vật để dân làng huấn luyện.
hud_info_order_slaughter,0,,Đánh dấu vật nuôi cần giết mổ lấy thịt.
hud_info_order_release,0,,Đánh dấu động vật để trả về tự nhiên. (Chúng sẽ trở lại thành thú hoang và đi lại tự do trên bản đồ.)
hud_info_order_harvesting,0,,Chỉ định cây trồng đã chín cần thu hoạch.
hud_info_order_hunting,0,,Đánh dấu thú hoang cho thợ săn săn bắn.
hud_info_order_minevoxel,0,,Đào sâu hơn xuống lòng đất.
hud_info_order_mining,0,,"Chỉ định các mỏ đá, quặng sắt và đất sét cần khai thác."
hud_info_orders,0,,Danh sách các mệnh lệnh ban cho dân làng.
hud_info_pause,0,,Tạm dừng trò chơi.
hud_info_report,0,,"Giúp đỡ đội ngũ phát triển bằng cách gửi báo cáo lỗi, yêu cầu hoặc ý kiến đóng góp. Rất có thể một nông nô sẽ tiếp nhận chúng."
hud_info_research,0,,Mở khóa các công nghệ mới bằng tri thức đã tích lũy.
hud_info_resources,0,,Danh sách toàn bộ các loại tài nguyên và vật phẩm hiện có trong các kho chứa bãi trữ.
hud_info_schedule,0,,Sắp xếp thời gian biểu sinh hoạt và làm việc của dân làng.
hud_info_speed_01,0,,Tốc độ bình thường (1x)
hud_info_speed_02,0,,Tốc độ nhanh (2x)
hud_info_speed_03,0,,Tốc độ cực nhanh (5x)
hud_lb_Almanac,0,,Bách Khoa Thư
hud_lb_area,0,,Bãi chứa
hud_lb_jobs,0,,Công việc
hud_lb_world,0,,Bản đồ vùng
hud_info_world,0,,Xem bản đồ toàn vùng và các khu định cư láng giềng.
hud_lb_view_region,0,,Xem bản đồ vùng
hud_lb_view_map,0,,Xem bản đồ
hud_lb_map,0,,Xem trước bản đồ
hud_lb_order_allow,0,,Cho phép
hud_lb_order_cancel,0,,Hủy lệnh
hud_lb_order_chopping,0,,Đốn cây
hud_lb_order_cleaning,0,,Dọn dẹp
hud_lb_order_createcrops,0,,Trồng trọt
hud_lb_order_cutallvegetation,0,,Cắt cây cỏ
hud_lb_order_cutting,0,,Chặt cây
hud_lb_order_deconstructing,0,,Tháo Dỡ
hud_lb_order_digging,0,,Khai mỏ
hud_lb_order_harvesting,0,,Thu hoạch
hud_lb_order_hunting,0,,Săn bắn
hud_lb_order_minevoxel,0,,Đào đất 
hud_lb_order_mining,0,,Khai thác
hud_lb_orders,0,,Mệnh lệnh
hud_lb_orders_all,0,,Mệnh lệnh
hud_lb_pile,0,,Đống đồ
hud_lb_report,0,,Báo cáo lỗi hoặc gửi ý kiến đóng góp.
hud_lb_report_title,0,,Phản hồi
report_bug_tnx_sending,0,,Cảm ơn bạn đã gửi phản hồi! Bạn có thể tiếp tục chơi trong khi báo cáo lỗi đang được gửi đi.
hud_lb_research,0,,Nghiên cứu
hud_lb_resources,0,,Kho Tài Nguyên
hud_lb_schedule,0,,Lịch làm việc
ignores_armor,0,,Sát thương xuyên giáp
in_draft,0,,Đang động viên
inside,0,,Bên trong
low_temperature,0,,Nhiệt độ thấp
max_stack,0,,Số lượng xếp chồng tối đa
max_yield_in,0,,Sản lượng tối đa sau
menu_accessories,0,,Trang Sức & Phụ Kiện
menu_allow_all,0,,Cho Phép Toàn Bộ
menu_allow_all_prod_info,0,,Cho phép sử dụng mọi loại tài nguyên để sản xuất sản phẩm này
menu_allow_all_stock_info,0,,Cho phép lưu trữ mọi loại tài nguyên vào bãi chứa này
menu_background,0,,Lai Lịch & Nghề Nghiệp
menu_Individual,0,,Hồ Sơ Cá Nhân
menu_background_01,0,,Lai Lịch #1
menu_background_02,0,,Lai Lịch #2
menu_backstory,0,,Tiểu Sử Cuộc Đời
menu_base,0,,Cơ Sở
menu_leisure,0,,Giải Trí & Thư Giãn
menu_cancel_production,0,,Hủy Lệnh Sản Xuất
production_no_allowed_resources,0,,Không có tài nguyên nào được phép sử dụng
production_no_resources,0,,Không có đủ nguyên vật liệu
menu_clear,0,,Xóa Chọn
menu_clear_all,0,,Bỏ Chọn Tất Cả
menu_clear_all_prod_info,0,,Xóa danh sách tài nguyên được phép dùng để sản xuất sản phẩm này
menu_clear_all_stock_info,0,,Xóa toàn bộ tài nguyên khỏi danh sách cho phép
menu_click_to_jump,0,,"(<sprite=""ctrl_left_click"" index=t> để chuyển đến vị trí)"
menu_completion,0,,Hoàn thành
menu_construction,0,,Xây Dựng
menu_cropfield_size,0,,Kích thước cánh đồng
menu_decoration,0,,Khác
menu_decoration_old,0,,Trang trí
menu_decrease_count,0,,Giảm số lượng
menu_decrease_priority,0,,Giảm ưu tiên
menu_delete,0,,Xóa
menu_edit_production,0,,Sửa lệnh sản xuất
menu_equipment,0,,Trang bị
menu_floor,0,,Sàn
menu_furniture,0,,Nội Thất & Tiện Nghi
menu_hunger,0,,Thức ăn
menu_increase_count,0,,Tăng số lượng
menu_increase_priority,0,,Tăng ưu tiên
menu_misc,0,,Khác
menu_nearby_furniture,0,,Nội Thất Lân Cận
menu_nutrition,0,,Dinh dưỡng
menu_pause_production,0,,Tạm dừng sản xuất
menu_perks,0,,Đặc Điểm Tính Cách
menu_produced,0,,Sản phẩm đầu ra
menu_production,0,,Sản xuất
menu_production_queue,0,,Hàng đợi sản xuất
menu_products,0,,Sản phẩm
menu_pseudonym,0,,Biệt hiệu
menu_quality,0,,Chất lượng
menu_recipe,0,,Nguyên liệu yêu cầu
menu_roof,0,,Mái
menu_rot,0,,Độ tươi
menu_skills,0,,Kỹ Năng
menu_stockplie_size,0,,Kích thước bãi chứa
menu_storage,0,,Lượng chứa
menu_value,0,,Giá trị
menu_defense,0,,Quân sự
menu_x10,0,,"Giữ [<style=Shortcut>Control</style>] & <sprite=""ctrl_left_click"" index=t> <b>x10</b> "
menu_x100,0,,"Giữ [<style=Shortcut>Shift</style>] & <sprite=""ctrl_left_click"" index=t> <b>x100</b> "
menu_zone,0,,Khu vực
multiselect_panel,0,,Chọn nhiều đối tượng
needed_skills,0,,Kỹ năng yêu cầu
no_active_productions,0,,Không có hoạt động sản xuất nào
outside,0,,Ngoài trời
outsideFog,0,,Ngoài trời sương mù
outsideRain,0,,Ngoài trời mưa gió
outsideSnow,0,,Ngoài trời tuyết rơi
precision,0,,Độ chính xác
precision_weapon,0,,Độ chính xác của vũ khí đang trang bị
precision_falloff,0,,Độ chính xác suy giảm theo khoảng cách
priority_down,0,,Giảm toàn bộ
priority_up,0,,Tăng toàn bộ
production_amount,0,,Số lượng
production_forever,0,,Vô tận (Forever)
production_until,0,,Đến khi đạt đủ
production_amount_info,0,,Chế độ sản xuất 'Số lượng' sẽ đưa vào hàng đợi một số lượng vật phẩm hoàn chỉnh cụ thể.
production_forever_info,0,,Chế độ sản xuất 'Vô tận' sẽ tiếp tục tạo ra vật phẩm liên tục mà không dừng lại.
production_until_info,0,,Chế độ sản xuất 'Đến khi đạt đủ' sẽ tiếp tục tạo vật phẩm cho đến khi đạt số lượng mong muốn trong kho.
production_until_info_books,0,,"Chế độ sản xuất ""Cho đến khi có"" đối với sách sẽ tiếp tục cho đến khi đạt đủ số lượng sách chưa sử dụng. (Sách đã dùng cho nghiên cứu không còn tính là có sẵn)"
production_idle,0,,Sản xuất đang chờ
production_paused,0,,Sản xuất tạm dừng
production_resource_select_desc,0,,Lựa chọn các loại nguyên vật liệu được phép sử dụng để chế tạo sản phẩm này
production_skill,0,,Không thể sản xuất: chưa đạt cấp kỹ năng yêu cầu
production_target_reached,0,,Đã đạt đủ số lượng mục tiêu
production_speed,0,,Tốc độ sản xuất
range,0,,Tầm xa
research_allocated,0,,Đã phân bổ
research_allocated_info,0,,Số lượng sách đã sử dụng cho các nghiên cứu đã mở khóa.
research_available,0,,Khả dụng
research_available_info,0,,Số lượng sách khả dụng để mở khóa các nghiên cứu mới.
research_available_info_negative,0,,"Số lượng khả dụng bị âm, điều này có nghĩa là sách nghiên cứu của bạn đã bị thất lạc hoặc phá hủy. Bạn cần tạo lại đủ số sách trước khi tiếp tục mở khóa nghiên cứu mới."
resource_categories,0,,Danh Mục Tài Nguyên
roofed,0,,Dưới mái nhà
select_crop,0,,Chọn Crop
select_variant,0,,Chọn variant
skill_needed,0,,Kỹ năng cần thiết
skill_requirements,0,,Yêu cầu kỹ năng của vật phẩm
stability_link,0,,"<LinkAlmanac=""Systemstability"">Độ ổn định</link>"
start_position,0,,Vị trí bắt đầu
storage,0,,Kho chứa
menu_food_pouch,0,,Túi đựng
total_spaces,0,,Tổng số ô chứa
trebuchet_has_agent,0,,Có người đang vận hành máy bắn đá này
trebuchet_no_agent,0,,Không có ai đang vận hành máy bắn đá này
two_handed,0,,Hai tay
used_spaces,0,,Số ô đã dùng
weapon_and_modifiers,0,,Vũ khí và các chỉ số bổ trợ
weather_clear,0,,Xóa sạch
weather_fog,0,,Sương mù
weather_rain,0,,Mưa
weather_snow,0,,Tuyết rơi
weather_thunderstorm,0,,Bão giông sấm sét
weather_hailstorm,0,,Bão mưa đá
weather_heat_wave,0,,Nóng wave
weather_cold_snap,0,,Lạnh snap
building_info_resources_needed,0,,Tài nguyên cần thiết
menu_add_new,0,,Thêm mới
add_new_profile_info,0,,Thêm custom profile
delete_profile,0,,Xóa profile
research_available_error,0,,Không enough books available
research_allocated_info_negative,0,,Bạn đang thiếu một số sách cần thiết do chúng đã bị mất. Bạn cần bổ sung sách để mở khóa các mục nghiên cứu mới.
info_position,0,,Vị trí
info_walk_speed,0,,Tốc độ di chuyển
info_room,0,,Trong Phòng
info_natural_slope,0,,Độ dốc
info_stability,0,,Độ vững chắc
undrafted_stance,0,,Tư thế Phi vũ trang
auto_equip_weapon,0,,Quản Lý Trang Bị Vũ Khí
auto_equip_weapon_info,0,,Thiết lập quy tắc tự động trang bị vũ khí cho từng dân làng
auto_equip_shield,0,,Quản lý Shield
auto_equip_shield_info,0,,Đặt autoequip shield cho each Dân làng
auto_equip_headware,0,,Quản lý Headgear
auto_equip_headware_info,0,,Đặt autoequip headgear cho each Dân làng
auto_equip_apparel,0,,Quản lý Apparel
auto_equip_apparel_info,0,,Đặt autoequip clothing cho each Dân làng
auto_equip_armor,0,,Quản Lý Trang Bị Giáp Trụ
auto_equip_armor_info,0,,Thiết lập quy tắc tự động mặc giáp trụ cho từng dân làng
restrict_food,0,,Quản lý Food
restrict_food_info,0,,Thiết lập loại thực phẩm mà mỗi dân làng được phép ăn
restrict_stimulants,0,,Quản lý Stimulants
restrict_stimulants_info,0,,Thiết lập loại chất kích thích mà mỗi dân làng được phép sử dụng
profile,0,,Hồ sơ cá nhân
edit_Weapons_profiles,0,,Chỉnh Sửa Hồ Sơ Vũ Khí
edit_Shields_profiles,0,,Chỉnh sửa Shield Profiles
edit_Headware_profiles,0,,Chỉnh sửa Headgear Profiles
edit_Armor_profiles,0,,Chỉnh Sửa Hồ Sơ Giáp Trụ
edit_Apparel_profiles,0,,Chỉnh sửa Apparel Profiles
edit_Food_profiles,0,,Chỉnh sửa Food Profiles
edit_Alcohol_profiles,0,,Chỉnh sửa Alcohol Profiles
manageDefaultPreset_weapon_shield_all,0,,Mọi Loại Vũ Khí
manageDefaultPreset_weapon_shield_none,0,,Không Dùng Vũ Khí
manageDefaultPreset_weapon_shield_melee_onehanded,0,,Cận chiến một tay
manageDefaultPreset_weapon_shield_melee_twohanded,0,,Cận chiến hai tay
manageDefaultPreset_weapon_shield_ranged,0,,Tầm xa
manageDefaultPreset_weapon_shield_melee_onehanded_shield,0,,Cận chiến một tay + khiên
manageDefaultPreset_apparel_clothing_only,0,,Chỉ mặc quần áo
manageDefaultPreset_weapon_all,0,,Mọi vũ khí
manageDefaultPreset_weapon_none,0,,Không vũ khí
manageDefaultPreset_weapon_melee_onehanded,0,,Cận chiến một tay
manageDefaultPreset_weapon_melee_twohanded,0,,Cận chiến hai tay
manageDefaultPreset_weapon_ranged,0,,Tầm xa
manageDefaultPreset_shield_all,0,,Tất cả Shields
manageDefaultPreset_sheild_none,0,,Không Shields
manageDefaultPreset_headware_all,0,,Tất cả Headgear
manageDefaultPreset_headware_none,0,,Không Headgear
manageDefaultPreset_headware_helmet,0,,Mũ sắt
manageDefaultPreset_headware_cap,0,,Mũ đội đầu
manageDefaultPreset_armor_all,0,,Mọi giáp
manageDefaultPreset_armor_none,0,,Không giáp
manageDefaultPreset_apparel_all,0,,Tất cả Apparel
manageDefaultPreset_apparel_none,0,,Không Apparel
manageDefaultPreset_apparel_winter,0,,Mùa Đông
manageDefaultPreset_apparel_summer,0,,Mùa Hè
manageDefaultPreset_food_all,0,,Tất cả thực phẩm
manageDefaultPreset_food_none,0,,Không ăn gì
manageDefaultPreset_food_raw,0,,Thực phẩm tươi sống
manageDefaultPreset_food_meal,0,,Bữa ăn nấu chín
manageDefaultPreset_food_cannibal,0,,Ăn thịt người
manageDefaultPreset_stimulants_all,0,,Tất cả Stimulants
manageDefaultPreset_stimulants_none,0,,Không Stimulants
auto_equipped,0,,Tự động-equipped
manually_equipped,0,,Bắt buộc trang bị thủ công
object_size,0,,Kết cấu Dimensions
has_stability_to_build,0,,Là connected đến a stable kết cấu
hud_info_hide_zoneGrid,0,,Hiển thị lưới màu phân định các khu vực.
resource_group_FoodStimulants,0,,Chất kích thích
action_ToggleForbid,0,,Bật/tắt cho phép/cấm
action_ToggleUrgent,0,,Bật/tắt vận chuyển khẩn
thermal_insulation,0,,Cách nhiệt
thermal_emission,0,,Nóng output
room_types_legend,0,,Chú Giải Phân Loại Phòng
historical_records_title,0,,Hồ sơ lịch sử
statistics_title,0,,Số liệu thống kê
history_title,0,,Biên Niên Sử
PopulationCount_title,0,,Số lượng dân cư
ResourceWealth_title,0,,Giá trị tài nguyên
BuildingWealth_title,0,,Giá trị công trình
TotalWealth_title,0,,Tổng tài sản
FoodAmount_title,0,,Lương thực lưu trữ
MoodAverage_title,0,,Tâm trạng dân làng
PopulationCount_info,0,,Tổng số dân định cư hiện đang sinh sống tại ngôi làng.
ResourceWealth_info,0,,Tổng giá trị tài sản của toàn bộ tài nguyên theo thời gian
BuildingWealth_info,0,,Tổng giá trị mọi công trình theo thời gian
TotalWealth_info,0,,"Tổng giá trị vật chất của công trình, vật phẩm và tài nguyên tích lũy."
FoodAmount_info,0,,Số lượng khẩu phần ăn hiện có trong các kho lưu trữ.
MoodAverage_info,0,,Tâm trạng trung bình theo thời gian
play_time,0,,Thời gian đã chơi
days_from_start,0,,Days từ start
lost_villagers,0,,Lost Dân làng
max_villagers,0,,Max Dân làng
raids_won,0,,Đột kích thắng lợi
raids_lost,0,,Đột kích thất bại
enemies_killed,0,,Kẻ thù killed
enemies_total,0,,Kẻ thù total
villagers_died,0,,dân làng lost
buildings_destroyed,0,,Công trình bị phá hủy
enemy_buildings_destroyed,0,,Công trình bị phá hủy
raid_time,0,,Thời gian giao chiến
most_damage_delt,0,,Greatest sát thương dealt bởi
worker_banish_event_log_type,0,,Dân làng bị trục xuất
worker_banish_event_log_title,0,,Lệnh trục xuất <name>
worker_banish_event_log_info,0,,<name> đã bị trục xuất. [He/She] được nhìn thấy lần cuối khi đang đi về hướng <origin>
worker_died_event_log_type,0,,Dân làng tử nạn
worker_died_event_log_title,0,,Cái chết của <name> <surname>
worker_died_event_log_info,0,,<name> đã qua đời ở tuổi <age>...
max_yield_time,0,,Đạt sản lượng tối đa trong
number_of_harvests,0,,Số lần thu hoạch
hud_info_show_beauty_heatmap,0,,Hiển thị bản đồ thẩm mỹ.
hud_info_hide_trees,0,,Ẩn tán cây để nhìn rõ mặt đất.
hud_info_hide_item_indicator,0,,Hiển thị biểu tượng chỉ báo vật phẩm.
hud_info_resource_groups,0,,Nhóm tài nguyên trong Bảng Tài nguyên.
ctrl_ShowHideTrees,0,,Cây cối: Ẩn/Hiện
ctrl_ShowHideItemIndicators,0,,Chỉ báo vật phẩm: Ẩn/Hiện
ctrl_ShowHideResourceGroups,0,,Resource Groups: Show/Da thuộc
keycode_DoubleQuote,0,,""""
keycode_LeftParen,0,,(
keycode_RightParen,0,,)
world_map_forest_bandits,0,,Thổ phỉ rừng già
world_map_progeny,0,,Hậu duệ
ui_region_influence,0,,Uy danh khu vực
preset_name_weapon_melee_twohanded,0,,Hai tay
info_panel_wealth,0,,Giá trị
village_yours,0,,Khu định cư của bạn
village_enemy,0,,Khu định cư kẻ thù
village_friendly,0,,Khu định cư thân thiện
InfluenceAmount_title,0,,Uy danh
InfluenceAmount_info,0,,"Khi khu định cư phát triển, uy danh của bạn trong vùng cũng tăng theo.\n\nĐể gia tăng uy danh, bạn cần tích lũy của cải bằng cách thu thập tài nguyên và xây dựng công trình.\nChiến thắng trong các trận đánh và đẩy lùi các cuộc đột kích của kẻ thù sẽ giúp gia tăng uy danh nhanh hơn nữa.\n\nĐạt 100% uy danh đồng nghĩa với việc khu định cư của bạn có tầm ảnh hưởng lớn nhất trong khu vực."
hud_lb_Manage,0,,Quản lý
hud_info_Manage,0,,Quản lý quy định trang bị và ăn uống của dân làng.
hud_lb_HistoricRecords,0,,Hồ sơ lịch sử
hud_info_HistoricRecords,0,,Xem số liệu thống kê và lịch sử phát triển của khu định cư.
list_at_least,0,,Ít nhất
list_at_exactly,0,,Chính xác
action_ExpandZone,0,,Mở rộng khu vực
action_ShrinkZone,0,,Thu hẹp khu vực
date_time_details_title,0,,Chi tiết ngày giờ
date_time_details_info,0,,"Một năm được chia thành bốn mùa, mỗi mùa kéo dài 12 ngày.\n\n<b>Mùa xuân</b>\n - Nhiệt độ ôn hòa. Thường xuyên có mưa và sương mù. Tỉ lệ nhỏ xuất hiện mưa đá.\n\n<b>Mùa hè</b>\n - Nhiệt độ cao. Có nguy cơ xuất hiện các đợt nắng nóng. Hãy xây kho dưới lòng đất để giữ thực phẩm tươi ngon trong những ngày hè oi bức.\n\n<b>Mùa thu</b>\n - Nhiệt độ vừa phải. Mưa và sương mù xuất hiện nhiều. Có khả năng xảy ra dông bão và mưa đá.\n\n<b>Mùa đông</b>\n - Nhiệt độ thấp. Khả năng cao có tuyết rơi và bão tuyết. Nguy cơ xảy ra các đợt rét đậm. Cây cối sẽ không phát triển ở nhiệt độ thấp, vì vậy hãy đảm bảo bạn đã gieo trồng và thu hoạch thật nhiều trước khi mùa đông bắt đầu."
general_minute_short,0,,m
general_hour_short,0,,h
general_day_short,0,,d
general_year_short,0,,y
hud_lb_takePhoto,0,,Chụp ảnh màn hình
hud_info_takePhoto,0,,Chụp ảnh màn hình và lưu vào máy
hud_lb_toggleUi,0,,Ẩn/hiện giao diện
hud_info_toggleUi,0,,Bật/tắt hiển thị các thanh giao diện trên màn hình
hud_lb_PhotoMode,0,,Chế độ chụp ảnh
hud_info_PhotoMode,0,,Bật/tắt chế độ chụp ảnh nghệ thuật.
photo_save_location,0,,Ảnh chụp màn hình đã lưu vào
add_new,0,,Thêm mới
add_conditions,0,,Thêm điều kiện
general_see_also,0,,Xem thêm
almanac_group_name_Equipment,0,,Trang Bị
plant_sow_time,0,,Thời gian gieo trồng
plant_grows_on,0,,Mọc trên
plant_cultivable,0,,Có thể canh tác
related_topics,0,,Chủ đề liên quan
healing_multiplier,0,,Hệ số chăm sóc vết thương
effector_on_use,0,,Hiệu ứng khi sử dụng
effector_proximity,0,,Vật thể mang hiệu ứng điều chỉnh đang ở gần.
effector_on_equip,0,,Hiệu ứng khi trang bị
unit_suffix_meters_per_second,0,,m/s
unit_suffix_percent,0,,%
unit_suffix_per_hour,0,,/h
unit_suffix_times,0,,x
unit_suffix_per_second,0,,/s
unit_suffix_hour,0,,h
unit_suffix_second,0,,s
attribute_group_General,0,,Chỉ Số Chung
attribute_group_Jobs,0,,Liên Quan Công Việc
attribute_group_Combat,0,,Liên Quan Chiến Đấu
expires_in,0,,Hết hạn sau
starting_conditions,0,,Điều kiện khởi đầu
village_name,0,,Tên khu định cư
settlement_name,0,,Tên khu định cư
settlement_lb,0,,Khu định cư
AllLayers_apply_order,0,,Tất cả các tầng
SingleLayer_apply_order,0,,Chỉ một tầng
allbuildings_deconstruct,0,,Chọn mọi công trình
floors_deconstruct,0,,Chỉ chọn sàn
walls_deconstruct,0,,Chỉ chọn tường
roofs_deconstruct,0,,Chỉ chọn mái
workbenchfurniture_deconstruct,0,,Chỉ chọn bàn chế tác/nội thất
general_imminent,0,,Sắp xảy ra
menu_modifiers,0,,Chỉ số tác động
reserved_by,0,,Được giữ chỗ bởi
general_miss,0,,Trượt
general_search,0,,Tìm kiếm
scenario_edit_clothes_title,0,,Trang phục mặc định
scenario_edit_clothes_info,0,,Bộ trang phục ngẫu nhiên được trang bị cho dân làng khi bắt đầu trò chơi.
general_evade,0,,Né tránh
report_bug_quitting,0,,"Lỗi Nghiêm Trọng!
Thành thật xin lỗi vì sự cố này. Vui lòng chờ trong khi nhật ký lỗi được gửi tới nhà phát triển. Chúng tôi khuyên bạn nên khởi động lại trò chơi.
Nếu sự cố vẫn tiếp diễn, vui lòng thoát game và bắt đầu một màn chơi mới."
report_bug_connection_error,0,,"Lỗi kết nối!
Rất tiếc báo cáo phản hồi của bạn không thể gửi đi lúc này.
Vui lòng thử lại sau, hoặc tham gia máy chủ Discord của chúng tôi để gửi phản hồi và báo cáo lỗi."
menu_sending,0,,Đang gửi
menu_auto_close,0,,Tự đóng sau
general_unlock,0,,Mở khóa
scenario_edit_add_contition,0,,Thêm điều kiện
general_enter_text,0,,Nhập văn bản
general_required_fields_info,0,,Các trường bắt buộc
general_required_fields_symbol,0,,*
scenario_condition_Resources,0,,Tài nguyên
scenario_condition_Equipment,0,,Trang bị
scenario_condition_VillagerConstraints,0,,Giới hạn dân làng
scenario_condition_VillagerStats,0,,Chỉ số dân làng
scenario_condition_VillagerPerks,0,,Đặc điểm dân làng
scenario_condition_VillagerClothes,0,,Trang phục dân làng
scenario_condition_Technology,0,,Hạng mục nghiên cứu
villager_constraint_NumberOfVillagers,0,,Số lượng dân làng
villager_constraint_Age,0,,Tuổi
villager_constraint_Height,0,,Chiều cao
villager_constraint_Weight,0,,Cân nặng
villager_constraint_ForceGender,0,,Cố định vóc dáng
villager_constraint_ForceReligion,0,,Cố định tôn giáo
villager_constraint_DefaultClothes,0,,Trang phục mặc định
villager_constraint_OverrideStats,0,,Ghi đè chỉ số
villager_constraint_ForcedPerks,0,,Đặc Điểm Bắt Buộc
general_kg,0,,kg
general_cm,0,,cm
general_response,0,,Phản hồi
running_away,0,,Đang tháo chạy
edit_Stimulants_profiles,0,,Chỉnh sửa hồ sơ chất kích thích
current_phase,0,,Giai đoạn sinh trưởng hiện tại
general_category,0,,Danh Mục Phân Loại
report_category_bug,0,,Báo Cáo Lỗi Game (Bug)
report_category_feedback,0,,Góp Ý & Phản Hồi
report_category_suggestion,0,,Đề Xuất Tính Năng Mới
general_enter_message,0,,Nhập nội dung phản hồi
general_enter_subject,0,,Nhập tiêu đề phản hồi
general_submit,0,,Gửi Phản Hồi
report_message_lenght_warning,0,,Nội dung phản hồi phải dài ít nhất 10 ký tự
report_title_lenght_warning,0,,Tiêu đề phải dài ít nhất 4 ký tự
report_english_please,0,,"Chúng tôi là một đội ngũ phát triển độc lập nhỏ và hiện chỉ có thể xử lý các báo cáo bằng tiếng Anh. Tuy nhiên, mọi báo cáo đều vô cùng quý giá để chúng tôi phân tích file lưu và khắc phục sự cố."
unit_suffix_meter,0,,m
general_priority,0,,Mức Độ Ưu Tiên
report_priority_low,0,,Thấp
report_priority_medium,0,,Trung Bình
report_priority_high,0,,Cao
general_age_short,0,,t
structure_change_state,0,,Dân làng được giao làm Quản gia sẽ đổi trạng thái công trình này thành
door_broken,0,,Công trình này đã hỏng và không thể đổi trạng thái cho đến khi được sửa đạt 80% HP tối đa.
general_relevant_skills,0,,Kỹ Năng Liên Quan
general_job_type,0,,Loại Công Việc / Nghề Nghiệp
jobs_highest_priority,0,,Ưu Tiên Cao Nhất
jobs_lowest_priority,0,,Lowest Mức ưu tiên >>
jobs_first_done,0,,Mức ưu tiên 1 được thực hiện đầu tiên
jobs_last_done,0,,Mức ưu tiên 5 được thực hiện cuối cùng
save_made_with_old_version,0,,Bản lưu này được tạo từ một phiên bản cũ hơn của trò chơi.
is_on_stockpile,0,,Trên bãi chứa:
delete_file_failed,0,,Không thể xóa tệp {0}
general_goto_layer,0,,Go đến Layer
menu_action_scroll_wheel_layer,0,,Giữ [<style=Shortcut>Ctrl</style>]\n dùng <style=Shortcut>Lăn chuột</style> để di chuyển nhanh qua các <style=DefaultBlue>tầng</style>
menu_action_click_layer,0,,"<sprite=""ctrl_left_click"" index=t> vào vật thể bất kỳ hoặc mặt đất \n để chuyển đến <style=DefaultBlue>tầng</style> đó."
general_select_next,0,,Chọn next
menu_produced_in,0,,Chế tác tại
menu_source,0,,Nguồn gốc
general_copy_settings,0,,Sao chép cài đặt
general_paste_settings,0,,Dán cài đặt
plant_dying,0,,Cây trồng Dying
trade_buy,0,,Mua sắm / Tiếp nhận
trade_sell,0,,Bán ra / Đề nghị
trade_message_cant_continue,0,,Giao dịch này không được chấp nhận. Thương nhân yêu cầu thêm hàng hóa để đổi lấy số vật phẩm đã đề nghị.
trade_balance_title,0,,Cán cân trao đổi
trade_balance_desc,0,,"Nếu cán cân nghiêng về phía bạn (bên phải), bạn đang yêu cầu nhiều hơn mức đề nghị. Nếu nghiêng về phía thương nhân (bên trái), bạn đang trao nhiều hơn mức yêu cầu. Chỉ có thể giao dịch khi nằm trong Ngưỡng mặc cả. Ngưỡng này chịu ảnh hưởng bởi kỹ năng Giao tiếp của người đàm phán."
trade_balance_bargain,0,,Ngưỡng mặc cả
trade_wont_buy,0,,Công trình này Thương nhân will not trade cho this resource
trade_number_settlement,0,,Số lượng tài nguyên này mà bạn hiện có sẵn để trao đổi
trade_number_merchant,0,,Số lượng tài nguyên thương nhân có sẵn để trao đổi
wealth_price_sell,0,,Giá trị thu được khi trao đổi vật phẩm này
wealth_price_buy,0,,Value Thương nhân gains when trading this item
base_trade_value,0,,Base giá trị
settler_trade_bonus,0,,Dân làng trade bonus
trade_buying,0,,Đang mua
trade_selling,0,,Đang bán
trade_total_buy,0,,Tổng giá trị bạn sẽ nhận được từ thương nhân
trade_total_sell,0,,Tổng giá trị bạn sẽ giao cho thương nhân
extortion_demanding,0,,Yêu sách đòi hỏi
extortion_give,0,,Giao nộp
extortion_take,0,,Chiếm đoạt
extortion_negotiator_give,0,,Tổng giá trị bạn sẽ giao cho người đàm phán
extortion_demand_title,0,,Số lượng yêu sách
extortion_demand_desc,0,,Lượng giá trị mà người đàm phán yêu sách từ bạn. Mức giá chịu ảnh hưởng bởi kỹ năng của dân làng đàm phán. 
extortion_wont_take,0,,Công trình này negotiator will not Chấp nhận this resource
extortion_number_settlement,0,,Số lượng tài nguyên này mà bạn có sẵn để giao nộp
wealth_price_give,0,,Giá trị khi trao tặng vật phẩm này
extortion_are_you_sure,0,,Là bạn sure đó bạn want đến finalise này negotiation?
extortion_sell_list,0,,Bạn là giving này:
extortion_message_cant_continue,0,,Giao dịch này không được chấp nhận. Người đàm phán yêu cầu thêm hàng hóa.
extortion_animal_locked,0,,Không thể tiếp cận con vật này
trader_leaving,0,,Thương nhân của phe <faction_name> đang rời khỏi khu định cư của bạn
trader_left,0,,Thương nhân của phe <faction_name> đã rời đi
cannot_negotiate_with_leaving_npc,0,,Không thể tương tác với người này khi họ đang rời đi
caravan_workers,0,,Thành viên đoàn buôn
caravan_contents,0,,Hàng hóa trong đoàn buôn
caravan_status_travelling,0,,Đang trên đường đi
caravan_status_arrived,0,,Đã tới nơi
caravan_status_returning,0,,Đang trên đường về
caravan_return_home_in,0,,Đoàn buôn sẽ bắt đầu hành trình trở về sau
caravan_status,0,,Trạng thái đoàn buôn
caravan_destination,0,,Điểm đến
caravan_to,0,,Đoàn buôn tới <village_name>
caravan_trade_gift_only_title,0,,Biếu tặng làm quà?
caravan_gift_message,0,,"Việc trao cho thương nhân số hàng hóa có giá trị vượt trội so với lượng nhận lại sẽ được xem là quà biếu tặng, giúp gia tăng đáng kể điểm thiện cảm với <faction_name>."
caravan_gift_giving_more,0,,Bạn có chắc chắn muốn tiếp tục giao dịch này không? Giá trị hàng hóa bạn đề nghị lớn hơn nhiều so với giá trị hàng bạn nhận về.
caravan_trade_are_you_sure,0,,Bạn có chắc chắn muốn thực hiện giao dịch này không?
caravan_trade_buy_list,0,,Bạn sẽ nhận:
caravan_trade_sell_list,0,,Bạn đưa ra:
caravan_trade_finalize_title,0,,Chốt giao dịch
caravan_form,0,,Lập thương đoàn
caravan_mass,0,,Khối lượng hàng
caravan_trip,0,,Thời gian chuyến đi
caravan_value,0,,Giá trị hàng hóa
caravan_food,0,,Lương thực
caravan_travel_to,0,,Đi đến
distance_from_village,0,,Khoảng cách ô đất
caravan_message_food,0,,Không đủ lương thực để bắt đầu chuyến đi
caravan_message_mass,0,,Thương đoàn không thể di chuyển vì quá nặng
trader_message_mass,0,,Thương nhân can't carry this much weight
negotiator_message_mass,0,,Negotiator có thể't carry này much weight
message_trader_is_locked,0,,"Thương nhân không thể rời đi vì bị nhốt hoặc bị tường vây kín. Nếu bạn không thả họ đi, mối quan hệ giữa khu định cư và <faction_name> sẽ sụt giảm nghiêm trọng."
action_caravan_return,0,,Quay lại
caravan_message_able,0,,"Chỉ dân làng khỏe mạnh, không nổi loạn mới có thể lập thương đoàn"
caravan_message_settler,0,,Phải còn lại ít nhất một dân làng khỏe mạnh trong khu định cư
caravan_canceled,0,,Thương đoàn đã hủy
caravan_message_left,0,,Một thương đoàn đã khởi hành
caravan_mesage_arived,0,,Một thương đoàn đã đến nơi
caravan_mesage_back,0,,Một thương đoàn đã trở về
caravan_animal_already_forming,0,,Con vật này đã thuộc một thương đoàn khác
caravan_animal_stuck,0,,Con vật này không thể tham gia vì không đến được rìa bản đồ để rời đi.
caravan_message_one_settler,0,,Phải chọn ít nhất một dân làng khỏe mạnh để lập thương đoàn
caravan_worker_already_forming,0,,Dân làng này đã thuộc một thương đoàn khác
caravan_worker_stuck,0,,Dân làng này không thể tham gia vì không đến được rìa bản đồ để rời đi.
caravan_message_wont_barter,0,,<faction_name> sẽ không trao đổi với thương đoàn của bạn.
caravan_message_no_gifts,0,,<faction_name> sẽ không nhận thêm quà từ bạn
caravan_cannot_send_hostile,0,,<faction_name> vĩnh viễn thù địch với khu định cư của bạn. Họ sẽ không trao đổi hay nhận quà từ <village_name>.
caravan_message_hostile,0,,<faction_name> thù địch với khu định cư của bạn. Bạn không thể trao đổi với họ.
friendliness_change,0,,<friendliness_impact> mức độ thiện cảm đối với <faction_name>
friendliness_stat_change,0,,Mối quan hệ với phe <faction_name> hiện là: <faction_status>
hud_lb_factions,0,,Phe phái
faction_friendliness_neutral,0,,Trung lập
faction_friendliness_friendly,0,,Thân thiện
faction_friendliness_hostile,0,,Thù địch
faction_friendliness_permanently_hostile,0,,Vĩnh viễn thù địch
faction_faction,0,,Phe phái
faction_status,0,,Trạng thái
faction_enemy_to,0,,Kẻ thù của
faction_settlements,0,,Khu định cư
faction_player_friendliness,0,,Quan hệ
general_faction,0,,Phe phái
center_of_power,0,,Trung Tâm Quyền Lực
trader_visitor,0,,Lữ Khách Đơn Độc
action_installbuilding,0,,Lắp đặt
action_uninstallbuilding,0,,Gỡ bỏ
action_movebuilding,0,,Di dời
structure_info_uninstall,0,,Một dân làng sẽ gỡ công trình này.
caravan_send_home_tooltip,0,,Quay về
action_back_home,0,,Quay lại
action_caravan,0,,Gửi đoàn buôn
caravan_send_tooltip,0,,Cử thương đoàn
action_trade,0,,Giao thương
action_gift,0,,Tặng quà
character_hair_colour,0,,Màu Tóc
character_hair_type,0,,Kiểu Tóc
character_facial_hair_type,0,,Kiểu Râu Ria
character_head_type,0,,Kiểu Khuôn Mặt
character_skin_colour,0,,Màu Da
character_gender,0,,Vóc Dáng Thể Trạng
character_hair,0,,Tóc
character_facial_hair,0,,Râu Ria
character_advanced_customization,0,,Tùy Biến Nhân Vật Nâng Cao
character_reroll_group,0,,Quay Ngẫu Nhiên Cả Nhóm
character_reroll,0,,Quay Ngẫu Nhiên Nhân Vật
male_hair_bald,0,,Đầu Trọc (Không Có)
male_hair_fratar,0,,Kiểu Tóc #1
male_hair_long,0,,Kiểu Tóc #2
male_hair_medium,0,,Kiểu Tóc #3
male_hair_stripe,0,,Kiểu Tóc #4
male_hair_afro_A,0,,Kiểu Tóc #5
male_hair_afro_B,0,,Kiểu Tóc #6
male_hair_afro_C,0,,Kiểu Tóc #7
male_hair_afro_D,0,,Kiểu Tóc #8
hair_braids,0,,Tóc tết #1
hair_long,0,,Kiểu Tóc #2
hair_short,0,,Kiểu Tóc #3
hair_shoulders,0,,Kiểu Tóc #4
hair_tail,0,,Kiểu Tóc #5
hair_afro_A,0,,Kiểu Tóc #6
hair_afro_B,0,,Kiểu Tóc #7
hair_afro_C,0,,Kiểu Tóc #8
hair_afro_D,0,,Kiểu Tóc #9
male_head_long,0,,Khuôn Mặt #1
male_head_normal,0,,Khuôn Mặt #2
male_head_round,0,,Khuôn Mặt #3
male_head_square,0,,Khuôn Mặt #4
male_head_wide,0,,Khuôn Mặt #5
head_long,0,,Khuôn Mặt #1
head_normal,0,,Khuôn Mặt #2
head_round,0,,Khuôn Mặt #3
head_square,0,,Khuôn Mặt #4
head_wide,0,,Khuôn Mặt #5
male_beard_braid,0,,Râu #6
male_beard_clasic,0,,Râu Cổ Điển #7
male_beard_goate,0,,Râu Dê #8
male_beard_long,0,,Râu Dài #9
male_beard_mutton,0,,Râu Quai Nón #10
male_moustache_long,0,,Râu Mép Dài #1
male_moustache_mutton,0,,Râu Mép Quai Nón #2
male_moustache_short,0,,Râu Mép Ngắn #3
male_moustache_thick,0,,Râu Mép Dày #4
male_moustache_thin,0,,Râu Mép Mỏng #5
general_none,0,,Không Có
gender_male,0,,Nam Tính
gender_female,0,,Nữ Tính
character_group_points,0,,Điểm Khởi Tạo Nhóm Dân Làng
character_group_points_info,0,,"Sử dụng điểm tạo nhóm để tùy biến các thành viên ban đầu. Số điểm tiêu tốn để thay đổi kỹ năng, đặc tính, xuất thân, đam mê,... sẽ khác nhau."
character_point_limit,0,,Điểm tạo nhân vật đã đạt giới hạn tối đa. Hãy đổi ngẫu nhiên hoặc dùng Tùy biến nâng cao để cân đối lại.
character_perk_conflicts,0,,Xung khắc với đặc tính
character_points_cost,0,,Chi Phí Điểm Tạo Nhân Vật
character_min_skill,0,,Cấp kỹ năng tối thiểu
general_goods_trader_small,0,,Người Bán Hàng Rong
general_goods_trader_normal,0,,Thương Nhân Hàng Hóa Phổ Thông
general_goods_trader_large,0,,Đại Thương Gia Bán Buôn Hàng Hóa
weapons_trader,0,,Thương nhân vũ khí
rare_goods_trader,0,,Thương Nhân Hàng Hiếm & Trân Bảo
caravan_is_already_forming,0,,Đã có thương đoàn đang được lập để đến điểm này
caravan_cannot_send_home_tooltip,0,,Đã có thương đoàn đang trên đường đến điểm này
caravan_is_already_going,0,,Đã có thương đoàn đang trên đường đến điểm này
caravan_mesage_returning,0,,Thương đoàn của bạn từ <settlement_name> đã bắt đầu trở về
cancel_caravan_confirm,0,,Hành động này sẽ hủy bỏ việc thành lập thương đoàn. Bạn có chắc chắn muốn tiếp tục?
eventOptionEffect_alighment,0,,Lựa chọn này có thể ảnh hưởng đến mối quan hệ của bạn đối với phe <faction_name>
global_trade_multiplier_name,0,,Hệ Số Điều Chỉnh Giá Trị Khác
global_trade_multiplier_info,0,,"(Giá trị có thể thay đổi theo loại phe phái, mùa màng, trạng thái quan hệ, loại thương nhân và cả địa hình xây dựng khu định cư)"
caravan_mass_info,0,,Khối lượng mà thương đoàn này có thể vận chuyển. Thương đoàn không thể di chuyển nếu vượt quá giới hạn.
caravan_trip_info,0,,"Thời gian thương đoàn đi đến điểm đến, và cũng là thời gian cần cho chuyến về. Thời gian chuyến đi phụ thuộc số ô đã vượt qua, loại địa hình và mùa. Di chuyển chậm hơn vào mùa đông. "
caravan_value_info,0,,Tổng giá trị hàng hóa trong thương đoàn
caravan_food_info,0,,Lượng lương thực cần thiết để thành viên thương đoàn sống sót trong chuyến đi
caravan_food_info_animals,0,,Động vật trong thương đoàn sẽ tự kiếm thức ăn dọc đường.
caravan_message_hostile_gift,0,,"Tuy nhiên, họ sẽ nhận quà để cải thiện quan hệ với khu định cư của bạn."
building_error_no_skilled_botany_worker,0,,Không có dân làng nào đủ trình độ kỹ năng nông nghiệp yêu cầu
generating_workers_message,0,,Đang Tạo Dân Làng Mới...
message_hit_trader,0,,Bạn vừa tấn công một người không thù địch! Số đòn đánh còn lại trước khi họ chuyển sang trạng thái Thù Địch: <hits_count>  
menu_structure_piles,0,,Kiện cấu kiện xây dựng
scenario_condition_StructurePiles,0,,Vật liệu công trình
requires_conscious_worker_selected,0,,Yêu Cầu Phải Chọn Dân Làng Đang Tỉnh Táo
warning_choose_settler_name,0,,Vui lòng đặt tên cho dân làng
general_perk_gained,0,,<name> đã nhận được đặc tính mới
general_died_old_age,0,,<name> đã qua đời thanh thản trong giấc ngủ của [his/her] do tuổi già xế bóng.
cropfield_error_sowing_period,0,,Mùa gieo trồng không phù hợp với thời điểm hiện tại.
cropfield_error_no_seeds,0,,Không đủ hạt giống để gieo trồng trên thửa ruộng này
production_stopped_temperature,0,,Không đáp ứng điều kiện nhiệt độ môi trường cần thiết
building_mesh_var_title,0,,Biến thể
building_mesh_var_info,0,,Thay đổi diện mạo công trình. Thay đổi hình ảnh không ảnh hưởng đến lối chơi.
building_mesh_var_shape,0,,Biến thể hình dạng
building_mesh_var_material,0,,Biến thể vật liệu
building_mesh_var_rotate,0,,Xoay hình dạng
building_mesh_var_mirror,0,,Lật hình dạng
building_mesh_automatic_change,0,,Tự động đổi hình dạng
building_mesh_automatic_change_info,0,,"Khi kích hoạt, công trình sẽ đổi hình dạng tùy theo các công trình cùng loại liền kề. Thay đổi thủ công sẽ tắt tính năng này."
fuel_type,0,,Loại Nhiên Liệu
fuel_strength,0,,Hiệu Suất Nhiệt Nhiên Liệu
prioritise_refuel,0,,Ưu Tiên Tiếp Nhiên Liệu:
cannot_refuel,0,,"Không thể tiếp nhiên liệu, không đủ tài nguyên cần thiết."
plant_roofed,0,,Có mái che
cropfield_under_roof,0,,Bị Mái Che: <roofed_percent>
cropfield_under_roof_info,0,,Toàn bộ hoặc một phần thửa ruộng này có mái che phía trên. Cây trồng không thể phát triển dưới mái che.
general_sow_period,0,,Mùa Gieo Trồng
general_dont_sow,0,,Ngừng Gieo Hạt
general_harvest_phase,0,,Giai Đoạn Thu Hoạch
general_cut_phase,0,,Giai Đoạn Phát Dọn Cây
plant_dying_blight,0,,Dịch bệnh hại cây
general_lacks,0,,Còn Thiếu
notification_new_structure,0,,Công trình mới
notification_new_production,0,,Dây chuyền sản xuất mới
notification_new_cropfield,0,,Cánh đồng mới
xp_cap_reached,0,,Đã đạt giới hạn kinh nghiệm (XP) mỗi ngày (<daily_xp>). Kinh nghiệm nhận thêm sẽ bị giảm còn x0.1
animal_type_wild,0,,Hoang dã
animal_type_domestic,0,,Vật nuôi
animal_type_DomesticNpc,0,,Vật nuôi
animal_type_wildAggressive,0,,Hoang dã Aggresive
animal_type_pet,0,,Thú cưng
animal_storage_capacity,0,,Lượng chứa
animal_life_phase,0,,Tuổi
animal_info_pet,0,,Thú cưng tự do đi lại trong khu định cư. Chúng có thể đi qua mọi cánh cửa mà dân làng sử dụng được.
animal_info_domestic,0,,Vật nuôi sẽ đi lại quanh khu định cư. Hầu hết chúng không thể qua cửa hoặc cổng trừ khi được dắt bằng dây.
animal_info_domesticnpc,0,,Vật nuôi sẽ đi lại quanh khu định cư. Chúng không thể qua cửa hoặc cổng trừ khi được dắt bằng dây.
animal_info_wild,0,,Động vật hoang dã đi lại trên bản đồ và thường tránh khu định cư. Đôi khi chúng có thể vào làng khi đói.
animal_info_wildaggressive,0,,Động vật hoang dã hung hãn sẽ tấn công dân làng ngay khi nhìn thấy. Chúng cũng có thể tấn công các loài khác.
map_seed,0,,Mã Hạt Giống Bản Đồ (Seed)
general_animals,0,,Động vật
hud_info_animals,0,,Quản lý vật nuôi thuần hóa và thú hoang dã.
general_overview,0,,Tổng Quan Toàn Cảnh
hud_info_overview,0,,"Bảng tổng quan tiện ích về vật nuôi, tài nguyên và kho hàng."
animals_domestic,0,,Vật nuôi
animals_wildlife,0,,Hoang dãlife
assigned_to,0,,Đã Phân Công Cho
assigned_to_info,0,,Chọn dân làng bạn muốn gán thú cưng này cho họ. Mỗi dân làng chỉ có tối đa một thú cưng.
general_battle,0,,Tham Chiến Tác Chiến
general_battle_info,0,,Thú nuôi được huấn luyện chiến đấu sẽ theo sát bảo vệ dân làng được chỉ định mỗi khi họ được lệnh nhập ngũ.
action_trainAnimal,0,,Huấn luyện
general_untrainable,0,,Loài động vật này không thể thuần hóa
action_slaughterAnimal,0,,Mổ thịt
action_releaseAnimal,0,,Thả tự do
in_pen,0,,Trong Chuồng Nuôi
general_retaliate,0,,Tự Vệ Phản Kháng
tame_failed_retaliate_message,0,,Thú Hoang Nổi Giận Phản Công
hunt_retaliate_info,0,,Tỉ lệ con mồi nổi giận chống trả khi bị thợ săn tấn công.
tame_retaliate_info,0,,Tỉ lệ con thú tấn công dân làng khi nỗ lực thuần hóa thất bại.
tameable_info,0,,Tỉ lệ thuần hóa thành công (kỹ năng của dân làng sẽ nhân thêm vào tỉ lệ này).
action_tameAnimal,0,,Thuần hóa
info_tamed,0,,Đã thuần hóa
info_trained,0,,Đã huấn luyện
tameable,0,,Có Thể Thuần Hóa
unnamed,0,,Chưa Đặt Tên
animal_haul_info,0,,Động vật được huấn luyện vận chuyển sẽ thỉnh thoảng tự chọn các đống đồ cần mang đi.
tame_successful_message,0,,Thuần hóa động vật thành công
tame_failed_message,0,,Thuần hóa động vật thất bại
cant_interact_sleeping_animal,0,,Không thể tương tác với con vật đang ngủ
training_successful_message,0,,Huấn luyện thú cưng thành công
train_failed_message,0,,Huấn luyện thú cưng thất bại
general_failed,0,,Thất Bại
general_successful,0,,Thành Công
tame_try_left,0,,Lượt thử thuần hóa còn lại hôm nay
tame_try_info,0,,Lần thuần hóa gần nhất
train_try_left,0,,Lượt huấn luyện còn lại hôm nay
train_try_info,0,,Lần huấn luyện gần nhất
tame_try_maximum,0,,Con vật này đã được thử thuần hóa tối đa số lần trong ngày hôm nay.
train_try_maximum,0,,Con vật này đã được thử huấn luyện tối đa số lần trong ngày hôm nay.
error_no_skilled_animal_worker,0,,Không có dân làng nào có đủ kỹ năng chăn nuôi
animal_is_domestic_message,0,,<settler> đã thuần hóa thành công: <animal>
animal_is_pet_message,0,,<settler> đã huấn luyện thành công: <animal>
menu_aged,0,,Đã ủ
menu_ferment,0,,Đã lên men
effect_reason_attribute_agingspeed,0,,Đang già đi do
effect_reason_time_agingspeed,0,,"Đống đồ sẽ trở nên <LinkAlmanac=""Systemdecomposition"">ủ lâu</link> sau"
effect_reason_attribute_fermentingspeed,0,,Đang lên men do
effect_reason_time_fermentingspeed,0,,"Đống đồ sẽ <LinkAlmanac=""Systemfermentation"">lên men</link> sau"
pile_has_fermented,0,,<resource_name> đã lên men tại bãi chứa và biến thành: <fermented_resource>
general_male,0,,nam
general_female,0,,nữ
general_male_animal,0,,Đực
general_female_animal,0,,Cái
animal_pen_panel_title,0,,Động vật Pen
animal_pen_panel_description,0,,Chọn loại động vật được nuôi trong chuồng này.
animal_pen_disabled_outside,0,,Công trình này pen marker must be trong an enclosed area để work.
menu_animals,0,,Động vật
menu_type,0,,Loại
scenario_condition_Animals,0,,Vật nuôi ban đầu
is_storable_on_some_stockpile,0,,Bãi chứa that can store this resource exists
is_marked_for_hauling,0,,Marked cho Vận chuyển
reserved_spaces,0,,Số ô đã giữ chỗ
manage_panel_cant_change,0,,Không thể thay đổi hồ sơ mặc định. Hãy tạo hồ sơ mới bằng nút dấu cộng và chỉnh sửa hồ sơ đó.
obsolete_scenario_message,0,,"Kịch bản tùy chỉnh lưu trong <style=AltColor>""<preset_name>.json""</style> đã lỗi thời và không thể tải được."
obsolete_character_preset_message,0,,"Thiết lập mẫu <style=AltColor>""<preset_name>""</style> lưu trong <style=AltColor>""ManageGroupPresets.json""</style> đã cũ và không thể tải."
general_diet,0,,Chế độ ăn
action_banish_failed_no_path,0,,Đã hủy trục xuất. Dân làng này không thể đi tới rìa bản đồ để rời đi.
general_true,0,,Đúng
general_false,0,,Sai
is_marked_for_cutting,0,,Marked cho cutting
is_marked_for_harvest,0,,Marked cho Thu hoạch
animal_type_with_name,0,,<name> <animal>
animal_pest_control,0,,Kiểm soát sâu bọ
animal_pest_control_info,0,,"Một số động vật có thể được huấn luyện để xử lý các loài gây hại như chuột, vốn phá hoại quanh khu định cư."
trader_wont_sell_animal,0,,Không thể bán con vật này
trade_animal_locked,0,,Không thể tiếp cận con vật này
select_all_tooltip,0,,Mark/Xóa sạch Tất cả
game_difficulty_Custom_title,0,,Tùy chỉnh
game_difficulty_Custom_info,0,,Customise your game difficulty cấp độ. Choose what types của events you would like để exclude during your run.
predators_cant_attack,0,,Không thể được targeted bởi predators
animal_roped_to,0,,Bị buộc vào
menu_count,0,,Số lượng
menu_group,0,,Nhóm
menu_freshness,0,,Độ tươi
general_in_storage,0,,Trong kho
owner_name,0,,Chủ sở hữu
menu_formerly,0,,Trước đây
bed_owner_cant_change,0,,Không thể thay đổi chủ sở hữu giường. Người sở hữu hiện đang nằm ngủ trên giường.
almanac_group_name_Produceable,0,,Có Thể Sản Xuất
storage_full,0,,Kho chứa của công trình này đã đầy
plant_sunlight,0,,Lượng ánh sáng tích lũy
plant_sunlight_info,0,,"Lượng ánh sáng mặt trời mà cây đã hấp thụ. Mức thấp có thể khiến cây bị còi cọc. Nếu lượng tích lũy giảm về 0, cây sẽ bắt đầu mất máu từ từ."
plant_receiving_light,0,,Lượng ánh sáng mặt trời
plant_receieving_light_info,0,,"Lượng ánh nắng chiếu lên vật thể này, bao gồm cả ánh sáng gián tiếp. Cây trồng nhận 0% ánh nắng sẽ phát triển chậm hơn."
plant_stunted,0,,Bị còi cọc
plant_stunted_info,0,,Cây còi cọc nhỏ hơn và cho ít tài nguyên hơn. Cây trở nên còi cọc do thiếu ánh nắng.
plant_stunted_tree_info,0,,Cây sẽ bị còi cọc nếu mọc trong khu vực quá chật chội. Có hơn 2 bức tường hoặc cây khác nằm liền kề với cây đang lớn sẽ khiến cây chậm phát triển.
stunted_yeald_info,0,,Sản lượng bị còi cọc
sow_recomended_time,0,,Recommended Gieo trồng period
hud_info_show_temperature_heatmap,0,,Hiển thị bản đồ nhiệt độ.
heatmap_legend,0,,Chú giải bản đồ nhiệt
general_intensity,0,,Cường độ
general_intensity_info,0,,"Đổi intensity của this Nóng source. Changing để a higher intensity will increase Nhiệt độ output, but will also use more fuel."
node_snow,0,,Tuyết rơi
node_wet,0,,Ướt
node_grass,0,,Đồng cỏ
node_sunlight,0,,Ánh nắng
plant_dying_low_sunlight,0,,Thiếu ánh sáng mặt trời
plant_dying_water_level,0,,Bị úng nước
plant_dying_not_in_water,0,,Không ở dưới nước
effector_name_BeliefNearDeathPagan,0,,Cận kề cái chết
effector_name_BeliefNearDeathChristian,0,,Bên bờ vực cái chết
effector_name_BeliefIntoxicationChristian,0,,Cơn say suy ngẫm tội lỗi
effector_name_BeliefIntoxicationPagan,0,,Bình minh của kẻ say sưa
effector_name_BeliefFriendDiedChristian,0,,Người thân yêu đã về với Chúa
effector_name_BeliefFriendDiedPagan,0,,Linh hồn hòa vào đất mẹ
effector_name_BeliefRaidLostChristian,0,,Chúa đã định đoạt thất bại này
effector_name_BeliefRaidLostPagan,0,,Chư thần đã ban cho chúng ta thất bại này
effector_name_BeliefRaidWonChristian,0,,Chúa đã cứu chúng ta khỏi kẻ thù
effector_name_BeliefRaidWonPagan,0,,Chư thần đã ban chiến thắng cho chúng ta
effector_name_BeliefFlawlessItemChristian,0,,God's grace guided điều này creation
effector_name_BeliefFlawlessItemPagan,0,,Chư thần đã dẫn lối đôi tay ta
effector_name_BeliefFlimsyItemChristian,0,,Ta đã thất bại. Chẳng lẽ Chúa đã bỏ rơi ta?
effector_name_BeliefFlimsyItemPagan,0,,Chư thần hẳn đang cười nhạo thất bại này.
effector_name_BeliefNatureChristian,0,,Could điều này be work của Almighty?
effector_name_BeliefNaturePagan,0,,Phải chăng đây là điềm báo từ chư thần?
not_available,0,,<style=DefaultRed>Công trình này không thể sử dụng vì môi trường không phù hợp</style> 
temperature_out_of_range,0,,Unsuitable Nhiệt độ
structure_in_water,0,,Trong nước
resource_tooltip_ice_room,0,,<style=DefaultOrange>Làm mát giảm nhiệt khu vực xung quanh. Mức nhiệt độ tối thiểu có thể đạt được là <zero_temp></style>
ground,0,,Mặt đất
decay_speed_under_water,0,,Nước decay rate modifier
decay_speed_per_temperature,0,,Nhiệt độ decay rate modifier
decay_speed_per_ground,0,,Hệ số tốc độ phân hủy theo loại đất
decay_speed_per_weather,0,,Thời tiết decay rate modifier
ferment_speed_per_temperature,0,,Nhiệt độ fermentation rate modifier
lb_protector,0,,"Khi ở gần, các động vật nhỏ sẽ không bị dã thú như cáo hay chồn tấn công."
protecting_from_predators,0,,Protected từ predators bởi
stat_disabled,0,,Chỉ số này đã bị vô hiệu hóa. Giá trị sẽ không đổi và không mang lại hiệu ứng tăng hay giảm nào cho dân làng.
stat_locked,0,,Này stat là locked. Của nó giá trị won't change. But associated buffs sẽ được present.
hud_info_order_fishing,0,,Đánh dấu đàn cá để dân làng câu cá
hud_lb_order_fishing,0,,Câu cá
action_fishing,0,,Câu cá
water_lvl_01,0,,Vùng nước nông
water_lvl_02,0,,Vùng nước cạn
water_lvl_03,0,,Nước sâu
cropfield_error_underwater,0,,"Không thể gieo hạt here, field là flooded"
production_stopped_underwater,0,,Sản xuất halted due để flooding
cropfield_error_not_underwater,0,,"Không thể gieo trồng ở đây, loại cây này cần mọc trong vùng nước nông."
Piles_apply_order,0,,Tài nguyên
Blueprints_apply_order,0,,Giai đoạn bản vẽ
Foundations_apply_order,0,,Công trình phase
All_apply_order,0,,Áp dụng để all
bed_temporary_owner,0,,Giường được chỉ định của dân làng ở quá xa. Họ đang tạm thời sử dụng chiếc giường này để ngả lưng.
general_prisoners,0,,Tù nhân
general_prisoner,0,,Tù nhân
surender_screen_info,0,,"Choose assailants you want để capture as prisoners của war. Chờ a Dân làng với Goaler job active để escort prisoners để a cell. But hurry, they won't wait forever."
surender_screen_title,0,,Kẻ thù đã đầu hàng
bbt_prisoner_run,0,,<name> là making a run cho nó!
bbt_prisoner_gone,0,,<name> có reached edge của map và escaped.
bbt_prisoner_released,0,,<name> có been released
prioritise_escort,0,,Ưu tiên: Escort để cell
prioritise_escort_error_no_reachable_jail_cell,0,,Không thể đi tới căn phòng được chỉ định làm phòng giam.
prioritise_escort_error_no_jail_cell,0,,Không có phòng nào được chỉ định làm phòng giam. Hãy đặt mốc phòng giam và đồ tiếp tế vào một phòng để biến nó thành phòng giam.
bbt_no_cell_exists,0,,Chưa có căn phòng nào được quy hoạch làm xà lim phòng giam.
prioritise_turn,0,,Ưu Tiên: Chiêu Mộ Tù Nhân
bbt_prisoners_cant_be_turned,0,,Tù nhân này ngoan cố không thể chiêu mộ
enemy_wont_surrender_01,0,,[He/She] thà chết chứ nhất quyết không chịu đầu hàng.
enemy_wont_surrender_02,0,,"Tên này trơn tuột như lươn, vùng vẫy thoát thân và không thể bắt sống."
enemy_wont_surrender_03,0,,[He/She] đang gào thét và giãy giụa điên cuồng. Tốt hơn hết là để chúng tự chạy thoát.
enemy_wont_surrender_04,0,,[He/She] trông ốm yếu thập tử nhất sinh. Bắt sống một kẻ sắp chết thì không thể đòi tiền chuộc.
enemy_wont_surrender_05,0,,Những kẻ còn lại trong phe của [his/her] dường như xa lánh [him/her]. Một con tin hoàn toàn vô giá trị.
enemy_wont_surrender_06,0,,Một tên đầu sỏ kích động bạo loạn. [He/She] sẽ chỉ chực chờ khơi mào bạo loạn trong ngục tối.
enemy_wont_surrender_07,0,,[He/She] hôi hám bẩn thỉu còn hơn cả xác chết thối rữa. Hãy mặc kệ chúng.
bbt_no_one_surrender,0,,Không có bất kỳ tên địch nào chịu đầu hàng sau thất bại
worker_action_escroting,0,,Đang Hộ Tống Áp Giải
object_inside_prison_cell,0,,<object_name> đang nằm bên trong phòng giam. Dân làng tự do không thể sử dụng.
action_RecruitPrisoner,0,,Chiêu mộ
action_RecruitPrisoner_info,0,,Một dân làng giữ vai trò Cai ngục sẽ nói chuyện với tù nhân mỗi ngày để thuyết phục họ gia nhập khu định cư của bạn.
action_releasePrisoner,0,,Thả tự do
action_releasePrisoner_info,0,,Đánh dấu tù nhân để phóng thích. Một dân làng làm Quản ngục sẽ đưa người bị giam đến rìa bản đồ và thả họ. Việc này có thể tăng thiện cảm với phe của tù nhân.
worker_action_RecruitPrisonerGoal,0,,Đang Thuyết Phục Chiêu Mộ Tù Nhân
recruit_successful_message,0,,Chiêu mộ tù nhân thành công
recruit_failed_message,0,,Chiêu mộ tù nhân thất bại
recruit_try_left,0,,Số lượt chiêu mộ còn lại trong ngày hôm nay
recruit_try_info,0,,Lần thử chiêu mộ gần nhất
recruit_try_maximum,0,,Tù nhân này hôm nay đã được chiêu mộ hết số lượt cho phép
recruit_amount,0,,Đã Chiêu Mộ Thành Công
recruit_next_attempt,0,,Lượt chiêu mộ kế tiếp sau 
worker_action_PrisonerSurrenderGoal,0,,Đã Đầu Hàng
action_stripPrisoner,0,,Lột đồ
action_stripCarcass,0,,Lột đồ
action_stripPrisoner_info,0,,Đánh dấu tù nhân để tước toàn bộ đồ đạc của họ
worker_action_StripCaptiveGoal,0,,Đang Tước Bỏ Đồ Đạc Của Tù Nhân
prioritise_strip,0,,Ưu Tiên: Lột Đồ Tù Nhân
worker_action_PrisonStashHaulingGoal,0,,Đang Tiếp Tế Thức Ăn Cho Tù Nhân
prioritise_prison_stash_refill,0,,Ưu Tiên: Đem Cơm Cho Tù Nhân
bbt_prisoner_has_recruited,0,,"<name> đã được cảm hóa thành công, đồng ý gia nhập khu định cư và không còn là tù nhân nữa."
job_name_gaoler,0,,Quản ngục
job_info_gaoler,0,,Quản ngục chăm sóc và quản lý tù nhân. Họ cũng tước đồ đạc của tù nhân mới và xử lý việc phóng thích.
general_captive_labourer,0,,Lao Động Tù Binh
captive_labourer_desc,0,,Tù nhân lao động tự do đi lại thực hiện các công việc được chỉ định trong bảng phân công. Hãy chăm sóc tốt tinh thần của họ để giảm ý định vượt ngục — dù xiềng xích trên chân sẽ khiến họ khó lòng chạy xa.
captive_labourer_work_info,0,,Tù nhân lao động chỉ chịu làm việc khi có sự hiện diện giám sát của dân làng đảm nhiệm chức vụ Cai Ngục.
captive_labourer_number,0,,Số lượng lao động tù binh tối đa mà Cai Ngục có thể cai quản. Hãy thăng cấp cho Cai Ngục để gia tăng giới hạn này.
action_shacklesOnPrisoner,0,,Đặt xiềng
action_shacklesonprisonertoggled,0,,Đặt xiềng
action_shacklesOnPrisoner_info,0,,"Đánh dấu tù nhân để xiềng lại, dùng làm lao động bị giam giữ hoặc cho họ gia nhập đoàn lữ hành "
worker_action_ShacklePrisonerGoal,0,,Đang Đeo Xiềng Xích
prioritise_shackle,0,,Ưu Tiên: Đeo Xiềng Xích
no_item_available,0,,Không thể tiếp cận vật phẩm: <item_name>
action_shacklesOffPrisoner,0,,Tháo xiềng
action_shacklesoffprisonertoggled,0,,Tháo xiềng
worker_action_off_shackling,0,,Đang Tháo Bỏ Xiềng Xích
hud_lb_order_off_shackless,0,,Ưu tiên: Tháo xiềng xích
cant_make_captive_labourer_shackles,0,,Chỉ những tù nhân đang bị đeo xiềng xích mới có thể chuyển thành lao động tù binh.
cant_make_recruit_captive_labourer,0,,Lao động tù binh không thể chiêu mộ trực tiếp. Hãy chuyển họ trở lại thành tù nhân ngục tối để có thể chiêu mộ.
cant_make_captive_labourer_warden_level,0,,Số lượng lao động tù binh do Cai Ngục giám sát đã đạt mức tối đa cho phép.
cant_make_captive_labourer_warden_missing,0,,"Chưa có Cai Ngục nào được phân công trong khu định cư. Để sử dụng lao động tù binh, hãy bổ nhiệm vai trò Cai Ngục cho một dân làng."
cant_add_prisoner_caravan,0,,Chỉ có thể thêm các tù nhân đã bị khóa xiềng xích vào thương đoàn
caravan_prisoner_already_forming,0,,Tù nhân này đã thuộc một thương đoàn khác
caravan_prisoner_stuck,0,,Tù nhân này không thể tham gia vì không đến được rìa bản đồ để rời đi.
worker_action_prisoneridlegoal,0,,Đang Lười Biếng Trốn Việc
general_visitor,0,,Khách Phương Xa
general_add,0,,Thêm Vào
general_add_perk,0,,Thêm
event_cooldown_visitor_participant,0,,Thêm khách và vai trò tham gia sẽ giảm tác động tiêu cực của thời gian hồi sự kiện
re_roll_settlers_prompt,0,,Hành động này sẽ thay thế toàn bộ dân làng hiện tại bằng các nhân vật ngẫu nhiên mới. Bạn có chắc chắn muốn tiếp tục?
re_roll_settler_prompt,0,,Hành động này sẽ thay thế dân làng đã chọn bằng một nhân vật ngẫu nhiên mới. Bạn có chắc chắn muốn tiếp tục?
popup_worker_combat_mode_changed_DraftedHoldGround,0,,Giữ vị trí
popup_worker_combat_mode_changed_DraftedDefault,0,,Mặc định
worker_stance_DraftedDefault_title,0,,Mặc Định
worker_stance_DraftedHoldGround_title,0,,Giữ Vững Vị Trí
popup_worker_combat_mode_changed_Aggressive,0,,Hung hãn
popup_worker_combat_mode_changed_Flee,0,,Bỏ chạy
popup_worker_combat_mode_changed_Neutral,0,,Trung lập
animal_cant_attend_event_prompt,0,,"<animal_name> không thể tham dự <event_name>, điều này có thể ảnh hưởng xấu đến kết quả. Bạn có muốn hủy sự kiện để tránh bất lợi này không?"
cannot_trade_prisoner_wrong_faction,0,,Thương nhân không đổi lấy tù nhân thuộc phe khác
cannot_trade_priosner_wount_offer,0,,Không Phải Để Bán
node_fire,0,,Ngọn Lửa
info_can_ignite_projectiles,0,,<style=DefaultOrange>Cung thủ đứng gần công trình này có thể bắn tên lửa </style>
equipment_flammability,0,,Khả năng bắt lửa
equipment_fire_damage_multiplier,0,,Tăng cường lửa
building_heat_damage_threshold,0,,Ngưỡng nhiệt
building_heat_damage,0,,Sát thương nhiệt mỗi giây 
building_temperature,0,,Nhiệt độ trung bình của công trình
structure_info_well,0,,Công trình giếng chỉ hoạt động nếu trục giếng chạm tới nước ở bất kỳ tầng nào bên dưới.
error_siege_weapon_target_too_close,0,,Mục tiêu quá gần
error_siege_weapon_target_too_far,0,,mục tiêu ngoài tầm
info_need_operate,0,,Cần có dân làng trực tiếp vận hành cỗ máy công thành này. Hãy chọn dân làng và nhấn chuột phải để mở menu thao tác.
no_ammo_loaded,0,,Hãy nạp đạn dược để vận hành chiến cụ công thành này
no_piles_allowed,0,,Không có đống đạn dược nào được phép sử dụng xung quanh.
action_SiegeWeaponAttackContinuously,0,,Tấn công liên tục
action_SiegeWeaponAttack,0,,Tấn công
action_exittrebuchet,0,,Rời chiến cụ
battle_balance,0,,Cán Cân Chiến Trận
settlers_lost,0,,Dân Làng Bị Thương Trong Trận
buildings_lost,0,,Công trình bị phá hủy
local_folder_not_accessible_warning,0,,"Going Medieval không thể truy cập vào thư mục 'Documents' của bạn. Vui lòng cấp quyền cho trò chơi qua tính năng Controlled Folder Access (Truy cập thư mục được kiểm soát). Nếu lỗi vẫn tiếp diễn, vui lòng liên hệ support@foxyvoxel.io. \n\n Bạn có muốn mở bảng Cài đặt ngay bây giờ không?"
general_job,0,,Công Việc
hud_lb_leave_map,0,,Rời đi
hud_lb_leave_map_desc,0,,Tập hợp thương đoàn và rời khỏi khu vực này 
caravan_leave_map,0,,Rời địa điểm
general_loot_stash,0,,Rương Chiến Lợi Phẩm
merchant_event_dialogue_default,0,,"Ta có hàng để trao đổi, nếu ngươi quan tâm..."
merchant_event_dialogue_barter,0,,Để xem ngươi có gì nào
merchant_event_dialogue_leave,0,,Rời đi
merchant_event_dialogue_question_01,0,,Chuyến đi của ngươi có gặp rắc rối gì không?
merchant_event_dialogue_bndit_camp,0,,Ta nghe nói có trại thổ phỉ gần <village_name>. Ta khuyên ngươi nên tránh xa. Ai đó phải xử lý bọn chúng.
loot_stash_value,0,,Giá Trị Ước Tính Của Rương:
loot_stash_weight,0,,Khối Lượng Ước Tính Của Rương:
point_of_interest_explored,0,,Đã Khám Phá Xong
point_of_interest_explored_info,0,,Cử một thương đoàn đến địa điểm này để thu hồi các vật phẩm có giá trị còn sót lại.
point_of_interest_disabled_settlement_info,0,,Họ biết bạn sắp kéo đến và đã phòng bị cẩn mật. Bạn không thể cử thương đoàn tới địa điểm này trong: <time>
point_of_interest_disabled_camp_info,0,,Khu trại này đang cảnh giác cao độ. Tốt nhất không nên cử dân làng tới khu vực dường như đã bị bỏ hoang này.
point_of_interest_disabled_settlement_info_02,0,,Chỉ còn lại một đống gạch đá đổ nát hoang tàn. Sẽ mất một thời gian dài trước khi khu định cư này có thể tái định cư trở lại.
point_of_interest_stash,0,,Cử một thương đoàn tới thám hiểm và khai quật rương kho báu này
point_of_interest_bandit_camp,0,,Cử một thương đoàn tới tiêu diệt và bình định doanh trại thảo khấu này
point_of_interest_bandit_camp_02,0,,Tiêu diệt hoàn toàn doanh trại thổ phỉ này sẽ gia tăng thiện cảm bang giao với phe <faction_name>
point_of_interest_content,0,,Chiến Lợi Phẩm Dự Kiến: 
beggar_asking,0,,Lời Thỉnh Cầu Bố Thí
beggar_give,0,,Tổng giá trị tài sản bạn sẽ bố thí cho kẻ ăn xin
beggar_ask_title,0,,Yêu Cầu Bố Thí
beggar_ask_desc,0,,Giá trị của cải mà kẻ ăn xin cầu xin. Con số này chịu ảnh hưởng trực tiếp bởi tài thương lượng khéo léo của dân làng.
beggar_wont_take,0,,Kẻ ăn xin này từ chối không nhận loại tài nguyên này
beggar_are_you_sure,0,,Bạn có chắc chắn muốn hoàn tất giao dịch bố thí này?
beggar_message_cant_continue,0,,Kẻ ăn xin vẫn đang khẩn thiết xin thêm của cải
leave_prompt_info,0,,Bạn có chắc chắn muốn rời khỏi địa điểm này?
leave_prompt_combat,0,,Rời đi giữa trận chiến sẽ khiến bạn mất <resources_lost>
event_bandit_camp_discovered,0,,Trại thổ phỉ
event_bandit_camp_discovered_text,0,,Vị trí trại thổ phỉ đã được đánh dấu trên bản đồ khu vực
enter_map_tooltip,0,,Vào địa điểm
take_resources_tooltip,0,,Lấy tài nguyên
loot_place_tooltip,0,,Hôi của / Cướp phá
loot_place_empty_tooltip,0,,Không còn chiến lợi phẩm
general_talk_with,0,,Talk đến: <npc_name>
cant_take_items_hostiles_on_map,0,,Không thể thu thập vật phẩm này khi vẫn còn kẻ thù thù địch xuất hiện.
all_enemies_killed,0,,Khu vực đã được dọn sạch mọi mối đe dọa.
caravan_status_beingambushed,0,,Bị phục kích
caravan_ambush_auto_surrender_in,0,,Thương đoàn sẽ đầu hàng sau
ambush_negotiate_tooltip,0,,Đàm phán thương lượng
ambush_fight_tooltip,0,,Chiến đấu
ambush_escape_tooltip,0,,Bỏ chạy
general_bandit_camp,0,,Thổ phỉ Camp
general_ambush,0,,Phục kích
ambush_chance,0,,Ambush Tỷ lệ
ambush_chance_info,0,,"Tỉ lệ thương đoàn này bị phục kích phụ thuộc vào: \nQuy mô thương đoàn (nhóm càng đông càng thu hút sự chú ý) \nTài sản thương đoàn (thổ phỉ dễ tấn công hơn nếu có nhiều của cải) \nĐộ dài hành trình (chuyến đi càng xa, nguy cơ gặp sự cố càng lớn)"
scenario_details,0,,Chi tiết kịch bản
faction_alignment_overrides,0,,Điều chỉnh khoảng quan hệ phe phái
starting_event,0,,Starting Sự kiện
starting_event_schedule,0,,Starting Sự kiện schedule
starting_hour,0,,Starting Giờ
scenario_condition_MapTypes,0,,Loại bản đồ được phép
schedule_default_1_title,0,,Dễ
schedule_default_2_title,0,,Bình thường
sign_message,0,,Nội dung biển hiệu
filter_all_items,0,,All tài nguyên
filter_animals,0,,Động vật
filter_prisoners,0,,Tù nhân
workshop_version_not_set,0,,Works với beta branches: Not set by mod creator
workshop_version_max_older,0,,Works với beta branches: {max} và older
workshop_version_min_newer,0,,Works với beta branches: {min} và newer
workshop_version_single,0,,Works với beta branch: {min}
workshop_version_range,0,,Works với beta branches: {min} để {max}
tutorial_start_warning_description,0,,Bạn sắp bắt đầu màn chơi Hướng Dẫn. Bạn có muốn tiếp tục không?
build_area_overlap_warning,0,,Khu vực cấm của công trình đang chồng lấn với {0}!
oak_brethren_decorations,0,,Huynh Đệ Cây Sồi Decorations
any_chest,0,,Rương đồ
research_books,0,,Nghiên cứu Books
villager_constraint_age_range,0,,Tuổi Tầm xa
villager_constraint_height_range,0,,Chiều cao Tầm xa
villager_constraint_weight_range,0,,Weight Tầm xa
resource_pile_name_count_pattern,0,,Đống {1} {0}
general_minute_short_duration,0,,m
general_hour_short_duration,0,,h
general_day_short_duration,0,,d
general_year_short_duration,0,,y
prisoner_has_no_clothes,0,,Tù nhân không có quần áo
game_files_not_accessible_warning,0,,"Going Medieval không thể truy cập một số tệp tin của game. Nguyên nhân thường do phần mềm diệt virus chặn đọc tệp (ví dụ: Windows Defender Controlled Folder Access).\n\nVui lòng thêm Going Medieval vào danh sách loại trừ ngoại lệ của phần mềm diệt virus rồi khởi động lại trò chơi. Nếu lỗi vẫn tiếp diễn, vui lòng liên hệ support@foxyvoxel.io."
room_planning,0,,Quy Hoạch Phòng Ốc
select_room_type,0,,Lựa Chọn Loại Phòng
used_for_constructing,0,,Dùng để xây dựng
used_in_production_stations,0,,Used trong Sản xuất stations
menu_action_alt_select_active,0,,"Giữ [<style=Shortcut>Alt</style>] và <sprite=""ctrl_left_click"" index=t> vào vật phẩm bất kỳ để tra cứu chi tiết trong cẩm nang"
alt_select_tooltip_hint,0,,"Giữ [<style=Shortcut>Alt</style>] và <sprite=""ctrl_left_click"" index=t> để get more Chi tiết từ almanac"
almanac_found_in,0,,Tìm thấy tại
building_locked_info,0,,Không thể xây {0}. Hãy mở khóa trong menu Nghiên cứu.
building_no_material_info,0,,Không thể xây {0}: Thiếu vật liệu cần thiết. 
upcooked_success_bbt,0,,{0} wanted để make {1} but ended up Nấu nướng {2} instead
menu_action_toggle_plan_mode,0,,[<style=Shortcut><input:TogglePlanMode></style>] để bật/tắt chế độ quy hoạch
ctrl_TogglePlanMode,0,,Bật/Tắt Chế Độ Quy Hoạch
bbt_plan_mode_on,0,,Chế độ quy hoạch đang BẬT
bbt_plan_mode_off,0,,Chế độ quy hoạch đang TẮT
ui_plan_mode_checkbox,0,,Chế độ Quy hoạch
ui_plan_mode_checkbox_tooltip,0,,"Khi bật, các bản thiết kế sẽ bị cấm thi công. Cho phép bạn đặt trước bản vẽ mà dân làng chưa vội bắt tay xây dựng."
ctrl_ShowHideForbiddenBlueprints,0,,Ẩn/Hiện Bản Thiết Kế Bị Cấm
hud_info_show_hide_forbidden_blueprints,0,,Ẩn/hiện bản thiết kế bị cấm
animal_sleep_preference,0,,Ưu tiên chỗ ngủ
animal_sleep_preference_info,0,,"Chọn nơi động vật này được phép ngủ.
Bên trong - động vật sẽ ngủ trong phòng có mái che, nhưng không vào phòng riêng hoặc phòng chung của dân làng.
Bên ngoài - động vật sẽ chọn chỗ ngủ ngoài trời. Nếu không có chỗ ngoài trời, nó sẽ ngủ ở vị trí bất kỳ, ưu tiên nơi có mái che.
Trong khu sinh hoạt - thú cưng sẽ ngủ trong phòng của chủ, trên chỗ ngủ hoặc sàn nhà. Nếu không có chủ, nó sẽ ngủ trong bất kỳ phòng ngủ nào của dân làng."
animal_idle_in_rooms_allowed,0,,Nghỉ Ngơi Trong Nhà
animal_idle_in_rooms_allowed_info,0,,"Nếu chuyển sang 'Tắt', động vật nuôi sẽ ưu tiên tìm chỗ nằm nghỉ ở bên ngoài trời."
animal_sleep_Inside,0,,Bên trong
animal_sleep_Outside,0,,Bên ngoài
animal_sleep_Anywhere,0,,Bất kỳ đâu
animal_sleep_InQuarters,0,,Trong khu sinh hoạt
worker_taken_on_defeat,0,,<name> đã taken bởi <faction_name>
qol_update_name_01,0,,Mùa Hè Update
qol_update_name_02,0,,Phẩm chất của Life Update
qol_update_name_03,0,,Phẩm chất của Life
general_diplomacy,0,,Ngoại giao
global_stat_increased,0,,có increased 
global_stat_decreased,0,,có decreased
global_stat_religious_influence_name,0,,Church của Phục Hưng Renown
global_stat_pagan_influence_name,0,,Huynh Đệ Cây Sồi Renown
global_stat_military_influence_name,0,,Uy danh quân sự
global_stat_trade_influence_name,0,,Uy danh thương mại
global_stat_cultural_influence_name,0,,Uy danh học thức
global_stat_infamy_name,0,,Tai tiếng
global_stat_religious_influence_tooltip,0,,"Holding Eucharist events và having a top level Chaplain will help you spread your religious renown throughout region. 
Reaching 100% Church của Phục Hưng Renown will give you option để construct a Cathedral, cementing your regional eminence."
global_stat_pagan_influence_tooltip,0,,"Holding Ritual events và having a top level Druid will help you spread your Huynh Đệ Cây Sồi renown trong region. 
Reaching 100% Huynh Đệ Cây Sồi renown will give you option để grow a Mighty Oak, symbolising your regional prestige."
global_stat_military_influence_tooltip,0,,"Đánh bại kẻ thù trong giao tranh và sở hữu một Trung sĩ huấn luyện bậc cao sẽ giúp lan tỏa danh tiếng Quân Sự của bạn khắp khu vực.
Đạt 100% danh tiếng Quân Sự sẽ cho phép bạn chứng tỏ uy quyền bằng cách tiêu diệt các sào huyệt của thổ phỉ trong vùng, tôn vinh bạn làm Đấng Bảo Hộ Vương Quốc."
global_stat_trade_influence_tooltip,0,,"Trading với merchants và sending caravans will help you spread your Mercantile renown. 
Reaching 100% will give you option để establish a Charter Fair trong your region, confirming your mercantile prowess."
global_stat_cultural_influence_tooltip,0,,"Tổ chức các sự kiện học thuật và có Thủ thư cấp cao sẽ giúp lan tỏa danh tiếng Học thức trong khu vực.
Đạt 100% sẽ cho phép bạn trở thành Đại học, khẳng định vị thế trung tâm học thuật lớn."
global_stat_infamy_tooltip,0,,"Giết tù nhân và tấn công thương nhân trung lập sẽ làm tăng tai tiếng của bạn. Hãy cẩn thận. Tai tiếng đạt 100% nghĩa là không ai giao thương với bạn, và có thể sẽ có kẻ đứng lên loại bỏ ảnh hưởng độc hại của bạn khỏi khu vực."
game_event_region_influence,0,,Danh tiếng khu vực
global_stat_religious_influence_news50,0,,Danh tiếng Hội Phục Hưng của bạn đã tăng. Các giám mục khắp vùng lặng lẽ nhắc đến tên bạn với sự ngưỡng mộ.
global_stat_religious_influence_news100,0,,Uy danh Hội Phục Hưng của bạn đã đạt đến tầm cao linh thiêng nhất: người hành hương từ khắp nơi đổ về nghe bạn thuyết giảng. Bạn có thể xây dựng Nhà thờ lớn <village_name> để tôn vinh vinh quang vĩnh cửu của Chúa.
global_stat_pagan_influence_news50,0,,Danh tiếng Huynh Đệ Cây Sồi của bạn đã tăng. Người ta nói cây cối trong những khu rừng hùng vĩ của đất nước đang thì thầm những câu thần chú của bạn.
global_stat_pagan_influence_news100,0,,Uy danh Huynh Đệ Cây Sồi của bạn đã tăng cao như các vì tinh tú trên bầu trời. Bạn được mời tôn vinh tổ tiên bằng cách trồng một Cây Sồi Vĩ Đại tại <village_name> để ban phước và che chở cho muôn thế hệ mai sau.
global_stat_military_influence_news50,0,,"Danh tiếng quân sự của bạn đã tăng. Các thi sĩ ca ngợi sức mạnh và lòng dũng cảm của bạn, thêu dệt từng chiến công."
global_stat_military_influence_news100,0,,"Uy danh quân sự của bạn đã vang dội khắp cõi, sức mạnh của <village_name> là vô song. Bạn có thể đón nhận thử thách tối thượng: chinh phạt mọi phe phái đối địch và tự xưng là Đấng Bảo Hộ Vương Quốc."
global_stat_trade_influence_news50,0,,"Danh tiếng thương mại của bạn đã tăng. Chưa bao giờ buôn bán sinh lời đến thế, cũng chưa từng có đám đông nào chen chân đến chợ như vậy."
global_stat_trade_influence_news100,0,,"Của bạn Mercantile Renown có increased đến levels beyond của bạn wildest dreams, và vàng flows through <village_name> like nước. Bạn có thể now rally của bạn guilds đến establish a Charter Fair, hallmark của a tuyệt vời trading centre."
global_stat_cultural_influence_news50,0,,Của bạn Intellectual Renown có increased. Của bạn scribes có thể barely meet surging demand cho manuscripts elucidating theories espoused bởi của bạn greatest thinkers.
global_stat_cultural_influence_news100,0,,"Của bạn Intellectual Renown có increased đến của nó zenith: của bạn library attracts nhiều nhất creative và erudite academics của của chúng ta time. Carpe diem! Bạn may establish <village_name> University, ensuring knowledge flourishes here trong perpetuity."
global_stat_infamy_news50,0,,Tiếng xấu của bạn đã lan rộng. Tai tiếng luôn đi kèm cái giá của nó - điều này có thể gây ra những hậu quả tiêu cực từ các phe phái khác.
global_stat_infamy_news100,0,,Tiếng xấu của bạn đã chạm đáy. Mọi tội lỗi sẽ bị trừng phạt - bạn đã trở thành kẻ bị ruồng bỏ giữa các phe phái; họ sẽ xa lánh thương nhân của bạn và thách thức <village_name> bất cứ khi nào có cơ hội.
global_stat_infamy_news101,0,,Tiếp tục gia tăng tiếng xấu bất chấp cảnh báo cuối cùng như giọt nước làm tràn ly. Các phe phái đã liên minh chống lại <settlement_name> và sẽ tấn công không khoan nhượng.
objective_Infamy_name,0,,Bạo chúa thống trị
objective_infamy_tooltip,0,,"Bất chấp những lời cảnh báo, tiếng xấu của bạn đã khiến các phe phái trong vùng nổi dậy và nhắm tới việc hủy diệt khu định cư của bạn."
objective_infamy_info,0,,"Bất chấp những lời cảnh báo, tiếng xấu của bạn đã khiến các phe phái trong vùng nổi dậy và nhắm tới việc hủy diệt khu định cư của bạn."
objective_infamy_survive_attacks,0,,Sống sót
objective_infamy_survive_attacks_info,0,,"Survive an onslaught của 3x waves của Kẻ thù. If you succeed, you will sieze ultimate power as Tyrant Overlord của region."
religious_influence_unlock_in_ui,0,,Uy danh Hội Phục Hưng đang gia tăng trong khu vực
pagan_influence_unlock_in_ui,0,,Uy danh Huynh Đệ Cây Sồi đang gia tăng trong khu vực
military_influence_unlock_in_ui,0,,Uy danh quân sự đang gia tăng trong khu vực
trade_influence_unlock_in_ui,0,,Danh tiếng Thương mại đang gia tăng trong khu vực
cultural_influence_unlock_in_ui,0,,Uy danh học thức đang gia tăng trong khu vực
game_event_type_final,0,,Cuối cùng Step
bbt_step_completed,0,,Đã hoàn thành bước:
objective_religious_name,0,,Trung tâm hành hương
objective_religious_tooltip,0,,"Commit your settlement để become a Centre của Pilgrimage, which will make your Church của Phục Hưng a cathedral."
objective_religious_info,0,,"Bạn phải biến khu định cư của mình thành một Trung tâm Hành hương. Để làm được điều này, bạn cần đạt các yêu cầu sau:"
activate_objective_confirm,0,,Đảm nhận mục tiêu này đồng nghĩa với việc bạn không thể chọn bất kỳ mục tiêu tiềm năng nào khác trong màn chơi. Bạn có chắc muốn tiếp tục?
objective_religious_have_priest,0,,Chaplain Cấp độ 3
objective_religious_have_priest_info,0,,Bạn cần có một Linh mục cấp 3 trong khu định cư
objective_religious_build_chapel,0,,Nhà Nguyện Thánh Tích
objective_religious_build_chapel_info,0,,Một loại phòng mới đã được mở khóa. Bảng tổng quan phòng liệt kê những gì cần thiết để hoàn thiện Nhà nguyện Đức Mẹ.
objective_religious_have_relic,0,,Thu Thập Thánh Tích
objective_religious_have_relic_info,0,,Thánh tích cổ có thể được tìm thấy trong các kho tàng báu vật trên bản đồ khu vực. Một vị khách hành hương có thể chỉ điểm giúp bạn vị trí của thánh tích.
objective_religious_have_relic_in_chapel,0,,Thờ Phụng Thánh Tích Trong Nhà Nguyện
objective_religious_have_relic_in_chapel_info,0,,Đặt thánh tích lên giá thờ bên trong Nhà Nguyện Thánh Tích để bắt đầu thu hút các đoàn người hành hương mộ đạo.
objective_religious_visit_relic,0,,Đón Tiếp Khách Hành Hương Lan Tỏa Đức Tin
objective_religious_visit_relic_info,0,,Khuyến khích các đoàn người hành hương viếng thăm Nhà Nguyện Thánh Tích của bạn và ca ngợi sự linh thiêng của nơi tôn nghiêm này.
objective_religious_end_game,0,,Trở Thành Trung Tâm Hành Hương Của Toàn Cõi
objective_religious_end_game_info,0,,"Khi mọi thứ đã sẵn sàng, hãy tổ chức Đại Lễ Thánh Hiến để khẳng định <village_name> là Thánh Địa Hành Hương mới của toàn cõi, và xây dựng một Đại Giáo Đường nguy nga."
objective_religious_end_game_info_alt,0,,Các đoàn khách thập phương từ mọi phe phái đang tấp nập kéo về <village_name> để chiêm ngưỡng những công trình vĩ đại bạn đã tạo dựng.
game_event_religious_final_name,0,,Thánh Địa Hành Hương
game_event_religious_final_info,0,,Bạn sắp kích hoạt bước quyết định cuối cùng để trở thành Trung Tâm Hành Hương. Hành động này sẽ triệu tập một đoàn khách hành hương quy mô lớn tới làm lễ thánh hiến tôn phong.
objective_pagan_name,0,,Thánh Địa Cổ Thần Cây Sồi
objective_pagan_tooltip,0,,Hiến dâng khu định cư của bạn để trở thành Thánh Địa Tôn Kính Vĩnh Cửu của các Cổ Thần.
objective_pagan_info,0,,Bạn phải bám rễ sâu vào vùng đất này như người bảo hộ chính thống của đức tin Huynh Đệ Cây Sồi. Cần đạt được các điều kiện sau:
objective_pagan_have_shaman,0,,Tu Sĩ Druid Đạt Cấp 3
objective_pagan_have_shaman_info,0,,Khu định cư của bạn cần có một Tu sĩ Druid đạt cấp bậc 3
objective_pagan_build_chapel_with_oak,0,,Xây Dựng Thánh Địa Huynh Đệ Cây Sồi
objective_pagan_build_chapel_with_oak_info,0,,Một loại quy hoạch phòng mới đã được mở khóa. Bảng tổng quan phòng liệt kê những yêu cầu cần thiết để hoàn thiện thánh địa.
objective_pagan_have_mighty_oak_reach_mature_phase,0,,Nuôi Dưỡng Cây Sồi Đại Ngàn Trưởng Thành
objective_pagan_have_mighty_oak_reach_mature_phase_info,0,,Cây Sồi Đại Ngàn phải phát triển tới giai đoạn trưởng thành hoàn toàn để các tín đồ Cây Sồi tìm đến chiêm bái và truyền tụng sự linh thiêng. Hãy đảm bảo cây nhận đủ ánh nắng dồi dào.
objective_pagan_visit_mighty_oak,0,,Đón Tiếp Khách Hành Hương Truyền Tụng Linh Khí
objective_pagan_visit_mighty_oak_info,0,,Khuyến khích các đoàn khách hành hương tới chiêm bái Cây Sồi Đại Ngàn và lan tỏa rộng rãi sự mầu nhiệm của Đất Mẹ.
objective_pagan_end_game,0,,Trở Thành Thánh Địa Cổ Ngàn Năm
objective_pagan_end_game_info,0,,"Khi mọi thứ đã sẵn sàng, hãy cử hành Đại Lễ Thăng Hoa để khẳng định <village_name> là Thánh Địa Cổ Thần mới của toàn vùng, cội nguồn của Cây Sồi Đại Ngàn huyền thoại."
objective_pagan_end_game_info_alt,0,,Các đoàn khách thập phương từ mọi phe phái đang tấp nập kéo về <village_name> để chiêm ngưỡng những thành tựu vĩ đại mà bạn đã gây dựng.
game_event_pagan_final_name,0,,Thánh Địa Cổ Thần Cây Sồi
game_event_pagan_final_info,0,,Bạn sắp kích hoạt bước quyết định cuối cùng để trở thành Thánh Địa Cổ Thần. Hành động này sẽ triệu tập một đoàn khách hành hương đông đảo tới cử hành đại lễ thăng hoa tối thượng.
objective_intellectual_name,0,,Viện Hàn Lâm Học Thuật Mới
objective_intellectual_tooltip,0,,Xây dựng khu định cư của bạn trở thành Viện Hàn Lâm Học Thuật dẫn đầu toàn vùng.
objective_intellectual_info,0,,"Bạn phải khẳng định tầm ảnh hưởng văn hóa và trí tuệ đỉnh cao của vùng đất này. Để làm được điều đó, bạn cần đạt các mục tiêu sau:"
objective_intellectual_have_scholar,0,,Học Giả Thủ Thư Đạt Cấp 3
objective_intellectual_have_scholar_info,0,,Khu định cư của bạn cần có một Học giả Thủ thư đạt cấp bậc 3
objective_intellectual_build_grand_library,0,,Xây Dựng Đại Thư Viện Viện Sĩ
objective_intellectual_build_grand_library_info,0,,Một loại quy hoạch phòng mới đã được mở khóa. Bảng tổng quan phòng liệt kê các tiêu chuẩn để hoàn thành Đại Thư Viện thượng hạng này.
objective_intellectual_have_grand_book,0,,Biên Soạn Bộ Đại Luận Thuyết Uyên Bác
objective_intellectual_have_grand_book_info,0,,Sử dụng Bàn Nghiên Cứu Đại Học để biên soạn một Bộ Đại Luận Thuyết đúc kết toàn bộ tinh hoa tri thức đã tích lũy trong Thư Viện Viện Sĩ.
objective_intellectual_end_game,0,,Trở thành Đại học mới
objective_intellectual_end_game_info,0,,"Khi mọi thứ đã sẵn sàng, tập hợp các học giả để tuyên bố cam kết theo hiến chương về sự xuất sắc học thuật. Việc này sẽ xác nhận Đại học <village_name> là cơ sở học thuật hàng đầu trong khu vực của bạn"
objective_intellectual_end_game_info_alt,0,,Khách từ các phe phái khác đang lên đường tới <village_name> để chiêm ngưỡng mọi thành quả của bạn.
game_event_intellectual_final_name,0,,Viện đại học mới
game_event_intellectual_final_info,0,,Bạn sắp thực hiện bước cuối cùng để trở thành Đại học Mới. Một nhóm học giả sẽ được triệu tập để công bố hiến chương cam kết theo đuổi học thuật xuất sắc.
objective_military_name,0,,Người bảo hộ Vương quốc
objective_military_tooltip,0,,Tập hợp khu định cư để trở thành Người bảo hộ Vương quốc mới
objective_military_info,0,,"Bạn phải tuyên bố lòng trung thành với khu vực này trong vai trò Người Bảo hộ Vương quốc. Để làm vậy, bạn phải hoàn thành những việc sau:"
objective_military_defeat_bandit_camps,0,,Đánh bại cứ điểm thổ phỉ
objective_military_defeat_bandit_camps_info,0,,Đánh bại các cứ điểm thổ phỉ lớn trong khu vực để không ai có thể trỗi dậy thách thức quyền lực của bạn.
objective_miltary_end_game,0,,Trở thành Người bảo hộ Vương quốc
objective_miltary_end_game_info,0,,"Khi mọi thứ đã sẵn sàng, hãy giương những lá cờ rực rỡ nhất và triệu tập các hiệp sĩ giáp vàng của <village_name>. Các sứ giả sẽ tuyên bố rằng bạn đã giành được danh hiệu cao quý nhất: Người Bảo vệ Vương quốc."
objective_trade_name,0,,Hội chợ Đặc quyền
objective_trade_tooltip,0,,Truyền cảm hứng cho khu định cư để trở thành Trung tâm Giao thương mới trong khu vực của bạn
objective_trade_info,0,,"Bạn phải khẳng định giá trị của mình với khu vực này với tư cách Trung tâm Giao thương. Để làm vậy, bạn cần những điều sau:"
objective_trade_have_gold,0,,Tích lũy tiền vàng
objective_trade_have_gold_info,0,,Tích lũy đủ tiền vàng trong kho bạc
objective_trade_have_broker,0,,Môi giới cấp 3
objective_trade_have_broker_info,0,,Bạn cần có một Môi giới cấp 3 trong khu định cư
objective_trade_make_trade_deal,0,,Đàm phán Hiệp định Giao thương
objective_trade_make_trade_deal_info,0,,"Ký ít nhất một Hiệp định Giao thương với phe phái thân thiện trong khu vực. Khi danh tiếng thương mại của bạn đã cao, một Môi giới sẽ ghé khu định cư để đề nghị thỏa thuận."
objective_trade_build_market_center_marker,0,,Chợ trung tâm
objective_trade_build_market_center_marker_info,0,,Xây dựng tượng đài Thập tự Chợ làm biểu tượng cho uy tín thương mại của bạn.
objective_trade_build_merchants_stall,0,,Quầy thương nhân
objective_trade_build_merchants_stall_info,0,,Dựng quầy thương nhân để trưng bày những mặt hàng tinh túy nhất của bang hội gần Chợ trung tâm.
objective_trade_end_game,0,,Trở thành Trung tâm Giao thương
objective_trade_end_game_info,0,,"Khi mọi thứ đã sẵn sàng, hãy tổ chức Hội chợ Đặc quyền đầu tiên, thu hút khách hàng từ khắp nơi. Tuyên bố uy tín của bạn với tư cách Trung tâm Giao thương hàng đầu khu vực."
objective_trade_end_game_info_alt,0,,Khách từ các phe phái khác đang lên đường tới <village_name> để chiêm ngưỡng mọi thành quả của bạn.
game_event_trade_final_name,0,,Hội chợ Đặc quyền
game_event_trade_final_info,0,,Bạn sắp kích hoạt bước cuối cùng để trở thành Trung tâm Giao thương. Việc này sẽ triệu tập một nhóm thương nhân và khách hàng đến công bố đặc quyền thương mại và khai mạc Hội chợ Đặc quyền đầu tiên.
game_event_end_game_name,0,,Và thế là kết thúc
game_event_type_end_game,0,,Chúc mừng!
game_event_description_end_game,0,,"Chúc mừng! Bạn đã hoàn thành Going Medieval. Dù game đã kết thúc, bạn vẫn có thể tiếp tục chơi bao lâu tùy thích."
continue_playing,0,,Tiếp tục chơi
back_to_main_menu,0,,Quay Trở Về Menu Chính
lb_force_unequip,0,,Buộc tháo trang bị
lb_yearly_override,0,,Ghi đè theo năm
lb_force_unequip_tooltip,0,,"Nếu được chọn, dân làng sẽ bỏ khỏi hành trang những vật phẩm không đáp ứng tiêu chí."
warning_message_short_pilgrim_rest,0,,Người hành hương Phục Hưng
warning_message_info_pilgrim_rest,0,,Một Người hành hương Hội Phục Hưng vừa đến và đang xin bố thí tại khu định cư của bạn 
pilgrim_rest,0,,Người hành hương Phục Hưng
event_pilgrim_rest_text,0,,Ta nghe nói <village_name> là nơi nương náu của những tín đồ Hội Phục Hưng tận tụy như ta. Liệu một thánh tích có thể giúp khôi phục đức tin của chúng ta không? Một thánh tích quý đã được tìm thấy không xa nơi đây - tạ ơn Chúa!
event_pilgrim_rest_title,0,,Người Hành Hương Phục Hưng
event_pilgrim_rest_arrival_text,0,,"Bị thu hút bởi danh tiếng của <village_name>, một Người Hành Hương thuộc Hội Phục Hưng đã tìm đến, mang theo phong thanh tin tức về nơi chốn có thể đang ẩn giấu một thánh tích cổ linh thiêng bậc nhất."
news_name_pilgrim,0,,Người hành hương đến
general_pilgrim_rest,0,,Người hành hương Phục Hưng
general_pilgrim_restitutionist,0,,Người hành hương Phục Hưng
pilgrim_restitutionist,0,,Người hành hương Phục Hưng
pilgrim_visitor_1,0,,Người hành hương Phục Hưng
warning_message_short_pilgrim_oak,0,,Người hành hương Huynh Đệ Cây Sồi
warning_message_info_pilgrim_oak,0,,Một Người hành hương Huynh Đệ Cây Sồi vừa đến và đang ban phước lành cho khu định cư của bạn 
pilgrim_oak,0,,Người hành hương Huynh Đệ Cây Sồi
event_pilgrim_oak_text,0,,"Tin tức theo gió ngàn bay tới rằng <village_name> đang dẫn dắt con dân Huynh Đệ Cây Sồi bước lại trên con đường phồn thịnh thiêng liêng. Ta lặn lội tới đây để chia sẻ tri thức về một cây giống thiêng liêng và hiếm quý, điều có thể trợ giúp đắc lực cho công cuộc phục hưng đức tin của các bạn."
event_pilgrim_oak_title,0,,Người Hành Hương Huynh Đệ Cây Sồi
event_pilgrim_oak_arrival_text,0,,"Bị thu hút bởi danh tiếng của <village_name>, một Người Hành Hương thuộc Huynh Đệ Cây Sồi đã tìm đến, mang theo tin tức quý báu về vị trí ẩn giấu của một cây đại thụ thiêng liêng vô bờ bến."
general_pilgrim_oak,0,,Người hành hương Huynh Đệ Cây Sồi
pilgrim_pagan,0,,Người hành hương Huynh Đệ Cây Sồi
general_pilgrim_pagan,0,,Người hành hương Huynh Đệ Cây Sồi
news_name_scholar,0,,Học giả du hành đến
warning_message_short_scholar,0,,Học giả du hành
warning_message_info_scholar,0,,Một Học giả du hành vừa ghé thăm và đang ghi chép về khu định cư của bạn.
scholar,0,,Học giả du hành
event_scholar_text,0,,"Sự hưng thịnh ngày một rạng rỡ của <village_name> đã thu hút sự chú ý sâu sắc từ giới học giả uyên thâm, những người hằng mong mỏi khôi phục lại thanh danh cho toàn vương quốc. Trong quá trình nghiên cứu cổ thư, ta đã phát hiện một manh mối vô giá: sử liệu ghi chép về một Bàn Nghiên Cứu Lớn thời cổ đại, tương truyền tọa lạc cách thị trấn này không xa."
event_scholar_title,0,,Học Giả Du Hành
event_scholar_arrival_text,0,,"Bị thu hút bởi danh tiếng của <village_name>, một Học Giả Du Hành đã tìm tới cùng tin tức chấn động về vị trí của Bàn Nghiên Cứu Lớn thời cổ đại."
general_scholar,0,,Học giả du hành
pilgrim_scholar,0,,Học giả du hành
general_pilgrim_scholar,0,,Học giả du hành
news_name_broker,0,,Môi giới thương mại ghé thăm
warning_message_short_broker,0,,Thương lái
warning_message_info_broker,0,,Một thương lái từ phe đồng minh thân thiện vừa tới để đàm phán các điều khoản giao thương.
event_broker_text,0,,"Hoạt động giao thương sầm uất tại <village_name> đã không lọt khỏi tai mắt của phường thương buôn chúng ta. Đây chính là thời điểm vàng để thiết lập một hiệp ước giao thương mang lại món lợi khổng lồ cho cả <faction_name> lẫn <village_name>. Doanh trại <faction_name> của ta đóng ở ngay gần đây, và chúng ta sẽ kiên nhẫn chờ đợi quyết định sáng suốt từ quý bạn."
event_broker_title,0,,Thương Lái Môi Giới
event_broker_arrival_text,0,,"Nghe danh khu định cư <village_name> buôn bán phồn thịnh, một thương lái môi giới từ <faction_name> đã tìm đến để đề nghị một hiệp ước thương mại đôi bên cùng có lợi."
general_broker,0,,Người môi giới
trade_deal_name,0,,Địa điểm Thỏa thuận Giao thương
caravan_mandatory_resources,0,,Yêu cầu cho Hiệp Ước Giao Thương: 
caravan_message_mandatory_resources,0,,Tổng giá trị cống nạp chưa đủ để ký kết Hiệp Ước Giao Thương
trade_deal_bonus,0,,Tiền thưởng Thỏa thuận Giao thương
warning_message_short_broker_showing_trade_deal_location,0,,Thương lái
warning_message_info_broker_showing_trade_deal_location,0,,Một thương lái vừa đặt chân đến khu định cư với mong muốn ký kết thỏa thuận giao thương.
trade_deal_dialog_title,0,,Hiệp định Giao thương
trade_deal_dialog_name,0,,Hiệp định Giao thương đã ký kết
trade_deal_dialog_info,0,,Một Hiệp định Giao thương đã được ký kết. Bạn trao cho <faction_name> số <resources> trị giá <wealth> làm tín vật thiện chí để hỗ trợ việc đàm phán.
cannot_negotiate_with_non_broker,0,,Chỉ Môi giới của bạn mới có thể đàm phán thỏa thuận
cannot_negotiate_broker_level_too_low,0,,Chỉ Môi giới của bạn mới có thể đàm phán thỏa thuận
trade_deal_resources_needed,0,,Giao dịch yêu cầu các tài nguyên <resources> với tổng giá trị là <wealth>
trade_deal_demand_option,0,,<resources> có tổng giá trị <wealth>
have_trade_deal_with_faction,0,,Hiệp Ước Giao Thương
event_pilgrim_rest_arrival_visit_relic_text,0,,"Bị thu hút bởi <village_name>, Người Hành Hương Phục Hưng đã tìm đến để chiêm bái Nhà Nguyện Thánh Tích vừa được xây dựng, và chắc chắn sẽ loan truyền tin mừng khắp cõi đất."
event_pilgrim_oak_arrival_visit_oak_text,0,,"Bị thu hút bởi <village_name>, Người Hành Hương Huynh Đệ Cây Sồi đã tìm đến để chiêm bái Cây Sồi Đại Ngàn linh thiêng, và chắc chắn sẽ loan truyền danh tiếng khu định cư khắp muôn phương."
lb_allow_for_production,0,,Cho phép dùng trong sản xuất:
lb_allow_for_production_info,0,,"Bật hoặc tắt việc sử dụng tài nguyên trong kho này cho mọi loại sản xuất. Khi tắt, tài nguyên bị cấm dùng để sản xuất nhưng vẫn có thể được tiêu thụ, vận chuyển, trang bị hoặc dùng cho các công việc khác như gieo trồng và xây dựng."
general_market_crowd,0,,Người xem / Khán giả
general_role,0,,Vai trò
role_bard_name,0,,Thi nhân
role_job_preference_info,0,,Ưu tiên công việc của <role> sẽ được thay đổi: <role_jobs>
role_bard_description,0,,"Thi nhân là người kể chuyện, nhà thơ và nhạc công, dệt nên những câu chuyện về anh hùng, tình yêu và phiêu lưu qua các màn trình diễn mê hoặc. Họ biểu diễn tại đại sảnh trong giờ sinh hoạt cộng đồng và các buổi yến tiệc."
role_global_resources,0,,Có Sẵn Tài Nguyên
role_librarian_name,0,,Thủ Thư Thư Viện
role_librarian_description,0,,"Tỉ mỉ và uyên bác, thủ thư thường miệt mài nghiên cứu các bản thảo cổ thư. Sự hiện diện của dân làng này trong thư viện giúp gia tăng đáng kể tốc độ nghiên cứu của tất cả các học giả."
role_sergeant_name,0,,Trung Sĩ Vũ Trang
role_sergeant_description,0,,"Gìn giữ tinh thần hiệp sĩ thượng võ và thực thi công lý bằng nắm đấm bọc thép, trung sĩ vũ trang giám sát toàn bộ khí tài binh bị. Khi người này có mặt tại phòng luyện tập, tất cả dân làng đang rèn luyện tại đó sẽ nhận thêm điểm kinh nghiệm XP."
role_broker_name,0,,Thương Lái Môi Giới
role_broker_description,0,,"Không chỉ là cầu nối giữa người mua và người bán, thương lái môi giới còn là nguồn cung cấp thông tin thị trường vô giá. Dân làng sẽ đàm phán được các mức giá hời hơn với thương nhân khi có mặt môi giới, và họ đóng vai trò hạt nhân tại các trung tâm giao thương sầm uất."
broker,0,,Môi giới thương mại
role_priest_name,0,,Tuyên Úy Giáo Sĩ
role_priest_description,0,,"Tuyên úy là người dẫn dắt đời sống tâm linh và là hiện thân của chuẩn mực đạo đức, chủ trì các buổi cầu nguyện tại đền thờ Hội Phục Hưng vào khung giờ sinh hoạt cộng đồng. Chăm lo cho phần hồn của con dân, họ cử hành các bí tích thiêng liêng và thuyết giảng đạo lý vào các Ngày Lễ Thánh."
role_shaman_name,0,,Đạo Sĩ Druid
role_shaman_description,0,,"Bậc thầy về triết lý tự nhiên của đất mẹ và các Cổ Thần thời xa xưa, các đạo sĩ Druid dành khung giờ sinh hoạt cộng đồng để cùng thiền định với những dân làng bước vào đền thờ Huynh Đệ Cây Sồi. Họ cũng chủ trì các nghi thức hiến tế và các đại lễ cổ truyền."
assign_role_info,0,,Phân công vai trò cộng đồng cho dân làng này
hours_spent_in_role,0,,Thời gian giữ vai trò này
role_own_room,0,,Dân làng sở hữu phòng ngủ riêng tư
role_level_up_prompt_info,0,,Bạn có muốn phong tước vai trò <role> cho <name> không?\nDân làng này sẽ tự động nhận các ưu tiên công việc sau:\n<role_jobs>
role_retract_prompt_info,0,,Việc tước bỏ vai trò này khỏi dân làng có thể khiến họ cảm thấy vô cùng bất mãn và buồn bã
role_cooldown,0,,Thời gian hồi
role_assigned_to_info,0,,Vai trò này hiện đã được giao cho
role_retract_first_info,0,,Hãy thu hồi vai trò này trước khi chuyển giao cho một dân làng khác
role_assign,0,,Bổ nhiệm
role_retract,0,,Thu hồi chức vụ
role_promote,0,,Thăng chức
role_max,0,,Tối đa
role_requirements,0,,Yêu Cầu Của Vai Trò
role_warden_name,0,,Cai Ngục Trưởng
role_warden_description,0,,Cai ngục trưởng giám sát nghiêm ngặt các lao dịch phạm nhân và thường xuyên đàm đạo với tù binh nhằm cảm hóa và chiêu mộ họ gia nhập hàng ngũ khu định cư của bạn.
role_level_up_info,0,,<name> hiện đã trở thành <role>
role_retract_info,0,,<name> không còn đảm nhiệm vai trò <role> nữa
mods_present,0,,Bản Mod hiện diện
mods_currently_enabled,0,,Hiện đang bật
mods_from_save,0,,Bản mod trong tệp lưu
mods_in_save_warning,0,,File lưu này được tạo bằng các bản mod hiện đang bị tắt. Việc tiếp tục chơi có thể gây ra lỗi.
mods_in_game_warning_report,0,,"Có vẻ bạn đang chạy một phiên bản game đã cài mod. Mặc dù chúng tôi hỗ trợ mod nhưng không thể đảm bảo mod sẽ không phát sinh lỗi ngoài ý muốn. Trước khi gửi báo cáo sự cố này, vui lòng kiểm tra xem lỗi có còn xuất hiện khi đã tắt hết mod hay không."
tutorial_camera_control,0,,Hướng dẫn: Điều khiển góc nhìn
tutorial_camera_control_info,0,,"<style=AlmParagraph>Điều khiển góc nhìn\n</style>- Dùng các phím [<style=Shortcut>WASD</style>] để di chuyển góc nhìn quanh bản đồ.\n- <style=Shortcut>Con lăn chuột</style> dùng để phóng to và thu nhỏ tầm nhìn.\n- Nghiêng và xoay bằng cách giữ phím <sprite=""ctrl_middle_click"" index=t> và di chuyển chuột.\n- Phím [<style=Shortcut>Num5</style>] sẽ đặt lại góc nhìn về vị trí mặc định ban đầu.<style=AlmParagraph>\nCách điều khiển phụ\n</style>- Dùng <style=Shortcut>Các phím mũi tên</style> để di chuyển góc nhìn.\n- Giữ <sprite=""ctrl_right_click"" index=t> để lia camera.\n- Dùng phím [<style=Shortcut>+</style>] & [<style=Shortcut>-</style>] để phóng to và thu nhỏ.\n- Dùng [<style=Shortcut>Num7</style>] & [<style=Shortcut>Num9</style>] để xoay và [<style=Shortcut>Num8</style>], [<style=Shortcut>Num2</style>] để nghiêng góc nhìn.<style=AlmParagraph>\nMẹo\n</style>- <style=Desc>Bạn có thể tùy chỉnh các phím điều khiển góc nhìn trong menu Cài Đặt.</style>\n"
tutorial_construction,0,,Hướng dẫn: Xây dựng
tutorial_construction_info,0,,"<style=AlmParagraph>Xây dựng công trình\n</style>- Dân làng của bạn cần có nơi trú ẩn an toàn.\n- Bắt đầu bằng cách đặt các bức tường gỗ từ bảng xây dựng cơ bản [<style=Shortcut>F1</style>] thành hình chữ nhật, sau đó thêm cửa gỗ và lợp mái rơm lên trên.\n- Đặt các chỗ ngủ từ bảng nội thất [<style=Shortcut>F3</style>] vào bên trong để dân làng có nơi ngả lưng."
tutorial_drafting_combat,0,,Hướng dẫn: Động viên & Chiến đấu
tutorial_drafting_combat_info,0,,"<style=AlmParagraph>Huy động nhập ngũ & Tác chiến\n</style>- Để trực tiếp điều khiển dân làng, hãy huy động họ bằng cách chọn dân làng và nhấp vào lệnh Huy Động (Draft) trong bảng điều khiển.\n- Dân làng được huy động sẽ di chuyển đến nơi bạn chỉ định và tấn công mục tiêu bạn yêu cầu.\n- Trong giao chiến, cung thủ sẽ tự động bắn bất kỳ kẻ thù nào trong tầm bắn, trong khi lính cận chiến sẽ chờ đến khi kẻ địch áp sát hoặc tấn công họ.<style=AlmParagraph>\nMẹo\n</style><style=Desc>- Bố trí cung thủ trên địa hình cao để nhận điểm cộng tăng độ chính xác, tầm bắn xa và tỷ lệ đánh chí mạng.</style>"
tutorial_equipment,0,,Hướng dẫn: Trang bị vũ khí & Giáp trụ
tutorial_equipment_info,0,,"<style=AlmParagraph>Trang bị vũ khí & Giáp trụ\n</style>- Để chuẩn bị sẵn sàng cho dân làng, hãy trang bị cho họ áo giáp, quần áo ấm và vũ khí phù hợp.\n- Chọn một dân làng và nhấn <sprite=""ctrl_right_click"" index=t> lên vật phẩm rồi ra lệnh cho họ trang bị.\n<style=AlmParagraph>\nMẹo\n</style><style=Desc>- Kiểm tra xem dân làng nào thành thạo vũ khí cận chiến hay tầm xa để trang bị tương ứng.</style>"
tutorial_game_speed,0,,Hướng dẫn: Tốc độ trò chơi
tutorial_game_speed_info,0,,"<style=AlmParagraph>Điều khiển tốc độ trò chơi\n</style>- Bạn có thể thay đổi tốc độ trôi qua của thời gian.\n- Nhấp vào các nút chỉnh tốc độ trên giao diện.\n- Hoặc dùng các phím tắt [<style=Shortcut>1</style>], [<style=Shortcut>2</style>], [<style=Shortcut>3</style>].\n- Nhấn phím [<style=Shortcut>Space</style>] (phím Cách) để tạm dừng trò chơi.\n- Khi trò chơi tạm dừng, bạn vẫn có thể tự do ra lệnh, đặt bản vẽ công trình và huy động dân làng.<style=AlmParagraph>\nMẹo\n</style>- <style=Desc>Điều này cực kỳ hữu ích khi bạn cần suy tính chiến thuật trong các tình huống hiểm nghèo.</style>"
tutorial_jobs,0,,Hướng dẫn: Phân công công việc
tutorial_jobs_info,0,,"<style=AlmParagraph>Mức độ ưu tiên công việc\n</style>- Bảng <b>CÔNG VIỆC</b> là nơi bạn thiết lập mức ưu tiên nhiệm vụ cho từng dân làng.\n- Theo mặc định, dân làng sẽ ưu tiên thực hiện công việc từ trái sang phải.\n- Sử dụng <sprite=""ctrl_left_click"" index=t> và <sprite=""ctrl_right_click"" index=t> để thay đổi mức ưu tiên, giúp dân làng ưu tiên làm việc này trước việc khác.\n- Các công việc có cùng mức ưu tiên sẽ được xử lý theo thứ tự từ trái sang phải.\n- Nếu ô công việc để trống, dân làng đó sẽ không bao giờ làm công việc ấy.\n- Dân làng sẽ luôn chọn công việc có mức ưu tiên cao nhất mà họ có thể thực hiện.\n- Nếu một công việc không nằm trong danh sách ưu tiên của bất kỳ ai, công việc đó sẽ bị bỏ quên hoàn toàn.\n- Màu sắc khung viền của ô công việc biểu thị cấp độ kỹ năng tương ứng của dân làng.\n<style=AlmParagraph>\nMẹo\n</style>- <style=Desc>Nếu một dân làng có kỹ năng quá thấp ở một nghề nhất định, tốt nhất bạn nên tắt hẳn công việc đó đối với họ — nếu không, họ rất dễ làm hỏng việc. Điều này đặc biệt quan trọng trong các công tác như thu hoạch mùa màng. Ví dụ: dân làng có kỹ năng Nông nghiệp yếu kém có thể làm hỏng vụ mùa và gây thất thu hoàn toàn. Vì vậy, hãy để mỗi người tập trung vào sở trường của mình!</style>"
tutorial_layer_control,0,,Hướng dẫn: Các tầng độ cao thế giới
tutorial_layer_control_info,0,,"<style=AlmParagraph>Các tầng thế giới\n</style>- Bạn có thể chuyển đổi góc nhìn qua lại giữa các tầng cao thấp của địa hình và công trình.\n- Dùng các nút chuyển tầng lên/xuống ở góc trên bên trái màn hình.\n- Hoặc sử dụng các phím tắt [<style=Shortcut>,</style>] và [<style=Shortcut>.</style>].\n- Dùng tổ hợp [<style=Shortcut>Ctrl</style>] + [<style=Shortcut>Con lăn chuột</style>] để chuyển tầng nhanh chóng.\n- Dùng tổ hợp [<style=Shortcut>Ctrl</style>] + <sprite=""ctrl_left_click"" index=t> vào bất kỳ vật thể hoặc mặt đất nào để chuyển ngay tới tầng độ cao tương ứng.<style=AlmParagraph>\nMẹo\n</style><style=Desc>- Thao tác này cực kỳ tiện lợi khi xây dựng và bố trí các công trình nhiều tầng.</style>"
tutorial_move,0,,Hướng dẫn: Điều khiển dân làng
tutorial_move_info,0,,"<style=AlmParagraph>Vị trí & Di chuyển\n</style>- Dân làng đã huy động sẽ di chuyển và tấn công chính xác theo vị trí và mục tiêu bạn chỉ định.\n- Nhấp <sprite=""ctrl_right_click"" index=t> vào bất kỳ đâu trên bản đồ để ra lệnh cho dân làng di chuyển tới vị trí đó.<style=AlmParagraph>\nMẹo\n</style><style=Desc>- Trong giao tranh, cung thủ sẽ tự động bắn bất kỳ kẻ thù nào trong tầm ngắm, trong khi các chiến binh cận chiến sẽ chờ đợi kẻ địch áp sát hoặc tấn công họ.\n- Hãy bố trí cung thủ trên các vị trí cao điểm để nhận được bùa lợi tăng độ chính xác, mở rộng tầm bắn và gia tăng tỉ lệ đòn đánh chí mạng.</style>"
tutorial_orders,0,,Hướng dẫn: Ban bố mệnh lệnh
tutorial_orders_info,0,,"<style=AlmParagraph>Mệnh lệnh\n</style>- Ban bố mệnh lệnh trực tiếp cho dân làng bằng thanh công cụ mệnh lệnh ở góc dưới bên phải màn hình.\n- Hãy thử chọn công cụ Chặt và giữ <sprite=""ctrl_left_click"" index=t> rồi kéo qua các cây bạn muốn đốn hạ."
tutorial_production,0,,Hướng dẫn: Hoạt động sản xuất
tutorial_production_info,0,,"<style=AlmParagraph>Sản xuất\n</style>- Để bắt đầu sản xuất một vật phẩm, hãy chọn bàn chế tác tương ứng và thêm thành phẩm từ danh sách sản xuất.\n- Thiết lập số lượng sản phẩm bạn muốn dân làng chế tác.<style=AlmParagraph>\nMẹo\n</style>- <style=Desc>Hãy đặt việc chế biến thức ăn ở chế độ “Đến khi đạt đủ” để dân làng tự động nấu nướng liên tục khi có sẵn nguyên liệu, cho tới khi kho đạt đủ số lượng dự trữ yêu cầu.</style>"
tutorial_research,0,,Hướng dẫn: Nghiên cứu công nghệ
tutorial_research_info,0,,"<style=AlmParagraph>Nghiên cứu\n</style>- Mở khóa các công trình và công thức sản xuất mới trong bảng nghiên cứu.\n- Tri thức được lưu trữ dưới dạng các cuốn sách nghiên cứu để mở khóa các công nghệ mới.\n- Việc mở khóa công nghệ sẽ không tiêu hao hay làm mất các cuốn sách.\n- Hãy gìn giữ sách nghiên cứu cẩn thận: nếu sách bị cháy hỏng hoặc kẻ trộm cuỗm mất, các công nghệ mới sẽ bị khóa lại cho đến khi bạn tích lũy lại đủ số sách ban đầu.\n- Các loại sách (Biên Niên Sử, Sách Giáo Khoa, Luận Thuyết) được biên soạn tại các bàn nghiên cứu (<LinkAlmanac=""Basicresearchtable"">Bàn Nghiên Cứu Cơ Bản</link>, <LinkAlmanac=""Researchtable"">Bàn Nghiên Cứu</link>, <LinkAlmanac=""Advancedresearchtable"">Bàn Nghiên Cứu Nâng Cao</link>)"
tutorial_schedule,0,,Hướng dẫn: Thời gian biểu
tutorial_schedule_info,0,,<style=AlmParagraph>Bảng thời gian biểu\n</style>- Bạn có thể sử dụng bảng <b>THỜI GIAN BIỂU</b> để sắp xếp và phân bổ khung giờ sinh hoạt trong ngày cho từng loại hoạt động của dân làng.
tutorial_select,0,,Hướng dẫn: Động viên dân làng
tutorial_select_info,0,,"<style=AlmParagraph>Động viên chiến đấu\n</style>- Để trực tiếp chỉ huy dân làng chiến đấu, hãy chọn họ và nhấp vào nút Động Viên trong bảng điều khiển.<style=AlmParagraph>\nMẹo\n</style><style=Desc>- Bạn có thể quét chọn nhiều dân làng cùng lúc rồi bấm lệnh Động Viên để tập hợp đội ngũ.\n- Sử dụng thanh danh sách dân làng ở cạnh trái màn hình để chọn nhanh một người, hoặc giữ phím [<style=Shortcut>Shift</style>] + <sprite=""ctrl_left_click"" index=t> để chọn nhiều người cùng lúc.</style>"
tutorial_stockpile,0,,Hướng dẫn: Bãi chứa kho bãi
tutorial_stockpile_info,0,,<style=AlmParagraph>Bãi chứa\n</style>- Dân làng cần một nơi quy củ để cất giữ và bảo quản tài nguyên.\n- Bạn cần chỉ định các khu vực làm bãi chứa.\n- Chọn loại bãi chứa mặc định từ bảng Khu Vực [<style=Shortcut>F7</style>] ở góc dưới bên trái màn hình.<style=AlmParagraph>\nMẹo\n</style>- <style=Desc>Hãy bố trí bãi chứa dưới các mái che hoặc trong phòng kín để làm chậm đáng kể tốc độ phân hủy và hư hỏng của tài nguyên.</style>
tutorial_welcome,0,,Chào mừng
tutorial_welcome_info,0,,<style=AlmParagraph>Chào Mừng Đến Với Going Medieval\n</style>- Xin lưu ý rằng trò chơi đang trong giai đoạn phát triển tích cực. Điều này đồng nghĩa với việc trò chơi có thể xuất hiện một số lỗi và tính năng chưa hoàn thiện. <b>Bạn có thể tra cứu Bách Khoa Thư (Almanac) bất cứ lúc nào để xem trợ giúp và các bài hướng dẫn chi tiết.</b>
tutorial_mood_info,0,,"<style=AlmParagraph>Tâm trạng\n</style>- Tâm trạng biểu thị mức độ hạnh phúc và thỏa mãn của dân làng.\n- Hãy thường xuyên theo dõi trạng thái tâm lý của họ.\n- Tâm trạng quá thấp có thể dẫn đến việc dân làng nổi loạn, bỏ việc và từ chối tuân theo mệnh lệnh.\n- Nếu chỉ số tâm trạng chạm đáy về 0, dân làng sẽ thu dọn hành lý và rời bỏ khu định cư mãi mãi.\n- Các yếu tố như bữa ăn nấu chín thịnh soạn, giường ngủ êm ái, tiện nghi đầy đủ và thời gian thư giãn giải trí hợp lý sẽ giúp tinh thần dân làng luôn phấn chấn."
tutorial_manage_info,0,,"<style=AlmParagraph>Quản lý\n</style>- Sử dụng bảng Quản Lý để quy định loại trang phục và vũ khí dân làng tự động trang bị, các loại thực phẩm và thức uống có cồn họ được phép dùng, v.v.\n- Bạn vẫn luôn có thể cưỡng chế dân làng tiêu thụ hoặc trang bị một vật phẩm cụ thể thông qua menu thao tác chuột phải."
tutorial_defence_info,0,,"<style=AlmParagraph>Phòng thủ\n</style>- Tận dụng các cấu trúc như tường răng cưa và lỗ châu mai để che chắn an toàn cho cung thủ trước làn mưa tên của kẻ thù.\n- Bố trí cung thủ trên các vị trí tường thành cao điểm để nhận được bùa lợi gia tăng độ chính xác, mở rộng tầm bắn và tăng tỉ lệ sát thương chí mạng.\n- Đặt bẫy chông và bẫy sập một cách chiến lược xung quanh các lối mòn dẫn vào khu định cư để tiêu hao sinh lực địch."
tutorial_mood,0,,Hướng dẫn: Tâm trạng & Cảm xúc
tutorial_manage,0,,Hướng dẫn: Bảng quản lý
tutorial_defence,0,,Hướng dẫn: Phòng thủ công sự
tutorial_forbid,0,,Hướng dẫn: Lệnh Cấm / Cho phép
tutorial_forbid_info,0,,"<style=AlmParagraph>Cấm / Cho phép\n</style>- Dân làng sẽ tuyệt đối không tương tác với các vật phẩm đang bị đánh dấu Cấm.\n- Vật phẩm bị cấm sẽ có biểu tượng bàn tay cấm hiển thị phía trên.\n- Bạn có thể cho phép sử dụng lại các vật phẩm này bằng lệnh Cho Phép trên thanh công cụ, hoặc chọn vật phẩm rồi bấm nút Cho Phép."
tutorial_region,0,,Hướng dẫn: Bản đồ khu vực
tutorial_trading,0,,Hướng dẫn: Trao đổi buôn bán
tutorial_initiate_trading,0,,Hướng dẫn: Bắt đầu giao thương
tutorial_friendliness,0,,Hướng dẫn: Mối quan hệ phe phái
tutorial_trading_info,0,,"<style=AlmParagraph>Trao đổi buôn bán\n</style>- Cơ chế giao thương hoạt động bằng cách trao đổi trực tiếp tài nguyên và hàng hóa với các thương nhân.\n- Bạn chỉ có thể yêu cầu nhận tài nguyên nếu đưa ra những món hàng có giá trị tương đương để đối ứng.\n- Dân làng trực tiếp tiến hành giao dịch có thể tác động đến tỷ giá và đàm phán để đem lại nhiều lợi ích hơn cho khu định cư.\n\n- Việc trao cho thương nhân số hàng hóa có giá trị vượt trội so với lượng nhận về sẽ được tính là quà biếu tặng, giúp gia tăng đáng kể điểm thiện cảm với phe phái của thương nhân đó.\n- Giá trị của hàng hóa được định đoạt bởi loại hình thương nhân, phe phái xuất thân, mức độ quan hệ và thậm chí cả mùa vụ trong năm.
"
tutorial_region_info,0,,"<style=AlmParagraph>Khu vực\n</style>- Bạn có thể quan sát toàn bộ các phe phái và các tiền đồn khu định cư của họ trong toàn vùng.\n- Tổ chức các đoàn buôn và cử dân làng đến trao đổi thương mại với các khu định cư lân cận bằng cách chọn mục tiêu trên bản đồ và nhấn nút <b>Cử Đoàn Buôn</b>.
"
tutorial_friendliness_info,0,,"<style=AlmParagraph>Quan hệ phe phái\n</style>- Mối quan hệ ngoại giao sẽ quyết định một phe phái là thân thiện, trung lập hay thù địch đối với khu định cư của bạn.\n- Các phe phái thù địch sẽ thường xuyên phát động các cuộc đột kích vũ trang, trong khi các phe thân thiện và trung lập sẽ định kỳ cử các đoàn thương nhân đến giao thương với bạn.
"
tutorial_initiate_trading_info,0,,"<style=AlmParagraph>Bắt đầu giao dịch\n</style>- Để bắt đầu trao đổi buôn bán với một thương nhân, hãy chọn một dân làng, nhấp <sprite=""ctrl_right_click"" index=t> vào thương nhân đó rồi chọn lệnh <b>Giao thương với</b>."
tutorial_move_structures,0,,Hướng dẫn: Di dời công trình
tutorial_move_structures_info,0,,"<style=AlmParagraph>Di dời công trình\n</style>- Các cấu trúc nhỏ như đồ nội thất, bàn chế tác và đồ trang trí có thể dễ dàng di dời: Hãy chọn công trình đã hoàn thiện và bấm vào nút Di Dời, sau đó chỉ định vị trí mới.\n\n- Những công trình được tháo dỡ sẽ biến thành các đống tài nguyên vật liệu nguyên vẹn, có thể đem cất giữ trong kho bãi hoặc dùng để trao đổi với thương nhân.
"
tutorial_farming,0,,Hướng dẫn: Canh tác nông nghiệp
tutorial_farming_info,0,,"<style=AlmParagraph>Canh tác nông nghiệp\n</style>- Gieo trồng các thửa ruộng hoa màu để đảm bảo nguồn dự trữ lương thực dồi dào cho mùa đông khắc nghiệt sắp tới.\n- Chọn loại cây trồng từ bảng Khu Vực [<style=Shortcut>F7</style>], sau đó kéo thả chuột trên mặt đất theo diện tích mong muốn.\n- Bạn cần tích lũy đủ số lượng hạt giống và cây giống non tương ứng để tiến hành gieo hạt.\n- Các giống cây trồng mới sẽ được mở khóa khi bạn thu thập được hạt giống mới thông qua hái lượm hoang dã hoặc mua từ các đoàn buôn.\n- Hãy ghi nhớ rằng thực vật rất cần ánh sáng mặt trời để quang hợp. Hãy gieo trồng ở những khu đất quang đãng, tránh xa bóng râm của các tán cây cổ thụ hay tường thành cao. Ban ngày ngắn hơn vào mùa đông và đầu xuân, vì vậy hãy hạn chế gieo trồng vào những giai đoạn này."
tutorial_animals,0,,Hướng dẫn: Động vật & Chăn nuôi
tutorial_animals_info,0,,"<style=AlmParagraph>Hệ sinh thái động vật\n</style><b>Động vật hoang dã</b>\n- Dân làng có thể săn bắn và mổ thịt thú hoang để thu hoạch nguồn thịt tươi và da thuộc quý giá.\n- Một số loài thú hung dữ như chó sói và lợn rừng có khả năng phản kháng dữ dội khi bị tấn công.\n- Để săn thú hiệu quả, dân làng cần được trang bị các loại vũ khí tầm xa như cung tên hoặc nỏ.\n\n<b>Động vật nuôi</b>\n- Một số loài thú hoang có thể được thuần hóa thành gia súc gia cầm.\n- Một số loài vật có thể trở nên kích động và tấn công người đang cố gắng thuần hóa chúng, hãy luôn cảnh giác.\n- Thuần hóa là một quá trình kiên trì và không thể thực hiện liên tục. Dân làng chỉ có thể thử thuần hóa một con thú mỗi 24 giờ một lần.\n- Động vật đã thuần hóa sẽ sinh sống hòa thuận bên cạnh dân làng. Nhiều loài gia súc có thể được nuôi nhốt trong các chuồng quây. Để tạo chuồng gia súc, hãy đặt cột mốc chuồng trại trong một khu đất có hàng rào bao bọc kín kẽ.\n<b>Thú cưng</b>\n- Một số loài vật nuôi có thể được huấn luyện nâng cao để trở thành thú cưng trung thành.\n- Thú cưng có thể được giao cho một dân làng cụ thể để luôn cận kề bảo vệ và phụ giúp vận chuyển quanh khu định cư."
tutorial_wild_animals,0,,Hướng dẫn: Động vật hoang dã
tutorial_wild_animals_info,0,,"<style=AlmParagraph>Động vật hoang dã\n</style>- Dân làng có thể săn bắn và mổ thịt thú hoang để thu hoạch thịt và da thuộc.\n- Một số loài động vật hung dữ như sói và lợn rừng có thể chống trả quyết liệt khi bị săn đuổi.\n- Để săn thú an toàn, dân làng cần được trang bị vũ khí tầm xa."
tutorial_domestic_animals,0,,Hướng dẫn: Động vật nuôi & Gia súc
tutorial_domestic_animals_info,0,,"<style=AlmParagraph>Động vật nuôi\n</style>- Một số loài thú hoang có thể được thuần dưỡng thành vật nuôi.\n- Thú hoang có thể bất ngờ tấn công người đang cố gắng tiếp cận để thuần hóa chúng, vì vậy hãy luôn cẩn trọng.\n- Quá trình thuần hóa đòi hỏi thời gian và không thể vội vã. Dân làng chỉ có thể thử thuần hóa mỗi con thú một lần sau mỗi 24 giờ.\n- Gia súc đã thuần hóa sẽ sinh sống cùng dân làng. Một số loài cần được chăn thả trong chuồng quây. Để lập chuồng trại, hãy đặt cọc tiêu chuồng gia súc bên trong khu đất được quây hàng rào kín."
tutorial_pet_animals,0,,Hướng dẫn: Thú cưng
tutorial_pet_animals_info,0,,<style=AlmParagraph>Thú cưng\n</style>- Một số loài vật nuôi thuần hóa có thể được huấn luyện kỹ lưỡng để trở thành thú cưng.\n- Thú cưng có thể được chỉ định gắn bó với một dân làng để luôn đi theo bảo vệ và đỡ đần các công việc trong khu định cư.
system_cover,0,,Hiệu quả che chắn
system_cover_info,0,,"- Hiệu quả che chắn cho biết tỷ lệ đạn bay tới sẽ bị chặn.\n- Đạn sẽ bỏ qua vật che chắn nằm trong phạm vi 3 ô phía trước người bắn. Điều này nghĩa là cung thủ đứng sau tường răng cưa được bảo vệ nhưng mũi tên của họ không bị tường chặn.\n- Hầu hết mọi thứ đều tạo ra độ che chắn, từ bụi cây đến đuốc. Vì vậy, cung thủ cần đường ngắm rõ ràng, không bị cản trở để có phát bắn tốt nhất."
system_equipment_quality_info,0,,"- Mọi vật phẩm như vũ khí, áo giáp và trang phục đều có cấp chất lượng.\n- Các cấp chất lượng gồm:<b> ọp ẹp, chắc chắn, tốt, tinh xảo, thượng hạng và hoàn mỹ</b>.\n- Chất lượng càng cao, vật phẩm càng bền và có các thuộc tính tốt hơn như sát thương hoặc tầm đánh.\nMột số vật phẩm có thể nhận các hiệu ứng khác nhau tùy theo chất lượng.\n- Dân làng có cơ hội tạo ra vật phẩm chất lượng cao hơn nếu kỹ năng tương ứng của họ cao. \n- Khi dân làng có tay nghề cao đang vui vẻ, cơ hội tạo ra vật phẩm hoàn mỹ cũng tăng nhẹ.
"
system_temperature_info,0,,"<style=AlmParagraph>Nhiệt độ ngoài trời & trong nhà\n</style>- Nhiệt độ ngoài trời hiển thị ở góc trên bên phải màn hình cạnh đồng hồ thời gian.\n- Nhiệt độ chịu ảnh hưởng bởi ánh nắng, bóng râm, khoảng cách tới nguồn nhiệt, v.v.\n- Nhiệt độ ngoài trời thay đổi theo mùa, thời điểm trong ngày và các hình thái thời tiết như rét đậm hoặc nắng nóng.\n- Bạn có thể bật lớp phủ nhiệt độ ở bảng trên cùng bên trái <sprite=""temp_overlay_text_icon"" index=t>.\n- Để xem nhiệt độ trong nhà, hãy rê chuột lên một căn phòng hoặc chọn phòng đó.\n- Nhiệt độ phòng phụ thuộc vào nhiệt độ môi trường, độ cách nhiệt của vật liệu và các nguồn nhiệt trong phòng như đuốc hay lửa trại.\n<style=AlmParagraph>\nGiữ lạnh\n</style>Để làm mát phòng vào mùa hè:\n- Xây phòng dưới lòng đất.\n- Dùng vật liệu cách nhiệt tốt như đất sét.\n- Mở cửa sổ và tắt bớt nguồn nhiệt trong phòng.\n- Lưu ý cửa sổ đón nắng cũng có thể làm tăng nhiệt độ phòng.\n- Đặt các khối băng để làm mát khu vực xung quanh.\n<style=AlmParagraph>\nGiữ ấm\n</style>Để sưởi ấm phòng vào mùa đông:\n- Đặt các nguồn nhiệt trong phòng.\n- Đóng kín cửa sổ để giữ hơi ấm bên trong."
system_weapon_attributes_info,0,,"<style=AlmParagraph><sprite=""damage_icon"" index=t>Sát thương \n</style>- Sát thương được tính từ nhiều yếu tố: thuộc tính người tấn công; sát thương cơ bản của vũ khí; khả năng xuyên giáp của vũ khí; chỉ số giáp và độ bền giáp của đối thủ.\n- Nếu người tấn công đánh trúng đối thủ không mặc giáp, toàn bộ sát thương sẽ được gây ra và HP đối thủ giảm tương ứng.\n- Nếu đối thủ mặc giáp, sát thương chịu ảnh hưởng bởi khả năng xuyên giáp của vũ khí, chỉ số giáp và phần trăm HP giáp của đối thủ.\n\n- Công thức gây sát thương là:\n\n<style=Desc>(sát thương cơ bản của vũ khí * xuyên giáp) - ((sát thương cơ bản của vũ khí * xuyên giáp) * (phần trăm HP giáp tại thời điểm đó * chỉ số giáp))</style>\n<style=AlmParagraph>\n<sprite=""critical_strike"" index=t> Sát thương chí mạng\n</style>- Mỗi đòn đánh có 15% cơ hội gây chí mạng bằng cách đánh vào đầu đối thủ.\nMọi sát thương chí mạng được nhân 2 lần.\n- Khi gây chí mạng, sát thương tính theo mũ trụ thay vì giáp thân.\n<style=AlmParagraph>\n<sprite=""range_icon"" index=t> Tầm đánh\n</style>- Số ô lưới mà vũ khí có thể vươn tới. \n<style=AlmParagraph>\n<sprite=""precision_icon"" index=t> Độ chính xác\n</style>- Khả năng đánh trúng mục tiêu của vũ khí.\n- Đây chưa phải cơ hội trúng cuối cùng của vũ khí.\n- Cơ hội đánh trúng bị ảnh hưởng bởi thuộc tính người tấn công, độ giảm chính xác theo khoảng cách, thời tiết và độ cao địa hình.\n<style=AlmParagraph>\nĐộ giảm chính xác theo khoảng cách\n</style>- Đây là phần trăm cơ hội đánh trúng giảm khi mục tiêu ở xa hơn.\n<style=AlmParagraph>\nXuyên giáp\n</style>- Phần trăm sát thương xuyên qua giáp. Vũ khí xuyên như giáo, tên và nỏ có phần trăm xuyên giáp cao.\n<style=AlmParagraph>\nSát thương giáp\n</style>- Phần trăm sát thương cơ bản gây lên giáp hoặc khiên (hoặc mũ trụ nếu chí mạng). Vũ khí như búa, chùy và rìu có sát thương giáp cao, phù hợp chống đối thủ mặc giáp hoặc phá khiên.\n<style=AlmParagraph>\nSát thương công trình\n</style>- Phần trăm sát thương cơ bản gây lên công trình, bàn chế tác và nội thất. Vũ khí cùn và rìu có sát thương công trình cao, phù hợp phá cửa.
"
system_armour_attributes_info,0,,"<style=AlmParagraph><sprite=""body_armor_icon"" index=t> Chỉ số giáp\n</style>- Chỉ số giáp giúp giảm bớt sát thương nhận vào sau khi đã tính khả năng xuyên giáp của vũ khí. Chỉ số giáp càng cao càng tốt.\n- Chỉ số giáp giảm dần khi trang bị giáp mất máu (độ bền).\n<style=AlmParagraph>\n<sprite=""cover_icon"" index=t> Khả năng che chắn\n</style>- Khả năng che chắn của khiên là lượng đòn đánh mà khiên hấp thụ hoàn toàn. Khiên sẽ nhận sát thương từ đòn đánh (nhân với sát thương giáp của vũ khí).\n- Tỉ lệ đỡ đòn cuối cùng bằng chỉ số che chắn của khiên cộng với tỉ lệ né tránh của nhân vật."
system_clothing_attributes_info,0,,"<style=AlmParagraph><sprite=""temperature_min_icon"" index=t> Nhiệt độ thoải mái tối thiểu\n</style>- Quần áo có thể điều chỉnh nhiệt độ thoải mái tối thiểu của người mặc để họ ít bị ảnh hưởng bởi giá lạnh. Với trang phục mùa đông, người mặc có thể chịu được nhiệt độ thấp hơn mà không gặp hiệu ứng tiêu cực. Ví dụ: nhiệt độ thoải mái tối thiểu của dân làng là 3°C, còn trang phục mùa đông cộng thêm -20°C. Nhiệt độ thoải mái tối thiểu thực tế của dân làng khi đó là -17°C.\n<style=AlmParagraph>\n<sprite=""temperature_max_icon"" index=t> Nhiệt độ thoải mái tối đa\n</style>- Quần áo cũng có thể điều chỉnh nhiệt độ thoải mái tối đa của người mặc. Với trang phục mùa hè, điều này giúp họ chịu được nhiệt độ cao hơn mà không gặp hiệu ứng tiêu cực. "
system_higher_ground_info,0,,"- Cung thủ hoặc dân làng khác trang bị vũ khí tầm xa đứng cao hơn mục tiêu ít nhất một tầng sẽ được tăng độ chính xác, tầm bắn và cơ hội chí mạng. Đạn bắn từ địa hình cao có vệt màu đỏ.\n- Nếu cung thủ đứng thấp hơn mục tiêu ít nhất một tầng, họ sẽ mất độ chính xác, tầm bắn và cơ hội chí mạng. Đạn bắn từ địa hình thấp có vệt màu xanh."
system_room_info,0,,"- Bốn bức tường, ít nhất một cửa ra vào và mái hoặc trần sẽ tạo thành một phòng 'trống'. Hãy đặt nội thất và đồ trang trí để tạo các loại phòng khác.\n- Để xem các phòng hiện có trong khu định cư, hãy bật lớp phủ phòng <sprite=""room_overlay_text_icon"" index=t>.\n- Xem chú giải loại phòng ở góc trên bên trái để biết yêu cầu và lợi ích của từng loại phòng.\n- Một số phòng cần thiết cho <LinkAlmanac=""Eventypes"">sự kiện</link>, ví dụ cần đại sảnh để tổ chức sự kiện <LinkAlmanac=""Playertriggeredeventfeast"">yến tiệc</link>.\n\n- Các loại phòng:\n <room_type_list>"
system_effectors_info,0,,"- Hiệu ứng điều chỉnh các thuộc tính, mức ưu tiên, tâm trạng và chỉ số.\n- Hiệu ứng có thể được kích hoạt khi tiêu thụ hoặc trang bị vật phẩm\n- Ví dụ: trang bị giáp nặng sẽ điều chỉnh tốc độ di chuyển và cơ hội né tránh của dân làng.\nMỗi dân làng có thể kích hoạt các hiệu ứng khác nhau tùy theo đặc tính.\n- Ví dụ: dân làng có đặc tính Khắc khổ nhận hiệu ứng tiêu cực từ bữa ăn thịnh soạn nhưng hiệu ứng tích cực khi ăn thức ăn sống.\n- Danh sách hiệu ứng đang hoạt động nằm trong thẻ chỉ số của bảng chọn dân làng bổ sung.\n- Danh sách hiệu ứng tâm trạng nằm trong thẻ tâm trạng.\n\n- Vết thương cũng là một dạng hiệu ứng vì ảnh hưởng đến một số thuộc tính dân làng. Tuy nhiên, chúng khác hiệu ứng thông thường vì có thể gây chảy máu và tác động khác nhau tùy mức độ nghiêm trọng. "
system_equipment_quality_name,0,,Chất lượng vật phẩm
system_temperature,0,,Nhiệt độ 
system_temperature_name,0,,Nhiệt độ 
system_weapon_attributes_name,0,,Thuộc tính vũ khí
system_armour_attributes_name,0,,Áo giáp & Shield Attributes
system_clothing_attributes_name,0,,Thuộc tính trang phục
system_higher_ground_name,0,,Địa hình trên cao
system_room_name,0,,Loại phòng
system_room,0,,Loại phòng
system_effectors_name,0,,Hệ số điều chỉnh
menu_action_attack,0,,"<sprite=""ctrl_left_click"" index=t> vào mục tiêu để <style=DefaultBlue>Tấn Công</style>"
menu_action_dismiss,0,,"<sprite=""ctrl_right_click"" index=t> để đóng"
menu_action_order_row,0,,"<sprite=""ctrl_left_click"" index=t> + kéo chuột để ban lệnh theo vùng"
menu_action_order_hunt_area,0,,"<sprite=""ctrl_left_click"" index=t> + kéo chuột để đánh dấu săn nhiều thú trong vùng"
menu_action_order_hunt_single,0,,"<sprite=""ctrl_left_click"" index=t> vào thú hoang để đánh dấu săn bắn"
menu_action_order_single,0,,"<sprite=""ctrl_left_click"" index=t> để ban bố sắc lệnh"
menu_action_place_rotate,0,,[<style=Shortcut><input:RotateLeft></style>] & [<style=Shortcut><input:RotateRight></style>] để xoay hướng
menu_action_place_row,0,,"<sprite=""ctrl_left_click"" index=t> + kéo chuột để xây theo hàng hoặc khu vực"
menu_action_place_row_only,0,,"<sprite=""ctrl_left_click"" index=t> + kéo chuột để xây thành một hàng"
menu_action_place_square,0,,"<sprite=""ctrl_left_click"" index=t> + [<style=Shortcut>Left Alt</style>] + kéo chuột để xây hình vuông"
menu_action_place_single,0,,"<sprite=""ctrl_left_click"" index=t> để đặt vị trí công trình"
menu_action_place_zone,0,,"<sprite=""ctrl_left_click"" index=t> lên <style=DefaultBlue>Tường</style> để gắn"
menu_action_rightclick_attack,0,,"<sprite=""ctrl_right_click"" index=t> vào mục tiêu để ra lệnh <style=DefaultBlue>Tấn Công</style>"
menu_action_rightclick_equip,0,,"<sprite=""ctrl_right_click"" index=t> vào trang bị để <style=DefaultBlue>Trang Bị</style>"
menu_action_rightclick_move,0,,"<sprite=""ctrl_right_click"" index=t> để <style=DefaultBlue>Di Chuyển</style>"
menu_action_socketable,0,,"<sprite=""ctrl_left_click"" index=t> lên <style=DefaultBlue>Tường</style> để gắn"
system_decomposition,0,,Phân hủy & mục nát
system_decomposition_info,0,,Một số tài nguyên và vật phẩm có thể phân hủy hoặc mục nát\nNguyên nhân gây phân hủy và mục nát:\n- <b>Ở ngoài trời</b> - Tài nguyên tiếp xúc với mưa hoặc tuyết sẽ phân hủy nhanh hơn. Hãy dựng mái che trên bãi chứa để ngăn điều này.\n- <b>Nhiệt độ</b> - Các tài nguyên như thức ăn phân hủy nhanh hơn vào mùa hè\n- <b>Loại mặt đất</b> - Đừng để tài nguyên trực tiếp trên đất. Hãy xây sàn bên dưới khu bãi chứa để làm chậm quá trình phân hủy.
system_fermentation,0,,Quá trình Lên Men
system_fermentation_info,0,,Một số tài nguyên như sữa đông có thể lên men khi nhiệt độ phù hợp. Tài nguyên lên men sẽ biến thành tài nguyên mới khi quá trình hoàn tất. Ví dụ: sữa đông sẽ biến thành phô mai.
system_stability,0,,Độ vững chắc
system_stability_info,0,,"- Mỗi công trình đều có chỉ số độ vững chắc.\n- Chỉ số này quyết định bạn có thể gắn thêm công trình khác vào hay không.\n- Khi đặt trực tiếp trên mặt đất, công trình có độ vững chắc là <b>4</b>. Mỗi khối nối tiếp xa hơn sẽ bị trừ <b>-1</b> độ vững chắc.\n- Không thể đặt công trình có độ vững chắc bằng <b>0</b>.\n- Độ vững chắc theo phương thẳng đứng không bị suy giảm.\n- Bật chế độ hiển thị độ vững chắc <sprite=""stability_overlay_text_icon"" index=t> để xem chỉ số quanh con trỏ.\n<style=AlmParagraph>\nXà dầm\n</style>\n- Đặt xà dầm giữa hai bức tường hoặc khối địa hình. Nếu một bên bị phá hủy, xà dầm và mọi thứ đặt trên nó cũng sẽ sụp đổ.\n- Xà dầm có tầm với tối đa là 10 ô lưới.\n- Xà dầm nhận độ vững chắc thấp hơn từ một trong hai điểm tựa.\n- Chỉ có tường, cửa sổ, cửa đi, mái nhà, tường răng cưa và sàn nhà mới có thể đặt trên xà dầm."
jobs_tooltip,0,,Jobs set để same Mức ưu tiên level will be prioritized left để right.
gameplay_tips_camera_control,0,,Điều khiển camera
gameplay_tips_camera_control_info,0,,"- Dùng các phím [<style=Shortcut><input:MoveUp><input:MoveLeft><input:MoveDown><input:MoveRight></style>] để di chuyển góc nhìn camera.\n- Dùng con lăn chuột hoặc [<style=Shortcut><input:ZoomIn></style>] & [<style=Shortcut><input:ZoomOut></style>] để phóng to/thu nhỏ.\n- Giữ [<sprite=""ctrl_middle_click"" index=t>] và di chuột để xoay và nghiêng góc nhìn.\n\n<style=Desc>MẸO: Bạn có thể tùy chỉnh phím điều khiển camera trong menu cài đặt.</style>\n"
photo_mode_instructions,0,,"- Use [<style=Shortcut><input:MoveUp><input:MoveLeft><input:MoveDown><input:MoveRight></style>] keys đến move của bạn camera around.\n- Use Mouse wheel hoặc [<style=Shortcut><input:ZoomIn></style>]&[<style=Shortcut><input:ZoomOut></style>] đến zoom.\n- Giữ [<sprite=""ctrl_middle_click"" index=t>] và move mouse đến rotate và tilt camera.\n\n<style=Desc>TIP: Bạn có thể customise camera controls trong tùy chọn menu.</style>\n"
gameplay_tips_construction,0,,Xây dựng
gameplay_tips_construction_info,0,,"- Dân làng vẫn cần nơi để ở.\n- Bắt đầu bằng cách đặt các bức tường gỗ từ bảng Cơ bản [<style=Shortcut><input:Base></style>] thành hình chữ nhật.\n- Thêm cửa gỗ và mái tranh (trong cùng bảng) lên trên.\n- Đặt chỗ ngủ từ bảng Nội thất [<style=Shortcut><input:Furniture></style>] vào bên trong.\n- Dùng Chế độ Lập kế hoạch để đặt bản thiết kế ở trạng thái <LinkAlmanac=""Gameplaytipsforbid"">cấm</link>, chuẩn bị cho việc xây dựng."
gameplay_tips_equipment,0,,Trang bị
gameplay_tips_equipment_info,0,,"- Để chuẩn bị cho dân làng, hãy trang bị giáp, quần áo và vũ khí cho họ.\n- Chọn dân làng, sau đó [<sprite=""ctrl_right_click"" index=t>] vào vật phẩm và ra lệnh trang bị.\n\n<style=Desc>MẸO: Trang bị vũ khí cận chiến cho dân làng giỏi đánh gần, và vũ khí tầm xa cho người bắn cung giỏi.\n<style=Desc>MẸO: Chọn trang phục hợp thời tiết. Trời lạnh cần mặc áo ấm mùa đông!</style>\n"
gameplay_tips_game_speed,0,,Game Tốc độ
gameplay_tips_game_speed_info,0,,"- Bạn có thể tăng tốc, làm chậm hoặc tạm dừng thời gian.\n- Nhấn vào các biểu tượng tốc độ hoặc dùng [<style=Shortcut><input:GameSpeedNormal></style>], [<style=Shortcut><input:GameSpeedFast></style>], [<style=Shortcut><input:GameSpeedFaster></style>] để đổi tốc độ.\n- Nhấn tạm dừng hoặc phím [<style=Shortcut><input:GamePause></style>] để dừng trận đấu.\n- Bạn vẫn có thể ra lệnh, đặt công trình và huy động quân khi đang tạm dừng.\n\n<style=Desc>MẸO: Rất hữu ích khi tình huống trở nên dồn dập.</style>\n"
gameplay_tips_jobs,0,,Công việc
gameplay_tips_jobs_info,0,,"- Sắp xếp độ ưu tiên công việc của từng dân làng trong bảng Công việc.\n- Dùng <sprite=""ctrl_left_click"" index=t> để tăng ưu tiên và <sprite=""ctrl_right_click"" index=t> để giảm.\n- Dân làng luôn thực hiện công việc có độ ưu tiên cao nhất trước.\n- Nếu ô trống, dân làng sẽ không bao giờ làm công việc đó.\n- Nếu số ưu tiên bằng nhau, công việc từ trái sang phải sẽ được ưu tiên trước.\n- Khung viền biểu thị cấp độ kỹ năng. Ngôi sao thể hiện sở thích của dân làng.\n\n<style=Desc>MẸO: Dân làng có thể làm hỏng việc nếu kỹ năng quá thấp, tắt bớt việc là rất hữu ích!</style>\n"
gameplay_tips_layer_control,0,,Các tầng thế giới
gameplay_tips_layer_control_info,0,,"- Bạn có thể chuyển đổi giữa các tầng và độ cao công trình.\n- Việc này sẽ ẩn các vật thể và địa hình phía trên tầng đang chọn.\n- Dùng nút tăng/giảm tầng ở góc trên bên trái, hoặc phím [<style=Shortcut><input:LayerUp></style>] và [<style=Shortcut><input:LayerDown></style>].\n\n<style=Desc>MẸO: Rất tiện khi xây nhà nhiều tầng.\nMẸO: Dùng [<style=Shortcut>Ctrl</style>] + <style=Shortcut>Cuộn chuột</style> để đổi tầng nhanh.\nMẸO: Dùng [<style=Shortcut>Ctrl</style>] + <sprite=""ctrl_left_click"" index=t> vào một vật thể để nhảy ngay tới tầng đó.</style>\n"
gameplay_tips_move,0,,Controlling Drafted dân làng
gameplay_tips_move_info,0,,"- Dân làng đã huy động sẽ di chuyển và tấn công mục tiêu bạn chỉ định.\n- Nhấp [<sprite=""ctrl_right_click"" index=t>] vào bất kỳ đâu để ra lệnh di chuyển tới đó.\n- Nhấp [<sprite=""ctrl_right_click"" index=t>] vào kẻ thù để ra lệnh tấn công.\n\n<style=Desc>MẸO: Trong giao tranh, cung thủ sẽ tự bắn kẻ địch trong tầm, trong khi quân cận chiến đợi kẻ địch đến gần hoặc tấn công họ.\nMẸO: Đặt cung thủ ở vị trí cao hơn để tăng độ chính xác, tầm bắn và tỉ lệ chí mạng.</style>\n"
gameplay_tips_orders,0,,Mệnh lệnh
gameplay_tips_orders_info,0,,"- Đặt hành động cho dân làng bằng các công cụ mệnh lệnh ở góc dưới bên phải.\n- Chọn công cụ đốn cây, sau đó giữ <sprite=""ctrl_left_click"" index=t> và kéo qua các cây cần chặt."
gameplay_tips_production,0,,Sản xuất
gameplay_tips_production_info,0,,"- Để bắt đầu sản xuất hàng hóa, chọn một trạm làm việc rồi thêm sản phẩm từ danh sách.\n- Đặt số lượng sản phẩm bạn muốn dân làng chế tạo.\n\n<style=Desc>MẸO: Chế độ 'Cho đến khi có đủ' rất hữu ích để duy trì lượng thức ăn dự trữ.</style>\n"
gameplay_tips_research,0,,Nghiên cứu
gameplay_tips_research_info,0,,"- Mở khóa công nghệ mới trong bảng Nghiên cứu.\n- Mỗi mục nghiên cứu yêu cầu sách (biên niên sử, cẩm nang hoặc luận văn).\n- Nghiên cứu không làm tiêu hao sách, nhưng sách phải được cất giữ an toàn.\n- Nếu sách bị phá hủy hoặc mất mát, bạn sẽ không thể tiến hành nghiên cứu mới.\n- Việc nghiên cứu có thể tiếp tục khi số lượng sách đạt lại mức yêu cầu."
gameplay_tips_schedule,0,,Lịch trình
gameplay_tips_schedule_info,0,,"- Dùng bảng <b>LỊCH TRÌNH</b> để chọn thời điểm dân làng thực hiện từng loại hoạt động.\n- Giờ làm việc là lúc dân làng thực hiện công việc được phân trong bảng <b>CÔNG VIỆC</b>.\n- Giờ giải trí dành cho ăn uống, vui chơi và hoạt động tôn giáo.\n\n<style=Desc>MẸO: Một số dân làng làm việc hiệu quả hơn vào những thời điểm khác nhau - hãy kiểm tra đặc tính của họ!</style>\n"
gameplay_tips_select,0,,Huy động dân làng
gameplay_tips_select_info,0,,"- Để điều khiển trực tiếp dân làng, bạn cần huy động họ.\n- Chọn dân làng rồi nhấp hành động huy động.\n- Bạn cũng có thể chọn dân làng từ bảng dân làng bên trái.\n\n<style=Desc>MẸO: Bạn có thể chọn nhiều dân làng bằng cách kéo chuột qua họ hoặc dùng [<style=Shortcut>Shift</style>] + <sprite=""ctrl_left_click"" index=t>. Sau đó có thể huy động tất cả cùng lúc.</style>\n"
gameplay_tips_stockpile,0,,Bãi chứa
gameplay_tips_stockpile_info,0,,- Dân làng cần nơi để cất giữ tài nguyên.\n- Bạn có thể chọn nơi lưu trữ bằng cách thiết lập Khu Bãi chứa.\n- Chọn bảng Khu vực ở góc dưới bên trái màn hình hoặc nhấn [<style=Shortcut><input:Zone></style>].\n- Chọn Bãi chứa Mặc định rồi đánh dấu một khu vực làm bãi chứa.\n\n<style=Desc>MẸO: Đặt bãi chứa trên sàn và dưới mái che để làm chậm quá trình phân hủy tài nguyên.\nMẸO: Nhấp vào bãi chứa đã đặt để thay đổi những thứ dân làng được phép hoặc không được phép cất bên trong.</style>\n
gameplay_tips_mood_info,0,,"- Tâm trạng thể hiện mức độ vui vẻ của dân làng.\n- Hãy thường xuyên kiểm tra tâm trạng bằng cách chọn dân làng rồi chọn mục Tâm trạng.\n- Tâm trạng thấp có thể khiến dân làng nổi loạn và từ chối mệnh lệnh.\n- Nếu tâm trạng của dân làng giảm xuống 0, họ sẽ rời khu định cư.\n- Món ăn đã nấu hoặc thịnh soạn, giường thoải mái và thời gian giải trí sẽ giúp họ giữ tinh thần tốt."
gameplay_tips_manage_info,0,,"- Dùng bảng Quản lý để thiết lập vật phẩm dân làng có thể tự trang bị và tiêu thụ.\n\n<style=Desc>MẸO: Bạn có thể ghi đè các thiết lập này bằng cách chọn một dân làng, nhấp chuột phải vào vật phẩm rồi chọn hành động để buộc họ trang bị hoặc tiêu thụ.</style>\n"
gameplay_tips_defence_info,0,,"- Bố trí vị trí cho cung thủ trên địa hình cao để tăng độ chính xác, tầm bắn và cơ hội chí mạng.\n- Dùng các công trình như tường răng cưa để che chắn cung thủ khỏi đạn của kẻ thù.\n- Đặt bẫy có chiến thuật quanh khu định cư để làm suy yếu kẻ thù."
gameplay_tips_mood,0,,Tâm trạng
gameplay_tips_manage,0,,Quản lý
gameplay_tips_defence,0,,Phòng thủ
gameplay_tips_forbid,0,,Cấm & cho phép
gameplay_tips_forbid_info,0,,"- Vật phẩm có thể ở trạng thái bị cấm hoặc được phép. Dân làng sẽ không tương tác với vật phẩm bị cấm.\n- Vật phẩm bị cấm có biểu tượng bàn tay bị gạch chéo phía trên.\n- Bạn có thể cho phép vật phẩm bằng mệnh lệnh ở góc dưới bên phải màn hình.\n- Để cấm vật phẩm, chọn chúng rồi nhấp hành động Cấm.\n\n<style=Desc>MẸO: Theo mặc định, hầu hết vật phẩm rời trên bản đồ mới đều bị cấm.\nMẸO: Bạn có thể cấm dân làng thu gom những thứ như thi thể hoặc thức ăn thối rữa.</style>\n"
gameplay_tips_region,0,,Bản đồ khu vực
gameplay_tips_trading,0,,Trao đổi
gameplay_tips_initiate_trading,0,,Giao thương
gameplay_tips_friendliness,0,,Mức độ thiện cảm
gameplay_tips_trading_info,0,,"- Bạn có thể trao đổi tài nguyên và vật phẩm với thương nhân.\n- Vật phẩm bạn đề nghị nên có giá trị bằng hoặc gần bằng những thứ bạn yêu cầu.\n- Bạn có thể tặng vật phẩm cho thương nhân bằng cách đề nghị giá trị cao hơn số nhận lại.\n- Việc này sẽ cải thiện thiện cảm của phe phái thương nhân đối với bạn.\n- Giá trị tài nguyên phụ thuộc vào loại thương nhân, phe phái, quan hệ và cả thời điểm trong năm."
gameplay_tips_region_info,0,,"- Bạn có thể xem các phe phái và khu định cư trong vùng qua bản đồ Khu vực.\n- Tại đây, bạn sẽ thấy các phe phái láng giềng, doanh trại thổ phỉ xuất hiện đôi lúc và những địa điểm đáng chú ý khác. \n\n- Hãy nhớ rằng những việc bạn làm trong khu định cư sẽ được các thế lực khác trong vùng chú ý. Bạn có thể tích lũy nhiều loại <LinkAlmanac=""Gameplaytipsrenown"">danh tiếng</link> và được họ công nhận. 
"
gameplay_tips_renown,0,,Danh tiếng
gameplay_tips_renown_info,0,,"- Cách bạn xây dựng khu định cư và những việc bạn làm sẽ thay đổi danh tiếng.\n- Khi một loại danh tiếng đạt 100%, bạn được chọn theo đuổi một Đại Mục tiêu để đưa khu định cư tới giai đoạn cuối. \n\n- Danh tiếng chịu ảnh hưởng bởi vai trò của dân làng, các sự kiện bạn tổ chức và kết quả chiến đấu."
gameplay_tips_friendliness_info,0,,"- Quan hệ quyết định một phe phái thân thiện, trung lập hay thù địch với khu định cư của bạn.\n- Phe thù địch sẽ tập kích khu định cư, còn phe thân thiện và trung lập thỉnh thoảng sẽ cử thương nhân tới.
"
gameplay_tips_initiate_trading_info,0,,"- Để trao đổi với thương nhân, chọn một dân làng rồi <sprite=""ctrl_right_click"" index=t> vào thương nhân và chọn <b>Trao đổi với</b>.\n\n<style=Desc>MẸO: Dân làng thực hiện giao dịch có thể tác động đến giá cả và thương lượng, vì vậy hãy cử người có kỹ năng Ngoại giao cao.</style>\n"
gameplay_tips_move_structures,0,,Di chuyển nội thất
gameplay_tips_move_structures_info,0,,"- Nội thất, trạm làm việc và các công trình nhỏ khác có thể dễ dàng di chuyển.\n- Chọn một món nội thất, nhấp nút Di chuyển rồi chọn vị trí mới.\n- Bạn cũng có thể tháo dỡ công trình.\n- Công trình bị tháo dỡ sẽ biến thành đống tài nguyên để lưu trữ hoặc giao dịch."
gameplay_tips_farming,0,,Trồng trọt
gameplay_tips_farming_info,0,,"- Ruộng cây trồng cung cấp nguồn thức ăn ổn định, kể cả vào mùa đông.\n- Chọn cây trồng từ bảng Khu vực [<style=Shortcut><input:Zone></style>] rồi kéo đến kích thước mong muốn.\n- Bạn phải dự trữ hạt giống hoặc cây non để gieo trồng.\n- Các giống cây mới được mở khóa khi bạn thu hái hoặc mua loại hạt giống mới.\n\n<style=Desc>MẸO: Cây cần ánh sáng mặt trời - hãy gieo hạt xa cây lớn hoặc công trình tạo bóng râm.</style>\n"
gameplay_tips_wild_animals,0,,Hunting Hoang dã Động vật
gameplay_tips_wild_animals_info,0,,"- Dân làng có thể săn bắn và mổ thịt thú hoang để lấy thịt và da.\n- Một số loài thú hung dữ như sói và lợn rừng có khả năng quay lại tấn công khi bị săn.\n- Để săn thú, dân làng bắt buộc phải được trang bị vũ khí tầm xa."
gameplay_tips_tame_animals,0,,Taming Hoang dã Động vật
gameplay_tips_tame_animals_info,0,,- Một số loài thú hoang có thể được thuần hóa.\n- Cẩn trọng: một số con thú có thể tấn công dân làng đang cố gắng thuần hóa chúng.\n- Thuần hóa là một quá trình dài và không thể làm liên tục.
gameplay_tips_domestic_animals,0,,Vật nuôi Động vật
gameplay_tips_domestic_animals_info,0,,"- Động vật thuần hóa sống cùng dân định cư.\n- Một số loài vật có thể được nuôi trong chuồng gia súc.\n- Để tạo chuồng, hãy đặt một <LinkAlmanac=""Penmarker"">mốc đánh dấu chuồng</link> trong khu vực có rào chắn hoặc khép kín.\n- Thêm một <LinkAlmanac=""Trough"">máng ăn</link> vào chuồng để dân định cư tự động mang thức ăn đến cho vật nuôi.\n- Dân định cư có thể dùng kỹ năng chăn nuôi để thu hoạch sản phẩm từ một số loài vật.\n- Một số động vật thuần hóa cũng có thể mổ thịt để lấy thức ăn."
gameplay_tips_pet_animals,0,,Thú cưngs
gameplay_tips_pet_animals_info,0,,- Một số động vật thuần hóa có thể được huấn luyện thành thú cưng.\n- Thú cưng có thể được gán cho dân định cư để đi theo và giúp đỡ công việc quanh khu định cư.
gameplay_tips_mesh_variations,0,,Biến thể hình ảnh công trình
gameplay_tips_mesh_variations_info,0,,"- Một số công trình như tường, hàng rào và mái nhà có nhiều biến thể hình ảnh để bạn tùy chỉnh diện mạo. Các biến thể này chỉ mang tính thẩm mỹ và không ảnh hưởng lối chơi."
gameplay_tips_player_triggered_events,0,,Sự kiện
gameplay_tips_player_triggered_events_info,0,,"- Có thể kích hoạt một số sự kiện như <LinkAlmanac=""Playertriggeredeventfeast"">Yến tiệc</link> hoặc <LinkAlmanac=""Playertriggeredeventsermon"">Thánh lễ</link>. \n- Để tổ chức, hãy xây đúng loại phòng rồi chọn công trình làm điểm khởi nguồn sự kiện bên trong. \n- Mỗi loại sự kiện có các điều kiện và cấp chất lượng khác nhau tùy số điều kiện được đáp ứng. \n- Kết quả chất lượng khác nhau sẽ tạo hiệu ứng tâm trạng và các hiệu ứng tăng hoặc giảm khác nhau cho người tham dự. \n- Một số sự kiện được cải thiện khi có dân làng giữ <LinkAlmanac=""Roletypes"">vai trò</link> tham dự.\n- Các loại sự kiện:\n<event_list>"
gameplay_tips_roles,0,,Vai trò cộng đồng
gameplay_tips_roles_info,0,,"- Bạn có thể giao cho một số dân làng các vai trò cộng đồng đặc biệt. \n- Những dân làng này có hành vi riêng trong các giờ được phân công vai trò. \n- Cần đáp ứng một số tiêu chí để giao vai trò cho dân làng. \n- Vai trò giúp tăng danh tiếng khu vực của bạn. \n- Một số vai trò nâng cao sự kiện và cải thiện kết quả; ví dụ Nhạc công cải thiện chất lượng <LinkAlmanac=""Playertriggeredeventfeast"">yến tiệc</link>.\n\n- Các loại vai trò:\n<role_list>"
gameplay_tips_structure_replacement,0,,Thay thế công trình
gameplay_tips_structure_replacement_info,0,,"- Một số công trình có thể được thay bằng cùng loại công trình làm từ vật liệu khác. \n- Thay tường, dầm hoặc sàn không ảnh hưởng đến độ ổn định kết cấu.\n- Chọn công trình rồi nhấp nút Thay thế công trình ở góc dưới bên phải. \n- Mỗi lần thay thế cần tài nguyên tùy theo loại vật liệu đã chọn. \n- Một số lựa chọn thay thế không khả dụng nếu thiếu vật liệu xây dựng cần thiết. \n- Khi chọn thay thế, dân làng có công việc xây dựng sẽ tái dựng công trình. \n- Vật liệu từ công trình cũ sẽ được trả về các đống tài nguyên."
warning_message_room_created,0,,Đã tạo phòng: <room_type>
tutorial_selection_forbidden,0,,Không thể chọn vật thể trong bước hướng dẫn này
tutorial_not_available,0,,Tính năng này bị tạm khóa trong quá trình thực hiện bài hướng dẫn
tutorial_stash_found,0,,Đã phát hiện kho báu bí mật!
tutorial_wrong_construction_size,0,,Công trình phải được đặt chính xác bên trong phạm vi được đánh dấu
tutorial_wrong_construction_position,0,,Hãy đặt công trình vào đúng vị trí được đánh dấu
tutorial_wrong_construction_rotation,0,,Hãy xoay hướng công trình khớp với mũi tên được đánh dấu
tutorial_wrong_roof_size,0,,Hãy kéo mái nhà phủ kín toàn bộ chiều dài công trình {0}
tut_start_title,0,,Chào mừng đến với Going Medieval
tut_start_info,0,,Hướng dẫn này sẽ giới thiệu những khái niệm cơ bản của Going Medieval. \n\nMột số tính năng nâng cao sẽ vẫn bị khóa trong hướng dẫn này.
tut_camera_title,0,,Điều khiển camera
tut_camera_info,0,,"Di chuyển, nghiêng, xoay và thu phóng camera."
tut_move_camera,0,,"[<style=Shortcut><input:MoveUp><input:MoveLeft><input:MoveDown><input:MoveRight></style>] hoặc [<sprite=""ctrl_right_click"" index=t>] để di chuyển"
tut_rotate_camera,0,,"[<sprite=""ctrl_middle_click"" index=t>] và di chuyển chuột để xoay và nghiêng góc nhìn camera."
tut_zoom_camera,0,,[<style=Shortcut>Cuộn chuột</style>] để phóng to hoặc thu nhỏ tầm nhìn.
tut_time_controls_title,0,,Điều Khiển Tốc Độ Thời Gian
tut_time_controls_info,0,,"Tạm dừng, tiếp tục và thay đổi tốc độ dòng thời gian."
tut_normal_speed,0,,Tốc độ bình thường [<style=Shortcut><input:GameSpeedNormal></style>]
tut_fast_speed,0,,Tốc độ nhanh [<style=Shortcut><input:GameSpeedFast></style>]
tut_fastest_speed,0,,Tốc độ cực nhanh [<style=Shortcut><input:GameSpeedFaster></style>]
tut_pause_game,0,,Tạm dừng trò chơi [<style=Shortcut><input:GamePause></style>]
tut_stockpile_title,0,,Lưu Trữ Tài Nguyên
tut_stockpile_info,0,,Quy hoạch một Bãi Chứa Mặc Định để dân làng cất giữ tài nguyên.
tut_open_build_zone,0,,Mở bảng danh mục Khu Vực (Zone)
tut_select_stockpile,0,,Chọn mục Bãi Chứa Mặc Định
tut_drag_place_building,0,,"Giữ [<sprite=""ctrl_left_click"" index=t>] và kéo để đặt kho mặc định vào khu vực được tô sáng"
tut_allow_name,0,,Cho Phép Thu Gom Tài Nguyên
tut_allow_info,0,,Dân làng chỉ thu gom và khuân vác các đống tài nguyên được bạn cho phép.
tut_select_allow,0,,Chọn lệnh Cho Phép từ menu Mệnh Lệnh
tut_drag_allow,0,,"Giữ [<sprite=""ctrl_left_click"" index=t>] rồi kéo qua các đống tài nguyên đang bị cấm <sprite=""forbid_text_icon"" index=t>"
tut_wait_for_haul,0,,Chờ dân làng để vận chuyển items để Bãi chứa
tut_walls_name,0,,Xây dựng tườngs
tut_walls_info,0,,"Đặt bản thiết kế công trình.\n<sprite=""tutorial_icon"" index=t><style=Desc>Bạn có thể đặt từng bức tường riêng lẻ hoặc nhấp + kéo để đặt hàng loạt.</style>"
tut_open_build_base,0,,Mở Base panel
tut_select_build_wall,0,,Chọn Wooden tường
tut_drag_place_walls,0,,"Giữ [<sprite=""ctrl_left_click"" index=t>] và drag đến place tường trên khu vực được đánh dấu"
tut_door_name,0,,Xây dựng Door
tut_door_info,0,,Bạn có thể thay bản thiết kế tường bằng cửa ra vào và cửa sổ.
tut_select_build_door,0,,Chọn Wooden Door
tut_place_door,0,,Nhấp vào khu vực được đánh dấu để thay bức tường này bằng Cửa
tut_wait_to_build,0,,Chờ dân làng để xây xong
tut_floor_name,0,,Xây dựng Floors
tut_floor_info,0,,Đặt bản vẽ thi công sàn nhà
tut_floor_build_base,0,,Mở Base panel
tut_select_build_floor,0,,Chọn Wooden Floor
tut_drag_place_floors,0,,"Giữ [<sprite=""ctrl_left_click"" index=t>] và kéo để đặt sàn trong khu vực được đánh dấu"
tut_wait_to_build_floors,0,,Chờ dân làng để xây xong
tut_roof_name,0,,Xây dựng Roofs
tut_roof_info,0,,Roofs need at least two points trên which để Nghỉ ngơi. Đặt them trên tườngs để complete building house.
tut_roof_build_base,0,,Mở Base panel
tut_select_build_roof,0,,Chọn Thatched Roof
tut_drag_place_roofs,0,,"Giữ [<sprite=""ctrl_left_click"" index=t>] và drag đến place mái nhà trên khu vực được đánh dấu"
tut_wait_to_build_roofs,0,,Chờ dân làng để xây xong
tut_beds_name,0,,Xây dựng Furniture
tut_beds_info,0,,Ẩn Roofs để see inside buildings. Đặt Hay Sleeping Spots.
tut_hide_roofs,0,,Nhấp highlighted toggle để Ẩn Roofs.
tut_open_build_furniture,0,,Mở bảng Nội thất
tut_select_build_bed,0,,Chọn Hay Sleeping Spot
tut_place_beds,0,,Đặt {0} Đang ngủ Spots inside marked area
tut_wait_to_build_beds,0,,Chờ dân làng để xây xong
tut_forage_name,0,,Thu hái
tut_forage_info,0,,Thu hoạch thức ăn từ các bụi Redcurrant gần đó.
tut_select_harvest,0,,Chọn Harvest từ Orders menu [<style=Shortcut><input:Harvesting></style>]
tut_drag_select_redcurrant,0,,"Giữ [<sprite=""ctrl_left_click"" index=t>] và kéo để chọn {0} Bụi lý chua đỏ"
tut_stockpile_redcurrant,0,,Bãi chứa at least {0} Redcurrants
tut_campfire_name,0,,Công trình sản xuất
tut_campfire_info,0,,"Dân làng có thể sản xuất hàng hóa tại các công trình sản xuất. Ví dụ, Lửa trại dùng để nấu các bữa ăn."
tut_open_build_production,0,,Mở bảng Sản xuất
tut_select_campfire,0,,Chọn Lửa trại
tut_place_campfire,0,,"[<sprite=""ctrl_left_click"" index=t>] trên vị trí được đánh dấu để đặt bản thiết kế Lửa trại"
tut_wait_to_build_campfire,0,,Chờ dân làng để xây xong
tut_production_name,0,,Sản xuất hàng hóa
tut_production_info,0,,Nấu ăn tại Lửa trại.
tut_production_select_campfire,0,,Nhấp vào Lửa trại để chọn it và open bảng Sản phẩm
tut_production_select_meal,0,,Chọn Simple Meal
tut_production_set_amount,0,,Đặt số lượng đến {0}
tut_wait_to_produce_meals,0,,Chờ dân làng để hoàn tất sản xuất
tut_research_table_name,0,,Nghiên cứu I: Bàn nghiên cứu
tut_research_table_info,0,,Xây dựng Bàn Nghiên cứu Cơ bản
tut_open_production_panel,0,,Mở bảng Sản xuất
tut_select_research_table,0,,Chọn Basic bàn Nghiên cứu
tut_place_research_table,0,,Đặt bàn nghiên cứu trong khu vực được đánh dấu
tut_wait_to_build_table,0,,Chờ dân làng để xây xong
tut_jobs_name,0,,Phân công công việc
tut_jobs_info,0,,Sắp xếp thứ tự ưu tiên các công việc để dân làng vận hành khu định cư hiệu quả.
tut_open_jobs,0,,Nhấp vào highlighted Jobs button
tut_set_research_job_priority_1,0,,Đặt Nghiên cứu priority cho {0} để 2 (high)
tut_set_research_job_priority_2,0,,Đặt ưu tiên Nghiên cứu cho {0} thành trống (dân làng sẽ không thực hiện việc này)
tut_produce_books_name,0,,Nghiên cứu II: Producing Tomes
tut_produce_books_info,0,,Dân làng có thể sản xuất Biên niên sử tại Bàn Nghiên cứu. Biên niên sử dùng để mở khóa kiến thức và công nghệ nâng cao.
tut_select_books,0,,Chọn Chronicle
tut_produce_forever,0,,Chuyển chế độ sản xuất sang Vô Tận (Forever)
tut_wait_to_produce_books,0,,Chờ dân làng để sản xuất {0} Chronicles
tut_research_name,0,,Nghiên cứu III: Unlocking Nghiên cứu
tut_research_info,0,,"Mở khóa new blueprints, technology, và products trong Nghiên cứu panel."
tut_open_research,0,,Nhấp vào highlighted Research button
tut_select_architecture,0,,Chọn Architecture
tut_research_unlock,0,,Mở khóa Architecture đến obtain blueprint cho Wooden Xà nhà
tut_protect_stockpile_name,0,,Protecting tài nguyên
tut_protect_stockpile_info,0,,Tài nguyên sẽ hư hỏng nhanh hơn khi phơi ngoài trời.
tut_build_floors,0,,Xây {0} Wooden Floors. tài nguyên left trên ground deteriorate faster
tut_build_walls,0,,Xây dựng {0} Wooden tườngs
tut_build_beams,0,,Gắn {0} Xà nhà Gỗ vào tường để đỡ Mái nhà
tut_build_roofs,0,,Xây dựng Mái tranh để che chở tài nguyên của bạn
tut_layers_name,0,,Tầng độ cao
tut_layers_info,0,,Mỗi bản đồ có tối đa 16 tầng độ cao thẳng đứng. Chuyển tầm nhìn xuống các tầng thấp hơn để quan sát lòng đất.
tut_change_layer_down,0,,Nhấp vào nút được tô sáng hoặc [<style=Shortcut><input:LayerDown></style>] để hiển thị tầng {0}
tut_change_layer_up,0,,Nhấp vào nút được tô sáng hoặc [<style=Shortcut><input:LayerUp></style>] để hiển thị tầng {0} và quay lại mặt đất
tut_digging_name,0,,Đào đất
tut_digging_info,0,,Đào địa hình để tiếp cận các khu vực dưới lòng đất hoặc khai thác tài nguyên.
tut_select_digging,0,,Chọn Mine từ Orders menu
tut_place_dig_marker,0,,"[<sprite=""ctrl_left_click"" index=t>] trên vị trí được đánh dấu để đặt điểm Đào đất"
tut_wait_for_dig,0,,Chờ Dân làng đào hố
tut_ladders_name,0,,Thang leo
tut_ladders_info,0,,Build ladders để allow dân làng để move between different layers
tut_build_wooden_ladders,0,,"Xây {0} Thang gỗ. \n<sprite=""tutorial_icon"" index=t><style=Desc>Chuyển đến tầng 4 để quan sát rõ hơn</style>"
tut_wait_for_haul_stash,0,,Chờ dân làng vận chuyển số vũ khí bạn vừa tìm thấy về bãi chứa.
tut_equip_name,0,,Trang bị cho dân làng
tut_equip_info,0,,Trang bị vũ khí cho dân làng để họ có thể tự vệ và săn bắn thú rừng.
tut_select_settler,0,,Nhấp trực tiếp vào Dân làng hoặc biểu tượng của họ để chọn
tut_right_click_order,0,,"Khi được chọn, dân làng có thể nhận lệnh trực tiếp. Nhấp [<sprite=""ctrl_right_click"" index=t>] vào một món Vũ khí rồi chọn Trang bị"
tut_equip_all_settlers,0,,Trang bị vũ khí cho từng dân làng trong đội hình
tut_defense_name,0,,Công Trình Phòng Thủ Kiên Cố
tut_defense_info,0,,Xây dựng các răng thành gỗ trên sườn đồi lân cận để che chắn cung tên bắn tỉa của quân thù.
tut_build_merlons,0,,"Xây dựng {0} Răng Thành Bằng Gỗ. \n<sprite=""tutorial_icon"" index=t><style=Desc>Dùng phím [<style=Shortcut><input:RotateLeft></style>] và [<style=Shortcut><input:RotateRight></style>] để xoay hướng bản thiết kế trước khi đặt vị trí</style>"
tut_drafting_name,0,,Huy Động Dân Làng Nhập Ngũ (Draft)
tut_drafting_info,0,,Huy động dân làng (Draft) để trực tiếp điều động và bố trí đội hình chiến đấu tác chiến.
tut_drafting_select,0,,"Chọn và Huy động toàn bộ dân làng. \n<sprite=""tutorial_icon"" index=t><style=Desc>Giữ chuột trái [<sprite=""ctrl_left_click"" index=t>] và kéo quét để chọn cùng lúc nhiều dân làng</style>"
tut_drafting_move_archers,0,,"[<sprite=""ctrl_right_click"" index=t>] vào vùng được đánh dấu để điều cung thủ di chuyển đến. \n<sprite=""tutorial_icon"" index=t><style=Desc>Bố trí xạ thủ trên địa hình cao sẽ gia tăng tầm bắn xa và độ chính xác</style>
"
tut_drafting_move_spearman,0,,"[<sprite=""ctrl_right_click"" index=t>] vào vùng được đánh dấu để điều động lính giáo. \n<sprite=""tutorial_icon"" index=t><style=Desc>Dùng các chiến binh cận chiến để chặn đầu địch, bảo vệ an toàn cho xạ thủ tuyến sau</style>
"
tut_drafting_hold_ground,0,,Chọn các dân làng đã Huy Động và chuyển tư thế tác chiến sang Giữ Vững Vị Trí
tut_raid_name,0,,Giao Tranh Phòng Thủ
tut_raid_info,0,,Khu định cư của bạn đang bị quân thù tấn công!
tut_raid_wait,0,,Hãy quan sát dân làng hiệp lực bảo vệ căn cứ và chờ đón kết quả của trận đánh
tut_final_name,0,,Hoàn Thành Khóa Hướng Dẫn
tut_final_info,0,,Xin chúc mừng! Bạn đã nắm vững các kỹ năng sinh tồn cơ bản và sẵn sàng bước chân vào thế giới Going Medieval!
tutorial_warning_description,0,,Có vẻ như đây là lần đầu tiên bạn trải nghiệm Going Medieval. Chúng tôi khuyến nghị bạn nên hoàn thành kịch bản Hướng Dẫn trước nếu bạn chưa từng chơi các tựa game mô phỏng quản lý khu định cư.
tutorial_warning_answer_new_game,0,,"Không cần, tôi có thể tự chơi được"
tutorial_warning_answer_tutorial,0,,Tôi muốn chơi phần Hướng Dẫn trước
general_step,0,,Bước Thực Hiện
more_info_show,0,,Hiển Thị Thêm Thông Tin
more_info_hide,0,,Thu Gọn Thông Tin
more_info_scenario,0,,"Kịch bản <style=DefaultYellow>Khởi Đầu Mới</style> rất phù hợp cho những người lần đầu đến với Going Medieval. Bạn sẽ bắt đầu với 3 dân làng cùng lượng nhu yếu phẩm dồi dào. Khởi đầu vào Mùa Xuân sẽ cho bạn nhiều thời gian quý báu để chuẩn bị và tích lũy lương thực trước khi Mùa Đông giá buốt ập tới.\n\nBạn luôn có thể tùy chỉnh sâu các thiết lập của từng kịch bản, nhưng chúng tôi khuyên bạn nên giữ các giá trị mặc định cho khu định cư đầu tiên của mình."
more_info_map,0,,"Loại bản đồ <style=DefaultYellow>Thung Lũng (Valley)</style> rất phù hợp cho người chơi mới. Tài nguyên cơ bản như gỗ và đất sét dồi dào, đất đai màu mỡ cho nông nghiệp.\n\nDùng góc nhìn Toàn Vùng để có bức tranh tổng thể về vị trí định cư."
more_info_settlers,0,,Đây là những cá nhân đa dạng sẽ cùng bạn gây dựng cơ đồ. Hãy dành thời gian khám phá và có thể gieo lại ngẫu nhiên các đặc điểm của họ.\n\nMột nhóm khởi đầu cân bằng về kỹ năng và sở thích sẽ giúp ích rất nhiều.
tutorial_game_paused,0,,Trò chơi đã tạm dừng
tutorial_game_unpaused,0,,Trò chơi tiếp tục chạy
options_show_gameplay_tips,0,,Hiển thị mẹo chơi hướng dẫn
options_show_tutorials,0,,Hiển thị mẹo hướng dẫn
options_show_gameplay_tips_info,0,,Khuyến nghị kích hoạt dành cho những người chơi mới bắt đầu làm quen với Going Medieval.
tutorial_loading_screen_title,0,,Hướng Dẫn Nhập Môn
tutorial_loading_screen_description,0,,"Đây là bản đồ thử nghiệm được thiết kế riêng nhằm giúp bạn làm quen với các thao tác điều khiển cơ bản và những cơ chế cốt lõi mà Going Medieval mang lại.\n\nKhi hoàn tất phần hướng dẫn, bạn sẽ sẵn sàng tạo dựng khu định cư thực thụ đầu tiên của chính mình!"
general_log,0,,Nhật Ký Tương Tác
life_event_type_Conversation,0,,Chuyện Trò Xã Giao
life_event_type_Combat,0,,Chiến đấu
life_event_type_Misc,0,,Sự Kiện Khác
life_event_type_Health,0,,Sức Khỏe & Thương Tật
show_full_log,0,,Xem Toàn Bộ Nhật Ký
affection_level_0,0,,Kình Địch Ghét Bỏ
affection_level_1,0,,Người Quen Biết
affection_level_2,0,,Bằng Hữu Thân Thiết
bbt_settler_not_available,0,,Không thể chọn dân làng này lúc này
bbt_animal_not_available,0,,Không thể chọn con vật này
bbt_enemy_not_available,0,,Không thể chọn kẻ thù này lúc này
most_recent_interactions,0,,Những Tương Tác Gần Đây Nhất
Patterns,0,,Khuôn Mẫu Tương Tác
conversation_default_pattern,0,,"<agent_name> <action> <topic> cùng <target_name>, <who> <reaction_verb> <reaction>"
log_who,0,,người đối diện
settled_together_pattern,0,,<agent_name> đã cùng di cư đến định cư tại <village_name>
battled_together_pattern,0,,<agent_name> đã kề vai sát cánh chiến đấu cùng <target_name>
carried_to_bed_pattern,0,,<agent_name> đã cõng <target_name> đang bất tỉnh về giường bệnh
tended_wounds_pattern,0,,<agent_name> đã tận tình băng bó cứu chữa vết thương cho <target_name>
died_rival_pattern,0,,<agent_name> cảm thấy hả hê khi kẻ kình địch <target_name> đã chết
died_neutral_pattern,0,,<agent_name> cảm thấy buồn thương khi nghe tin <target_name> đã qua đời
died_friend_pattern,0,,<agent_name> suy sụp hoàn toàn trước cái chết của người bạn thân <target_name>
banished_rival_pattern,0,,<agent_name> rất vui mừng khi kẻ kình địch <target_name> cuối cùng đã bị trục xuất
banished_neutral_pattern,0,,<agent_name> cảm thấy bùi ngùi khi <target_name> bị trục xuất khỏi làng
banished_friend_pattern,0,,<agent_name> vô cùng đau buồn khi người bạn tốt <target_name> bị trục xuất
combat_hit_pattern,0,,<attacker_name> <hit_action> <defender_name><hit_description> <with> <weapon_name>
combat_hit_unarmed_pattern,0,,<attacker_name> <hit_action> <defender_name>
combat_hit_beast_pattern,0,,<attacker_name> <hit_action> <defender_name>
combat_block_pattern,0,,<defender_name>'s <armor_name> <block_description>
status_friend_start,0,,<agent_name> giờ đây xem <target_name> là một người bạn tốt.
status_friend_stop,0,,<agent_name> không còn coi <target_name> là bạn bè nữa.
status_rival_start,0,,<agent_name> bắt đầu xem <target_name> là kẻ kình địch không đội trời chung.
status_rival_stop,0,,<agent_name> đã nguôi giận và không còn xem <target_name> là kẻ thù không đội trời chung nữa.
status_change_reason,0,,Nguyên nhân xuất phát từ: <event>
status_belief_change,0,,<agent_name> đã cải đạo sang <belief_status>. Giáo phái <previous_belief_status> trước đây không còn mang lại ý nghĩa tâm linh sâu sắc nữa.
bbt_has_become_item,0,,Hài cốt của <agent_name> đã bị đem đi chế tác thành một món <item>
miss_description_default_1,0,,"<defender_name> vô cùng hoảng sợ, nhưng <attacker_name> ra đòn quá vụng về và hoàn toàn trượt mục tiêu."
miss_description_default_2,0,,<defender_name> nghe thấy tiếng <attacker_name> chửi thề cay cú khi nhát chém chém hụt vào không khí.
miss_description_default_3,0,,<defender_name> thầm tạ ơn trời đất vì nhát kiếm của <attacker_name> đã chém chệch hướng trong gang tấc.
miss_description_default_4,0,,"May mắn thay cho <defender_name>, đòn tấn công của <attacker_name> đã thất bại ê chề."
miss_description_default_5,0,,<defender_name> cực kỳ may mắn khi <attacker_name> vung đòn sai nhịp.
miss_description_default_6,0,,"Nhát chém của <attacker_name> chỉ sượt qua sườn, và <defender_name> hoàn toàn không hề hấn gì."
miss_description_default_7,0,,<attacker_name> gầm lên tức tối vì #2[he/she] đã đánh hụt <defender_name>.
miss_description_default_8,0,,"<defender_name> mắng nhiếc <attacker_name>, chế nhạo tài ngắm bắn dở tệ của đối phương."
miss_description_default_9,0,,"Mũi tên của <attacker_name> bay chệch hướng, suýt nữa bắn trúng <defender_name>."
miss_description_default_10,0,,Mọi nỗ lực của <attacker_name> đều vô ích. <defender_name> vẫn bình an vô sự.
evade_description_default_1,0,,<defender_name> nhanh chân nhảy lùi sang bên để né đòn của <attacker_name>.
evade_description_default_2,0,,Chính nhờ pha lùi bước kịp thời của <defender_name> mà âm mưu tấn công của <attacker_name> đã bị chặn đứng.
evade_description_default_3,0,,<defender_name> khéo léo thoát khỏi <attacker_name> và sống sót.
evade_description_default_4,0,,<defender_name> cúi người né đòn tấn công của <attacker_name>.
evade_description_default_5,0,,"<defender_name> vấp ngã, khiến đòn của <attacker_name> không trúng đích."
evade_description_default_6,0,,<defender_name> kinh ngạc vì mình không bị thương. <attacker_name> cũng chẳng hiểu chuyện gì.
evade_description_default_7,0,,"Vô tình nhiều hơn cố ý, <defender_name> khiến <attacker_name> bay đi."
evade_description_default_8,0,,<defender_name> né sang bên và thoát nạn.
evade_description_default_9,0,,<defender_name> parried <attacker_name>'s attack với a flourish
evade_description_default_10,0,,<defender_name> nhanh chóng ra khỏi tầm mắt của <attacker_name>.
last_words_pattern,0,,"<agent_name>'s cuối cùng words đã: ""<last_words>"""
health_wounding_pattern,0,,<agent_name> <wounding> <wound_name>
health_healing_pattern,0,,<agent_name> <healing> <target_name>'s <wound_name>
health_carrying_pattern,0,,<agent_name> <carrying_verb> <carrying_adjective> <target_name>
Pattern Elements,0,,Họa tiết trang trí
action_verynegative_1,0,,bắt đầu trút một tràng chỉ trích gay gắt về
action_verynegative_2,0,,lao vào một cuộc khẩu chiến nảy lửa về
action_verynegative_3,0,,cay đắng phàn nàn và ta thán về
action_negative_1,0,,tranh luận vô cùng căng thẳng về
action_negative_2,0,,khơi gợi lại chủ đề nhạy cảm về
action_negative_3,0,,lẩm bẩm cằn nhằn bực bội về
action_negative_4,0,,thà né tránh còn hơn nhắc tới chuyện
action_neutral_1,0,,mở đầu một cuộc thảo luận về
action_neutral_2,0,,muốn chia sẻ quan điểm về
action_neutral_3,0,,muốn cùng tranh luận về
action_neutral_4,0,,cần giãi bày tâm sự về
action_neutral_5,0,,tán gẫu đôi câu về
action_neutral_6,0,,bắt chuyện rôm rả về
action_neutral_7,0,,dành chút thời gian hàn huyên về
action_neutral_8,0,,cuối cùng cũng chuyển đề tài sang chuyện
action_neutral_9,0,,bàn luận về
action_neutral_10,0,,có vô số điều muốn giãi bày về
action_neutral_11,0,,đưa ra lời nhận xét chân tình về
action_positive_1,0,,vô cùng hào hứng chia sẻ về
action_positive_2,0,,mở đầu một cuộc trò chuyện ấm cúng về
action_positive_3,0,,thỏa sức trêu đùa vui vẻ về
action_verypositive_1,0,,nói bằng tất cả sự chân thành và trìu mến về
action_verypositive_2,0,,đặc biệt yêu thích khi được hàn huyên về
action_verypositive_3,0,,say sưa đắm mình trong những câu chuyện về
action_verypositive_4,0,,có thể ngồi hàng giờ liền say mê đàm đạo về
topic_smalltalk_1,0,,thời tiết
topic_smalltalk_2,0,,huấn luyện chó
topic_smalltalk_3,0,,owning mèo
topic_smalltalk_4,0,,bàn về cattle
topic_smalltalk_5,0,,Nấu nướng rota
topic_smalltalk_6,0,,food kho chứa
topic_smalltalk_7,0,,cây cối
topic_smalltalk_8,0,,bàn về wild flowers
topic_smalltalk_9,0,,habits của birds
topic_smalltalk_10,0,,merits của turnips
topic_smalltalk_11,0,,art và artists
topic_smalltalk_12,0,,bàn về jousting
topic_smalltalk_13,0,,kiếm fighting
topic_smalltalk_14,0,,bàn về archery techniques
topic_smalltalk_15,0,,what đã cho supper
topic_smalltalk_16,0,,planting thảo dược
topic_smalltalk_17,0,,bàn về strange smell
topic_smalltalk_18,0,,bàn về windmills
topic_smalltalk_19,0,,rats trong store again
topic_smalltalk_20,0,,bàn về feast days
topic_smalltalk_21,0,,bàn về pilgrimages
topic_smalltalk_22,0,,bàn về Saint Fiacre’s curse
topic_smalltalk_23,0,,fleas và ticks
topic_smalltalk_24,0,,bàn về catching rabbits
topic_smalltalk_25,0,,những điểm câu cá lý tưởng nhất
topic_smalltalk_26,0,,việc phơi cỏ khô
topic_smalltalk_27,0,,các loài cây chiết xuất màu nhuộm tốt
topic_smalltalk_28,0,,nghề đan lát giỏ liễu gai
topic_smalltalk_29,0,,những hàng rào gỗ bị gãy đổ
topic_smalltalk_30,0,,những chiếc giường nệm gồ ghề khó ngủ
topic_smalltalk_31,0,,chứng đau nhức xương khớp mùa lạnh
topic_smalltalk_32,0,,môn đấu vật truyền thống
topic_smalltalk_33,0,,nghệ thuật cờ vua
topic_smalltalk_34,0,,kỹ thuật vá tất len
topic_smalltalk_35,0,,trò chơi bóng đá Shrovetide náo nhiệt
topic_smalltalk_36,0,,đại dịch gia súc kinh hoàng thời trước
topic_personal_1,0,,cách ăn mặc y phục cho đúng phép tắc
topic_personal_2,0,,sự khác biệt về tính cách cá nhân
topic_personal_3,0,,lòng dũng cảm — hay sự hèn nhát —
topic_personal_4,0,,xem ai là người thông minh uyên bác hơn
topic_personal_5,0,,tình bạn chân thành
topic_personal_6,0,,khiếu hài hước dí dỏm
topic_personal_7,0,,những nghĩa cử từ thiện bố thí
topic_personal_8,0,,thái độ càu nhàu khó chịu
topic_personal_9,0,,thói gian dối lọc lừa
topic_personal_10,0,,sự nhẫn nại và lòng nhân ái
topic_personal_11,0,,thói lười biếng và trốn tránh công việc
topic_personal_12,0,,việc giữ gìn trật tự yên tĩnh chung
topic_personal_13,0,,những lời đồn thổi ác ý sau lưng
topic_personal_14,0,,vụ tranh cãi nảy lửa gần đây
topic_personal_15,0,,thói hằn học nhỏ nhen
topic_personal_16,0,,sự bất công thiên vị
topic_personal_17,0,,tính khí gắt gỏng bực bội
topic_personal_18,0,,tầm quan trọng của sự ngăn nắp gọn gàng
topic_personal_19,0,,tâm trạng bồn chồn lo âu
topic_personal_20,0,,phép lịch sự văn minh tối thiểu
topic_personal_21,0,,cách để được mọi người quý mến hơn
topic_personal_22,0,,phép xã giao thông thường
topic_personal_23,0,,thói ích kỷ vụ lợi
topic_personal_24,0,,thái độ nghiêm túc hơn trong cuộc sống
topic_personal_25,0,,những trò hề ngốc nghếch
topic_personal_26,0,,cách vượt qua sự rụt rè nhút nhát
topic_personal_27,0,,thói quen mơ mộng viển vông
topic_personal_28,0,,những sai lầm ngớ ngẩn do chậm hiểu
topic_personal_29,0,,ranh giới mong manh giữa trí tuệ và sự ngạo mạn
topic_personal_30,0,,thói say xỉn bê tha chè chén
topic_personal_31,0,,món nợ cũ chưa thanh toán
topic_personal_32,0,,một biến cố đau buồn trong quá khứ
topic_personal_33,0,,vấn đề vệ sinh tắm rửa cá nhân
topic_personal_34,0,,phong thái hiệp sĩ hào hiệp
topic_personal_35,0,,sự thân thiện hòa đồng
topic_beliefoakbrethren_1,0,,việc tránh sự nhồi sọ cuồng tín tôn giáo
topic_beliefoakbrethren_2,0,,việc cho phép giải phẫu cơ thể học
topic_beliefoakbrethren_3,0,,học giả pháp sư Roger Bacon
topic_beliefoakbrethren_4,0,,liệu phép rửa tội có thực sự xua đuổi được tà ma
topic_beliefoakbrethren_5,0,,thuyết đa thần và các hủ tục mê tín
topic_beliefoakbrethren_6,0,,tín ngưỡng vạn vật hữu linh của người Celt
topic_beliefoakbrethren_7,0,,các nghi lễ Druid cổ xưa tại gò mộ cổ
topic_beliefoakbrethren_8,0,,truyền thuyết loài rồng ngủ dưới lòng đồi
topic_beliefoakbrethren_9,0,,thủy quái Nicor và các linh hồn sông nước
topic_beliefoakbrethren_10,0,,tục hiến tế máu công khai trước bàn thờ
topic_beliefrestitution_1,0,,sự quy phục tuyệt đối trước uy quyền của Đấng Tối Cao
topic_beliefrestitution_2,0,,sự tuân thủ nghiêm ngặt giáo lý tôn giáo
topic_beliefrestitution_3,0,,Thánh Francis thành Assisi
topic_beliefrestitution_4,0,,nhà thần học vĩ đại Thomas Aquinas
topic_beliefrestitution_5,0,,trạng thái xuất thần của các nữ tu thần bí
topic_beliefrestitution_6,0,,liệu các giáo sĩ có nên được phép lập gia đình
topic_beliefrestitution_7,0,,Dòng tu Đa Minh (Dominican)
topic_beliefrestitution_8,0,,cái giá đắt và thảm kịch của cuộc Thập Tự Chinh Trẻ Em
topic_beliefrestitution_9,0,,niềm hy vọng cứu rỗi linh hồn
topic_beliefrestitution_10,0,,sự hiện diện của Chúa và chủ nghĩa khắc kỷ
topic_beliefrestitution_11,0,,tội lỗi của hành vi đa thê song hôn
topic_belief_1,0,,các học thuyết y khoa của danh y Galen
topic_belief_2,0,,ai mới thực sự là kẻ khơi mào các cuộc Thập Tự Chinh
topic_belief_3,0,,phương pháp biện chứng của thuyết kinh viện
topic_belief_4,0,,những luận giải của Avicenna về triết gia Aristotle
topic_belief_5,0,,sự phụ thuộc mù quáng vào thuật chiêm tinh
topic_belief_6,0,,quan niệm ác quỷ gieo rắc mầm mống bệnh tật
topic_belief_7,0,,thuật phù thủy và các bài thuốc chữa lành dân gian
topic_belief_8,0,,việc tái lập chế độ phong kiến nông nô
topic_belief_9,0,,lý tưởng tình yêu cung đình lãng mạn
topic_belief_10,0,,chế độ quân chủ chuyên chế
topic_belief_11,0,,nhân vật sủng thần hoàng gia Piers Gaveston
topic_belief_12,0,,tục ăn thịt đồng loại ghê rợn
topic_belief_13,0,,việc các tín đồ Pagan tự sáng tạo ra các nghi lễ mới
reaction_verb_default_1,0,,dường như
reaction_verb_default_2,0,,có vẻ
reaction_verb_default_3,0,,nghe như
reaction_verb_default_4,0,,trông như
reaction_verb_default_5,0,,bỗng trở nên bất thường
reaction_verb_default_6,0,,thực sự
reaction_verynegative_1,0,,bị sốc nặng
reaction_verynegative_2,0,,vô cùng bực bội
reaction_verynegative_3,0,,cực kỳ khó chịu
reaction_verynegative_4,0,,muốn gây hấn đối đầu
reaction_verynegative_5,0,,đau khổ cùng cực
reaction_verynegative_6,0,,bực tức nghẹn lời
reaction_negative_1,0,,trĩu nặng lo âu
reaction_negative_2,0,,khó chịu ra mặt
reaction_negative_3,0,,không tán thành
reaction_negative_4,0,,phật ý trong lòng
reaction_negative_5,0,,sẵn sàng tranh cãi tay đôi
reaction_negative_6,0,,lặng lẽ khép mình
reaction_negative_7,0,,tội nghiệp đáng thương
reaction_negative_8,0,,nóng lòng muốn rời đi
reaction_neutral_1,0,,tinh nghịch hóm hỉnh
reaction_neutral_2,0,,cảm thấy bối rối khó hiểu
reaction_neutral_3,0,,thờ ơ không bận tâm
reaction_neutral_4,0,,xao nhãng mất tập trung
reaction_neutral_5,0,,bối rối hoang mang
reaction_neutral_6,0,,thản nhiên như không
reaction_neutral_7,0,,hoàn toàn không hay biết gì
reaction_neutral_8,0,,hoàn toàn thư thái nhẹ nhõm
reaction_neutral_9,0,,trẻ con ngây ngô
reaction_neutral_10,0,,điềm tĩnh ung dung
reaction_positive_1,0,,thích thú hào hứng
reaction_positive_2,0,,e ấp thẹn thùng
reaction_positive_3,0,,tràn đầy hy vọng
reaction_positive_4,0,,thầm biết ơn
reaction_positive_5,0,,trân trọng đón nhận
reaction_positive_6,0,,hứng thú
reaction_verypositive_1,0,,nhiệt huyết
reaction_verypositive_2,0,,phấn khích
reaction_verypositive_3,0,,buồn cười
reaction_verypositive_4,0,,tán tỉnh lả lơi
reaction_verypositive_5,0,,mê đắm say mê
hit_action_default_1,0,,tấn công vào
hit_action_default_2,0,,came tại
hit_action_default_3,0,,giáng đòn vào
hit_action_default_4,0,,tiến công áp sát vào
hit_action_default_5,0,,công kích dồn dập vào
hit_action_default_6,0,,tấn công assaulted
hit_action_default_7,0,,tấn công beset
hit_action_default_8,0,,tấn công lay into
hit_action_default_9,0,,tấn công set upon
hit_action_default_10,0,,tấn công surprised
hit_action_default_11,0,,tấn công ambushed
hit_action_default_12,0,,hemmed trong
hit_action_default_13,0,,tấn công rounded upon
hit_action_default_14,0,,flew tại
hit_action_default_15,0,,tấn công blindsided
hit_action_ranged_1,0,,bắn trúng at
hit_action_ranged_2,0,,tấn công targeted
hit_action_ranged_3,0,,tấn công unleashed missiles upon
hit_action_ranged_4,0,,tấn công fired upon
hit_action_ranged_5,0,,bắn trúng down
hit_action_ranged_6,0,,tấn công bombarded
hit_action_ranged_7,0,,launched tại
hit_action_ranged_8,0,,opened fire trên
hit_action_ranged_9,0,,tấn công aimed towards
hit_action_ranged_10,0,,tấn công set [his/her] sights upon
hit_action_ranged_11,0,,phóng tên bay vút về phía
hit_action_sharp_1,0,,vồ tới chém mạnh vào
hit_action_sharp_2,0,,bổ nhát gươm xuống
hit_action_sharp_3,0,,rạch một đường sâu vào
hit_action_sharp_4,0,,chém mạnh vào
hit_action_sharp_5,0,,bổ rìu xé thịt vào
hit_action_sharp_6,0,,đâm mũi kiếm xuyên qua
hit_action_sharp_7,0,,chém toạc một vết vào
hit_action_sharp_8,0,,chém ngọt vào
hit_action_sharp_9,0,,đâm thọc hiểm hóc vào
hit_action_sharp_10,0,,đâm lén mũi dao vào
hit_action_sharp_11,0,,cào rách da thịt của
hit_action_pointy_1,0,,lao tới đâm thẳng vào
hit_action_pointy_2,0,,xung phong húc mạnh vào
hit_action_pointy_3,0,,lao như bay vào
hit_action_pointy_4,0,,truy kích dồn dập vào
hit_action_pointy_5,0,,đâm cọc xuyên qua
hit_action_pointy_6,0,,đâm rách thịt của
hit_action_pointy_7,0,,húc thủng người của
hit_action_pointy_8,0,,đâm thủng lớp giáp của
hit_action_pointy_9,0,,đâm mũi nhọn vào
hit_action_pointy_10,0,,xiên mũi giáo xuyên qua
hit_action_pointy_11,0,,đâm thủng lỗ chỗ trên
hit_action_blunt_1,0,,vung đòn lao vào
hit_action_blunt_2,0,,nện đòn sấm sét vào
hit_action_blunt_3,0,,đập túi bụi vào
hit_action_blunt_4,0,,vồ lấy quật ngã
hit_action_blunt_5,0,,phang chùy vào
hit_action_blunt_6,0,,nện búa giáng mạnh vào
hit_action_blunt_7,0,,đập tơi bời vào
hit_action_blunt_8,0,,húc như đại bác vào
hit_action_blunt_9,0,,nghiền nát thân thể của
hit_action_blunt_10,0,,đánh gục ngã hoàn toàn
hit_action_blunt_11,0,,tàn phá nghiền nát
beast_hit_action_default_1,0,,cắn xé hung hãn
beast_hit_action_default_2,0,,tấn công điên cuồng
beast_hit_action_default_3,0,,làm tan nát thân thể
beast_hit_action_default_4,0,,hành hạ tàn bạo
beast_hit_action_default_5,0,,truy đuổi ráo riết
beast_hit_action_default_6,0,,quấy phá liên tục
beast_hit_action_default_7,0,,lao vào tấn công
beast_hit_action_clawed_1,0,,cào rách da thịt
beast_hit_action_clawed_2,0,,cào toạc da thịt của
beast_hit_action_clawed_3,0,,cào rách toạc
beast_hit_action_clawed_4,0,,vung vuốt sắc cào vào
beast_hit_action_clawed_5,0,,cào xước vào
beast_hit_action_clawed_6,0,,khoét sâu móng vào
beast_hit_action_hoofed_1,0,,giẫm đạp thô bạo
beast_hit_action_hoofed_2,0,,cắn ngoạm
beast_hit_action_hoofed_3,0,,giẫm đạp mạnh lên
beast_hit_action_hoofed_4,0,,húc văng vào
beast_hit_action_hoofed_5,0,,đè bẹp dúm
beast_hit_action_hoofed_6,0,,nện chân liên hồi
beast_hit_action_bird_1,0,,găm những móng vuốt sắc nhọn vào
beast_hit_action_bird_2,0,,mổ liên tục vào
beast_hit_action_bird_3,0,,sà cánh lao thẳng vào
beast_hit_action_bird_4,0,,mổ nhấm rỉa vào
beast_hit_action_bird_5,0,,mổ khoét sâu vào
beast_hit_action_bird_6,0,,quấy nhiễu dữ dội
block_description_default_1,0,,đỡ được đòn đánh trong gang tấc
block_description_default_2,0,,hấp thụ và hóa giải sát thương
block_description_default_3,0,,hóa giải hoàn toàn lực đánh
block_description_default_4,0,,che chắn bảo vệ đầy vững chắc
block_description_default_5,0,,chứng minh giá trị khi cứu mạng [him/her] khỏi cái chết mười mươi
block_description_default_6,0,,đem lại sự che chở cứu sống mạng người
block_description_default_7,0,,ngăn chặn được phần nguy hiểm nhất của đòn đánh
block_description_default_8,0,,bảo vệ [him/her] an toàn khỏi thương tích
block_description_default_9,0,,giúp [him/her] hoàn toàn bình an vô sự
block_description_default_10,0,,"kiên cố bất khả xâm phạm, cứu mạng [him/her]"
block_description_default_11,0,,làm chệch hướng đòn đánh một cách thần kỳ
hit_description_fatal_1,0,,một cách tàn bạo
hit_description_fatal_2,0,,một cách không khoan nhượng
hit_description_fatal_3,0,,một cách điên cuồng
hit_description_fatal_4,0,,một cách đầy uy lực
hit_description_fatal_5,0,,một cách dũng mãnh
hit_description_fatal_6,0,,một cách dữ dội
hit_description_fatal_7,0,,một cách tàn nhẫn
hit_description_fatal_8,0,,một cách hung tợn
hit_description_fatal_9,0,,một cách điêu luyện
hit_description_default_1,0,,một cách thù hằn
hit_description_default_2,0,,một cách có chủ đích
hit_description_default_3,0,,một cách dứt khoát
hit_description_default_4,0,,một cách bài bản
hit_description_default_5,0,,một cách nhiệt huyết
hit_description_default_6,0,,một cách tàn nhẫn
hit_description_default_7,0,,một cách thành thạo
hit_description_default_8,0,,một cách chuẩn xác
hit_description_default_9,0,,một cách đáng khâm phục
with_default_1,0,,bằng
with_default_2,0,,bằng [his/her]
wounding_default_1,0,,phải gánh chịu một
wounding_default_2,0,,bị dính một
wounding_default_3,0,,gào thét cầu cứu khi [his/her]
wounding_default_4,0,,trở nên điên loạn vì [his/her]
wounding_default_5,0,,vẫn giữ bình tĩnh dù [his/her]
wounding_default_6,0,,vô cùng hoảng hốt trước [his/her]
wounding_default_7,0,,lập tức cảm thấy [his/her]
wounding_default_8,0,,khóc nức nở khi biết [he/she] bị dính một
wounding_default_9,0,,kết cục phải chịu một
wounding_default_10,0,,kinh hoàng nhận ra [he/she] bị dính một
wounding_default_11,0,,chưa kịp định thần thì [he/she] đã bị dính một
wounding_default_12,0,,bị một vết thương
wounding_default_13,0,,cảm nhận nỗi đau rát bỏng của một
wounding_default_14,0,,bị dính một vết thương
wounding_default_15,0,,giờ đây phải chịu đựng một
wounding_default_16,0,,phải gánh chịu một
carrying_verb_1,0,,khiêng đi
carrying_verb_2,0,,dũng cảm cứu thoát
carrying_verb_3,0,,nhẹ nhàng cõng
carrying_verb_4,0,,anh dũng giải cứu
carrying_verb_5,0,,nhanh chóng đưa về
carrying_verb_6,0,,kịp thời ứng cứu
carrying_verb_7,0,,bế lấy
carrying_verb_8,0,,đón lấy
carrying_verb_9,0,,đưa trở về
carrying_verb_10,0,,vận chuyển an toàn về
carrying_verb_11,0,,giải thoát thành công
carrying_verb_12,0,,kéo ra khỏi vùng nguy hiểm
carrying_verb_13,0,,đưa về nơi điều trị
carrying_verb_14,0,,hộ tống an toàn về
carrying_verb_15,0,,vác lên vai
carrying_verb_16,0,,khiêng đi
carrying_verb_17,0,,nhấc lên
carrying_adjective _1,0,,bất tỉnh
carrying_adjective _2,0,,Chảy máu
carrying_adjective _3,0,,bị thương
carrying_adjective _4,0,,thương tích
carrying_adjective _5,0,,tan nát
carrying_adjective _6,0,,tàn phế
carrying_adjective _7,0,,bỏng cháy
carrying_adjective _8,0,,đói lả
death_default_1,0,,<agent_name> đã tử nạn.
death_default_2,0,,<agent_name> trút hơi thở cuối cùng đứt quãng của [his/her].
death_default_3,0,,<agent_name> đã qua đời.
death_default_4,0,,<agent_name> đã qua đời sau cơn hấp hối kéo dài.
death_default_5,0,,<agent_name> đã từ giã cõi đời.
death_default_6,0,,Và thế là <agent_name> đã trút hơi thở cuối cùng.
death_default_7,0,,<agent_name> đã tử vong ngay tức khắc.
death_default_8,0,,<agent_name> đã qua đời trong đau đớn tột cùng.
death_default_9,0,,"<agent_name> chìm vào giấc ngủ ngàn thu, vĩnh viễn không bao giờ tỉnh lại."
death_default_10,0,,<agent_name> đã chết thật rồi.
death_default_11,0,,<agent_name> gục ngã và tắt thở.
death_human_1,0,,"Lời trăng trối cuối cùng của dân làng trước khi nhắm mắt xuôi tay: ""<agent_name> departed this life, a strange smile trên [his/her] lips."""
death_human_2,0,,"Lời trăng trối cuối cùng của dân làng trước khi nhắm mắt xuôi tay: ""<agent_name> laid down [his/her] life."""
death_human_3,0,,"Lời trăng trối cuối cùng của dân làng trước khi nhắm mắt xuôi tay: ""<agent_name> passed từ this life."""
death_human_4,0,,Đây là ngày định mệnh <agent_name> bước vào cõi vĩnh hằng của [his/her].
death_human_5,0,,"Lời trăng trối cuối cùng của dân làng trước khi nhắm mắt xuôi tay: ""<agent_name> knew [he/she] would now meet [his/her] maker."""
death_human_6,0,,<agent_name> biết rằng hồi kết đã điểm.
death_human_7,0,,"Alas, <agent_name> lives Không more."
death_human_8,0,,"Lời trăng trối cuối cùng của dân làng trước khi nhắm mắt xuôi tay: ""<agent_name> felt [his/her] vision dim. Death awaited [him/her]."""
death_human_9,0,,"Lời trăng trối cuối cùng của dân làng trước khi nhắm mắt xuôi tay: ""<agent_name> succumbed để Reaper's scythe"""
death_human_10,0,,"Lời trăng trối cuối cùng của dân làng trước khi nhắm mắt xuôi tay: ""<agent_name> felt borne aloft by Azrael's wings as [he/she] died"""
death_human_11,0,,<agent_name> nghe thấy tiếng vó ngựa trắng tử thần đang tiến lại gần. Thần Chết đã đến bên [him/her].
death_human_12,0,,<agent_name> nhìn thấy thể xác của [his/her] trôi dần về phía dưới và hiểu rằng mọi chuyện đã kết thúc.
death_human_13,0,,"Lời trăng trối cuối cùng của dân làng trước khi nhắm mắt xuôi tay: ""<agent_name> fought. But Fates had already cut [his/her] mortal thread."""
death_human_14,0,,Đàn quạ của nữ thần Morrígan lượn vòng trên cao. <agent_name> thanh thản đón nhận cái chết.
death_human_15,0,,"Lời trăng trối cuối cùng của dân làng trước khi nhắm mắt xuôi tay: ""<agent_name> surrendered để death's icy embrace."""
death_human_16,0,,<agent_name> rời xa bến bờ của cõi dương. Người lái đò sang thế giới bên kia đang chờ đợi.
death_human_17,0,,<agent_name> đã sẵn sàng buông bỏ mọi sự trần thế. Đã đến lúc ra đi.
death_human_18,0,,<agent_name> trút hơi thở cuối cùng. Mọi đắng cay đã khép lại.
death_human_19,0,,"Lời trăng trối cuối cùng của dân làng trước khi nhắm mắt xuôi tay: ""As <agent_name> took a final breath,  world's mysteries faded into oblivion."""
lastwords_default_1,0,,Chỉ có thế thôi sao?
lastwords_default_2,0,,...
lastwords_default_3,0,,Hẹn ngày ta tái ngộ.
lastwords_default_4,0,,Chẳng lẽ ta nói còn chưa đủ sao?
lastwords_default_5,0,,Ta cần một ngụm rượu...
lastwords_default_6,0,,Đó là một bước nhảy vào cõi hư vô.
lastwords_default_7,0,,Ta lạnh quá...
lastwords_default_8,0,,Nơi này rực rỡ ngàn vì sao...
lastwords_default_9,0,,Ta sẽ chỉ cho ngươi nơi ta giấu vàng...
lastwords_default_10,0,,Ta đã nếm thấy vị thần chết trên môi.
lastwords_default_11,0,,Chúc ngủ ngon.
lastwords_default_12,0,,Thà bùng cháy rực rỡ còn hơn tàn lụi dần
lastwords_default_13,0,,Ta đã có một chặng đường tuyệt đẹp.
lastwords_default_14,0,,Quả là một nơi tuyệt vời để nhắm mắt xuôi tay.
lastwords_default_15,0,,Ta đi đây...
lastwords_default_16,0,,Con xin ăn năn thống hối!
lastwords_default_17,0,,Phần còn lại chỉ là sự tĩnh lặng vĩnh hằng.
lastwords_default_18,0,,Ta cảm nhận bàn tay buốt giá của Tử thần
lastwords_default_19,0,,Xin tha mạng!
lastwords_default_20,0,,"Khoan đã, ta cần thu xếp việc dang dở..."
lastwords_default_21,0,,"Hỡi Tử thần, nọc độc của ngươi ở đâu?"
lastwords_default_22,0,,Hồn ma ta sẽ ám các ngươi. Cứ chờ mà xem!
lastwords_default_23,0,,"Hãy chôn ta dưới chân đồi, bên cạnh Vị Vua Tiên Tộc."
lastwords_default_24,0,,Khoan đã! Ta phải xưng tội!
healing_default_1,0,,đã điều trị
healing_default_2,0,,cared cho
healing_default_3,0,,đã chữa trị
healing_default_4,0,,đã rửa sạch vết thương
healing_default_5,0,,đã chăm sóc
healing_default_6,0,,ministered đến
healing_default_7,0,,assisted với
healing_default_8,0,,hỗ trợ điều trị
healing_default_9,0,,cứu chữa lành
healing_default_10,0,,xoa dịu cơn đau cho
healing_default_11,0,,băng bó vết thương
healing_default_12,0,,chăm sóc tận tình cho
healing_default_13,0,,túc trực chăm nom
unconscious_default_1,0,,<agent_name> đã ngất đi.
unconscious_default_2,0,,<agent_name> lịm đi và hoàn toàn bất tỉnh.
unconscious_default_3,0,,<agent_name> hoa mắt tối sầm mặt mũi.
unconscious_default_4,0,,<agent_name> rơi vào trạng thái hôn mê.
unconscious_default_5,0,,<agent_name> đã hoàn toàn bất tỉnh nhân sự.
unconscious_default_6,0,,<agent_name> gục ngã xuống đất.
unconscious_default_7,0,,<agent_name> ngã quỵ xuống.
unconscious_default_8,0,,<agent_name> ngất xỉu vì kiệt sức.
unconscious_default_9,0,,<agent_name> không còn phản ứng gì.
unconscious_default_10,0,,<agent_name> nằm bất động như đã qua đời.
unconscious_default_11,0,,<agent_name> hoàn toàn tê liệt bất động.
unconscious_default_12,0,,<agent_name> mất đi ý thức tỉnh táo.
unconscious_default_13,0,,<agent_name> ngã vật ra sàn.
unconscious_default_14,0,,<agent_name> mê man không còn hay biết gì.
unconscious_default_15,0,,<agent_name> chìm vào cơn mê man sâu.
event_backgammon_positive,0,,<target_name> quả thực là một tay cờ đại tài. <agent_name> vô cùng thích thú khi được giao đấu cùng #2[him/her].
event_backgammon_negative,0,,<agent_name> biết ngay <target_name> là kẻ gian trá. Rõ ràng #2[he/she] đã lén di chuyển quân cờ khi không ai để ý.
event_ate_at_table_positive,0,,"Không chỉ bữa ăn thơm ngon tuyệt hảo, mà <agent_name> còn cảm thấy <target_name> là một người bạn cùng bàn vô cùng hòa nhã và thú vị."
event_ate_at_table_negative,0,,<agent_name> không thể nào nuốt trôi khi <target_name> vừa nhai nhồm nhoàm vừa thiếu hẳn phép lịch sự tối thiểu trên bàn ăn.
event_prayed_together_positive,0,,<agent_name> cảm thấy tâm hồn thật nhẹ nhõm và thanh thản trước sự hiện diện trang nghiêm của <target_name> khi cả hai cùng cầu nguyện. Điều đó mang lại bình yên sâu sắc cho #1[him/her].
event_prayed_together_negative,0,,<agent_name> rất cần một khoảnh khắc tĩnh tâm lắng đọng. Nhưng những điệu bộ cầu nguyện phô trương màu mè của <target_name> đã phá hỏng tất cả.
event_slept_in_same_room_positive,0,,<agent_name> cảm thấy vô cùng ấm cúng và luôn có được giấc ngủ ngon lành khi ngủ cùng phòng với <target_name>.
event_slept_in_same_room_negative,0,,<agent_name> là người bạn cùng phòng tệ hại nhất trần đời: tiếng ngáy vang như sấm làm rung chuyển cả xà nhà. <target_name> hoàn toàn không tài nào chợp mắt nổi.
event_saw_drunk_settler_positive,0,,<agent_name> nhận thấy <target_name> trở nên cực kỳ hóm hỉnh và đáng yêu khi #2[he/she] ngà ngà say. Họ đã cùng nhau cười đùa vô cùng sảng khoái.
event_saw_drunk_settler_negative,0,,<agent_name> không thể nào chịu nổi bộ dạng của <target_name> khi #2[he/she] say xỉn. <target_name> khi say nếu không hung hăng gây gổ thì cũng rầu rĩ ủ ê.
event_saw_cannibal_butchering_positive,0,,<agent_name> thực sự trầm trồ trước sự điêu luyện và thuần thục của <target_name> khi mổ xẻ cái xác người.
event_saw_cannibal_butchering_negative,0,,<agent_name> không thể nào chịu đựng nổi khi phải chứng kiến cảnh <target_name> đang lọc từng thớ thịt người.
event_saw_cannibal_cooking_positive,0,,<agent_name> rất nóng lòng muốn thưởng thức món ăn mà <target_name> sắp dọn lên. #2[He/She] luôn cực kỳ sáng tạo mỗi khi có thịt người trong thực đơn.
event_saw_cannibal_cooking_negative,0,,<agent_name> ngửi thấy mùi khét lẹt khi <target_name> nướng những tảng thịt người. Mùi vị ghê tởm ấy khiến #1[him/her] buồn nôn dữ dội.
event_saw_cannibal_eating_positive,0,,<agent_name> cho rằng việc thưởng thức một chút thịt người sẽ rất bổ dưỡng cho <target_name>.
event_saw_cannibal_eating_negative,0,,<target_name> đang ngấu nghiến gặm thịt người. <agent_name> vô cùng phẫn nộ và ghê tởm hành vi này.
event_saw_failed_construction_positive,0,,"<agent_name> nhìn thấy <target_name> đang phải chật vật xoay xở với công trình xây dựng, và thầm thấy thương cho #2[him/her]."
event_saw_failed_construction_negative,0,,<agent_name> cho rằng <target_name> đang làm hổ thẹn mọi người với tay nghề xây dựng quá đỗi cẩu thả và yếu kém.
event_saw_failed_harvest_positive,0,,"<agent_name> nhận ra <target_name> đã lóng ngóng làm hỏng mùa màng thu hoạch, và tự hỏi liệu sau này #1[he/she] có nên sang giúp một tay hay không."
event_saw_failed_harvest_negative,0,,<agent_name> nổi cơn lôi đình khi thấy <target_name> đã làm hỏng cả vụ mùa. #1[He/She] căm ghét việc bao nhiêu mồ hôi công sức bị vứt bỏ hoang phí.
event_saw_failed_digging_positive,0,,"<agent_name> nghĩ rằng <target_name> sẽ tiến bộ hơn nếu có người hướng dẫn tận tình, bởi công việc đào đất của #2[his/her] chẳng thu hoạch được là bao."
event_saw_failed_digging_negative,0,,<agent_name> không thể tin nổi <target_name> đã hì hục đào xới suốt bấy lâu mà kết quả mang lại lại thảm hại đến mức này.
event_saw_failed_chopping_negative,0,,<agent_name> chứng kiến một thân gỗ tốt bị <target_name> chặt chém vụng về nham nhở và chỉ muốn mắng cho <target_name> một bài học thích đáng.
event_saw_failed_chopping_positive,0,,<agent_name> không thể nhịn được cười khi thấy <target_name> là tay tiều phu lóng ngóng vụng về nhất trần đời.
event_saw_flimsy_production_positive,0,,"<agent_name> rất thích nhìn thấy <target_name> thỏa sức thử nghiệm sự sáng tạo của mình, ngay cả khi món đồ <item_name> làm ra trông chẳng đâu vào đâu."
event_saw_flimsy_production_negative,0,,<agent_name> vô cùng thất vọng và xót xa khi <target_name> đã phung phí bao nhiêu nguyên liệu quý chỉ để tạo ra một món <item_name> vô dụng.
event_saw_flawless_production_negative,0,,<agent_name> ghen tị đỏ mắt khi thấy <target_name> kiêu hãnh khoe món đồ <item_name> tuyệt mỹ do chính tay #2[his/her] chế tác.
event_saw_flawless_production_positive,0,,<agent_name> chưa từng được chiêm ngưỡng một món <item_name> nào tinh xảo và hoàn mỹ đến nhường này. #1[He/She] nghĩ <target_name> hoàn toàn xứng đáng tự hào về kiệt tác ấy.
event_consumed_food_positive,0,,<agent_name> luôn háo hức mong chờ những món ăn thơm ngon nức mũi do chính tay <target_name> nấu nướng.
event_consumed_food_negative,0,,<agent_name> kinh hãi mỗi khi nghĩ tới những món ăn tệ hại sắp phải nuốt khi <target_name> bước vào bếp.
event_consumed_drink_positive,0,,<agent_name> biết chắc #1[he/she] sẽ được thưởng thức những vò rượu thơm ngon mỹ vị nếu chính tay <target_name> ủ chế.
event_consumed_drink_negative,0,,"<agent_name> thầm ước <target_name> đừng bao giờ pha chế những thứ nước uống kinh dị đó nữa, để #1[he/she] không bị buộc phải nhắm mắt nuốt vào bụng."
event_interacted_with_chair_positive,0,,<agent_name> vô cùng hài lòng và thích thú khi được ngồi trên chiếc <item_name> êm ái mà <target_name> đã dày công đóng nên.
event_interacted_with_chair_negative,0,,<agent_name> nghĩ rằng đây có lẽ là chiếc <item_name> cứng nhắc và khó chịu nhất mà <target_name> từng tạo ra.
event_interacted_with_art_positive,0,,<agent_name> luôn cảm thấy thư thái và say mê mỗi khi được ngắm nhìn tác phẩm <item_name> mà <target_name> đã sáng tạo.
event_interacted_with_art_negative,0,,<agent_name> thầm ước gì <target_name> chưa từng tạo ra một tác phẩm <item_name> xấu xí và kệch cỡm đến như thế này.
event_interacted_with_bed_positive,0,,<agent_name> cảm thấy vô cùng êm ái và dễ chịu khi được ngả lưng trên chiếc giường <item_name> ấm áp do <target_name> đóng.
event_interacted_with_bed_negative,0,,<agent_name> thực sự căm ghét chiếc giường <item_name> thô kệch và ọp ẹp mà <target_name> đã dựng nên.
event_interacted_with_weapon_positive,0,,<agent_name> vô cùng khâm phục khi vũ khí <item_name> của <target_name> luôn sắc bén và chưa từng làm họ thất vọng trong chiến trận.
event_interacted_with_weapon_negative,0,,"Thật đúng là trò cười của <target_name>, rèn cho ta một món vũ khí <item_name> cùn mằn vô dụng, <agent_name> càu nhàu bực bội."
event_interacted_with_shield_positive,0,,"Chiếc khiên <item_name> của <target_name> chống đỡ đòn đánh thật quá đỗi kiên cố, <agent_name> thầm nghĩ đầy thán phục."
event_interacted_with_shield_negative,0,,<agent_name> càu nhàu bực bội rằng chiếc khiên <item_name> mà <target_name> làm ra chỉ là một đống phế phẩm vô dụng.
event_interacted_with_armour_positive,0,,<agent_name> vô cùng biết ơn <target_name> vì đã rèn nên bộ giáp <item_name> kiên cố và vững chãi đến nhường này.
event_interacted_with_armour_negative,0,,<agent_name> thầm ân hận vì #1[he/she] đã trót tin tưởng giao phó cho <target_name> rèn bộ giáp <item_name> này.
event_interacted_with_garment_positive,0,,<agent_name> cảm thấy vô cùng thoải mái và tự hào khi được mặc bộ y phục <item_name> do chính tay <target_name> may dệt khéo léo.
event_interacted_with_garment_negative,0,,<agent_name> cảm thấy vô cùng bứt rứt khó chịu khi khoác lên mình bộ y phục <item_name> này; hẳn là <target_name> đã cắt may quá đỗi cẩu thả.
effector_name_AffectionPlayedBackgammonPositive,0,,Trận đấu cờ thỏ cáo (Backgammon) vô cùng thú vị
effector_name_AffectionPlayedBackgammonNegative,0,,Gian lận trắng trợn khi chơi cờ thỏ cáo
effector_name_AffectionAteAtTablePositive,0,,Cùng nhau thưởng thức bữa ăn ấm cúng
effector_name_AffectionAteAtTableNegative,0,,Bữa ăn khó chịu đầy bực bội
effector_name_AffectionPrayedTogetherPositive,0,,Cùng nhau cầu nguyện chân thành
effector_name_AffectionPrayedTogetherNegative,0,,Buổi cầu nguyện đầy bất an
effector_name_AffectionSleptInSameRoomPositive,0,,Người cùng phòng dễ chịu
effector_name_AffectionSleptInSameRoomNegative,0,,Cơn ác mộng khi ngủ gần
effector_name_AffectionSawDrunkSettlerPositive,0,,Thấy [Him/Her] say xỉn một cách hài hước
effector_name_AffectionSawDrunkSettlerNegative,0,,Thấy [Him/Her] say khướt bê tha đáng xấu hổ
effector_name_AffectionSawCannibalButcheringPositive,0,,Thấy [Him/Her] mổ xẻ thịt người vô cùng điêu luyện
effector_name_AffectionSawCannibalButcheringNegative,0,,Thấy [Him/Her] mổ xẻ thịt người ghê rợn tàn nhẫn
effector_name_AffectionSawCannibalCookingPositive,0,,Thấy [Him/Her] nấu món thịt người thơm ngon
effector_name_AffectionSawCannibaCookingNegative,0,,Thấy [Him/Her] nấu món thịt người kinh tởm
effector_name_AffectionSawCannibalEatingPositive,0,,Thấy [Him/Her] ngon miệng thưởng thức thịt người
effector_name_AffectionSawCannibalEatingNegative,0,,Thấy [Him/Her] ngấu nghiến ăn thịt người ghê tởm
effector_name_AffectionConsumedFoodPositive,0,,Thưởng thức món ăn ngon tuyệt do [he/she] tự tay nấu
effector_name_AffectionConsumedFoodNegative,0,,Phải ăn món ăn dở tệ do [he/she] nấu
effector_name_AffectionConsumedDrinkPositive,0,,Thưởng thức đồ uống giải khát mát lành do [he/she] ủ
effector_name_AffectionConsumedDrinNegative,0,,Uống phải thứ rượu nhạt nhẽo vô vị do [he/she] làm
effector_name_AffectionSawFailedConstructionPositive,0,,[He/She] đã xây dựng tệ đến buồn cười
effector_name_AffectionSawFailedConstructionNegative,0,,[He/She] đã xây dựng tệ đến đáng lo
effector_name_AffectionSawFailedHarvestPositive,0,,[He/She] lóng ngóng làm hỏng vụ mùa
effector_name_AffectionSawFailedHarvestNegative,0,,[He/She] làm hỏng vụ thu hoạch hoa màu
effector_name_AffectionSawFailedDiggingPositive,0,,[He/She] làm vỡ vụn quặng khi khai thác
effector_name_AffectionSawFailedDiggingNegative,0,,[He/She] làm hỏng sản lượng quặng mỏ
effector_name_AffectionSawFailedChoppingPositive,0,,[He/She] đốn cây làm hỏng mất thân gỗ tốt
effector_name_AffectionSawFailedChoppingNegative,0,,[He/She] chặt gỗ vụng về làm hỏng cây
effector_name_AffectionSawFlimsyProductionPositive,0,,[He/She] làm ra một món đồ chất lượng kém
effector_name_AffectionSawFlimsyProductionNegative,0,,[He/She] chế tạo vật phẩm tạm bợ cẩu thả
effector_name_AffectionSawFlawlessProductionPositive,0,,[He/She] tạo nên một kiệt tác hoàn mỹ đáng kinh ngạc
effector_name_AffectionSawFlawlessProductionNegative,0,,[He/She] khoe khoang tự phụ vì tạo ra kiệt tác
effector_name_AffectionInteractedWithChairPositive,0,,[He/She] có gu thẩm mỹ đồ nội thất thật tinh tế
effector_name_AffectionInteractedWithChairNegative,0,,[He/She] đóng bàn ghế có kiểu dáng rất khó chịu
effector_name_AffectionInteractedWithArtPositive,0,,[He/She] tạo nên bộ sưu tập nghệ thuật đầy trang nhã
effector_name_AffectionInteractedWithArtNegative,0,,[He/She] có gu thưởng thức nghệ thuật xấu xí kỳ quặc
effector_name_AffectionInteractedWithBedPositive,0,,[He/She] đóng chiếc giường nằm thật êm ái thoải mái
effector_name_AffectionInteractedWithBedNegative,0,,[He/She] đóng chiếc giường nệm rất khó nằm
effector_name_AffectionInteractedWithWeaponPositive,0,,[He/She] đã chế tạo một vũ khí tuyệt mỹ
effector_name_AffectionInteractedWithWeaponNegative,0,,[He/She] đã chế tạo một vũ khí kém chất lượng
effector_name_AffectionInteractedWithShieldPositive,0,,[He/She] rèn chiếc khiên che chắn vô cùng vững chãi
effector_name_AffectionInteractedWithShieldNegative,0,,[He/She] làm chiếc khiên tạm bợ gần như vô dụng
effector_name_AffectionInteractedWithArmouPositive,0,,[He/She] rèn nên một bộ giáp trụ xuất sắc kiên cố
effector_name_AffectionInteractedWithArmouNegative,0,,[He/She] rèn bộ giáp trụ quá mỏng manh xoàng xĩnh
effector_name_AffectionInteractedWithGarmentPositive,0,,[He/She] may một bộ trang phục đẹp mắt tuyệt vời
effector_name_AffectionInteractedWithGarmentNegative,0,,[He/She] may trang phục luộm thuộm không vừa vặn
event_belief_near_death_christian_to_pagan,0,,"Đối mặt với ranh giới sinh tử, <agent_name> không tìm thấy bất kỳ sự an ủi nào nơi Thiên Chúa, chỉ thấy bóng tối mịt mùng và sự kinh hoàng tột độ. Đức tin của [his/her] đã hoàn toàn sụp đổ."
event_belief_near_death_pagan_to_christian,0,,"Chẳng có sừng rượu mật ong nào nơi cõi tiên Tír na nÓg đón chờ <agent_name>; giữa vòng tay lạnh lẽo của tử thần, [he/she] chỉ cảm nhận thấy sự trống rỗng cay đắng."
event_belief_intoxication_christian_to_pagan,0,,"Chìm sâu trong men rượu say nồng, <agent_name> bỗng dâng lên một dự cảm chắc chắn đến rợn người rằng chẳng có vị Thiên Chúa nào đoái hoài cứu rỗi [him/her]."
event_belief_intoxication_pagan_to_christian,0,,"Trong cơn say chếnh choáng, <agent_name> đau đớn nhận ra các Cổ Thần từ lâu đã ruồng bỏ mảnh đất này cùng tất cả những sinh linh cư ngụ trên đó."
event_belief_friend_died_christian_to_pagan,0,,"Liệu Thiên Chúa có thật sự hiện hữu? Nếu có, Ngài ắt đã không nhẫn tâm để bạn hữu của <agent_name> phải lìa đời một cách thảm thương đến thế."
event_belief_friend_died_pagan_to_christian,0,,"<agent_name> hoàn toàn từ bỏ niềm tin vào các Cổ Thần, khi chứng kiến các đấng tối cao trơ mắt nhìn bạn hữu của [his/her] bỏ mạng."
event_belief_raid_lost_christian_to_pagan,0,,<agent_name> cay đắng nhận ra Thiên Chúa không đoái hoài ban cho [him/her] vinh quang chiến thắng nơi trận mạc.
event_belief_raid_lost_pagan_to_christian,0,,Nỗi uất hận trào dâng trong lòng <agent_name> khi các đấng bất tử chỉ khoanh tay đứng nhìn [he/she] bị quân thù đè bẹp.
event_belief_raid_won_christian_to_christian,0,,<agent_name> tin tưởng vững chắc rằng con đường và chính nghĩa của [his/hers] đã được Thiên Chúa chở che và soi sáng.
event_belief_raid_won_pagan_to_pagan,0,,Các Cổ Thần linh thiêng thời xa xưa đã ban phước cho <agent_name> sức mạnh vô song để đè bẹp kẻ thù.
event_belief_flawless_item_christian_to_christian,0,,"Đức tin của <agent_name> vào bàn tay dẫn dắt nhiệm màu của Thiên Chúa càng thêm sâu sắc, khi thành quả lao động của [his/her] đạt tới cảnh giới hoàn mỹ."
event_belief_flawless_item_pagan_to_pagan,0,,"Bằng sự che chở của các Cổ Thần, đôi bàn tay của <agent_name> đã tạo nên một tạo tác tuyệt mỹ không tì vết."
event_belief_flimsy_item_christian_to_pagan,0,,<agent_name> vô cùng thất vọng vì Chúa đã khiến [him/her] vụng về và bất tài đến vậy. 
event_belief_flimsy_item_pagan_to_christian,0,,"Khi cần thì Nữ thần dẫn lối ở đâu, <agent_name> tự hỏi trong lúc nhìn sản phẩm hỏng của [his/her]."
event_belief_nature_thunderstorm_pagan_to_christian,0,,Ta đã cầu nguyện nhầm các vị thần sao? <agent_name> tự hỏi giữa trận mưa xối xả từ trời cao.
event_belief_nature_thunderstorm_christian_to_pagan,0,,Ta đã cầu nguyện nhầm vị thần sao? <agent_name> tự hỏi khi trời đổ cơn mưa như trút nước.
event_belief_nature_hailstorm_pagan_to_christian,0,,<agent_name> cảm thấy chư thần chẳng quan tâm đến <village_name> khi để thời tiết này xảy ra - nếu họ thật sự là thần.
event_belief_nature_hailstorm_christian_to_pagan,0,,<agent_name> tin chắc trận mưa đá này là một điềm báo. Những lời cầu nguyện của [His/Her] đã không đến được Chúa.
event_belief_belief_nature_heatwave_pagan_to_christian,0,,<agent_name> khốn khổ khi cái nóng ngày càng gay gắt. Những lễ vật [His/Her] dâng lên chư thần của vùng đất đều vô ích.
event_belief_belief_nature_heatwave_christian_to_pagan,0,,"<agent_name> kiệt quệ trước cái nóng ngột ngạt. Một vị Chúa công bằng sẽ không để điều này xảy ra, [he/she] nghĩ."
event_belief_belief_nature_coldsnap_pagan_to_christian,0,,Vậy là chư thần muốn chúng ta chết cóng trên giường sao? <agent_name> đã quá chán những vị thần bất hợp tác khiến cuộc sống khốn khổ.
event_belief_belief_nature_coldsnap_christian_to_pagan,0,,"Con đã quỳ hàng giờ, lạy Chúa, cầu xin Ngài chăm nom đàn chiên tại <village_name>. Vậy mà Ngài muốn tất cả chúng con lạnh thấu xương sao?"
event_belief_belief_nature_blight_pagan_to_christian,0,,"<agent_name> nguyền rủa chư thần, và nguyền rủa [him/her]self vì đã thờ phụng những vị thần vô cảm ấy."
event_belief_belief_nature_blight_christian_to_pagan,0,,"Chúa vẫn không lay chuyển, ngay cả khi Ngài giáng dịch bệnh cây trồng để thử thách chúng ta. <agent_name> quyết định cầu nguyện những vị thần giàu lòng trắc ẩn hơn."
killed_by_default_1,0,,Bị sát hại bởi <other_name>
killed_by_default_2,0,,Bị tiêu diệt hoàn toàn bởi <other_name>
killed_by_default_3,0,,Bị xóa sổ bởi <other_name>
killed_by_default_4,0,,Bị hạ sát bởi <other_name>
killed_by_default_5,0,,Bị xử tử bởi <other_name>
killed_by_default_6,0,,Bị tàn sát bởi <other_name>
killed_by_default_7,0,,Bị kết liễu bởi <other_name>
village_location,0,,Vị Trí Khu Định Cư
override_stats,0,,Ghi Đè Chỉ Số Nhân Vật
villager_constraints,0,,Ràng Buộc Dân Làng Khởi Đầu
number_of_villagers,0,,Số Lượng Dân Làng Khởi Đầu
general_men,0,,Đàn Ông
general_woman,0,,Phụ Nữ
general_pagan,0,,Huynh Đệ Cây Sồi
general_christian,0,,Tín Đồ Phục Hưng
force_perks_chance,0,,Tỉ Lệ Ép Nhận Đặc Điểm
unlocked_tech,0,,Công Nghệ Đã Mở Khóa
starting_season,0,,Mùa Bắt Đầu Khởi Hành
scenario_default_1_title,0,,Khởi Đầu Mới
scenario_default_1_info,0,,"Mỗi dân làng đều mang trong mình một câu chuyện về quá khứ đã bỏ lại phía sau. Giờ đây, nhóm người phiêu bạt này cùng chung một lý tưởng: cùng nhau gây dựng một mái ấm mới."
scenario_default_1_narrative,0,,"Cơn đại dịch Cái Chết Đen đã tàn phá tan hoang khắp quần đảo Anh quốc, để lại vết tích hoang tàn và tang tóc trên mọi nẻo đường. Hàng triệu sinh linh đã phải vùi thây nơi nấm mồ lạnh giá. Những người may mắn còn sống sót rơi vào cảnh bần cùng khốn khó, tâm can hằn sâu vết sẹo từ muôn vàn cảnh tượng kinh hoàng mà họ đã tận mắt chứng kiến. Thế giới xưa cũ sẽ vĩnh viễn không bao giờ trở lại.\n\nVào <season_description> năm <year>, <all_villagers> đã cùng nhau tiến bước vào miền hoang dã để khai khẩn một mảnh đất cho riêng mình, đúng theo quyền hạn chính đáng của họ trước Thiên Chúa và Luật Pháp. Tại nơi đây, họ sẽ cùng nhau đặt những viên gạch nền móng đầu tiên cho tương lai. Và có lẽ, ngọn lửa hy vọng sẽ lại bừng sáng."
scenario_default_3_title,0,,Sói Đơn Độc
scenario_default_3_info,0,,"Khởi đầu chỉ với một dân làng đơn độc, nguồn tài nguyên ít ỏi giữa những điều kiện sinh tồn khắc nghiệt nhất."
scenario_default_3_narrative,0,,"Vượt qua cơn bão tuyết mịt mù, nhóm thợ săn cuối cùng trong năm lục tục trở về. Một thành viên đã mất tích và được cho là đã bỏ mạng. Cách xa khỏi những gì được gọi là văn minh loài người, <random_villager> chỉ còn biết dựa vào chính bản thân [his/her]. [He/She] nghiến chặt hàm răng và quyết tâm dựng xây một mái nhà giữa chốn hoang dã để chống chọi lại cái lạnh thấu xương. Âm thanh duy nhất bầu bạn chỉ là tiếng sói tru ai oán từ nơi xa xăm."
scenario_default_2_title,0,,Thanh Bình
scenario_default_2_info,0,,Không có bất kỳ cuộc tấn công nào từ kẻ thù. Hãy chọn chế độ này nếu bạn muốn thư thái tập trung xây dựng kiến trúc khu định cư và chăm sóc chu đáo cho dân làng.
scenario_default_2_narrative,0,,"<random_villager> đưa mắt nhìn quanh nhóm người đang đói lả, rồi thẳng thắn nói ra điều hiển nhiên: 'Chúng ta đâu còn đủ sức để chém giết, phải không?' Khi thấy mọi người còn đang ngập ngừng do dự, [he/she] nói tiếp: 'Sao chúng ta không dồn toàn tâm toàn ý vào việc xây dựng? Gây dựng một nơi mà ta có thể gọi là nhà, một chốn trú ẩn vững chãi trước bão giông?' Cớ sao phải lao vào những cuộc đâm chém vô nghĩa, [he/she] thầm nghĩ, khi ta hoàn toàn có thể cùng nhau thắp lên một mái ấm gia đình yên bình và nồng hậu?"
scenario_default_4_title,0,,Tiên Phong
scenario_default_4_info,0,,Bắt đầu với 3 dân làng dạn dày sương gió. Sống sót qua những đợt tấn công hung bạo và khó lường từ kẻ thù.
scenario_default_4_narrative,0,,"[He/She] đứng sừng sững trước mặt mọi người, hai chân bám trụ vững vàng. 'Chúng ta đã từng chiến đấu... ai trong chúng ta cũng đều mang trên mình những vết sẹo phong ba.' Những người lữ hành đồng thanh gật đầu. Trong những năm tháng dịch bệnh hoành hành này, mỗi người trong số họ đều trở nên kiên cường hơn những gì họ từng dám nghĩ. <random_villager> trầm giọng cất lời. Mọi người nghiêng mình lắng nghe. 'Sẽ không một kẻ nào có thể đánh đuổi chúng ta khỏi thành trì này. Chúng ta sẽ tự tay dựng xây nó, và sẽ đổ máu để bảo vệ nó tới cùng.' Rồi [he/she] ngửa mặt gầm vang: 'Nhân danh Quỷ dữ, cứ để quân giặc thử xông vào xem!'"
scenario_additional_info,0,,- Độ khó: <style=DefaultYellow>{0}</style> \n\n - Mùa khởi đầu: <style=DefaultYellow>{1}</style>\n\n - Số lượng dân làng: <style=DefaultYellow>{2}</style>
scenario_difficulty_VeryEasy,0,,Dễ Dàng
scenario_difficulty_standard,0,,Tiêu Chuẩn (Khuyên dùng cho người mới)
scenario_difficulty_Difficult,0,,Khó Khăn
map_size_info,0,,Small maps provide a more focused Kinh nghiệm. \nRecommended cho hardware at lower end của minimum specified requirement.
map_size_small_info,0,,Small maps provide a more focused Kinh nghiệm. \nRecommended cho hardware at lower end của minimum specified requirement.
map_size_medium_info,0,,"Larger maps offer more space và resources cho your Khu định cư để grow over time, but may impact frame rate cho hardware at lower end của specified requirement."
map_size_large_info,0,,"Larger maps offer more space và resources cho your Khu định cư để grow over time, but may impact frame rate cho hardware at lower end của specified requirement."
game_mode_builder_title,0,,<style=DefaultBlue>Hòa bình</style>
game_mode_builder_info,0,,Không có các đợt tấn công của kẻ thù. Chọn chế độ này nếu bạn muốn tập trung xây dựng khu định cư và chăm lo cho đời sống dân làng.
game_mode_builder_narrative_1,0,,"<random_villager> nghe phong phanh về một thung lũng bí ẩn tại quán trọ ở <origin>. Nơi này cách xa các tuyến đường giặc cướp qua lại, đang trở thành chốn dung thân cho những ai mong muốn sống trong thái bình. Dù nơi đây không tránh khỏi thời tiết khắc nghiệt và thiên tai, nó đang nở rộ thành trung tâm thủ công, kiến thiết và nông nghiệp, không bị chiến tranh quấy nhiễu."
game_mode_builder_narrative_2,0,,<random_villager> nói: 'Chúng ta phải dựng xây một chốn nương thân an bình.' Nhóm người tị nạn rách rưới này đã phải chứng kiến cảnh tượng bạo tàn đau lòng quá nhiều lần. 'Bão tố và cơn đói đã là quá đủ để chống chọi rồi. Chẳng lẽ chúng ta không thể tìm được một chốn định cư không vướng bận binh đao sao?' Họ cùng hướng ánh nhìn về phía [him/her] với niềm hy vọng chứa chan. 'Tất cả phụ thuộc vào chúng ta trong việc cùng nhau đặt nền móng cho hòa bình!'
game_mode_builder_narrative_3,0,,"<random_villager> nhìn quanh nhóm người đang đói lả và nói ra sự thật hiển nhiên: 'Chúng ta đâu có ở trong tình trạng sẵn sàng chiến đấu, phải không?' Khi mọi người bắt đầu ngập ngừng, [he/she] tiếp tục: 'Tại sao chúng ta không tập trung vào việc xây dựng? Tạo ra một nơi ta có thể gọi là nhà, một chốn trú ẩn trước sự khắc nghiệt của thiên nhiên?' Việc gì phải đi tìm kiếm xung đột, [he/she] thầm nghĩ, khi chúng ta có thể nỗ lực kiến tạo một mái ấm ấm cúng và chan hòa?"
game_mode_builder_narrative_1_single,0,,"<name> nghe được những lời thì thầm về một thung lũng ẩn giấu trong quán rượu tại <origin>. Nằm cách xa các tuyến đường mà các phe địch thường qua lại, nơi đây đang trở thành thiên đường cho những ai quyết tâm sống trong hòa bình. Dù chốn bồng lai này không tránh khỏi thời tiết khắc nghiệt và thiên tai, nó vẫn phát triển rực rỡ như một trung tâm thủ công nghiệp, xây dựng và nông nghiệp, không bị chiến tranh và xung đột quấy rầy."
game_mode_builder_narrative_2_single,0,,<name> biết [he/she] muốn xây dựng một chốn nương thân an bình. Người tị nạn rách rưới này đã phải chứng kiến cảnh bạo lực đau lòng quá nhiều lần. 'Bão tố và cơn đói đã là quá đủ để đối mặt rồi. Chẳng lẽ ta không thể tìm được một chốn định cư không vướng bận xung đột sao?' [He/She] hướng ánh nhìn của [his/her] về phía chân trời với niềm hy vọng. 'Tất cả phụ thuộc vào ta để tự mình đặt nền móng cho hòa bình!'
game_mode_builder_narrative_3_single,0,,"<name> nhìn lại cơ thể gầy gò vì đói khát của [his/her] và thừa nhận sự thật hiển nhiên: 'Mình đâu có ở trong tình trạng sẵn sàng chiến đấu?' Khi [he/she] cân nhắc các lựa chọn, một con đường có vẻ là tốt nhất: 'Tại sao mình không tập trung vào xây dựng? Tạo ra một nơi mình có thể gọi là nhà, một chốn nương thân trước sự khắc nghiệt của thiên nhiên?' Việc gì phải đi tìm kiếm chiến tranh, [he/she] nghĩ, khi mình có thể nỗ lực kiến tạo một mái ấm bình yên và ấm cúng?"
game_mode_standard_title,0,,<style=DefaultYellow>Tiêu chuẩn</style>
game_mode_standard_info,0,,"Của bạn Khu định cư will experience enemy raids, as well as environmental events. Raids occur at steady intervals: their difficulty adapts as you progress."
game_mode_standard_narrative_1,0,,"Đất lành đang rộng mở đón chờ. Ở khắp bốn phương của vùng đất từng hùng mạnh này, những người dân đang tái thiết với hy vọng bỏ lại sau lưng nỗi kinh hoàng của những năm tháng đã qua. Có thể sẽ có xung đột, hạn hán, bệnh tật, đói kém... nhưng có hề gì? 'Cuộc sống vẫn tiếp diễn,' <random_villager> nói, 'và chúng ta cũng phải tiến bước.'"
game_mode_standard_narrative_2,0,,"<random_villager> tràn đầy tự tin, thậm chí có phần thách thức: 'Chúng ta nhất định sẽ làm được! Chúng ta sẽ khai hoang phần đất của mình, dựng xây ở đó và bảo vệ nó!' Nhiều người đã từng thử sức. Một số đã ngã xuống trước cướp bóc hay hạn hán. Nhưng cũng có vô số người đã trụ vững. 'Hãy vững tin - nơi chúng ta gầy dựng sẽ trường tồn qua nhiều thế kỷ, con cháu chúng ta sẽ tiếp tục sinh sống nơi này.'"
game_mode_standard_narrative_3,0,,"Người thợ rèn xứ <distant_toponym> kể về những kẻ sống sót đang chạy trốn khỏi tàn tích bị thiêu rụi của những khu định cư bị cướp phá. Nhưng vị giáo sĩ tại <origin> lại nói rằng ông đang làm lễ rửa tội cho nhiều đứa trẻ khỏe mạnh hơn bao giờ hết, và đã nhận được những giạ ngũ cốc chín vàng từ những người khai hoang trong các hạt. <random_villager> chỉ tin vào sự thăng trầm của số phận: 'Chúng ta phải tiến lên phía trước, bất kể hiểm nguy,' [he/she] nhún vai nói. 'Không liều thì chẳng thể thành công.'"
game_mode_standard_narrative_1_single,0,,"Đất lành đang rộng mở đón chờ. Ở khắp bốn phương của vùng đất từng hùng mạnh này, những người dân đang tái thiết với hy vọng bỏ lại sau lưng nỗi kinh hoàng của những năm tháng đã qua. Có thể sẽ có giao tranh, hạn hán, ốm đau, đói khát... nhưng có hề gì? 'Cuộc đời vẫn tiếp diễn,' <name> khẽ thì thầm dưới hơi thở của [his/her], 'và ta cũng phải bước tiếp.'"
game_mode_standard_narrative_2_single,0,,"<name> tràn đầy tự tin, thậm chí có phần thách thức: 'Ta nhất định sẽ làm được! Ta sẽ giành lấy phần đất của mình, dựng xây ở đó và bảo vệ nó!' Nhiều người đã từng thử sức. Một số đã gục ngã vì giặc cướp hay hạn hán. Nhưng cũng có vô số người đã chiến thắng. 'Ta phải có niềm tin - mảnh đất ta tìm thấy sẽ đứng vững qua hàng thế kỷ, con cháu ta sẽ vẫn còn ở lại nơi đây.'"
game_mode_standard_narrative_3_single,0,,"Người thợ rèn xứ <distant_toponym> kể về những kẻ sống sót đang chạy trốn khỏi tàn tích bị thiêu rụi của những khu định cư bị cướp phá. Nhưng vị giáo sĩ tại <origin> lại nói rằng ông đang làm lễ rửa tội cho nhiều đứa trẻ khỏe mạnh hơn bao giờ hết, và đã nhận được những giạ ngũ cốc chín vàng từ những người định cư trong các hạt. <name> chỉ tin vào sự trớ trêu của số phận: 'Ta phải tiến lên phía trước, bất chấp rủi ro,' [he/she] thầm nghĩ và nhún vai. 'Không liều thì chẳng thể thành công.'"
game_mode_survival_title,0,,<style=DefaultRed>Sinh tồn</style>
game_mode_survival_info,0,,Trải nghiệm Going Medieval theo cách tiêu chuẩn. Bạn sẽ phải đối mặt với các đợt tấn công ngày càng hung hãn của thổ phỉ và thời tiết khắc nghiệt.
game_mode_survival_narrative_1,0,,"Một số nhà thám hiểm cần thử thách và cảm giác phấn khích để thấy mình đang sống. Chống lại từng đợt kẻ cướp muốn chiếm đất, cướp mùa màng hoặc bắt cóc dân làng không dành cho tất cả mọi người. '<random_villager> hỏi khi các đồng đội ngồi quây quần bên đống lửa nhỏ, cách xa mọi thứ họ từng biết: 'Chẳng phải tất cả chúng ta đều đã thề theo con đường chiến binh sao?'"
game_mode_survival_narrative_2,0,,"[He/She] đứng trước mặt họ, hai chân dang rộng vững chãi. 'Chúng ta đã từng chiến đấu... tất cả chúng ta đều mang những vết sẹo.' Những lữ khách đồng thanh gật đầu. Mỗi người trong số họ đều kiên cường hơn những gì họ từng nghĩ trong những năm tháng dịch bệnh này. <random_villager> nói nhỏ nhẹ. Họ ghé sát người lắng nghe. 'Sẽ không ai có thể đuổi chúng ta khỏi thành trì của mình. Chúng ta sẽ dựng xây và bảo vệ nó.' Rồi [he/she] gầm lên: 'Quỷ tha ma bắt, cứ để chúng thử xem!'"
game_mode_survival_narrative_3,0,,"Nếu có lúc nào cần đến sự can trường, kiên định và mưu trí thì chính là lúc này. <random_villager> khẳng định rằng chỉ cần có đủ vũ khí, cạm bẫy và sự rèn luyện, [he/she] có thể đẩy lùi mọi kẻ xâm lăng. Thế hệ này đã được tôi luyện qua các chiến dịch ở Pháp, qua cái đói và cái chết. 'Chúng ta có thể làm được,' [he/she] tự tin nói. 'Thật vậy, những chiến công của chúng ta sẽ trở thành huyền thoại.'"
game_mode_survival_narrative_1_single,0,,"Một số nhà thám hiểm cần thử thách và cảm giác phấn khích để thấy mình đang sống. Đẩy lùi từng đợt kẻ cướp muốn chiếm đất, cướp mùa màng hoặc bắt cóc người không dành cho tất cả mọi người. 'Chẳng phải ta đã nguyện theo con đường của chiến binh sao?' <name> thầm nghĩ khi ngồi co ro một mình bên đống lửa nhỏ, cách xa mọi thứ [he/she] từng biết."
game_mode_survival_narrative_2_single,0,,"[He/She] đứng sừng sững, hai chân dang rộng vững chãi. 'Ta đã từng chiến đấu... ta mang trên mình những vết sẹo.' [He/She] đã kiên cường hơn những gì [he/she] từng nghĩ trong những năm tháng dịch bệnh này. <name> lập lời thề, chỉ có Chúa và hàng cây xào xạc chứng giám. 'Sẽ không ai có thể đuổi ta khỏi thành trì của mình. Ta sẽ dựng xây và bảo vệ nó.' Rồi [he/she] gầm lên: 'Quỷ tha ma bắt, cứ để chúng thử xem!'"
game_mode_survival_narrative_3_single,0,,"Nếu có lúc nào cần đến sự can trường, kiên định và mưu trí thì chính là lúc này. <name> tin rằng chỉ cần có đủ vũ khí, cạm bẫy và sự rèn luyện, [he/she] có thể đẩy lùi mọi kẻ xâm lăng. Thế hệ của [His/Her] đã được tôi luyện qua các chiến dịch ở Pháp, qua cái đói và cái chết. 'Ta có thể làm được,' [he/she] tự nhủ với bản thân của [him/her]. 'Thật vậy, những chiến thắng của ta sẽ trở thành huyền thoại.'"
map_type_valley,0,,Thung lũng
map_type_valley_info,0,,"Plentiful vegetation, fertile soil và đất sét. Moderate amount của đá vôi. Lesser amounts của sắt và salt."
map_type_valley_narrative,0,,"Sau bao gian nan vất vả, họ đã đặt chân đến một thung lũng với những đồng bằng vàng óng, được uốn lượn bởi một dòng sông uốn khúc. Đối với <random_villager>, nơi đây gợi lên viễn cảnh về những vụ mùa bội thu, khúc ca vui và rượu nồng. Một nơi để cắm rễ sinh tồn. Một quê hương mới. Họ quyết định đặt tên cho vùng đất là <village_name>."
map_type_valley_narrative_single,0,,"Sau bao gian nan vất vả, [he/she] đã đặt chân đến một thung lũng với những đồng bằng vàng óng, được uốn lượn bởi một dòng sông uốn khúc. Đối với <name>, nơi đây gợi lên viễn cảnh về những vụ mùa bội thu, khúc ca vui và rượu nồng. Một nơi để cắm rễ sinh tồn. Một quê hương mới. [He/She] quyết định đặt tên cho vùng đất là <village_name>."
map_type_mountain,0,,Đồi núi
map_type_mountain_info,0,,"Plentiful đá vôi, vàng, sắt và bạc. Lesser amounts của fertile soil, đất sét và vegetation."
map_type_mountain_narrative,0,,"Sau một hành trình dài như vô tận, những dòng suối trong vắt chảy xiết và bầu không khí thanh khiết nơi rặng núi đã làm <random_villager> ngỡ ngàng. Ngay dưới lớp đất đá, những mạch khoáng sản lấp lánh đầy hứa hẹn. Những người lữ hành biết rằng đây chính là nơi họ hằng tìm kiếm. Họ quyết định đặt tên là <village_name>."
map_type_mountain_narrative_single,0,,"Sau một hành trình dài như vô tận, những dòng suối trong vắt chảy xiết và bầu không khí thanh khiết nơi rặng núi đã làm <name> ngỡ ngàng. Ngay dưới lớp đất đá, những mạch khoáng sản lấp lánh đầy hứa hẹn. Người lữ hành này biết rằng đây chính là nơi [he/she] hằng tìm kiếm. [He/She] quyết định đặt tên cho nơi này là <village_name>."
map_type_hill,0,,Sườn đồi
map_type_hill_info,0,,"Uneven terrain, suitable cho a good defensive position. A fair amount của đá vôi và đất sét. A moderate amount của fertile soil và vegetation."
map_type_hill_narrative,0,,"Into a landscape của rolling hills và ancient, crumbling forts companions trekked. Mỗi ascent rewarded <random_villager> với a view that stretched cho many leagues. Không enemy approach would go unseen, [he/she] thought. Họ built a camp that would, trong time, become Khu định cư của <village_name>."
map_type_hill_narrative_single,0,,"Into a landscape của rolling hills và ancient, crumbling forts lone wander trekked. Mỗi ascent rewarded <name> với a view that stretched cho many leagues. Không enemy approach would go unseen, [he/she] thought. [He/She] built a camp that would, trong time, become Khu định cư của <village_name>."
map_type_wetland,0,,Đầm lầy
map_type_wetland_info,0,,Vùng đầm lầy sông nước trù phú về thảm thực vật và đầy ắp tôm cá. Tuy nhiên động vật trên cạn và khoáng sản có thể khai thác lại tương đối khan hiếm.
map_type_wetland_narrative,0,,Những người lữ hành rẽ qua những rặng liễu rủ mềm mại. Từng đàn lươn bạc lấp lánh luồn lách qua những bụi lau sậy rậm rạp nơi bờ sông hòa vào bãi lầy. <random_villager> vốc một ngụm nước ngọt lành lên môi của [his/her] và cất lời cảm tạ. Họ quyết định định cư tại đây và đặt tên là <village_name>.
map_type_wetland_narrative_single,0,,"<name> pushed through an abundance của supple willow cây cối. Thick, silvered eels wove, glinting, through tall rushes, which blended river's edge into của nó marshy banks. [He/She] drew a handful của sweet nước đến [his/her] lips, và gave thanks. [He/She] would settle here, và name nó <village_name>."
map_type_season_info_summer_mild,0,,<style=DefaultGreen>Mùa hè ôn hòa</style>
map_type_season_info_summer_harsh,0,,<style=DefaultOrange>Mùa hè khắc nghiệt</style>
map_type_season_info_winter_mild,0,,<style=DefaultGreen>Mùa đông ôn hòa</style>
map_type_season_info_winter_harsh,0,,<style=DefaultOrange>Mùa đông khắc nghiệt</style>
autumn_description_1,0,,During mild Mùa Thu
autumn_description_2,0,,Giữa mùa thu lộng gió
autumn_description_3,0,,At end của harvest Mùa
autumn_description_4,0,,At Mùa Thu equinox
winter_description_1,0,,Giữa mùa đông buốt giá
winter_description_2,0,,Vào lễ hội mùa đông (Yuletide)
winter_description_3,0,,At bitterly-Lạnh end
winter_description_4,0,,Trong giá rét giữa mùa đông
spring_description_1,0,,Khi đất trời hồi sinh vào mùa xuân
spring_description_2,0,,"Khi mùa đông băng giá rút lui, báo hiệu mùa xuân về"
spring_description_3,0,,Vào tiết trời xuân ấm áp
spring_description_4,0,,Khi những chồi non đầu tiên hé nở
summer_description_1,0,,Vào những ngày đầu hạ
summer_description_2,0,,Giữa mùa hè rực rỡ
summer_description_3,0,,Khoảng thời gian ngày dài nhất trong năm
summer_description_4,0,,Dưới cái nóng gay gắt của mùa hè
required_fields_info,0,,(* - Các trường bắt buộc)
scenario_edit_name_title,0,,Tên kịch bản
scenario_edit_name_info,0,,Nhập tên cho kịch bản tùy chỉnh mà bạn đang tạo dựng.
scenario_edit_description_title,0,,Mô tả ngắn gọn
scenario_edit_description_info,0,,Đoạn tóm tắt ngắn về kịch bản. Nội dung này sẽ xuất hiện trên màn hình lựa chọn kịch bản.
scenario_edit_narrative_title,0,,Lời dẫn mở đầu cốt truyện
scenario_edit_narrative_info,0,,"Lời dẫn mở đầu sẽ được khắc ghi vào sử liệu biên niên sử cũng như hiển thị trên màn hình tải game. Bạn có thể sử dụng các biến đặc biệt như:\n<village_name> sẽ tự động chèn tên khu định cư của bạn vào văn bản\n<year> sẽ tự động chèn năm khởi đầu vào văn bản\n<all_villagers> sẽ tự động chèn danh sách toàn bộ tên dân làng theo định dạng: ""John, Jack và Merry"""
scenario_edit_gender_title,0,,Cố định vóc dáng cơ thể
scenario_edit_gender_key,0,,"Xác định tỷ lệ vóc dáng cơ thể Nam tính / Nữ tính trong nhóm dân làng khởi đầu của bạn.\n0 - Toàn bộ Nam tính,\n100 - Toàn bộ Nữ tính"
scenario_edit_religion_title,0,,Cố định đức tin tôn giáo
scenario_edit_religion_key,0,,"Xác định tỷ lệ dân làng theo đức tin Hội Phục Hưng / Huynh Đệ Cây Sồi trong nhóm khởi đầu của bạn.\n0 - Toàn bộ theo Hội Phục Hưng,\n100 - Toàn bộ theo Huynh Đệ Cây Sồi"
game_difficulty_VeryEasy_title,0,,Cực Kỳ Dễ Dàng
game_difficulty_Easy_title,0,,Dễ
game_difficulty_Normal_title,0,,Bình Thường (Chuẩn Mực)
game_difficulty_Difficult_title,0,,Khó Khăn
game_difficulty_Hard_title,0,,Cực Khó (Sinh Tồn Khắc Nghiệt)
game_difficulty_VeryEasy_info,0,,Khuyên dùng cho người chơi lần đầu muốn làm quen với cơ chế game trong hòa bình.
game_difficulty_Easy_info,0,,Khuyên dùng cho người mới bắt đầu làm quen với Going Medieval.
game_difficulty_Normal_info,0,,Khuyên dùng cho người chơi đã quen thuộc với thể loại mô phỏng quản lý thuộc địa.
game_difficulty_Difficult_info,0,,Khuyên dùng cho người chơi kỳ cựu tìm kiếm thử thách cam go.
game_difficulty_Hard_info,0,,Khuyên dùng cho người chơi khao khát một trải nghiệm sinh tồn khắc nghiệt đỉnh cao.
prioritise_hauling,0,,Ưu Tiên Vận Chuyển Về Bãi Chứa
prioritise_cut_all_vegetation_plant,0,,Ưu tiên cắt cỏ cây:
prioritise_chop_plant,0,,Ưu tiên đốn hạ cây:
nowhere_to_store,0,,"Không còn chỗ trống trên bãi chứa, hoặc chưa có bãi chứa nào cho phép lưu trữ loại tài nguyên này."
requires_selected_worker,0,,Hành động này yêu cầu phải chọn một dân làng
can_not_do_while_drafted,0,,Không thể thực hiện hành động này khi đang huy động nhập ngũ
prioritise_building_material_delivery,0,,Ưu tiên chuyển tài nguyên đến công trường:
prioritise_building_construction,0,,Ưu tiên xây dựng:
prioritise_harvest_plant,0,,Ưu tiên thu hoạch hoa màu:
already_reserved_by_other_worker,0,,Đã được chỉ định cho một dân làng khác thực hiện
prioritise_building_deconstruction,0,,Ưu tiên tháo dỡ:
prioritise_mine_resource,0,,Ưu tiên khai thác / đào đất:
job_not_enabled,0,,Dân làng này hiện đang tắt công việc cần thiết cho thao tác này
already_working_on_building,0,,Dân làng này đang làm việc tại công trình này
not_enough_construction_materials,0,,Không có tài nguyên để vận chuyển
prioritise_tending_wounds,0,,Ưu Tiên Băng Bó Chữa Thương
not_enough_free_beds,0,,Không có sẵn giường trống. Hãy xây dựng thêm giường hoặc chỗ ngủ cho người bị thương.
prioritise_carry_to_bed,0,,Cõng dân làng này về giường bệnh trống
general_operate_production,0,,Ưu Tiên Vận Hành Sản Xuất
general_deliver_production_material,0,,Ưu Tiên Vận Chuyển Nguyên Liệu Sản Xuất:
queued_production,0,,Sản phẩm trong hàng đợi:
no_production_item_queued,0,,Chưa có sản phẩm nào trong hàng đợi sản xuất
prioritise_locking_door,0,,Ưu Tiên Khóa Cánh Cửa Này
prioritise_always_open_door,0,,Ưu Tiên Giữ Cửa Luôn Mở
prioritise_unlocking_door,0,,Ưu Tiên Mở Khóa Đưa Cửa Về Bình Thường
hunting_requires_ranged_weapon,0,,Dân làng này không thể săn nếu không có vũ khí tầm xa
prioritise_hunting,0,,Ưu Tiên Săn Bắt Thú
prioritise_open_window,0,,Ưu Tiên Mở Cánh Cửa Sổ
prioritise_close_window,0,,Ưu Tiên Đóng Cánh Cửa Sổ
prioritise_flame_off,0,,Ưu Tiên Dập Tắt Ngọn Lửa
prioritise_flame_on,0,,Ưu Tiên Thắp Sáng Ngọn Lửa
already_working_on_target,0,,Đang có người thực hiện công việc này rồi
build_sight_must_be_clear,0,,"Không thể bắt đầu xây dựng, cần dọn sạch mặt bằng khu vực trước"
construction_skill_level_low,0,,"Không thể bắt đầu xây dựng, chưa đạt cấp kỹ năng yêu cầu"
missing_skill_required_for_production,0,,"Không thể bắt đầu sản xuất, chưa đạt cấp kỹ năng yêu cầu"
taming_skill_level_low,0,,"Không thể thuần hóa động vật, chưa đạt cấp kỹ năng yêu cầu"
training_skill_level_low,0,,"Không thể huấn luyện động vật, chưa đạt cấp kỹ năng yêu cầu"
missing_resource_for_production,0,,Thiếu tài nguyên để vận chuyển
building_unreachable,0,,Không thể tiếp cận công trình
not_enough_skill_level,0,,"Không thể trang bị, chưa đạt cấp kỹ năng yêu cầu"
cannot_passive_production,0,,Không thể ưu tiên hoạt động sản xuất thụ động
can_not_execute_order_on_self,0,,Không thể thực hiện hành động này lên chính mình
already_has_operator,0,,Đã có người vận hành rồi
prioritise_bury,0,,Ưu Tiên Chôn Cất Thi Hài
nowhere_to_bury,0,,"Không còn chỗ chôn cất trống, hoặc chưa chỉ định nơi an táng cho loại thi hài này."
prioritise_convalescing,0,,Ưu Tiên Tĩnh Dưỡng Hồi Phục
active_productin_paused,0,,Đã tạm dừng dây chuyền sản xuất đang hoạt động
amount_met,0,,Đã Đạt Đủ Số Lượng Yêu Cầu
building_unstable,0,,Công trình không ổn định vì được đặt tại vị trí có độ ổn định bằng 0
general_trade_with,0,,Giao Thương Trao Đổi Với: <trader_name>
general_negotiate_with,0,,Đàm Phán Thương Lượng Với: <negotiator_name>
prioritise_taming,0,,Ưu Tiên Thuần Hóa Động Vật
prioritise_train,0,,Ưu Tiên Huấn Luyện Thú Cưng
prioritise_slaughter,0,,Ưu Tiên Mổ Thịt Lấy Thực Phẩm
prioritise_animal_harvest,0,,Ưu tiên thu hoạch nông sản từ thú
prioritise_release,0,,Ưu Tiên Phóng Thích Về Tự Nhiên
prioritise_rope,0,,Ưu Tiên Buộc Dây Dắt Động Vật
menu_produce,0,,Sản Xuất Chế Tác
menu_deliver,0,,Vận Chuyển Hàng Hóa
prioritise_building_uninstall,0,,Gỡ bỏ
no_valid_pen,0,,Chưa có chuồng nuôi phù hợp cho loài động vật này 
prioritise_reset_trap,0,,Ưu Tiên Cài Đặt Lại Cạm Bẫy
prioritise_trough_refill,0,,Ưu Tiên Đổ Thức Ăn Vào Máng
self_tend_must_be_enabled,0,,Cần kích hoạt tùy chọn Tự Băng Bó trong bảng Quản Lý để dân làng có thể tự cứu chữa bản thân.
prioritise_fishing,0,,Ưu Tiên Đánh Bắt Cá
put_out_fire,0,,Ưu Tiên Dập Tắt Đám Cháy
put_out_fire_tooltip,0,,Ưu tiên dập tắt đám cháy
prioritise_barrel_refill,0,,Ưu Tiên Rót Đầy Thùng Chứa
prioritise_open_shelf,0,,Ưu Tiên Dọn Sạch Đồ Khỏi Kệ
prioritise_stripping,0,,Ưu Tiên: Lột Đồ
prioritise_gardening,0,,Ưu Tiên: Trồng Trọt & Chăm Sóc Cây
prioritise_move_to_location,0,,Di chuyển đến vị trí chỉ định
prioritise_pet_animal,0,,Thú cưng an animal
third_archer_easy,0,,Xạ Thủ Tái Lâm
third_archer_med,0,,Xạ Thủ Tái Lâm Tinh Nhuệ
third_archer_hard,0,,Đại Cung Thủ Tái Lâm Bậc Thầy
third_basic_easy,0,,Kẻ Cướp Bóc Tái Lâm
third_basic_med,0,,Kẻ Cướp Bóc Tái Lâm Hung Hãn
third_basic_hard,0,,Kẻ Cướp Bóc Tái Lâm Tàn Bạo
third_heavy_easy,0,,Côn Đồ Tái Lâm
third_heavy_med,0,,Côn Đồ Tái Lâm Hung Hãn
third_heavy_hard,0,,Côn Đồ Tái Lâm Khát Máu
progeny_archer_easy,0,,Xạ Thủ Hậu Duệ Dịch Hạch
progeny_archer_med,0,,Xạ Thủ Hậu Duệ Tinh Nhuệ
progeny_archer_hard,0,,Đại Cung Thủ Hậu Duệ Bậc Thầy
progeny_basic_easy,0,,Kẻ Cướp Hậu Duệ Dịch Hạch
progeny_basic_med,0,,Kẻ Cướp Hậu Duệ Hung Hãn
progeny_basic_hard,0,,Kẻ Cướp Hậu Duệ Tàn Bạo
progeny_heavy_easy,0,,Côn Đồ Hậu Duệ Dịch Hạch
progeny_heavy_med,0,,Côn Đồ Hậu Duệ Hung Tợn
progeny_heavy_hard,0,,Côn Đồ Hậu Duệ Khát Máu
forest_bandit_archer_easy,0,,Cung Thủ Thảo Khấu
forest_bandit_archer_medium,0,,Cung Thủ Thiện Chiến
forest_bandit_archer_hard,0,,Đại Cung Thủ Bậc Thầy
forest_bandit_basic_easy,0,,Kẻ Cướp Rừng Xanh
forest_bandit_basic_medium,0,,Kẻ Cướp Rừng Hung Hãn
forest_bandit_basic_hard,0,,Kẻ Cướp Rừng Tàn Bạo
forest_bandit_heavy_easy,0,,Côn Đồ Thổ Phỉ
forest_bandit_heavy_medium,0,,Hung hãn Côn đồ
forest_bandit_heavy_hard,0,,Khát máu Côn đồ
trebuchet3,0,,Máy bắn đá Trebuchet di động
trebuchet2,0,,Máy bắn đá Trebuchet di động
trebuchet,0,,Máy bắn đá Trebuchet di động
general_archer_easy,0,,Cung thủ
general_archer_med,0,,Xạ thủ thiện chiến
general_archer_hard,0,,Master Xạ thủ cung tên
general_basic_easy,0,,Kẻ cướp
general_basic_med,0,,Fierce Kẻ cướp
general_basic_hard,0,,Ruthless Kẻ cướp
general_heavy_easy,0,,Côn đồ
general_heavy_med,0,,Hung hãn Côn đồ
general_heavy_hard,0,,Khát máu Côn đồ
general_pillager_easy,0,,Kẻ cướp bóc
general_pillager_lvl2,0,,Fierce Thổ phỉ
general_pillager_lvl3,0,,Ruthless Thổ phỉ
general_pillager_lvl1,0,,Thổ phỉ
trader_1,0,,Thương nhân
general_trader,0,,Thương nhân
general_bodyguard,0,,Thương nhân's guard
negotiator_1,0,,Người đàm phán
general_negotiator,0,,Người đàm phán
bard_visitor_1,0,,Người hát rong
priest_visitor_1,0,,Linh mục
shaman_visitor_1,0,,Tu sĩ Druid
beggar,0,,Kẻ ăn mày
beggar_1,0,,Kẻ ăn mày
general_beggar,0,,Kẻ ăn mày
general_beggar_1,0,,Kẻ ăn mày
beggar_negotiator,0,,Kẻ ăn mày
ambush_negotiator,0,,Người đàm phán
trader_prisoners,0,,Thương nhân
general_basic_very_hard,0,,Barbaric Kẻ cướp
general_archer_very_hard,0,,Illustrious Xạ thủ cung tên
general_heavy_very_hard,0,,Đại côn đồ quái vật
forest_bandit_basic_very_hard,0,,Barbaric Kẻ cướp
forest_bandit_archer_very_hard,0,,Illustrious Xạ thủ cung tên
forest_bandit_heavy_very_hard,0,,Đại côn đồ rừng xanh quái vật
progeny_of_the_plague_basic_easy,0,,Kẻ cướp
progeny_of_the_plague_basic_medium,0,,Fierce Kẻ cướp
progeny_of_the_plague_basic_hard,0,,Ruthless Kẻ cướp
progeny_of_the_plague_archer_easy,0,,Cung Thủ Dịch Hạch
progeny_of_the_plague_archer_medium,0,,Cung Thủ Dịch Hạch Thiện Chiến
progeny_of_the_plague_archer_hard,0,,Đại Cung Thủ Dịch Hạch Bậc Thầy
progeny_of_the_plague_heavy_easy,0,,Côn Đồ Dịch Hạch
progeny_of_the_plague_heavy_medium,0,,Côn Đồ Dịch Hạch Hung Tợn
progeny_of_the_plague_heavy_hard,0,,Côn Đồ Dịch Hạch Khát Máu
progeny_of_the_plague_basic_very_hard,0,,Kẻ Cướp Dịch Hạch Man Rợ
progeny_of_the_plague_archer_very_hard,0,,Cung Thủ Dịch Hạch Xuất Chúng
progeny_of_the_plague_heavy_very_hard,0,,Côn Đồ Dịch Hạch Quỷ Dữ
church_of_third_coming_basic_easy,0,,Kẻ Cướp Giáo Hội Tái Lâm
church_of_third_coming_basic_medium,0,,Kẻ Cướp Tái Lâm Hung Hãn
church_of_third_coming_basic_hard,0,,Kẻ Cướp Tái Lâm Tàn Bạo
church_of_third_coming_archer_easy,0,,Cung Thủ Giáo Hội Tái Lâm
church_of_third_coming_archer_medium,0,,Cung Thủ Tái Lâm Thiện Chiến
church_of_third_coming_archer_hard,0,,Đại Cung Thủ Tái Lâm Bậc Thầy
church_of_third_coming_heavy_easy,0,,Côn Đồ Giáo Hội Tái Lâm
church_of_third_coming_heavy_medium,0,,Côn Đồ Tái Lâm Hung Tợn
church_of_third_coming_heavy_hard,0,,Côn Đồ Tái Lâm Khát Máu
church_of_third_coming_basic_very_hard,0,,Kẻ Cướp Tái Lâm Man Rợ
church_of_third_coming_archer_very_hard,0,,Cung Thủ Tái Lâm Xuất Chúng
church_of_third_coming_heavy_very_hard,0,,Côn Đồ Tái Lâm Quỷ Dữ
ancrene_disciples_basic_easy,0,,Kẻ Cướp Môn Đồ Ancrene
ancrene_disciples_basic_medium,0,,Kẻ Cướp Ancrene Hung Hãn
ancrene_disciples_basic_hard,0,,Kẻ Cướp Ancrene Tàn Bạo
ancrene_disciples_archer_easy,0,,Cung Thủ Môn Đồ Ancrene
ancrene_disciples_archer_medium,0,,Cung Thủ Ancrene Thiện Chiến
ancrene_disciples_archer_hard,0,,Đại Cung Thủ Ancrene Bậc Thầy
ancrene_disciples_heavy_easy,0,,Côn Đồ Môn Đồ Ancrene
ancrene_disciples_heavy_medium,0,,Côn Đồ Ancrene Hung Tợn
ancrene_disciples_heavy_hard,0,,Côn Đồ Ancrene Khát Máu
ancrene_disciples_basic_very_hard,0,,Kẻ Cướp Ancrene Man Rợ
ancrene_disciples_archer_very_hard,0,,Cung Thủ Ancrene Xuất Chúng
ancrene_disciples_heavy_very_hard,0,,Côn Đồ Ancrene Quỷ Dữ
faithful_sons_of_england_basic_easy,0,,Kẻ Cướp Người Con Nước Anh
faithful_sons_of_england_basic_medium,0,,Kẻ Cướp Nước Anh Hung Hãn
faithful_sons_of_england_basic_hard,0,,Kẻ Cướp Nước Anh Tàn Bạo
faithful_sons_of_england_archer_easy,0,,Cung Thủ Người Con Nước Anh
faithful_sons_of_england_archer_medium,0,,Cung Thủ Nước Anh Thiện Chiến
faithful_sons_of_england_archer_hard,0,,Đại Cung Thủ Nước Anh Bậc Thầy
faithful_sons_of_england_heavy_easy,0,,Côn Đồ Người Con Nước Anh
faithful_sons_of_england_heavy_medium,0,,Côn Đồ Nước Anh Hung Tợn
faithful_sons_of_england_heavy_hard,0,,Côn Đồ Nước Anh Khát Máu
faithful_sons_of_england_basic_very_hard,0,,Kẻ Cướp Nước Anh Man Rợ
faithful_sons_of_england_archer_very_hard,0,,Cung Thủ Nước Anh Xuất Chúng
faithful_sons_of_england_heavy_very_hard,0,,Côn Đồ Nước Anh Quỷ Dữ
band_of_the she_wolf_basic_easy,0,,Kẻ Cướp Băng Đảng Sói Cái
band_of_the she_wolf_basic_medium,0,,Kẻ Cướp Sói Cái Hung Hãn
band_of_the she_wolf_basic_hard,0,,Kẻ Cướp Sói Cái Tàn Bạo
band_of_the she_wolf_archer_easy,0,,Cung Thủ Băng Đảng Sói Cái
band_of_the she_wolf_archer_medium,0,,Cung Thủ Sói Cái Thiện Chiến
band_of_the she_wolf_archer_hard,0,,Đại Cung Thủ Sói Cái Bậc Thầy
band_of_the she_wolf_heavy_easy,0,,Côn Đồ Băng Đảng Sói Cái
band_of_the she_wolf_heavy_medium,0,,Côn Đồ Sói Cái Hung Tợn
band_of_the she_wolf_heavy_hard,0,,Côn Đồ Sói Cái Khát Máu
band_of_the she_wolf_basic_very_hard,0,,Kẻ Cướp Sói Cái Man Rợ
band_of_the she_wolf_archer_very_hard,0,,Cung Thủ Sói Cái Xuất Chúng
band_of_the she_wolf_heavy_very_hard,0,,Côn Đồ Sói Cái Quỷ Dữ
philosophers_of_the_natural_order_basic_easy,0,,Kẻ Cướp Trật Tự Tự Nhiên
philosophers_of_the_natural_order_basic_medium,0,,Kẻ Cướp Tự Nhiên Hung Hãn
philosophers_of_the_natural_order_basic_hard,0,,Kẻ Cướp Tự Nhiên Tàn Bạo
philosophers_of_the_natural_order_archer_easy,0,,Cung Thủ Trật Tự Tự Nhiên
philosophers_of_the_natural_order_archer_medium,0,,Cung Thủ Tự Nhiên Thiện Chiến
philosophers_of_the_natural_order_archer_hard,0,,Đại Cung Thủ Tự Nhiên Bậc Thầy
philosophers_of_the_natural_order_heavy_easy,0,,Côn Đồ Trật Tự Tự Nhiên
philosophers_of_the_natural_order_heavy_medium,0,,Côn Đồ Tự Nhiên Hung Tợn
philosophers_of_the_natural_order_heavy_hard,0,,Côn Đồ Tự Nhiên Khát Máu
philosophers_of_the_natural_order_basic_very_hard,0,,Kẻ Cướp Tự Nhiên Man Rợ
philosophers_of_the_natural_order_archer_very_hard,0,,Cung Thủ Tự Nhiên Xuất Chúng
philosophers_of_the_natural_order_heavy_very_hard,0,,Côn Đồ Tự Nhiên Quỷ Dữ
society_of_fellows_basic_easy,0,,Kẻ Cướp Hội Viện Sĩ
society_of_fellows_basic_medium,0,,Kẻ Cướp Viện Sĩ Hung Hãn
society_of_fellows_basic_hard,0,,Kẻ Cướp Viện Sĩ Tàn Bạo
society_of_fellows_archer_easy,0,,Cung Thủ Hội Viện Sĩ
society_of_fellows_archer_medium,0,,Cung Thủ Viện Sĩ Thiện Chiến
society_of_fellows_archer_hard,0,,Đại Cung Thủ Viện Sĩ Bậc Thầy
society_of_fellows_heavy_easy,0,,Côn Đồ Hội Viện Sĩ
society_of_fellows_heavy_medium,0,,Côn Đồ Viện Sĩ Hung Tợn
society_of_fellows_heavy_hard,0,,Côn Đồ Viện Sĩ Khát Máu
society_of_fellows_basic_very_hard,0,,Kẻ Cướp Viện Sĩ Man Rợ
society_of_fellows_archer_very_hard,0,,Cung Thủ Viện Sĩ Xuất Chúng
society_of_fellows_heavy_very_hard,0,,Côn Đồ Viện Sĩ Quỷ Dữ
kingdom_of_york_basic_easy,0,,Kẻ Cướp Vương Quốc York
kingdom_of_york_basic_medium,0,,Kẻ Cướp Xứ York Hung Hãn
kingdom_of_york_basic_hard,0,,Kẻ Cướp Xứ York Tàn Bạo
kingdom_of_york_archer_easy,0,,Cung Thủ Vương Quốc York
kingdom_of_york_archer_medium,0,,Cung Thủ Xứ York Thiện Chiến
kingdom_of_york_archer_hard,0,,Đại Cung Thủ Xứ York Bậc Thầy
kingdom_of_york_heavy_easy,0,,Côn Đồ Vương Quốc York
kingdom_of_york_heavy_medium,0,,Côn Đồ Xứ York Hung Tợn
kingdom_of_york_heavy_hard,0,,Côn Đồ Xứ York Khát Máu
kingdom_of_york_basic_very_hard,0,,Kẻ Cướp Xứ York Man Rợ
kingdom_of_york_archer_very_hard,0,,Cung Thủ Xứ York Xuất Chúng
kingdom_of_york_heavy_very_hard,0,,Côn Đồ Xứ York Quỷ Dữ
heresy_of_the_rose_basic_easy,0,,Kẻ Cướp Giáo Phái Hoa Hồng
heresy_of_the_rose_basic_medium,0,,Kẻ Cướp Hoa Hồng Hung Hãn
heresy_of_the_rose_basic_hard,0,,Kẻ Cướp Hoa Hồng Tàn Bạo
heresy_of_the_rose_archer_easy,0,,Cung Thủ Giáo Phái Hoa Hồng
heresy_of_the_rose_archer_medium,0,,Cung Thủ Hoa Hồng Thiện Chiến
heresy_of_the_rose_archer_hard,0,,Đại Cung Thủ Hoa Hồng Bậc Thầy
heresy_of_the_rose_heavy_easy,0,,Côn Đồ Giáo Phái Hoa Hồng
heresy_of_the_rose_heavy_medium,0,,Côn Đồ Hoa Hồng Hung Tợn
heresy_of_the_rose_heavy_hard,0,,Côn Đồ Hoa Hồng Khát Máu
heresy_of_the_rose_basic_very_hard,0,,Kẻ Cướp Hoa Hồng Man Rợ
heresy_of_the_rose_archer_very_hard,0,,Cung Thủ Hoa Hồng Xuất Chúng
heresy_of_the_rose_heavy_very_hard,0,,Côn Đồ Hoa Hồng Quỷ Dữ
circle_of_avalon_basic_easy,0,,Kẻ Cướp Vòng Tròn Avalon
circle_of_avalon_basic_medium,0,,Kẻ Cướp Avalon Hung Hãn
circle_of_avalon_basic_hard,0,,Kẻ Cướp Avalon Tàn Bạo
circle_of_avalon_archer_easy,0,,Cung Thủ Vòng Tròn Avalon
circle_of_avalon_archer_medium,0,,Cung Thủ Avalon Thiện Chiến
circle_of_avalon_archer_hard,0,,Đại Cung Thủ Avalon Bậc Thầy
circle_of_avalon_heavy_easy,0,,Côn Đồ Vòng Tròn Avalon
circle_of_avalon_heavy_medium,0,,Côn Đồ Avalon Hung Tợn
circle_of_avalon_heavy_hard,0,,Côn Đồ Avalon Khát Máu
circle_of_avalon_basic_very_hard,0,,Kẻ Cướp Avalon Man Rợ
circle_of_avalon_archer_very_hard,0,,Cung Thủ Avalon Xuất Chúng
circle_of_avalon_heavy_very_hard,0,,Côn Đồ Avalon Quỷ Dữ
beirdd_cymraeg_basic_easy,0,,Kẻ cướp
beirdd_cymraeg_basic_medium,0,,Fierce Kẻ cướp
beirdd_cymraeg_basic_hard,0,,Ruthless Kẻ cướp
beirdd_cymraeg_archer_easy,0,,Cung thủ
beirdd_cymraeg_archer_medium,0,,Xạ thủ thiện chiến
beirdd_cymraeg_archer_hard,0,,Master Xạ thủ cung tên
beirdd_cymraeg_heavy_easy,0,,Côn đồ
beirdd_cymraeg_heavy_medium,0,,Hung hãn Côn đồ
beirdd_cymraeg_heavy_hard,0,,Khát máu Côn đồ
beirdd_cymraeg_basic_very_hard,0,,Barbaric Kẻ cướp
beirdd_cymraeg_archer_very_hard,0,,Illustrious Xạ thủ cung tên
beirdd_cymraeg_heavy_very_hard,0,,Monstrous Côn đồ
ravagers_basic_easy,0,,Kẻ cướp
ravagers_basic_medium,0,,Fierce Kẻ cướp
ravagers_basic_hard,0,,Ruthless Kẻ cướp
ravagers_archer_easy,0,,Cung thủ
ravagers_archer_medium,0,,Xạ thủ thiện chiến
ravagers_archer_hard,0,,Master Xạ thủ cung tên
ravagers_heavy_easy,0,,Côn đồ
ravagers_heavy_medium,0,,Hung hãn Côn đồ
ravagers_heavy_hard,0,,Khát máu Côn đồ
ravagers_basic_very_hard,0,,Barbaric Kẻ cướp
ravagers_archer_very_hard,0,,Illustrious Xạ thủ cung tên
ravagers_heavy_very_hard,0,,Monstrous Côn đồ
mountain_bandits_basic_easy,0,,Kẻ Cướp Vùng Núi Cao
mountain_bandits_basic_medium,0,,Kẻ Cướp Vùng Núi Hung Hãn
mountain_bandits_basic_hard,0,,Kẻ Cướp Vùng Núi Tàn Bạo
mountain_bandits_archer_easy,0,,Cung Thủ Vùng Núi
mountain_bandits_archer_medium,0,,Cung Thủ Núi Thiện Chiến
mountain_bandits_archer_hard,0,,Đại Cung Thủ Vùng Núi Bậc Thầy
mountain_bandits_heavy_easy,0,,Côn Đồ Vùng Núi
mountain_bandits_heavy_medium,0,,Côn Đồ Núi Hung Tợn
mountain_bandits_heavy_hard,0,,Côn Đồ Núi Khát Máu
mountain_bandits_basic_very_hard,0,,Kẻ Cướp Vùng Núi Man Rợ
mountain_bandits_archer_very_hard,0,,Cung Thủ Vùng Núi Xuất Chúng
mountain_bandits_heavy_very_hard,0,,Côn Đồ Vùng Núi Quỷ Dữ
river_bandits_basic_easy,0,,Kẻ Cướp Vùng Sông Nước
river_bandits_basic_medium,0,,Kẻ Cướp Sông Nước Hung Hãn
river_bandits_basic_hard,0,,Kẻ Cướp Sông Nước Tàn Bạo
river_bandits_archer_easy,0,,Cung Thủ Vùng Sông Nước
river_bandits_archer_medium,0,,Cung Thủ Sông Nước Thiện Chiến
river_bandits_archer_hard,0,,Đại Cung Thủ Sông Nước Bậc Thầy
river_bandits_heavy_easy,0,,Côn Đồ Vùng Sông Nước
river_bandits_heavy_medium,0,,Côn Đồ Sông Nước Hung Tợn
river_bandits_heavy_hard,0,,Côn Đồ Sông Nước Khát Máu
river_bandits_basic_very_hard,0,,Kẻ Cướp Sông Nước Man Rợ
river_bandits_archer_very_hard,0,,Cung Thủ Sông Nước Xuất Chúng
river_bandits_heavy_very_hard,0,,Côn Đồ Sông Nước Quỷ Dữ
looters_basic_easy,0,,Kẻ Hôi Của
looters_basic_medium,0,,Kẻ Hôi Của Hung Hãn
looters_basic_hard,0,,Kẻ Hôi Của Tàn Bạo
looters_archer_easy,0,,Cung Thủ Hôi Của
looters_archer_medium,0,,Cung Thủ Hôi Của Thiện Chiến
looters_archer_hard,0,,Đại Cung Thủ Hôi Của Bậc Thầy
looters_heavy_easy,0,,Côn Đồ Hôi Của
looters_heavy_medium,0,,Côn Đồ Hôi Của Hung Tợn
looters_heavy_hard,0,,Côn Đồ Hôi Của Khát Máu
looters_basic_very_hard,0,,Kẻ Hôi Của Man Rợ
looters_archer_very_hard,0,,Cung Thủ Hôi Của Xuất Chúng
looters_heavy_very_hard,0,,Côn Đồ Hôi Của Quỷ Dữ
menu_keybind_cancel_info,0,,Hủy Bỏ Thay Đổi
menu_keybind_ok_info,0,,Xác Nhận Thiết Lập
menu_keybind_reset_info,0,,Khôi phục cấu hình phím bấm về trạng thái mặc định
menu_keybindings,0,,Gán Phím Tắt
menu_keyboard_configuration,0,,Cấu Hình Bàn Phím
options_ambient_volume,0,,Âm lượng âm thanh môi trường
options_anisotropic,0,,Bộ lọc dị hướng (Anisotropic Filtering)
options_autosave,0,,Tự động lưu game (Autosave)
options_camera_sensitivity,0,,Độ nhạy chuyển động camera
options_devtools,0,,Công Cụ Dành Cho Nhà Phát Triển (Dev Tools)
options_devtools_info,0,,Danh sách các bảng công cụ gỡ lỗi và hỗ trợ của nhà phát triển
options_effect_volume,0,,Âm lượng hiệu ứng âm thanh
options_fullscreen,0,,Chế độ toàn màn hình
options_keyboard_config,0,,Cấu hình bàn phím điều khiển
options_master_volume,0,,Âm lượng tổng thể
options_music_volume,0,,Âm lượng nhạc nền không gian
options_resolution,0,,Độ phân giải màn hình
options_resource_indicators,0,,Hiện chỉ báo tài nguyên
options_resources_group_vew,0,,Hiện nhóm tài nguyên
options_screen_edge_mouse_scroll,0,,Cuộn camera bằng mép màn hình
options_texture_quality,0,,Chất lượng vân bề mặt kết cấu
options_ui_scale,0,,Tỉ lệ kích thước giao diện UI
options_vsync,0,,Đồng bộ khung hình (V-Sync)
options_worker_names,0,,Hiển thị tên dân làng trên đầu
options_animal_names,0,,Hiện tên động vật
options_animal_names_1,0,,Tất cả động vật
options_animal_names_2,0,,Chỉ vật nuôi
options_animal_names_3,0,,Chỉ thú cưng
options_xray_animals,0,,Hiện động vật xuyên qua tường
options_camera_sharpen,0,,Độ sắc nét hình ảnh
options_hover_intensity,0,,Độ đậm viền sáng nổi bật khi rê chuột
options_grass_toggle,0,,Hiệu ứng cỏ 3D đung đưa
options_cursor_toggle,0,,Con trỏ chuột phong cách Trung Cổ tùy biến
ctrl_ShowHideEstheticMap,0,,Bật/Tắt Bản Đồ Nhiệt Thẩm Mỹ Cảnh Quan
ctrl_ShowHideHeatMap,0,,Bật/Tắt Bản Đồ Nhiệt Độ Môi Trường
ctrl_ShowHideZoneGrid,0,,Bật/Tắt Khung Lưới Khu Vực Quy Hoạch
ctrl_Leisure,0,,Giải Trí
ctrl_Allow,0,,Lệnh: Cho Phép Thu Gom
ctrl_Attack,0,,Tấn Công
ctrl_Base,0,,Cơ Sở
ctrl_CameraReset,0,,Đặt Lại Góc Nhìn Camera Mặc Định
ctrl_Cancel,0,,Lệnh: Hủy Bỏ Lệnh Đang Chờ
ctrl_Chopping,0,,Lệnh: Chặt Đốn Gỗ
ctrl_CutAllVegetation,0,,Lệnh: Phát Cỏ Dọn Cây
ctrl_Deconstructing,0,,Lệnh: Tháo dỡ
ctrl_Decoration,0,,Trang Trí Khác
ctrl_DestroyBuilding,0,,Phá hủy công trình
ctrl_Digging,0,,Lệnh: Đào Đất Khai Mỏ
ctrl_Draft,0,,Huy Động Quân Tự Vệ (Draft)
ctrl_Furniture,0,,Nội thất
ctrl_GamePause,0,,Tạm Dừng Trò Chơi
ctrl_GameSpeedDown,0,,Giảm Tốc Độ Trò Chơi
ctrl_GameSpeedFast,0,,Tốc Độ Game: Nhanh (x2)
ctrl_GameSpeedFaster,0,,Tốc Độ Game: Rất Nhanh (x3)
ctrl_GameSpeedNormal,0,,Tốc Độ Game: Bình Thường (x1)
ctrl_GameSpeedUp,0,,Tăng Tốc Độ Trò Chơi
ctrl_Harvesting,0,,Lệnh: Thu Hoạch Nông Sản
ctrl_Hunting,0,,Lệnh: Săn Bắn Thú
ctrl_TameAnimal,0,,Mệnh lệnh: Thuần hóa
ctrl_TrainAnimal,0,,Mệnh lệnh: Huấn luyện
ctrl_SlaughterAnimal,0,,Mệnh lệnh: Giết mổ
ctrl_ReleaseAnimal,0,,Mệnh lệnh: Thả tự do
ctrl_Fishing,0,,Lệnh: Đánh Bắt Cá
ctrl_UrgentHaul,0,,Lệnh: Khuân Vác Khẩn Cấp
ctrl_IngameMenu,0,,Menu Tạm Dừng Trong Game
ctrl_Jobs,0,,Bảng Phân Công Công Việc
ctrl_LayerDown,0,,Hiện / Ẩn Tầng Địa Hình Bên Dưới
ctrl_LayerUp,0,,Hiện / Ẩn Tầng Địa Hình Bên Trên
ctrl_MapRotateRight,0,,Xoay Góc Nhìn Sang Trái
ctrl_MapRotateLeft,0,,Xoay Góc Nhìn Sang Phải
ctrl_MouseOrbit,0,,Xoay Quanh Trọng Tâm Camera
ctrl_MoveDown,0,,Di Chuyển Xuống
ctrl_MoveLeft,0,,Di Chuyển Sang Trái
ctrl_MoveRight,0,,Di Chuyển Sang Phải
ctrl_MoveUp,0,,Di Chuyển Lên
ctrl_Orders,0,,Bảng Mệnh Lệnh
ctrl_Production,0,,Bảng Sản Xuất
ctrl_Research,0,,Cây Nghiên Cứu Học Thuật
ctrl_Animals,0,,Động vật
ctrl_RotateLeft,0,,Xoay Hướng Công Trình Sang Trái
ctrl_RotateRight,0,,Xoay Hướng Công Trình Sang Phải
ctrl_RtsFastMove,0,,Di Chuyển Camera Tốc Độ Cao
ctrl_Schedule,0,,Lịch Trình Sinh Hoạt
ctrl_ShowHideAlmanac,0,,Bách Khoa Thư
ctrl_ShowHideRoofs,0,,Bật/Tắt Hiển Thị Mái Nhà
ctrl_ShowHideRooms,0,,Phòng: Hiện/Ẩn
ctrl_Stockpile,0,,Quy Hoạch Bãi Chứa
ctrl_TiltDown,0,,Nghiêng Góc Nhìn Xuống
ctrl_TiltUp,0,,Nghiêng Góc Nhìn Lên
ctrl_ToggleForbid,0,,Bật/Tắt Cấm Thu Gom
ctrl_Defense,0,,Binh Bị Quân Sự
ctrl_Zone,0,,Khu Vực
ctrl_ZoomIn,0,,Phóng To Góc Nhìn
ctrl_ZoomOut,0,,Thu Nhỏ Góc Nhìn
ctrl_ShrinkZone,0,,Thu Hẹp Phạm Vi Khu Vực
ctrl_ExpandZone,0,,Mở Rộng Phạm Vi Khu Vực
ctrl_CopyBuilding,0,,Sao chép
ctrl_Manage,0,,Quản Lý Trang Phục & Ăn Uống
ctrl_installbuilding,0,,Lắp đặt
ctrl_uninstallbuilding,0,,Gỡ bỏ
ctrl_movebuilding,0,,Di dời
ctrl_LockCameraToLayer,0,,Khóa Camera Cố Định Vào Tầng
ctrl_LockCameraToLayerUp,0,,Dịch Chuyển Tầng Khóa Lên Trên
ctrl_LockCameraToLayerDown,0,,Dịch Chuyển Tầng Khóa Xuống Dưới
keycode_A,0,,A
keycode_B,0,,B
keycode_C,0,,C
keycode_D,0,,D
keycode_E,0,,E
keycode_F,0,,F
keycode_G,0,,G
keycode_H,0,,H
keycode_I,0,,I
keycode_J,0,,J
keycode_K,0,,K
keycode_L,0,,L
keycode_M,0,,M
keycode_N,0,,N
keycode_O,0,,O
keycode_P,0,,P
keycode_Q,0,,Q
keycode_R,0,,R
keycode_S,0,,S
keycode_T,0,,T
keycode_U,0,,U
keycode_V,0,,V
keycode_W,0,,W
keycode_X,0,,X
keycode_Y,0,,Y
keycode_Z,0,,Z
keycode_Alpha0,0,,0
keycode_Alpha1,0,,1
keycode_Alpha2,0,,2
keycode_Alpha3,0,,3
keycode_Alpha4,0,,4
keycode_Alpha5,0,,5
keycode_Alpha6,0,,6
keycode_Alpha7,0,,7
keycode_Alpha8,0,,8
keycode_Alpha9,0,,9
keycode_BackQuote,0,,`
keycode_Backslash,0,,\
keycode_Backspace,0,,Backspace
keycode_CapsLock,0,,Caps Lock
keycode_Clear,0,,Clear
keycode_Comma,0,,","
keycode_Delete,0,,Delete
keycode_End,0,,End
keycode_Equals,0,,Equals
keycode_Escape,0,,Escape
keycode_F1,0,,F1
keycode_F2,0,,F2
keycode_F3,0,,F3
keycode_F4,0,,F4
keycode_F5,0,,F5
keycode_F6,0,,F6
keycode_F7,0,,F7
keycode_F8,0,,F8
keycode_F9,0,,F9
keycode_F10,0,,F10
keycode_F11,0,,F11
keycode_F12,0,,F12
keycode_F13,0,,F13
keycode_F14,0,,F14
keycode_F15,0,,F15
keycode_Home,0,,Home
keycode_Insert,0,,Insert
keycode_Keypad0,0,,Keypad 0
keycode_Keypad1,0,,Keypad 1
keycode_Keypad2,0,,Keypad 2
keycode_Keypad3,0,,Keypad 3
keycode_Keypad4,0,,Keypad 4
keycode_Keypad5,0,,Keypad 5
keycode_Keypad6,0,,Keypad 6
keycode_Keypad7,0,,Keypad 7
keycode_Keypad8,0,,Keypad 8
keycode_Keypad9,0,,Keypad 9
keycode_KeypadDivide,0,,Keypad /
keycode_KeypadEnter,0,,Keypad Enter
keycode_KeypadMinus,0,,Keypad -
keycode_KeypadMultiply,0,,Keypad *
keycode_KeypadPeriod,0,,Keypad .
keycode_KeypadPlus,0,,Keypad +
keycode_Minus,0,,Minus
keycode_Mouse2,0,,Mouse Button 3
keycode_Mouse3,0,,Mouse Button 4
keycode_Mouse4,0,,Mouse Button 5
keycode_Mouse5,0,,Mouse Button 6
keycode_Mouse6,0,,Mouse Button 7
keycode_None,0,,None
keycode_Numlock,0,,Numlock
keycode_PageDown,0,,Page Down
keycode_PageUp,0,,Page Up
keycode_Pause,0,,Pause
keycode_Period,0,,.
keycode_Quote,0,,Quote
keycode_Return,0,,Return
keycode_RightAlt,0,,Right Alt
keycode_RightBracket,0,,]
keycode_RightControl,0,,Right Control
keycode_RightShift,0,,Right Shift
keycode_LeftAlt,0,,Left Alt
keycode_LeftBracket,0,,[
keycode_LeftControl,0,,Left Control
keycode_LeftShift,0,,Left Shift
keycode_ScrollLock,0,,Scroll Lock
keycode_Semicolon,0,,;
keycode_Slash,0,,/
keycode_Space,0,,Space
keycode_Tab,0,,Tab
keycode_UpArrow,0,,Up Arrow
keycode_RightArrow,0,,Right Arrow
keycode_LeftArrow,0,,Left Arrow
keycode_DownArrow,0,,Down Arrow
ingame_menu_back,0,,Quay Lại Trò Chơi
ingame_menu_delete,0,,Xóa File Lưu Game
ingame_menu_keyboard_configuration,0,,Cấu Hình Phím Điều Khiển
ingame_menu_main,0,,Thoát Về Menu Chính
ingame_menu_options,0,,Tùy Chỉnh Cài Đặt
ingame_menu_override,0,,Ghi Đè Bản Lưu
ingame_menu_quit,0,,Thoát Trò Chơi
ingame_menu_resume,0,,Tiếp Tục Trò Chơi
ingame_menu_save,0,,Lưu Trò Chơi
menu_language,0,,Ngôn Ngữ
menu_language_Chinese,0,,简体中文
menu_language_French,0,,Français
menu_language_German,0,,Deutsch
menu_language_Spanish,0,,Español
menu_language_Russian,0,,Русский
menu_language_Japanese,0,,日本語
menu_language_Portuguese,0,,Português brasileiro
menu_language_English,0,,English
menu_language_Korean,0,,한국어
menu_language_Polish,0,,Polski
menu_language_Turkish,0,,Türkçe
menu_load,0,,Tải Bản Lưu Game
menu_main_menu,0,,Menu Chính
menu_options,0,,Tùy Chỉnh Cài Đặt
menu_quit,0,,Thoát
screen_settings_description,0,,Bạn có muốn giữ các cài đặt này không? 
autosave_never,0,,Không Bao Giờ
autosave_often,0,,Mỗi Ngày (Hằng Ngày)
autosave_rarely,0,,Mỗi 7 Ngày
autosave_sometimes,0,,Mỗi 3 Ngày
menu_map_seed,0,,Mã hạt giống bản đồ
menu_region_map_seed,0,,Mã vùng bản đồ
menu_map_seed_placeholder,0,,Nhập ký tự bất kỳ
menu_mirror_horizontal,0,,Lật ngang (X)
menu_mirror_vertical,0,,Lật dọc (Y)
menu_new_game,0,,Màn chơi mới
menu_patterns,0,,Hoa văn
menu_randomise,0,,Ngẫu nhiên
menu_rotate,0,,Xoay
menu_saturation,0,,Độ bão hòa
menu_scale,0,,Tỷ lệ
menu_scenario,0,,Kịch bản
menu_location,0,,Địa điểm
menu_starting_conditions,0,,Điều kiện khởi đầu
menu_allowed_objectives,0,,Mục tiêu cho phép
menu_allowed_obejctives_description,0,,Chọn những mục tiêu có thể xuất hiện trong kịch bản này. Lưu ý: Không thể thay đổi sau khi màn chơi đã bắt đầu.
menu_summary,0,,Tổng quan
menu_shapes,0,,Hình dạng
menu_symbols,0,,Biểu tượng
menu_transform,0,,Biến đổi
menu_translate_x,0,,Dịch trục X
menu_translate_y,0,,Dịch trục Y
menu_village_name,0,,Tên khu định cư
menu_worker_name_placeholder,0,,Nhập tên bất kỳ
menu_workers,0,,Dân làng
delete_save_prompt,0,,Xóa Bản Lưu Game Này?
delete_folder_prompt,0,,Xóa Toàn Bộ Thư Mục Bản Lưu Khu Định Cư?
quit_game_prompt_info,0,,Bạn có chắc chắn muốn thoát?
quit_prompt_info,0,,Bạn có chắc chắn? Mọi tiến trình chưa lưu sẽ bị mất hoàn toàn.
save_preset,0,,Lưu Thành Mẫu Thiết Lập
scenario_game_difficulty,0,,Độ khó
scenario_game_mode,0,,Chế độ chơi
scenario_map_size,0,,Kích thước bản đồ
scenario_map_type,0,,Địa hình bản đồ
scenario_starting_villagers,0,,Dân làng khởi đầu
scenario_title,0,,Kịch bản
ui_cancel,0,,Hủy Bỏ
ui_keep,0,,Giữ Lại
vilage_name,0,,Tên Khu Định Cư
made_by,0,,Tác giả sáng tạo:
heraldry_background,0,,Hình Nền Gia Huy
heraldry_pattern,0,,Họa Tiết Hoa Văn
heraldry_symbol_a,0,,Biểu Tượng Gia Huy A
heraldry_symbol_b,0,,Biểu Tượng Gia Huy B
heraldry_symbol_c,0,,Biểu Tượng Gia Huy C
heraldry_symbol_d,0,,Biểu Tượng Gia Huy D
heraldry_symbol_custom,0,,Biểu Tượng Tùy Chỉnh
custom_heraldry_info,0,,Dán file ảnh .png tùy biến của bạn vào:\n<b>\StreamingAssets\HeraldryCustomSymbols</b>\nvà biểu tượng sẽ xuất hiện trong danh mục tùy chỉnh này.
heraldry_missing_custom_symbol,0,,"Một số hình ảnh tùy chỉnh đã bị xóa khỏi máy, thiết kế gia huy của bạn có thể sẽ thiếu biểu tượng tương ứng."
heraldry_title,0,,Gia Huy & Quân Kỳ
characters_creation,0,,Khởi Tạo Dân Làng
autosave_inprogress,0,,Đang tự động lưu game...
default_size,0,,Nhỏ
difficulty_builder,0,,Chế Độ Kiến Thiết / Xây Dựng (Hòa Bình)
difficulty_standard,0,,Tiêu Chuẩn Chuẩn Mực
general_change_keybinding,0,,Nhấn phím bất kỳ hoặc Esc để hủy
general_click_to_change_key,0,,Nhấp để đổi phím tắt
load_preset,0,,Tải Mẫu Thiết Lập
map_size_large,0,,Bản Đồ Lớn
map_size_medium,0,,Bản Đồ Vừa
map_size_small,0,,Bản Đồ Nhỏ
map_type_debug,0,,Bản Đồ Gỡ Lỗi
map_type_desert,0,,Vùng Sa Mạc Cằn Cỗi
map_type_dev,0,,Bản Đồ Thử Nghiệm
map_type_new_home,0,,Vùng Đất Mới (Tái Thiết)
menu_color,0,,Màu sắc
menu_starting_characters,0,,Nhân vật khởi đầu
menu_heraldry,0,,Huy hiệu
menu_hue,0,,Sắc độ
most_skilled,0,,Thành thạo nhất về
most_passionate,0,,Đam Mê Cháy Bỏng Nhất Về
no_skilled_worker,0,,Không có dân làng nào am hiểu về
general_embark,0,,Bắt Đầu Khởi Hành Định Cư
group_skills,0,,Kỹ Năng Đội Nhóm
general_refresh,0,,Làm Mới
credits_SeniorProducer,0,,Nhà Sản Xuất Cấp Cao
credits_Producer,0,,Nhà Sản Xuất
credits_SeniorDesigner,0,,Nhà Thiết Kế Cấp Cao
credits_SeniorMarketingManager,0,,Quản Lý Tiếp Thị Cấp Cao
credits_PRManager,0,,Quản Lý Truyền Thông
credits_PerformanceMarketingManager,0,,Quản Lý Tiếp Thị Hiệu Suất
credits_SeniorCommunityandSocial Manager,0,,Quản Lý Cấp Cao Cộng Đồng & Mạng Xã Hội
credits_ChiefGamesOfficer,0,,Giám Đốc Trò Chơi
credits_PublishingDirector,0,,Giám Đốc Phát Hành
credits_DesignDirector,0,,Giám Đốc Thiết Kế
credits_TechnicalDirector,0,,Giám Đốc Kỹ Thuật
credits_OperationsDirector,0,,Giám Đốc Vận Hành
credits_FranchiseDirector,0,,Giám Đốc Thương Hiệu
credits_AdditionalExpertSupport,0,,Hỗ Trợ Chuyên Môn Bổ Sung
credits_TICAlumni,0,,Cựu Thành Viên TIC
credits_TonicGamesGroup,0,,Tập Đoàn Tonic Games
credits_Localisation,0,,Bản Địa Hóa (Localization)
credits_QualityAssurance,0,,Đảm Bảo Chất Lượng (QA)
credits_PRSupport,0,,Hỗ Trợ Truyền Thông
credits_AdditionalArt,0,,Họa Sĩ Đồ Họa Bổ Sung
credits_AdditionalHelp,0,,Hỗ Trợ Phát Triển Bổ Sung
credits_AdditionalDevelopment,0,,Lập Trình Phát Triển Bổ Sung
credits_WritingNarativeDesign,0,,Biên Kịch & Thiết Kế Cốt Truyện
credits_SpecialThanks,0,,Lời Tri Ân Đặc Biệt
credits_PublishedBy,0,,Phát hành bởi Mythwright
credits_CommunityContributors,0,,Bác Sĩ Dịch Hạch Đóng Góp Cộng Đồng
credits_AlphabeticalOrder,0,,Theo Thứ Tự Bảng Chữ Cái
credits_QAManager,0,,Quản Lý Đảm Bảo Chất Lượng (QA)
credits_QAProjectManager,0,,Quản Lý Dự Án QA
credits_QATestLead,0,,Trưởng Nhóm Kiểm Thử QA
credits_QATester,0,,Chuyên Viên Kiểm Thử QA
credits_community_mods,0,,Điều Hành Viên & Hỗ Trợ Cộng Đồng
credits_playtesters,0,,Người Chơi Thử Nghiệm
credits_translation,0,,Đội Ngũ Biên Dịch & Bản Địa Hóa
credits_trailer_service,0,,Dịch Vụ Sản Xuất Trailer
options_ui_size_Smallest,0,,Rất nhỏ 
options_ui_size_Small,0,,Nhỏ
options_ui_size_Normal,0,,Bình thường
options_ui_size_Large,0,,Lớn
options_ui_size_Largest,0,,Rất lớn
keybinding_group_Camera,0,,Điều Khiển Camera
keybinding_group_Gameplay,0,,Hệ Thống Lối Chơi
keybinding_group_Villagers,0,,Quản Lý Dân Làng
keybinding_group_Construction,0,,Xây dựng
keybinding_group_Misc,0,,Phím Tắt Khác
options_graphics,0,,Đồ họa
options_audio,0,,Âm thanh
options_game,0,,Trò chơi
options_credits,0,,Đội ngũ
options_visibleInBackground,0,,Hiển thị hình ảnh khi chạy ngầm
options_shadowQuality,0,,Chất lượng bóng đổ
options_softParticles,0,,Hạt mềm
options_antiAliasing,0,,Khử răng cưa
options_enviroment_footprints,0,,Dấu chân
options_enviroment_footprints_info,0,,Cả người và động vật đều để lại dấu chân cùng cát bụi trên đường đi.
options_enviroment_birds,0,,Đàn chim
options_enviroment_birds_info,0,,"Chim hoang dã bay lượn trên khu định cư, quanh xác động vật và bay lên khi cây bị đốn hạ. Gia cầm như gà sẽ không bị ảnh hưởng."
options_enviroment_particles,0,,Hiệu ứng môi trường
options_enviroment_particles_info,0,,"Lá cây và cành con bay rụng khi đốn cây, bụi cát cuộn theo gió. Các hiệu ứng thời tiết như mưa và sương mù không bị ảnh hưởng."
options_motionBlur,0,,Làm mờ chuyển động
options_ambientOcclusion,0,,Đổ bóng môi trường
options_bloom,0,,Lóa sáng
general_full,0,,Đầy Đủ
general_half,0,,Một Nửa
general_off,0,,Tắt
general_low,0,,Thấp
general_medium,0,,Trung bình
general_high,0,,Cao
general_veryHigh,0,,Very Cao
options_vSync_everyBlock,0,,Mỗi khung hình
options_vSync_everySecondBlock,0,,Cách một khung hình
options_sun_shafts,0,,Tia nắng mặt trời
options_aa_FXAA,0,,FXAA
options_aa_SMAA_low,0,,SMAA thấp
options_aa_SMAA_medium,0,,SMAA vừa
options_aa_SMAA_high,0,,SMAA cao
options_FrameRate,0,,Giới hạn khung hình
save_file_already_exists,0,,Lưu file by that name already exists
menu_roadmap,0,,Lộ trình
menu_patchnotes,0,,Ghi chú bản vá
early_acces_note,0,,"Chào mừng bạn đến với Going Medieval. Cảm ơn sự ủng hộ nhiệt tình của bạn.\nXin lưu ý rằng trò chơi đang trong giai đoạn phát triển tích cực, vì vậy bạn có thể thấy một số tính năng vẫn đang được hoàn thiện. Chúng tôi sẽ cập nhật thường xuyên để bổ sung nội dung mới và nâng cao trải nghiệm. Nếu gặp bất kỳ lỗi nào, vui lòng liên hệ trên Discord hoặc gửi báo cáo qua công cụ báo lỗi trong game."
roadmap_planed_updates,0,,Các bản cập nhật dự kiến
roadmap_01,0,,Thương mại & Thương nhân
roadmap_02,0,,Thương đoàn
roadmap_03,0,,Khu định cư Diplomacy
roadmap_04,0,,Dân làng Social Interactions
roadmap_05,0,,Tôn giáo Influence
roadmap_06,0,,Lửa & khả năng bắt cháy
roadmap_07,0,,Accumulating Tuyết rơi
roadmap_08,0,,Đường đất tự nhiên
roadmap_09,0,,Mounted Bao vây công thành Weaponry
roadmap_11,0,,Raiding Khác Settlements
roadmap_12,0,,Hệ thống chư hầu
roadmap_13,0,,Phe phái trên bản đồ
roadmap_14,0,,Tù nhân System
roadmap_15,0,,Thuần hóa động vật hoang dã
roadmap_16,0,,Chăn nuôi
roadmap_17,0,,Mục tiêu lớn
roadmap_18,0,,Hang động tự nhiên
roadmap_19,0,,Tàn Tích Cổ Đại
roadmap_23,0,,Giá Kệ & Giá Treo Vũ Khí
roadmap_24,0,,Bổ Sung Thêm Công Trình Kiến Trúc
roadmap_25,0,,Bổ Sung Thêm Nhạc Nền
roadmap_26,0,,Bổ Sung Thêm Các Loại Bản Đồ
roadmap_27,0,,Bổ Sung Thêm Tài Nguyên & Thực Phẩm
roadmap_28,0,,Bổ Sung Thêm Chiến Cụ Công Thành
roadmap_29,0,,Bổ Sung Thêm Nhánh Cây Nghiên Cứu
roadmap_30,0,,Tối Ưu Hóa & Nâng Cao Trải Nghiệm Tiện Ích
menu_changelog,0,,Nhật ký thay đổi
menu_new_update,0,,Tính năng mới trong bản cập nhật này
update_01_name,0,,Bản Cập Nhật Kệ Chứa & Giá Treo Đồ
update_02_name,0,,Bản Cập Nhật Giao Thương & Ngoại Giao
update_02_name_alt,0,,Giao Thương & Ngoại Giao
update_02_name_alt2,0,,Thương Nhân & Bang Giao
update_03_name,0,,Bản Cập Nhật Động Vật & Thú Nuôi
update_05_name,0,,Bản Cập Nhật Nước & Thủy Văn
update_06_name,0,,Bản Cập Nhật Cải Tạo Địa Hình & Loài Mèo
update_07_name,0,,Bản Cập Nhật Thẩm Mỹ & Tiện Nghi
update_08_name,0,,Bản Cập Nhật Tương Tác Xã Hội
update_09_name_old,0,,Hệ Thống Thang Leo
update_09_name,0,,Đại Tu Hiệu Ứng Môi Trường & Thời Tiết
update_095_capsule,0,,Giao Thương Bằng Tiền Tệ
update_10_name,0,,Hệ Thống Nước & Đánh Bắt Cá
update_11_name,0,,Chức Vụ Cộng Đồng & Lễ Hội
update_11_capsule,0,,Nhạc Công & Yến Tiệc
update_12_name,0,,Tù Nhân & Cổng Thành Kiên Cố
update_12_capsule,0,,CỔNG SẮT CÔNG THÀNH NÂNG THẢ
update_14_name,0,,Công Trình Huấn Luyện & Hỏa Hoạn
update_14_Capsule,0,,HỎA HOẠN CHIẾN TRANH
update_15_name,0,,Khí Tài Chiến Tranh & Trí Tuệ Kẻ Thù
update_15_Capsule,0,,VŨ KHÍ PHÒNG THỦ MỚI
update_15_Capsule_alt,0,,CHIẾN CỤ CÔNG THÀNH
update_15_Capsule_alt2,0,,CỖ MÁY CÔNG THÀNH
update_16_name,0,,Doanh Trại Thổ Phỉ & Các Trận Phục Kích
update_16_Capsule,0,,DOANH TRẠI THỔ PHỈ
update_entry_20,0,,Hệ Thống Tìm Đường Đi Mới (Pathfinding)
update_entry_21,0,,Quá Trình Lên Men Rượu Bia
update_entry_22,0,,Treo Đầu Dã Thú Lưu Niệm
update_entry_23,0,,Chuồng Nuôi Gia Súc
update_entry_24,0,,Động Vật Ban Đầu
update_entry_25,0,,Động Vật Đồng Hành Trong Thương Đoàn
update_entry_26,0,,Túi Da Đựng Thức Ăn
update_entry_27,0,,Công Trình Mới: Biển Báo Chỉ Dẫn
update_entry_28,0,,Tùy Chỉnh Độ Khó Tự Do
update_entry_29,0,,Dã Thú Săn Mồi Hoang Dã
update_entry_30,0,,Kiểm Soát Diệt Trừ Sâu Bệnh
update_entry_31,0,,Bổ Sung Các Loài Động Vật Mới
update_entry_32,0,,LOÀI MÈO BẮT CHUỘT
update_entry_33,0,,Cải Tạo San Lấp Địa Hình
update_entry_34,0,,Giá Trị Thẩm Mỹ Cảnh Quan
update_entry_35,0,,Mức Độ Tiện Nghi Thoải Mái
update_entry_36,0,,Tượng Nghệ Thuật Điêu Khắc
update_entry_37,0,,Tranh Sơn Dầu Treo Tường
update_entry_38,0,,Thảm Trải Sàn Nghệ Thuật
update_entry_39,0,,Độ Tráng Lệ Ấn Tượng Của Phòng
update_entry_40,0,,Chỉ Định Giường Ngủ Cá Nhân
update_entry_41,0,,Quy Hoạch Phòng Ngủ Riêng Tư
update_entry_42,0,,Phòng Bệnh Xá Cứu Thương
update_entry_43,0,,Giường Bệnh Xá
update_entry_44,0,,Hệ Thống Mối Quan Hệ Tình Cảm
update_entry_45,0,,Chuyện Trò Xã Giao Dân Làng
update_entry_46,0,,Tương Tác Giao Tiếp Xã Hội
update_entry_47,0,,Nhật Ký Hành Động Cá Nhân
update_entry_48,0,,Hệ Thống Thang Leo Đa Năng
update_entry_49,0,,Chỉnh Sửa Cùng Lúc Nhiều Kệ Đồ
update_entry_50,0,,Cải Tiến Cơ Chế Cho Ăn Động Vật
update_entry_51,0,,Hệ Thống Ánh Nắng Mặt Trời
update_entry_52,0,,Cây Trồng Bị Còi Cọc Do Thiếu Sáng
update_entry_53,0,,Đại Tu Toàn Diện Cơ Chế Nhiệt Độ
update_entry_54,0,,Chu Kỳ Ngày & Đêm Mới
update_entry_55,0,,Vũng Nước Mưa Tích Tụ
update_entry_56,0,,Tuyết Rơi Tích Tụ Phủ Trắng
update_entry_57,0,,Đại Tu Cơ Chế Băng Bó Chữa Thương
update_entry_58,0,,Đàn Chim Bay Lượn
update_entry_59,0,,Bảo Vệ Đàn Gia Súc Trước Dã Thú
update_entry_60,0,,Sông Ngòi & Ao Hồ Tự Nhiên
update_entry_61,0,,Thác Nước Hùng Vĩ
update_entry_62,0,,Loại Bản Đồ Mới: Vùng Đầm Lầy
update_entry_63,0,,Cá Sông & Lươn Đồng
update_entry_64,0,,Hệ Thống Chức Vụ Dân Làng
update_entry_65,0,,"Nhạc Công, Tu Sĩ Druid & Tuyên Úy"
update_entry_66,0,,"Đại Yến Tiệc, Thánh Lễ & Nghi Thức Cúng Tế"
update_entry_67,0,,Sở Thích Phân Công Công Việc
update_entry_68,0,,Sự Kiện Bị Tống Tiền Bảo Kê
update_entry_69,0,,Đàm Phán Chuộc Người Bỏ Trốn
update_entry_70,0,,Hệ Thống Bảng Tin Thời Sự
update_entry_71,0,,Các Nghề Nghiệp Dân Làng Mới
update_entry_72,0,,Các Kỹ Năng Dân Làng Mới
update_entry_73,0,,Hệ Thống Cổng Thành
update_entry_74,0,,Hệ Thống Lao Động Tù Binh
update_entry_75,0,,Bổ Sung Chức Vụ Mới
update_entry_76,0,,Sự Kiện Xử Tử Phạm Nhân
update_entry_77,0,,Cảm Hóa Chiêu Mộ Tù Nhân
update_entry_78,0,,Công Trình Thao Luyện Binh Sĩ
update_entry_79,0,,Tác Chiến Bằng Lửa Hỏa Công
update_entry_80,0,,Các Loại Vũ Khí Mới
update_entry_81,0,,Các Loại Vũ Khí Ném Tầm Xa
update_entry_82,0,,Hỗ Trợ Modding Tùy Biến Toàn Diện
update_entry_83,0,,Tích Hợp Steam Workshop
update_entry_84,0,,Trí Tuệ Nhân Tạo (AI) Kẻ Địch Theo Đội Hình
update_entry_85,0,,Khí Tài Công Thành (Người Chơi Trực Tiếp Điều Khiển)
update_entry_86,0,,Xuất Ngoại Thám Hiểm Các Vùng Đất Khác
update_entry_87,0,,Đột Kích Tiêu Diệt Doanh Trại / Căn Cứ Địch
update_entry_88,0,,Hệ Thống Đại Mục Tiêu Định Đoạt Vận Mệnh
update_entry_89,0,,Cạm Bẫy Bắt Lửa Thiêu Rụi
update_entry_90,0,,Cung Tên Lửa Cháy Rực
update_entry_91,0,,Hỗ Trợ Mod Lưới 3D (Mesh) & Kết Cấu Vân Bề Mặt (Texture)
update_entry_92,0,,Hệ Thống Camera 2.0 Tối Tân
update_entry_93,0,,Doanh Trại Thảo Khấu
update_entry_94,0,,Sự Kiện Bị Mai Phục Tấn Công
update_entry_95,0,,Kho Báu & Rương Chiến Lợi Phẩm
update_entry_96,0,,Sự Kiện Kẻ Ăn Xin Cơ Nhỡ
update_entry_11,0,,Biến Thể Hình Dáng Công Trình
update_entry_12,0,,Hạt Giống & Cây Giống Non
update_entry_13,0,,Khối Băng Lạnh Bảo Quản
update_entry_14,0,,Nghề Nuôi Ong Lấy Mật
update_entry_15,0,,Vườn Cây Ăn Quả Trù Phú
update_entry_16,0,,Bổ Sung Tài Nguyên & Nông Sản Mới
update_entry_17,0,,Tiếp Nhiên Liệu Nguồn Nhiệt Tự Động
update_entry_18,0,,Trang Bị Phe Phái Mới
update_entry_19,0,,Bản Nhạc Nền Mới
update_entry_01,0,,Kệ Chứa Đồ & Giá Treo Vũ Khí
update_entry_02,0,,Bản Đồ Kích Thước Lớn Hơn
update_entry_03,0,,Độ Ưu Tiên Của Bãi Chứa
update_entry_04,0,,Cân Bằng Cơ Chế Nhiệt Độ
update_entry_05,0,,Cân bằng & thay đổi máy bắn đá
update_entry_06,0,,Cải thiện tiện ích
update_entry_07,0,,Công trình trang trí mới
update_entry_08,0,,Ổn định & tối ưu hóa
update_entry_09,0,,Di dời công trình
update_entry_10,0,,Tùy chỉnh nhân vật
options_playlist_pause,0,,Tạm dừng nhạc khi chạy ngầm
options_runInbackground,0,,Tiếp tục chạy khi mất tiêu điểm
options_sendAutoReport,0,,Gửi báo cáo lỗi
difficulty_option_raidPointsMultiplier_title,0,,Hệ số sức mạnh sự kiện
difficulty_option_raidPointsMultiplier_info,0,,Quy định số điểm dùng khi tạo các sự kiện như dịch bệnh cây trồng và đột kích. Số điểm này quyết định số lượng và sức mạnh của sự kiện.
difficulty_option_raidStrengthMultiplier_title,0,,Mức tăng sức mạnh sự kiện
difficulty_option_raidStrengthMultiplier_info,0,,Sức mạnh sự kiện thay đổi theo thời gian. Chọn cách bạn muốn sức mạnh tăng lên:
mode_name_plateau,0,,Ổn định
mode_info_plateau,0,,Tăng nhanh đến một mức độ ổn định và có thể dự đoán được
mode_name_standard,0,,Tiêu chuẩn
mode_info_standard,0,,Tăng chậm dần đến khi đạt mức ổn định
mode_name_rampUp,0,,Thử thách
mode_info_rampUp,0,,Độ khó tăng dốc liên tục trong suốt một thập kỷ
mode_name_Wavy,0,,Khó lường
mode_info_Wavy,0,,"Cường độ các sự kiện thay đổi bất ngờ, khó lường trước"
schedule_default_4_title,0,,Khó
schedule_default_3_title,0,,Rất khó
difficulty_option_woundSeverityMultiplier_title,0,,Hệ số độ nghiêm trọng của vết thương
difficulty_option_woundSeverityMultiplier_info,0,,Xác định mức độ nghiêm trọng của các vết thương gây ra cho dân làng. Vết thương nhẹ hơn sẽ ít làm giảm chỉ số và dễ chữa lành hơn.
difficulty_option_animalSpawnMultiplier_title,0,,Động vật Spawn Rate Multiplier
difficulty_option_animalSpawnMultiplier_info,0,,Xác định tốc độ và tần suất xuất hiện động vật mới trên bản đồ thế giới.
difficulty_option_plantYieldMultiplier_title,0,,Hệ Số Sản Lượng Nông Sản
difficulty_option_plantYieldMultiplier_info,0,,Hệ số nhân sản lượng tài nguyên cây trồng và hoa màu thu hoạch được.
difficulty_option_mineYieldMultiplier_title,0,,Hệ số sản lượng khai khoáng
difficulty_option_mineYieldMultiplier_info,0,,Nhân với giá trị cơ bản của tài nguyên thu được khi một khối voxel được khai thác.
difficulty_option_CellarFloodEvent_title,0,,Hầm ngập nước
difficulty_option_animalInfestationEvent_title,0,,Đại Dịch Chuột / Động Vật Phá Hầm Chứa
difficulty_option_moodTarget_title,0,,Chỉ Số Tâm Trạng Dân Làng
difficulty_option_moodTarget_info,0,,Chỉ số tâm trạng cơ bản của dân làng. Giá trị càng thấp sẽ khiến dân làng nổi loạn thường xuyên hơn. Mức tâm trạng mặc định của dân làng là 50.
difficulty_option_enemyHPMax_title,0,,Máu kẻ thù
difficulty_option_enemyHPMax_info,0,,"Lượng máu tối đa của kẻ thù. Việc thay đổi thông số này trong quá trình chơi sẽ chỉ áp dụng cho kẻ thù xuất hiện sau đó, không ảnh hưởng đến kẻ thù đã có trên bản đồ."
difficulty_option_healthRecoverySpeed_title,0,,Hồi phục máu
difficulty_option_healthRecoverySpeed_info,0,,Hồi phục sức khỏe: Tốc độ hồi phục sinh lực cơ bản kèm các hệ số nhân.
difficulty_option_rottingSpeed_title,0,,Tốc độ thối rữa
difficulty_option_rottingSpeed_info,0,,Tốc độ tài nguyên như thực phẩm tươi sống bị giảm độ tươi và thối rữa.
difficulty_option_decomposeSpeed_title,0,,Tốc độ phân hủy
difficulty_option_decomposeSpeed_info,0,,Tốc độ vật phẩm bị mất độ bền do các yếu tố môi trường như mưa gió và nhiệt độ.
difficulty_option_tradingValue_title,0,,Giá trị trao đổi
difficulty_option_tradingValue_info,0,,Điều này làm thay đổi giá trị trao đổi thêm XX%.
difficulty_option_huntingRetailateChance_title,0,,Tỉ lệ con mồi chống trả
difficulty_option_huntingRetailateChance_info,0,,Tỉ lệ con mồi sẽ quay lại tấn công người đi săn.
difficulty_option_globalWorkSpeed_title,0,,Tốc độ làm việc chung
difficulty_option_globalWorkSpeed_info,0,,Nhân với tốc độ thực hiện mọi hoạt động công việc.
difficulty_weight_info,0,,"Thể hiện trọng số xác suất để sự kiện được kích hoạt. Giá trị cơ bản càng lớn thì sự kiện càng dễ xảy ra. Lưu ý rằng nếu tất cả các loại sự kiện đều có trọng số cao nhất, chúng sẽ có cơ hội kích hoạt ngang nhau.
Trọng số còn chịu ảnh hưởng bởi các yếu tố khác trong trò chơi: như độ thân thiện của phe phái, thời điểm trong năm, loại bản đồ, số lượng dân làng và nhiều yếu tố khác."
difficulty_option_runawayEvent_title,0,,Người chạy trốn
difficulty_option_newWorkerEvent_title,0,,Dân làng mới
difficulty_option_merchantGeneralEvent_title,0,,Thương nhân ghé thăm
difficulty_option_merchantRareEvent_title,0,,Thương nhân hàng hiếm ghé thăm
difficulty_option_merchantPrisonerEvent_title,0,,Thương nhân tù nhân ghé thăm
difficulty_option_visitorEvent_title,0,,Khách viếng thăm
difficulty_option_visitorRoleEvent_title,0,,Khách viếng thăm có vai trò đặc biệt
difficulty_option_animalMiscSmallEvent_title,0,,Sự Kiện Thú Nhỏ Xuất Hiện
difficulty_option_animalWildLargeEvent_title,0,,Sự Kiện Thú Lớn Xuất Hiện
difficulty_option_animalBearSingleEvent_title,0,,Gấu Rừng Viếng Thăm
difficulty_option_thundertstormEvent_title,0,,Bão giông sấm sét
difficulty_option_thundertstormEvent_info,0,,Cho phép sự kiện này xảy ra trong lượt chơi này
difficulty_option_blightEvent_title,0,,Dịch bệnh cây trồng
difficulty_option_blightEvent_info,0,,Cho phép sự kiện này xảy ra trong lượt chơi này
difficulty_option_animalRaidEvent_title,0,,Động vật thù địch
difficulty_option_animalRaidEvent_info,0,,Cho phép sự kiện này xảy ra trong lượt chơi
difficulty_option_animalDomesticSingleEvent_title,0,,Sự Kiện Gia Súc Thuần Hóa Xuất Hiện
difficulty_option_animalDomesticSingleEvent_info,0,,Cho phép các đàn gia súc và động vật thuần hóa thỉnh thoảng xuất hiện lang thang trên bản đồ của bạn.
difficulty_option_hailstormEvent_title,0,,Mưa đá
difficulty_option_hailstormEvent_info,0,,Cho phép sự kiện này xảy ra trong lượt chơi này
difficulty_option_coldsnapEvent_title,0,,Đợt rét đậm
difficulty_option_coldsnapEvent_info,0,,Cho phép sự kiện này xảy ra trong lượt chơi này
difficulty_option_heatwaveEvent_title,0,,Đợt nắng nóng
difficulty_option_heatwaveEvent_info,0,,Cho phép sự kiện này xảy ra trong lượt chơi này
difficulty_option_enemyRaidEvent_title,0,,Sự kiện kẻ địch đột kích
difficulty_option_enemyRaidEvent_info,0,,Cho phép các cuộc đột kích ngẫu nhiên xảy ra trong lượt chơi. (Không áp dụng cho chế độ Yên bình vì chế độ này loại bỏ đột kích.)
difficulty_option_useSeeds_title,0,,Sử dụng hạt giống
difficulty_option_useSeeds_info,0,,"Sử dụng hạt giống khi gieo trồng. Khuyến nghị nên luôn 'bật' tùy chọn này. Nếu tắt, hạt giống không dùng đến sẽ hiển thị trên bản đồ: dân làng sẽ thực hiện động tác gieo tại các khu vực được chỉ định làm ruộng và cây sẽ tự mọc. Bạn vẫn cần thu thập hạt giống để mở khóa loại ruộng tương ứng."
difficulty_option_enemiesHaveTrebuchet_title,0,,Kẻ thù trang bị vũ khí công thành
difficulty_option_enemiesHaveTrebuchet_info,0,,Tắt tùy chọn này sẽ ngăn kẻ thù xây dựng vũ khí công thành trong các đợt đột kích thông thường.
difficulty_option_fireSpreadSpeedMultiplier_title,0,,Hệ số cháy lan
difficulty_option_fireSpreadSpeedMultiplier_info,0,,"Hệ số nhân tốc độ cháy lan của lửa. Tính năng này bổ sung vào cơ chế khi sát thương tích tụ, lửa sẽ lan chậm hơn sang mặt đất lân cận. Tốc độ cháy lan trên các vệt dầu loang không bị ảnh hưởng."
difficulty_option_caravanAmbushChanceMultiplier_title,0,,Tỉ lệ phục kích
difficulty_option_caravanAmbushChanceMultiplier_info,0,,Tỉ lệ cơ bản xảy ra một cuộc phục kích đoàn buôn. Tỉ lệ này sẽ được nhân thêm bởi nhiều yếu tố khác nhau khi thành lập đoàn buôn.
save_load_fail,0,,"Khu định cư được lưu từ phiên bản trò chơi <save_modified_version> sẽ không hoạt động trên phiên bản <valid_save_version> trở lên. Để trải nghiệm trọn vẹn các tính năng mới, vui lòng bắt đầu một khu định cư mới. Hoặc bạn có thể chuyển về phiên bản cũ trong trình khởi chạy game để tiếp tục chơi khu định cư này."
options_camera_target_visuals,0,,Hiển thị tâm ngắm camera
options_camera_target_visuals_info,0,,"Bật/tắt biểu tượng hiển thị tâm ngắm của camera. Biểu tượng chỉ xuất hiện khi camera đang di chuyển, thu phóng hoặc xoay."
options_camera_target_visuals_duration,0,,Thời gian hiện tâm ngắm camera
options_camera_target_visuals_duration_info,0,,Thời gian tâm ngắm camera tiếp tục hiển thị trên màn hình sau khi dừng thao tác camera.
options_coyote_time,0,,Độ trễ mép vực
options_coyote_time_info,0,,"Khoảng thời gian tâm ngắm camera duy trì độ cao khi lướt qua mép vực. Nếu bật hiển thị tâm ngắm, đường kẻ trắng sẽ nối từ vị trí hiện tại đến tầng tiếp theo mà camera đáp xuống."
options_camera_offset_by_buildings,0,,Camera dịch chuyển theo công trình
options_camera_offset_by_buildings_info,0,,"Bật/tắt việc camera dịch chuyển theo sàn và tường, cùng với địa hình và mặt nước."
options_camera_shake,0,,Rung chấn camera
options_camera_shake_info,0,,Bật/tắt hiệu ứng rung chấn của camera
options_camera_settings,0,,Cài đặt camera
ingame_menu_camera_settings,0,,Cài đặt camera
options_legacy_camera,0,,Chế Độ Camera Cổ Điển
options_legacy_camera_info,0,,Bật chế độ camera hoạt động như các phiên bản đầu tiên của game. Bật tùy chọn này sẽ vô hiệu hóa các tính năng camera mới.
game_parametars_title,0,,Tùy chỉnh thiết lập lối chơi
game_parametars_title_old,0,,Thông số trò chơi
demo_end_message,0,,"Bản chơi thử Going Medieval đến đây là kết thúc. 
Bạn có thể tiếp tục xây dựng khu định cư của mình trong phiên bản đầy đủ, hoặc bắt đầu một khu định cư mới tại bản chơi thử này.
Cảm ơn bạn đã trải nghiệm Going Medieval!"
demo_start_message,0,,"<b><uppercase>Chào mừng đến với bản thử nghiệm Going Medieval!</b></uppercase> 
Mỗi khu định cư chỉ có thể chơi cho đến hết Mùa Xuân đầu tiên.
Ngoài ra, xin lưu ý một số tính năng sẽ bị khóa trong bản thử nghiệm này.
Chúng tôi hy vọng bạn sẽ thích trải nghiệm phần đầu của trò chơi. 
Bạn sẽ có thể tiếp tục bản lưu này khi trò chơi phát hành chính thức bản v1.0."
demo_exit_message,0,,"Cảm ơn bạn đã trải nghiệm Going Medieval!
Hãy tiếp tục xây dựng khu định cư của bạn thành một thuộc địa hùng mạnh trong phiên bản đầy đủ.
Theo dõi chúng tôi trên <link=""web_discord_link""><style=LinkWorker>Discord</style></link> để nhận các bản cập nhật phát triển mới nhất."
not_available_in_demo,0,,Không khả dụng trong bản thử nghiệm
lb_get_Started,0,,Bắt đầu
lb_wishlist,0,,Thêm Going Medieval vào danh sách mong muốn
save_not_from_demo,0,,"Bạn đang cố tải một bản lưu đã vượt quá mùa đầu tiên hoặc được tạo từ phiên bản đầy đủ. Để tiếp tục bản lưu này, vui lòng khởi động phiên bản đầy đủ của trò chơi."
save_not_compatible_demo,0,,Khu định cư này được khởi tạo trong bản thử nghiệm. Tệp lưu của nó không tương thích với phiên bản hiện tại. Bạn có thể bắt đầu trò chơi mới và tiếp tục khu định cư này khi trò chơi rời giai đoạn truy cập sớm.
lb_purchase_full,0,,Mua bản đầy đủ
lb_newsletter,0,,Bản tin
lb_patch_notes,0,,Ghi chú cập nhật
TwitchAnimalSpawnBbt,0,,Con thú {Animal} mang tên {Twitch Name} vừa xuất hiện!
twitch_strike_event_bbt,0,,{Twitch Name} vừa triệu hồi một tia sét giáng xuống!
twitch_raid_event,0,,{FromBroadcasterName} đã đưa {ViewersCount} người đột kích kênh của bạn! Giờ họ sẽ đột kích khu định cư!
TwitchMysteryGiftWindowTitle,0,,Quà bí ẩn
TwitchMysteryGiftContentTitle,0,,Quà bí ẩn
TwitchMysteryGiftBody,0,,Một nhân vật bí ẩn được biết đến với tên {mysteryName} vừa để lại một món đồ ở rìa khu định cư của bạn.
TwitchRerollName,0,,Đổi lại tên Twitch
options_twitch,0,,Tích Hợp Livestream Twitch
twitch_auth_title,0,,Xác thực tài khoản
twitch_auth_desc,0,,"Bạn có thể thoải mái xác thực với Twitch và mời bạn bè tham gia. Mọi tính năng đều có thể bật/tắt để bạn tùy chỉnh theo ý muốn. Cài đặt mặc định phù hợp cho các streamer nhỏ (tối đa 20 người xem). Với lượng người xem đông hơn, hãy thử tăng thời gian hồi chiêu.
"
twitch_auth_desc_chanel_name,0,,Cần tên kênh của bạn để theo dõi các lệnh được kích hoạt trong phần chat.
twitch_auth_button,0,,Đăng nhập
twitch_auth_log_in,0,,Đăng nhập
twitch_auth_log_out,0,,Đăng xuất
twitch_channel_name,0,,Tên kênh
twitch_user_name,0,,Tên người dùng
twitch_auth_required,0,,Chưa đăng nhập
twitch_auth_success,0,,Đã đăng nhập thành công
twitch_raid_button,0,,Số người đột kích Twitch tối thiểu để kích hoạt
twitch_name_desc,0,,"Mỗi người dùng Twitch gõ lệnh !name trong phần chat sẽ được xếp hàng để gán tên cho một thực thể trong game (dân làng, kẻ thù, NPC hoặc động vật). Bạn có thể đổi lại tên của từng cá nhân cụ thể. Mỗi người tham gia chat chỉ được gán tên cho một thực thể tại một thời điểm."
twitch_appear_desc,0,,Mỗi người dùng Twitch gõ !appear trong chat sẽ tạo ra một con thú nhỏ mang tên họ. Mỗi người chỉ dùng được một lần.
twitch_gift_desc,0,,Người xem hào phóng nhập !gift trong phần chat sẽ gửi cho bạn một món quà có giá trị và nội dung bí ẩn. Tính năng này có thời gian hồi chung và có thể tùy chỉnh.
twitch_strike_desc,0,,Những người xem Twitch gõ lệnh !strike trong phần chat sẽ giáng sét vào khu định cư của bạn! Lệnh này có thời gian hồi chung.
twitch_command_cooldown,0,,Thời gian hồi
twitch_raid_title,0,,Đột kích
twitch_raid_desc,0,,Đột kích trên Twitch cũng kích hoạt đột kích trong trò chơi.
twitch_settlers_title,0,,Dân làng mới
twitch_settlers_desc,0,,"Một người theo dõi, người đăng ký mới hoặc khi đạt cấp độ hypetrain sẽ tạo ra một dân làng mới. Hãy nhớ rằng giới hạn mềm cho số lượng dân làng là 20 người."
twitch_event,0,,Sự kiện Twitch
twitch_event_01,0,,Theo dõi
twitch_event_02,0,,Đăng ký
twitch_event_03,0,,Đạt Cấp Độ Hype Train
twitch_drops_title,0,,Phần thưởng Twitch Drops
twitch_drops_desc,0,,"Nếu đã nhận Twitch Drop trong một chiến dịch xem Going Medieval, bạn có thể đổi chúng tại đây."
twitch_drops_button,0,,Nhận phần thưởng
not_allowed_map_selected,0,,Loại bản đồ này không phù hợp để sử dụng với kịch bản đã chọn
recomend_dont_change_cap,0,,Chỉ số FPS quá cao có thể gây ra hiện tượng hoạt ảnh bị lệch đồng bộ. Khuyến nghị duy trì ở mức 60 FPS hoặc thấp hơn
twitch_drops_bbt,0,,{drop} đã được nhận thành công!
twitch_drops_bbt_none,0,,Chưa mở khóa phần thưởng Twitch Drops nào.
resource_holder_info_barley_patch,0,,"Ngũ cốc lúa mạch đa năng dùng nướng bánh mì, nấu cháo hoặc ủ men bia ale giải khát thanh mát. Dùng làm thức ăn vỗ béo gia cầm."
resource_holder_info_wild_barley_patch,0,,"Lúa mạch mọc hoang dã nơi đồng nội, dùng làm nguồn lương thực cứu đói hoặc ủ men rượu bia."
resource_holder_info_beet_patch,0,,"Loại củ dền cổ xưa và kiên cường dễ trồng trong vườn nhà, từ những túp lều tranh nghèo khó cho tới thái ấp điền trang trù phú."
resource_holder_info_cabbage_patch,0,,Loại rau mộc mạc và là lương thực căn bản hằng ngày của người dân. Giống cây trồng có thể gieo hạt và thu hoạch quanh năm.
resource_holder_info_carrot_patch,0,,"Củ cà rốt giòn ngọt với sắc cam rực rỡ, rất ngon miệng khi ăn sống hoặc cất trữ dưới hầm lạnh dùng dần trong mùa đông."
resource_holder_info_dig_marker_clay,0,,Loại đất sét mịn giàu khoáng chất kết dính chặt chẽ. Một trong những vật liệu xây dựng và làm gốm cổ xưa nhất của nhân loại.
resource_holder_info_dig_marker_empty,0,,Đất màu mỡ phì nhiêu quý giá tựa như vàng đen của nhà nông.
resource_holder_name_dig_marker_coal,0,,Vỉa Quặng Than Đá
resource_holder_info_dig_marker_coal,0,,Khoáng sản đen kết tinh từ thảm thực vật cổ đại bị vùi lấp từ thuở sơ khai. Cháy bùng rực lửa trong lò sưởi và lò nung kim loại.
resource_holder_info_dig_marker_gold,0,,Kho báu chôn giấu trong lòng đất mẹ. Kim loại quý dẻo dai không bị hoen gỉ dùng để đúc vương miện hoàng gia và tiền vàng trao đổi.
resource_holder_info_dig_marker_iron,0,,Quặng giàu hàm lượng sắt cung cấp nguồn phôi kim loại dồi dào cho các lò rèn vũ khí và giáp trụ.
resource_holder_info_dig_marker_limestone,0,,Vật liệu xây dựng hình thành từ hàng triệu xác sinh vật biển cổ đại. Dùng để đẽo gọt xây tường thành và nung vôi tôi kiên cố.
resource_holder_info_dig_marker_salt,0,,"Những mỏ muối khoáng quý giá dùng để ướp bảo quản thịt cá, nền tảng sinh tồn không thể thiếu của mọi nền văn minh."
resource_holder_info_dig_marker_silver,0,,Mạch quặng bạc sáng bóng để đúc tiền xu bạc hoặc chế tác các món đồ trang sức tinh xảo quý phái.
resource_holder_info_wild_flax_patch,0,,"Loài cây hoa xanh biếc tuyệt đẹp và đa dụng, cung cấp hạt để ép dầu ăn và sợi thân dai để dệt nên những tấm vải lanh thoáng mát."
resource_holder_info_flax_patch,0,,Cây lanh trồng lấy hạt ép dầu và sợi dệt vải may mặc nhẹ nhàng cho mùa hè.
resource_holder_info_hay_patch,0,,"Cỏ đồng cỏ mọc nhanh như thổi, dập dờn xanh mướt trước gió ngàn. Cắt lấy cỏ khô làm thức ăn cho gia súc hoặc bện làm đệm nằm."
resource_holder_info_herbs_patch,0,,"Các loài thảo mộc thu hái từ thiên nhiên hoang dã với muôn vàn công dụng: nêm nếm gia vị món ăn, bào chế thuốc chữa bệnh, ủ men rượu và chiết xuất màu nhuộm."
resource_holder_info_mushroom_patch,0,,"Nấm mọc ngoài đồng và trong rừng. Nhiều loại ăn được, một số rất ngon."
resource_holder_info_shrub_generic,0,,Bụi cây bụi ven đường. Có thể chặt lấy cành cây làm củi nhưng cho rất ít gỗ thân.
resource_holder_info_shrub_ivy,0,,"Dây thường xuân leo bám kiên cường trên các thân cổ thụ, vách tường đá và hàng rào ranh giới."
resource_holder_info_shrub_redcurrant,0,,"Bụi cây quả mọng mọc hoang dã khắp nơi, cho những chùm quả màu đỏ ngọc chua thanh giàu vitamin và dưỡng chất."
resource_holder_info_tree_birch,0,,"Cây bạch dương biểu tượng của sự tái sinh, gỗ cháy đượm ngay cả khi còn ẩm và rất lý tưởng để xông khói thịt cá."
resource_holder_info_tree_oak,0,,Vua của rừng già và là loài cây thiêng liêng đối với các tu sĩ Druid. Rất được ưa chuộng để đẽo xà dầm và dựng khung nhà gỗ kiên cố.
resource_holder_info_tree_pine,0,,"Loài cây lớn nhất xứ Caledonia, thân cao vút, thẳng tắp và dẻo dai, hoàn hảo làm cột buồm và ván sàn. Người Scotland du hành thường trồng cây thông để đánh dấu phần mộ tổ tiên."
resource_holder_info_tree_plane,0,,"Cây phong đồng mang lại loại gỗ cứng cáp bền bỉ, hoàn hảo để chế tác các nhạc cụ tinh xảo có thanh âm trong trẻo."
resource_holder_name_wild_barley_patch,0,,Lúa Mạch (Mọc Hoang Dã)
resource_holder_name_barley_patch,0,,Lúa Mạch
resource_holder_name_beet_patch,0,,Bụi Củ Dền
resource_holder_name_cabbage_patch,0,,Bắp Cải
resource_holder_name_carrot_patch,0,,Cà Rốt
resource_holder_name_dig_marker_rocky,0,,Vùng Đất Sỏi Đá
resource_holder_info_dig_marker_rocky,0,,"Đất phù sa màu mỡ quý giá như vàng đen. Nhưng đôi khi, những bãi đất cằn cỗi đầy sỏi đá lại là tất cả những gì bạn có để canh tác sinh tồn."
resource_holder_name_dig_marker_clay,0,,Mỏ Đất Sét
resource_holder_name_dig_marker_empty,0,,Đất Nền
resource_holder_name_dig_marker_gold,0,,Mạch Quặng Vàng
resource_holder_name_dig_marker_granite,0,,Mỏ Đá Hoa Cương
resource_holder_name_dig_marker_iron,0,,Mạch Quặng Sắt
resource_holder_name_dig_marker_limestone,0,,Mỏ Đá Vôi
resource_holder_name_dig_marker_impurelimestone,0,,Mỏ Đá Vôi (Lẫn Tạp Chất)
resource_holder_name_dig_marker_salt,0,,Mỏ Muối Khoáng
resource_holder_name_dig_marker_sand,0,,Bãi Cát Tự Nhiên
resource_holder_name_dig_marker_silver,0,,Mạch Quặng Bạc
resource_holder_name_wild_flax_patch,0,,Cây Lanh (Mọc Hoang Dã)
resource_holder_name_flax_patch,0,,Cây Lanh
resource_holder_name_hay_patch,0,,Đồng Cỏ Khô
resource_holder_name_herbs_patch,0,,Bụi Thảo Mộc
resource_holder_name_mushroom_patch,0,,Nấm
resource_holder_name_shrub_generic,0,,Bụi Cây Dại
resource_holder_name_shrub_ivy,0,,Bụi thường xuân
resource_holder_name_shrub_redcurrant,0,,Bụi lý chua đỏ
resource_holder_name_tree_birch,0,,Birch Cây thân gỗ
resource_holder_name_tree_oak,0,,Oak Cây thân gỗ
resource_holder_name_tree_pine,0,,Cây thông Scots
resource_holder_name_tree_plane,0,,Cây phong đồng
resource_holder_name_tree_quince,0,,Quince Cây thân gỗ
resource_holder_name_tree_walnut,0,,Walnut Cây thân gỗ
resource_holder_name_tree_damson,0,,Damson Cây thân gỗ
resource_holder_name_tree_mulberrie,0,,Mulberry Cây thân gỗ
resource_holder_info_tree_quince,0,,"Cho ra loại quả cứng cáp nổi tiếng, rất tuyệt khi ướp cùng nhục đậu khấu hoặc đinh hương."
resource_holder_info_tree_walnut,0,,Cây óc chó mang lại những quả hạch thơm bùi và gỗ quý sẫm màu tuyệt đẹp.
resource_holder_info_tree_damson,0,,Giống mận tím Damson trứ danh được những người lính thập tự chinh mang về từ phương xa.
resource_holder_info_tree_mulberrie,0,,"Cây dâu tằm với những quả mọng tím đỏ ngọt ngào, thường được trồng trong vườn thuốc bệnh xá."
resource_holder_name_shrub_blackberry,0,,Bụi cây dâu tằm đen
resource_holder_name_shrub_sloe,0,,Bụi cây mận gai
resource_holder_name_shrub_gooseberry,0,,Bụi cây phúc bồn tử xanh
resource_holder_info_shrub_blackberry,0,,Bụi gai rậm rạp đầy gai nhọn nhưng đền đáp bằng những chùm quả dâu đen ngọt ngào.
resource_holder_info_shrub_sloe,0,,Bụi mận gai sắc nhọn mang những quả mận đen chát dùng để ngâm ủ rượu mùa đông.
resource_holder_info_shrub_gooseberry,0,,Khí hậu ẩm ướt gió mùa của đảo Anh nuôi dưỡng những quả lý gai xanh chua thanh mát lành.
resource_holder_name_rose_patch,0,,Bụi hoa hồng
resource_holder_info_rose_patch,0,,"Đóa hoa biểu tượng của tình yêu và nước Anh, tỏa hương thơm ngát dịu dàng."
resource_holder_name_belladonna_patch,0,,Bụi cây cà độc dược Belladonna
resource_holder_name_poppy_patch,0,,Vạt hoa anh túc
resource_holder_name_magic_mushroom,0,,Nấm mũ tự do
resource_holder_info_belladonna_patch,0,,Ranh giới giữa vị thuốc giảm đau và cái chết rất mong manh với quả mọng của loài cây độc này.
resource_holder_info_poppy_patch,0,,"Sau những biến động loạn lạc, những đóa anh túc đỏ rực vươn mình, cho hạt làm bánh và chiết xuất thuốc giảm đau."
resource_holder_info_magic_mushroom,0,,"Loài nấm nhỏ dễ bị bỏ qua, có mũ nhọn và khi ăn có thể gây ảo giác hoặc hành vi kỳ lạ."
tree_mighty_oak,0,,Cây Sồi Đại Ngàn Thiêng Liêng
resource_holder_name_tree_mighty_oak,0,,Cây Sồi Đại Ngàn Thiêng Liêng
resource_holder_info_tree_mighty_oak,0,,"Cánh cổng bước vào thế giới thần linh, cây sồi cổ thụ ngàn năm chứng kiến những cánh rừng đại ngàn thuở sơ khai. Cội rễ đâm sâu vào lòng đất và tán lá vươn tận trời xanh."
resource_holder_name_tree_mighty_oak_dead,0,,Cây Sồi Cổ Thụ Tàn Lụi
resource_holder_info_tree_mighty_oak_dead,0,,"Từng là trung tâm của khu rừng thiêng, nay thân cây đã rỗng mục và bị tầm gửi bám kín. Cần đốn hạ để nhường chỗ cho sự sống mới sinh sôi."
resource_phase_fruitelss,0,,Không đậu quả
resource_phase_seeding,0,,Đang kết hạt giống
resource_phase_growing,0,,Đang sinh trưởng
resource_phase_ripening,0,,Đang chín
resource_phase_ripe,0,,Đã chín
resource_phase_young,0,,Cây non
resource_phase_dead,0,,Đã chết / Héo tàn
resource_phase_flowering,0,,Đang nở hoa
resource_phase_budding,0,,Đang đơm chồi
resource_phase_mature,0,,Trưởng thành
resource_phase_sapling,0,,Cây non
resource_phase_burned,0,,Đã bị cháy rụi
dont_harvest,0,,Không Thu Hoạch
dont_cut,0,,Không Chặt Hạ
resource_holder_name_dig_marker_wetlandDirt,0,,Đất lầy thụt đầm lầy
resource_holder_info_dig_marker_wetlandDirt,0,,Loại đất màu mỡ rất tốt cho trồng trọt. Tuy nhiên đất bị úng nước nên không thể đào hầm ngầm tại đây.
voxel_rocky,0,,Đất Sỏi Đá
voxel_grass,0,,Đồng Cỏ Xanh
voxel_dirt,0,,Đất Phù Sa Nền
voxel_limestone,0,,Đá Vôi Tự Nhiên
voxel_clay,0,,Đất Sét Dẻo
voxel_iron,0,,Quặng Sắt
voxel_salt,0,,Mỏ Muối Khoáng
voxel_gold,0,,Quặng Vàng Ròng
voxel_granite,0,,Đá Hoa Cương Granite
voxel_sand,0,,Cát Tự Nhiên
voxel_silver,0,,Quặng Bạc
voxel_coal,0,,Than Đá
voxel_impureLimestone,0,,Mỏ Đá Vôi (Lẫn Tạp Chất)
voxel_wetlandDirt,0,,Đất Bùn Đầm Lầy
animal_info_deer,0,,"Game rừng sinh vật, favoured by nobles và even occasionally kept as pets. "
animal_info_hare,0,,"Nhút nhát nhưng nhanh nhẹn, thỏ rừng rất khó bắt. Thịt ngon và bộ lông cũng có giá trị."
animal_info_wolf,0,,"Dù Edward I từng cố tiêu diệt chúng, sói đã trở lại rình rập trong rừng nước Anh. Hãy cẩn thận."
animal_name_deer,0,,Hươu
animal_name_hare,0,,Thịt thỏ
animal_name_wolf,0,,Thịt sói
animal_name_boar,0,,Thịt lợn rừng
animal_name_fox,0,,cáo
animal_name_rat,0,,Chuột
animal_name_polecat,0,,Chồn hôi
animal_name_cow,0,,Gia súc
animal_name_goat,0,,dê
animal_name_sheep,0,,cừu
animal_name_donkey,0,,Lừa
animal_name_cat,0,,mèo
animal_name_dog,0,,chó
animal_name_pheasant,0,,Gà lôi
animal_name_chicken,0,,Gà
animal_name_pig,0,,lợn
animal_name_bear,0,,Thịt gấu
animal_info_bear,0,,"Kẻ săn mồi hùng mạnh từng biến mất khỏi vùng đất này, nay đã trở lại và đầy nguy hiểm. Hẳn nó đã thoát khỏi một hố nuôi gấu."
animal_name_badger,0,,Lửng
animal_name_hound,0,,Hoang dã Hound
animal_name_london_pigs,0,,Lợn London
animal_info_boar,0,,"Lì lợm và không sợ chết, lợn rừng là đối thủ hung dữ, xứng đáng để hiệp sĩ luyện tập."
animal_info_wild_hound,0,,"Chó không được chăm sóc sẽ tụ thành bầy hoang khi thiếu chủ. Chúng đói khát, hoang dã và hung dữ."
animal_info_fox,0,,"Cáo Reynard già là kẻ xảo quyệt, chuyên trộm gà mái và quấy phá đàn cừu."
animal_info_badger,0,,"Sinh vật hoạt động về đêm này thường không gây chuyện, nhưng ăn mọi thứ và có thể hung hãn khi bị đối đầu."
animal_info_rat,0,,"Âm thanh cào cấu sột soạt trong bóng tối, thực phẩm và kho dự trữ bị gặm nhấm tan hoang. Bạn ngửi thấy mùi chuột bọ rình rập."
animal_info_london_pigs,0,,"Khi thành London sụp đổ trong điêu tàn, đàn lợn hoang từng thuộc bệnh viện St Anthony đã quen mùi và thèm khát thịt người."
animal_info_pheasant,0,,Săn bắt hiệu quả nhất khi có chó săn thiện chiến dẫn đường. Gà lôi không phải loài chim thông minh nhưng thịt lại vô cùng thơm ngon béo ngậy.
animal_info_sheep,0,,"Đàn cừu biến những đồng cỏ xanh ngát của nước Anh thành tiền vàng. Được nuôi dưỡng chủ yếu để lấy len quý giá, cừu cũng cung cấp nguồn thịt, sữa và da thuộc dồi dào."
animal_info_goat,0,,"Cung cấp nguồn sữa bổ dưỡng, thịt tươi và da thuộc; loài dê ăn tạp gần như mọi thứ và sinh trưởng tốt ngay cả trên những vùng đất cằn cỗi nhất."
animal_info_chicken,0,,Những người bạn lông vũ cung cấp nguồn trứng và thịt tươi ngon dồi dào. Chúng cần được chăm sóc thường xuyên và bảo vệ trước thú dữ ăn thịt.
animal_info_cat,0,,"Rất hữu ích trong việc bắt chuột và diệt trừ sâu bọ, nhưng đôi khi bị coi là tay sai của quỷ dữ. Từng được sử dụng trong các nghi thức bí truyền và là linh thú của phù thủy."
animal_info_dog,0,,"Dù làm nhiệm vụ canh gác tổ ấm hay sát cánh bên chủ nhân trong các chuyến săn, một chú chó săn thuần thục luôn là biểu tượng địa vị đáng tự hào."
animal_info_pig,0,,Những chú lợn béo núc ních nên được vỗ béo bằng quả sồi trong rừng sâu. Chúng có thể trở nên hung dữ — hãy luôn để mắt bảo vệ trẻ nhỏ.
resource_holder_info_tree_apple,0,,"Mang lại những chùm quả táo mùa thu giòn ngọt mọng nước, cùng chất gỗ dẻo dai hoàn hảo để tiện tròn và chạm khắc tinh xảo."
resource_holder_name_tree_apple,0,,Cây Táo
animal_info_polecat,0,,"Loài thú săn mồi đêm chuyên bắt thỏ, chuột và chim nhỏ. Với thân hình thon dài uyển chuyển, chúng kết liễu con mồi bằng nhát cắn chí mạng vào cổ họng."
animal_info_cow,0,,Loài gia súc móng guốc được chăn nuôi để lấy thịt và sữa tươi. Tài sản quý giá nhất trong gia tài của người nông dân.
animal_info_donkey,0,,"Bướng bỉnh, bền bỉ và vô cùng chịu thương chịu khó. Loài vật kéo xe khiêm nhường gánh vác mọi chuyến hàng nặng nhọc."
resource_holder_info_tree_willow,0,,"Cư dân lá bạc kiều diễm ven bờ sông và vùng đầm lầy, cây liễu lớn nhanh như thổi và có cành nhánh mềm mại uốn lượn."
resource_holder_name_tree_willow,0,,Cây Liễu Rủ
resource_holder_info_reed_patch,0,,"Mọc ven các vùng nước nông và đầm lầy trũng, dệt nên tấm thảm vàng óng ả phủ khắp miền quê thanh bình."
resource_holder_name_reed_patch,0,,Bụi Sậy Nước
animal_name_water_vole,0,,Chuột Đồng Nước
animal_info_water_vole,0,,Đôi mắt tròn xoe lấp lánh hé nhìn từ chiếc hang nhỏ bên mép nước. Bùm một tiếng lặn tăm! Nó đã biến mất dưới làn nước mát.
animal_name_mallard,0,,Vịt Trời Đầu Xanh
animal_info_mallard,0,,"Loài thủy cầm bơi lội kiếm ăn trên mặt hồ. Vịt mái có bộ lông màu nâu mộc mạc, trong khi vịt trống khoác lên mình bộ lông vũ màu xanh ngọc bích rực rỡ."
animal_name_fish_pike,0,,Cá Chó Sông
animal_info_fish_pike,0,,Bạn sẽ cần một sợi dây cước cực kỳ chắc chắn để kéo được con thủy quái này lên bờ. Thưởng thức tuyệt nhất khi nấu cùng sốt Galentyne nêm quế cay nồng.
animal_name_fish_trout,0,,Cá Hồi Suối
animal_info_fish_trout,0,,"Xuất hiện phổ biến nơi những dòng suối trong vắt và dồi dào phù du. Rất ngon khi rán giòn, nhồi bơ thơm lừng và lá mùi tây lovage."
animal_name_eel,0,,Lươn Đồng
animal_info_eel,0,,"Món ăn chính trong các nồi canh hầm mùa Chay. Chú lươn trơn tuột này cũng rất ngon khi chiên giòn, nêm nếm gia vị và nấu cùng nước nho chua theo phong vị Saracen."
animal_color_albino,0,,Bạch Tạng
animal_color_bear_default,0,,Nâu Đậm
animal_color_bear_back_spot,0,,Sọc Vai
animal_color_bear_ginger,0,,Màu Quế
animal_color_boar_default,0,,Nâu Hoa Râm
animal_color_boar_light,0,,Nâu Vàng
animal_color_boar_pink,0,,Hồng Nhạt
animal_color_boar_spotted,0,,Lốm Đốm
animal_color_boar_striped,0,,Sọc Vằn
animal_color_cat_default,0,,Xám Khói
animal_color_cat_black,0,,Đen Mun
animal_color_cat_calico,0,,Đồi Mồi Trắng
animal_color_cat_calico_gray,0,,Đồi Mồi Nhạt
animal_color_cat_eyebrows,0,,Mèo Đen Đồi Mồi
animal_color_cat_hoshi,0,,Xanh Xám
animal_color_cat_mico,0,,Mướp Trắng
animal_color_cat_miki,0,,Xám Lang Đốm
animal_color_cat_orange,0,,Hung Vàng
animal_color_cat_orange_white,0,,Mèo Lang Cam Trắng
animal_color_cat_siamese,0,,Xiêm Điểm Màu
animal_color_cat_tabby,0,,Mèo Mướp
animal_color_cat_tiger,0,,Mướp Vằn Hổ
animal_color_cat_tortie,0,,Màu Đồi Mồi
animal_color_cat_tuxedo,0,,Mèo Tuxedo (Lang Đen Trắng)
animal_color_cat_van,0,,Chóp Đuôi Màu
animal_color_cat_white,0,,Trắng Tuyết
animal_color_chicken_default,0,,Trắng Tinh
animal_color_chicken_red,0,,Đỏ Tía
animal_color_chicken_brown,0,,Nâu Đất
animal_color_chicken_buff,0,,Vàng Kem
animal_color_chicken_black,0,,Đen Tuyền
animal_color_chicken_speckled,0,,Lông Đốm Hoa Mơ
animal_color_chicken_black_and_white,0,,Lông Đốm Đen Đầu Cánh
animal_color_chicken_light,0,,Ánh Bạc
animal_color_chicken_lightly_spotted,0,,Đốm Hoa Nhạt
animal_color_chicken_red_green,0,,Lông Xanh Biếc
animal_color_chicken_red_white,0,,Đỏ Khoang Trắng
animal_color_chicken_spotted,0,,Đốm Hoa Sẫm
animal_color_chicken_yellow,0,,Hoàng Kim
animal_color_cow_default,0,,Nâu Đất
animal_color_cow_beige,0,,Màu Kem
animal_color_cow_black_pattern,0,,Màu Than Củi
animal_color_cow_black_and_white,0,,Đen Trắng (Bò Sữa)
animal_color_cow_black,0,,Đen Mun
animal_color_cow_brown_pattern,0,,Nâu Khoang Đai
animal_color_cow_brown_spotted,0,,Nâu Lốm Đốm
animal_color_cow_spotted,0,,Xám Loang
animal_color_cow_tortie,0,,Vằn Hổ
animal_color_deer_default,0,,Nâu Vàng Tự Nhiên
animal_color_deer_black,0,,Đen
animal_color_deer_dark,0,,Màu nâu
animal_color_deer_spotted,0,,Khoang đốm
animal_color_deer_white,0,,Trắng menil
animal_color_dog_default,0,,Nâu hươu
animal_color_dog_black,0,,Đen
animal_color_dog_black_mostly,0,,Đen nâu
animal_color_dog_black_and_white,0,,Đen trắng
animal_color_dog_black_and_yellow,0,,Đen vàng
animal_color_dog_black_yellow_white,0,,Pha màu
animal_color_dog_bullenbeisser,0,,Vằn sọc
animal_color_dog_collie,0,,Loang
animal_color_dog_dalmatian,0,,Đốm
animal_color_dog_greyhound,0,,Màu xám
animal_color_dog_greyhound_stripes,0,,Xám stripes
animal_color_dog_red_white,0,,Auburn và Trắng
animal_color_dog_yellow_white,0,,Tan và Trắng
animal_color_donkey_default,0,,Nâu xám
animal_color_donkey_black,0,,Đen
animal_color_donkey_chestnut,0,,Nâu hạt dẻ
animal_color_donkey_cross,0,,Thánh giá Jerusalem
animal_color_donkey_diamond,0,,Nâu đốm sao
animal_color_donkey_roan,0,,Nâu pha trắng
animal_color_donkey_rose,0,,Nâu đỏ
animal_color_donkey_spotted,0,,Đốm
animal_color_fox_default,0,,Đỏ
animal_color_fox_amber,0,,Hổ phách
animal_color_fox_blonde,0,,Vàng nhạt
animal_color_fox_red,0,,Nâu đỏ
animal_color_fox_yellow,0,,Màu gỉ
animal_color_goat_alpine,0,,Nâu sơn dương
animal_color_goat_black_neck,0,,Khoang trắng đen
animal_color_goat_black_head,0,,Sẫm Nâu
animal_color_goat_grey,0,,Màu xám
animal_color_goat_brown,0,,Màu nâu
animal_color_goat_brown_black,0,,Đen
animal_color_goat_brown_head,0,,Nâu vàng
animal_color_goat_default,0,,Trắng
animal_color_goat_rove,0,,Khoang vàng trắng
animal_color_hare_default,0,,Trắng
animal_color_hare_blue,0,,Xanh lam
animal_color_hare_brown,0,,Màu nâu
animal_color_hare_lilac,0,,Màu vàng da bò
animal_color_hare_opal,0,,Màu xám
animal_color_hare_sable,0,,Đen nâu
animal_color_hare_spotted,0,,Đổi màu
animal_color_mallard_duck_female_default,0,,Màu nâu
animal_color_mallard_duck_female_dark_wing,0,,Cánh Màu Đồng
animal_color_mallard_duck_female_white_wing,0,,Nâu Đỏ Loang
animal_color_mallard_duck_male_default,0,,Đầu Xanh Lục
animal_color_mallard_duck_male_dark,0,,Đầu Ngọc Lục Bảo
animal_color_mallard_duck_male_sepia,0,,Đầu Xanh Xạ Hương
animal_color_pheasant_female_default,0,,Nâu Cát Loang
animal_color_pheasant_female_dark_tail,0,,Nâu Nhạt Loang
animal_color_pheasant_female_grey,0,,Xám Đốm Loang
animal_color_pheasant_female_white,0,,Trắng Đốm Loang
animal_color_pheasant_male_default,0,,Đầu Xanh Thiên Thanh
animal_color_pheasant_male_green_plume,0,,Đầu Ngọc Lục Bảo
animal_color_pheasant_male_white_tail,0,,Đầu Xanh Lục
animal_color_pheasant_male_white_tail_blue_plume,0,,Đầu Xanh Lam Biển
animal_color_polecat_default,0,,Nâu Tự Nhiên
animal_color_polecat_auburn,0,,Nâu Vàng Rực
animal_color_polecat_auburn_stripes,0,,Sọc Vằn
animal_color_polecat_black,0,,Đen Tuyền
animal_color_polecat_spots,0,,Lốm Đốm
animal_color_rat_default,0,,Xám Chuột
animal_color_rat_brown,0,,Nâu Đất
animal_color_rat_black,0,,Đen Mun
animal_color_rat_grey,0,,Xám Tro
animal_color_rat_light,0,,Xám Bạc
animal_color_rat_mangy,0,,Xám Lốm Đốm
animal_color_sheep_default,0,,Trắng Tuyết
animal_color_sheep_bersugget,0,,Xám Tro
animal_color_sheep_bieslet,0,,Nâu Mặt Trắng
animal_color_sheep_grey,0,,Xám Đậm
animal_color_sheep_iglet,0,,Trắng Kem
animal_color_sheep_katmoget,0,,Lông Đầu Đen
animal_color_sheep_smirslet,0,,Mặt Tối Mõm Trắng
animal_color_sheep_yuglet,0,,Nâu Mặt Sáng
animal_color_sheep_black,0,,Đen Tuyền
animal_color_sheep_piebald,0,,Lang Đốm Trắng Đen
animal_color_water_vole_default,0,,Nâu Nước
animal_color_water_vole_dark,0,,Nâu Đậm
animal_color_water_vole_light,0,,Màu Be Nhạt
animal_color_water_vole_mangy,0,,Khoang Đốm
animal_color_wolf_default,0,,Xám Nâu
animal_color_wolf_02,0,,Xám Bạc
animal_color_wolf_black_snout,0,,Mõm Đen Pha Màu
animal_color_wolf_grey_white,0,,Vàng Da Bò
animal_color_wolf_light,0,,Trắng Xám Be
animal_color_wolf_light_brown,0,,Vàng Kem Nhạt
warning_message_info_Bleeding,0,,Hãy phân công công việc Chăm sóc trên bảng phân công để dân làng khác đến băng bó vết thương và cầm máu kịp thời.
warning_message_info_Cold,0,,Hãy may trang phục mùa đông dày dặn để giúp dân làng chống chọi với cái lạnh thấu xương.
warning_message_info_CriticalCondition,0,,Lượng máu của dân làng đang ở mức nguy kịch! Việc nằm nghỉ ngơi và ngủ sâu trên giường sẽ giúp họ dần hồi phục.
warning_message_info_Hunger,0,,Hãy khẩn trương thu hoạch thêm lương thực hoặc chế biến món ăn chín tại lửa trại hoặc bếp lò.
warning_message_info_HunterMissingWeapon,0,,Dân làng được giao việc săn bắt nhưng không có vũ khí tầm xa để săn.\nHãy trang bị vũ khí tầm xa cho thợ săn để họ có thể đi săn.
warning_message_info_Idle,0,,Dân làng đang không có việc gì làm. Bạn nên giao cho họ một công việc hữu ích.
warning_message_info_LowStockpileFood,0,,"Lương thực dự trữ trong kho đang cạn kiệt! Không đủ thức ăn nuôi sống dân làng.\n\nHãy bổ sung lương thực bằng cách hái lượm, săn bắn hoặc trồng trọt. <b>(chỉ tính lương thực đã được cất vào bãi chứa)</b>\n\nHái lượm - Ra lệnh cho dân làng đi hái quả mọng hoặc nấm dại\n\nSăn bắn - Đánh dấu thú hoang để săn bắn rồi pha thịt lấy nguồn thịt tươi\n\nTrồng trọt - Nghiên cứu công nghệ nông nghiệp và quy hoạch cánh đồng để có nguồn thu hoạch ổn định."
warning_message_info_MissingBed,0,,Số lượng giường ngủ cần tương ứng với số lượng dân làng.\n\nHãy đóng thêm giường để dân làng có nơi ngả lưng ngon giấc mỗi đêm.
warning_message_info_MoodLow,0,,"Tâm trạng của một số dân làng đang suy sụp nghiêm trọng.\n\nNếu tâm trạng tụt quá thấp, họ sẽ từ chối tuân thủ thời gian biểu và mệnh lệnh, thậm chí thực hiện các hành vi tiêu cực như ăn uống vô độ hoặc say xỉn tới mức bất tỉnh nhân sự.\n\nNếu chỉ số tâm trạng chạm đáy về 0, họ sẽ thu dọn hành lý và bỏ đi vĩnh viễn.\n\nHãy nhanh chóng cải thiện tâm trạng cho họ bằng các bữa ăn nóng sốt ngon miệng, đảm bảo giường ngủ êm ái ấm áp và bố trí đủ khung giờ giải trí thư giãn trong ngày."
warning_message_info_Raid,0,,Trang bị vũ khí cho dân làng. Bạn đang bị tấn công!
warning_message_info_Sleep,0,,Dân làng đang kiệt sức vì thiếu ngủ trầm trọng.\n\nHãy đảm bảo mọi dân làng đều được phân bổ đủ số giờ ngủ trong lịch làm việc hàng ngày.
warning_message_info_Warmth,0,,Hãy cho dân làng ở trong nhà râm mát hoặc may trang phục mỏng nhẹ để thích nghi với đợt nắng nóng gay gắt.
warning_message_short_Bleeding,0,,<style=DefaultRed>Dân làng đang bị mất máu!</style>
warning_message_short_Cold,0,,Dân làng đang bị rét buốt
warning_message_short_CriticalCondition,0,,<style=DefaultRed>Tình trạng nguy kịch!</style>
warning_message_short_Hunger,0,,<style=DefaultRed>Dân làng đang chết đói!</style>
warning_message_short_HunterMissingWeapon,0,,Thợ săn thiếu vũ khí tầm xa
warning_message_short_Idle,0,,Dân làng đang rảnh rỗi
warning_message_short_LowStockpileFood,0,,Kho lương thực sắp cạn kiệt
warning_message_short_MissingBed,0,,Thiếu giường ngủ
warning_message_short_MoodLow,0,,<style=DefaultRed>Dân làng đang bất mãn u uất</style>
warning_message_short_Raid,0,,<style=DefaultRed>Đột kích!</style>
warning_message_short_Sleep,0,,<style=DefaultRed>Dân làng kiệt sức vì thiếu ngủ!</style>
warning_message_short_Warmth,0,,Dân làng đang bị say nắng quá mức
warning_message_short_MissingStockpile,0,,Chưa có bãi chứa tài nguyên
warning_message_info_MissingStockpile,0,,Hãy quy hoạch một bãi chứa để dân làng có nơi lưu trữ tài nguyên thu gom được.
warning_message_short_MealProduction,0,,Chưa có nơi nấu ăn
warning_message_info_MealProduction,0,,Hãy xây dựng bếp nấu (như lửa trại hoặc bếp lò) để chế biến nguyên liệu thô thành những bữa ăn ngon lành. \nNhững bữa ăn chín sẽ giúp cải thiện tâm trạng của dân làng.
warning_message_short_Recreation,0,,Nhu cầu giải trí
warning_message_info_Recreation,0,,"Hãy đảm bảo dân làng có thời gian dành cho các hoạt động thư giãn giải trí.\n\nCó nhiều hình thức giải trí trong khu định cư:\n\nTôn giáo - Tùy theo đức tin, dân làng sẽ muốn cầu nguyện tại đền thờ Huynh Đệ Cây Sồi hoặc nhà nguyện Hội Phục Hưng.\n\nUống rượu - Dân làng rất thích nhâm nhi cốc rượu ngon sau giờ làm việc vất vả.\n\nTrò chơi - Các trò chơi như cờ thỏ cáo sẽ mang lại niềm vui tiêu khiển.\n\nXem tab Chỉ số và Tâm trạng của từng dân làng để nắm rõ chi tiết."
warning_message_short_ResearchBench,0,,Chưa có bàn nghiên cứu
warning_message_info_ResearchBench,0,,Hãy dựng Bàn Nghiên Cứu Cơ Bản để bắt đầu mở khóa các công nghệ mới.
warning_message_short_AvailableResearch,0,,Có thể mở khóa nghiên cứu mới (<research_count>)
warning_message_info_AvailableResearch,0,,Bạn đã tích lũy đủ sách biên niên sử để mở khóa các công nghệ nghiên cứu mới!
warning_message_short_WinterClothes,0,,Mùa đông buốt giá đang đến gần
warning_message_info_WinterClothes,0,,Hãy chuẩn bị đối phó với mùa đông lạnh giá bằng cách trang bị áo ấm cho toàn bộ dân làng.\n\nMay trang phục mùa đông dày tại bàn may vá
warning_message_short_MoodLowRevolt,0,,<style=Rebellious>Nổi Loạn</style>
warning_message_info_MoodLowRevolt,0,,Dân làng đã đạt tới giới hạn chịu đựng và trong vài giờ tới sẽ tuyệt đối không tuân theo thời gian biểu hay mệnh lệnh của bạn.
warning_message_short_Unconscious,0,,<style=DefaultRed>Dân làng đã bất tỉnh!</style>
warning_message_info_Unconscious,0,,Dân làng của bạn đã bị ngất lịm! Nguyên nhân có thể do trọng thương hoặc kiệt sức. Hãy cử một dân làng khác đến khiêng họ về giường để chữa trị hồi phục.
warning_message_short_NeedTending,0,,<style=DefaultRed>Vết thương cần được băng bó gấp!</style>
warning_message_info_NeedTending,0,,"Dân làng của bạn đang bị thương tật.\n\nĐể được trị thương, dân làng phải ở trạng thái dưỡng thương hoặc được khiêng về giường bệnh.\n\nSau đó, người được phân công việc Chăm sóc y tế mới có thể đến băng bó vết thương."
warning_message_short_DefensiveStructure,0,,Hãy củng cố hệ thống phòng thủ
warning_message_info_DefensiveStructure,0,,Hãy xây dựng các công trình phòng thủ kiên cố như tường răng cưa và bẫy rập để sẵn sàng đẩy lùi các đợt tấn công của giặc cướp.
beam_error_default,0,,Xà đỡ cần được gác giữa 2 bức tường chịu lực hoặc trên nền đất vững chắc
can_not_deal_damage_to_target,0,,Loại vũ khí này không thể gây sát thương lên mục tiêu này
worker_can_not_attack,0,,Không thể tấn công mục tiêu này
worker_can_not_find_path_to_target,0,,Không tìm thấy đường đi khả dụng để tiếp cận mục tiêu
cannot_build_on_edge,0,,Không thể xây dựng công trình quá sát mép ranh giới bản đồ
cannot_build_on_top_layer,0,,"Đã đạt tới độ cao trần tối đa, không thể xây cao hơn nữa"
cannot_change_during_raid,0,,Không thể dùng tốc độ nhanh khi bị tấn công
cannot_dig_bedrock,0,,"Đã chạm đến tầng đá nền bất hoại, không thể đào sâu hơn"
cannot_dig_edge,0,,Không thể chỉ định đào đất quá sát mép bản đồ
cannot_place_stockpile_on_edge,0,,Không thể quy hoạch bãi chứa quá sát mép bản đồ
cannot_plant_on_edge,0,,Không thể quy hoạch thửa ruộng quá sát mép ranh giới bản đồ
construction_failed,0,,Xây dựng thất bại
construction_blocked,0,,Xây dựng bị cản trở
default_error_space_not_buildable,0,,Không thể đặt công trình tại vị trí này
error_ladder_blocked,0,,Không thể đặt thang leo tại vị trí này
default_error_space_taken,0,,Vị trí này đã bị chiếm bởi vật thể khác
dig_failed,0,,Quặng Khoáng Sản Bị Vỡ Vụn Hư Hại
error_selection_order_chopping,0,,Bạn phải chọn một cây gỗ đã phát triển trưởng thành hoàn toàn
error_cant_mine_under,0,,Không thể đào khối này. Không có đường tiếp cận hoặc đang có vật cản bên trên.
error_selection_order_cutting,0,,Phải chọn một bụi cây hoặc cây trồng có thể thu hoạch
error_selection_order_digging,0,,Hãy chọn một ô địa hình cần đào bới
error_selection_order_harvesting,0,,Bạn phải chọn cây trồng đã chín để thu hoạch
error_selection_order_mining,0,,Bạn phải chọn tảng đá hoặc khối quặng có thể khai thác
floor_error_beam_distance,0,,Sàn nhà chỉ có thể vươn tối đa 3 ô tính từ cấu trúc nâng đỡ gần nhất
general_birthday_today,0,,<name> hôm nay đã tròn <age> tuổi
general_birthday_info,0,,{0} tròn tuổi
general_today,0,,hôm nay
harvest_failed,0,,Vụ thu hoạch đã bị hư hại
pile_has_decomposed,0,,đã phân hủy mục nát trên bãi chứa
pile_has_rotten,0,,<resource_name> đã thối rữa trên bãi chứa và biến thành: <rotten_resource>
placement_error_beam,0,,Không thể đặt xà nhà chồng lên cầu thang hoặc mái nhà
placement_error_stairs_blocking,0,,Vị trí không hợp lệ. Lối lên cầu thang đã bị vật cản chặn lại
placement_error_stairs_dead_end,0,,Vị trí không hợp lệ. Cầu thang dẫn vào ngõ cụt không có lối ra
plant_cut_failed,0,,Thu hoạch hoa màu thất bại do sơ suất
raiders_no_damage_for_period,0,,"Hài lòng với thiệt hại đã gây ra cho khu định cư, những kẻ tấn công đang rút lui."
raiders_defeated,0,,"Bị tổn thất nặng nề, những kẻ tấn công tháo chạy."
raiders_won,0,,"Hài lòng với thiệt hại đã gây ra cho khu định cư, những kẻ tấn công đang rút lui."
raiders_tied,0,,"Trận chiến dường như không nghiêng về bên nào, những kẻ tấn công đang rút lui."
enemies_have_appeared,0,,<number> kẻ thù đã xuất hiện!
enemies_have_started_attacking,0,,Kẻ thù đã bắt đầu tràn vào tấn công!
voxel_not_diggable,0,,Can't Đào đất any deeper.
has_died,0,,<name> là dead
has_fainted,0,,<name> là unconscious
settler_is_unconscious,0,,<name> là unconscious
error_place_stability,0,,Can't place Công trình this far từ a stable structure
error_place_roof,0,,Mái nhà cần ít nhất hai điểm tựa vững chắc để có thể lắp đặt
error_roof_max,0,,Maximum mái nhà span là {0}
error_beam_intersect,0,,"Không thể đặt xà gồ, đang bị cắt ngang bởi một xà gồ khác"
error_beam_min_distance,0,,Xà nhà không thể reach đó far. Maximum distance cho xà nhà là {0}
error_stairs_blocked,0,,"Có thể't place staircase, path blocked bởi: {0}"
error_stiars_blocking,0,,"Có thể't được placed here, blocking staircase"
error_beam_blocking,0,,Có thể't được placed under a xà nhà
error_socketable,0,,Có thể't được placed. Có thể only được placed trên a tường element hoặc ground voxel
error_socketable_blocking,0,,"Có thể't được placed, blocked bởi: {0}"
error_cropfield_placement,0,,Cây trồng field có thể only được placed trên appropriate ground type
worker_left_mood_message,0,,<name> đã thu dọn hành lý rời khỏi khu định cư vì quá đỗi bất mãn!
warning_choose_village_name,0,,Vui lòng đặt tên cho khu định cư
warning_village_name_exists,0,,Tên khu định cư này đã tồn tại trong file lưu
game_saved,0,,Đã lưu game
report_sent,0,,Đã gửi báo cáo
error_build_research_bench,0,,Construct a <style=Shortcut>Basic Nghiên cứu Table</style> để unlock new Nghiên cứu items.
research_panel_unlocked,0,,Bạn đã mở khóa bảng nghiên cứu.
trap_misfire,0,,Bẫy bị kích hoạt hỏng!
warning_message_info_AnimalRaid,0,,"Một đàn thú hoang đã xuất hiện gần khu định cư. Chúng sẽ rời đi sau vài ngày, vì vậy để chúng yên có thể tốt hơn là mạo hiểm khiến ai đó bị thương."
warning_message_short_AnimalRaid,0,,<style=DefaultRed>Động vật thù địch</style>
warning_message_short_UnarmedVillagers,0,,Dân làng chưa có vũ khí
warning_message_info_UnarmedVillagers,0,,Hãy trang bị vũ khí cho dân làng để họ có khả năng tự vệ khi bị kẻ địch tấn công. 
selected_worker_is_crazy,0,,Dân làng này đang nổi loạn và không chịu nhận mệnh lệnh
can_not_draft_crazy_worker,0,,Không thể động viên dân làng đang nổi loạn.
can_not_draft_defeated_worker,0,,Bạn có thể't Động viên vũ trang settlers until victorious Kẻ thù leave map
pile_tooltip_info_ArmourPenetrationLow,0,,<style=DefaultRed>Low Áo giáp penetration</style>
pile_tooltip_info_ArmourPenetrationMed,0,,<style=DefaultOrange>Moderate Áo giáp penetration</style>
pile_tooltip_info_ArmourPenetrationHigh,0,,<style=DefaultGreen>High Áo giáp penetration</style>
pile_tooltip_info_ArmorDamageLow,0,,<style=DefaultRed>Sát thương giáp và khiên thấp</style>
pile_tooltip_info_ArmorDamageMed,0,,<style=DefaultOrange>Sát thương giáp và khiên vừa</style>
pile_tooltip_info_ArmorDamageHigh,0,,<style=DefaultGreen>Gây sát thương phá giáp và phá khiên cao</style>
pile_tooltip_info_ArmorDamageVeryHigh,0,,<style=DefaultGreen>Gây sát thương phá giáp và phá khiên cực kỳ cao</style>
pile_tooltip_info_BuildingDamageLow,0,,<style=DefaultGreen>Gây hư hại công trình ở mức thấp</style>
pile_tooltip_info_BuildingDamageMed,0,,<style=DefaultOrange>Gây hư hại công trình ở mức trung bình</style>
pile_tooltip_info_BuildingDamageHigh,0,,<style=DefaultGreen>Gây hư hại công trình ở mức cao</style>
pile_tooltip_info_BuildingDamageVeryHigh,0,,<style=DefaultGreen>Gây hư hại công trình cực kỳ nghiêm trọng</style>
pile_tooltip_info_AttckSpeedLow,0,,<style=DefaultRed>Tốc độ tấn công thấp</style>
pile_tooltip_info_AttckSpeedMed,0,,<style=DefaultOrange>Tốc độ tấn công trung bình</style>
pile_tooltip_info_AttckSpeedHigh,0,,<style=DefaultGreen>Tốc độ tấn công cao</style>
pile_tooltip_info_MissChanceLow,0,,<style=DefaultGreen>Small chance để trượt opponent</style>
pile_tooltip_info_MissChanceMed,0,,<style=DefaultOrange>Moderate chance để trượt opponent</style>
pile_tooltip_info_MissChanceHigh,0,,<style=DefaultRed>High chance để trượt opponent</style>
pile_tooltip_info_MovementSpeedLow,0,,<style=DefaultOrange>Ảnh hưởng nhỏ đến tốc độ di chuyển</style>
pile_tooltip_info_MovementSpeedMed,0,,<style=DefaultOrange>Ảnh hưởng vừa đến tốc độ di chuyển</style>
pile_tooltip_info_MovementSpeedHigh,0,,<style=DefaultRed>Ảnh hưởng lớn đến tốc độ di chuyển</style>
pile_tooltip_info_AattackSpeedImpactLow,0,,<style=DefaultOrange>Ảnh hưởng nhỏ đến tốc độ tấn công</style>
pile_tooltip_info_AttackSpeedImpactMed,0,,<style=DefaultOrange>Ảnh hưởng vừa đến tốc độ tấn công</style>
pile_tooltip_info_AttackSpeedImpactHigh,0,,<style=DefaultRed>Ảnh hưởng lớn đến tốc độ tấn công</style>
pile_tooltip_info_Shackles,0,,"<style=DefaultOrange>Dùng để đeo xiềng cho tù nhân, biến họ thành lao động tù binh</style>"
pile_tooltip_info_Shackles2,0,,<style=DefaultOrange>Tù nhân bị xiềng xích sẽ di chuyển chậm hơn và ít có cơ hội bỏ trốn hơn</style>
pile_tooltip_info_BonusHigherGround,0,,<style=DefaultGreen>Tăng sát thương tấn công khi đứng ở vị trí trên cao</style>
pile_tooltip_info_BonusAgainstSun,0,,<style=DefaultGreen>Bảo vệ dân làng khỏi ánh nắng mặt trời gay gắt</style>
pile_tooltip_info_BonusOnLadders,0,,<style=DefaultGreen>Tăng thêm tỉ lệ chí mạng khi chiến đấu trên thang</style>
sow_tooltip_TreeStuntedInfo,0,,<style=DefaultOrange>Hãy trồng cây thành từng hàng thay vì cụm sát nhau để tránh bị còi cọc do quá dày.</style>
building_tooltip_info_sun,0,,<style=DefaultGreen>Cho phép ánh nắng xuyên qua</style>
building_tooltip_info_rain,0,,<style=DefaultOrange>Mưa và bão tuyết có thể lọt qua</style>
building_tooltip_info_hail,0,,<style=DefaultGreen>Ngăn chặn hoàn toàn mưa đá xuyên qua</style>
shrink_zone,0,,Kéo khung chữ nhật đỏ qua {zone} để xóa một phần khu vực.\nCắt đôi khu vực sẽ không tạo thành 2 vùng riêng mà sẽ ngẫu nhiên chọn xóa một nửa.
expand_zone,0,,Đặt một vùng liền kề với {zone} để mở rộng diện tích.
warning_message_info_RaidCountdown,0,,"Hãy chuẩn bị dân làng, <faction_name> đang kéo đến"
warning_message_short_RaidCountdown,0,,<style=DefaultRed>Một toán truy tìm đang đến.</style>
warning_message_info_AttackCountdown,0,,"Hãy lệnh cho dân làng sẵn sàng chiến đấu, quân đoàn <faction_name> đang rầm rộ kéo đến!"
warning_message_short_AttackCountdown,0,,<style=DefaultRed>Kẻ đột kích đang áp sát!</style>
can_not_banish_while_fainted,0,,Không thể trục xuất dân làng khi họ đang bất tỉnh
event_animal_raid_end,0,,Động vật thù địch đang rời khỏi khu vực
warning_message_short_MoodAnnoyed,0,,Dân làng đang cảm thấy bực bội
warning_message_info_MoodAnnoyed,0,,"Tâm trạng của một số dân làng đang có chiều hướng xấu đi.\n\nNếu tâm trạng tụt quá thấp, họ sẽ ngừng tuân theo thời gian biểu và mệnh lệnh, thậm chí làm những việc tiêu cực như ăn uống vô độ hoặc say xỉn tới mức bất tỉnh.\n\nNếu tâm trạng chạm đáy về 0, họ sẽ rời bỏ khu định cư.\n\nHãy cải thiện tâm trạng cho dân làng bằng những bữa ăn thịnh soạn, giấc ngủ trọn vẹn và đủ giờ giải trí trong ngày."
worker_low_mood_message,0,,<name> hiện đang rơi vào trạng thái nổi loạn!
settler_is_rebellious,0,,Dân làng này đang nổi loạn và từ chối nhận mệnh lệnh
event_animal_raid_end_all_animals_dead,0,,Tất cả động vật hung dữ đã bị xử lý
warning_message_short_trader,0,,Thương nhân
warning_message_info_trader,0,,"Để bắt đầu giao dịch với thương nhân, hãy chọn một dân làng rồi <sprite=""ctrl_right_click"" index=t> vào thương nhân và chọn tùy chọn <b>Trao đổi với</b>."
warning_message_short_caravan,0,,Thương đoàn đã đến đích
error_build_map_table,0,,Hãy xây dựng <style=Shortcut>Bàn bản đồ học</style> để xem bản đồ cả vùng.
region_panel_unlocked,0,,Bạn đã mở khóa bản đồ khu vực
warning_message_short_trader_cant_leave,0,,<style=DefaultRed>Khách phương xa không thể rời đi!</style>
warning_message_info_trader_cant_leave,0,,"Khách phương xa không thể rời khỏi khu định cư do bị cửa khóa hoặc tường thành chặn đường. Nếu bạn không mở lối cho họ, uy tín của khu định cư với <faction_name> sẽ bị sụt giảm."
warning_message_info_group_of_animals_start,0,,Một đàn động vật vừa di cư tới khu vực (<number> <animal>)
warning_message_info_group_of_animals_leave,0,,Đàn <animal> đã di cư rời khỏi lãnh địa của bạn
already_reserved_by_other_worker_will_cancel,0,,Một sinh vật hoặc dân làng khác đang tương tác với đống này. Thao tác này sẽ hủy bỏ hành động của họ.
warning_message_short_animals_hungry,0,,<style=DefaultRed>Đàn vật nuôi đang bị đói cồn cào</style>
warning_message_info_animals_hungry,0,,"Đàn gia súc và thú nuôi của bạn đang bị đói. Hãy nhanh chóng cho chúng ăn, nếu không chúng sẽ chết vì kiệt sức. Bạn có thể tra cứu khẩu phần ăn của từng loài trong Bách Khoa Thư."
message_animal_died,0,,Con <animal> tên là <name> đã chết
message_animal_birth,0,,Con <animal> tên là <name> vừa hạ sinh thành công
equipment_decomposed,0,,<equipment> đã bị mục nát hoặc vỡ nát hoàn toàn khi <settler> đang trang bị!
fishing_failed,0,,Câu cá thất bại
warning_message_short_Suffocating,0,,<style=DefaultRed>Dân làng đang bị ngạt thở!</style>
warning_message_info_Suffocating,0,,Dân làng không thể hô hấp trong môi trường độc hại này! Hãy nhanh chóng di chuyển họ ra ngoài trước khi cạn dưỡng khí và tử vong.
warning_message_short_role_possible,0,,Đủ điều kiện sắc phong chức vụ
warning_message_info_role_possible,0,,Một hoặc nhiều dân làng đã đạt đủ tiêu chuẩn để đảm nhận chức vụ đặc biệt trong cộng đồng khu định cư. 
eligible_for_role_bbt,0,,<settler_name> đã đủ điều kiện để đảm nhận chức vụ <role_name>
warning_message_short_role_hour,0,,Thời gian biểu thực thi chức vụ
warning_message_info_role_hour,0,,Một hoặc nhiều dân làng có lịch làm nhiệm vụ chức vụ nhưng bản thân lại chưa được sắc phong chức vụ nào. Hãy bổ nhiệm chức vụ cho họ hoặc chuyển đổi khung giờ đó sang công việc khác. 
warning_message_short_no_role_hour,0,,Thiếu thời gian biểu thực thi chức vụ
warning_message_info_no_role_hour,0,,Một hoặc nhiều dân làng đã được phong chức nhưng chưa được sắp xếp khung giờ thực thi nhiệm vụ trong lịch làm việc. Một số chức vụ bắt buộc phải có giờ riêng để hoàn thành bổn phận.
warning_message_short_event_possible,0,,Có thể tổ chức sự kiện
warning_message_info_event_possible,0,,Khu định cư của bạn đã đủ điều kiện tổ chức các sự kiện đặc biệt. Hãy chọn công trình phù hợp để cử hành sự kiện.
warning_message_short_prison_cell,0,,<style=DefaultRed>Chưa có phòng giam tù nhân!</style>
warning_message_info_prison_cell,0,,Chưa có căn phòng nào được quy hoạch làm phòng giam. Hãy đặt cột giam tù nhân và rương đồ vào phòng kín bất kỳ để biến nơi đó thành phòng giam.
warning_message_short_prisoner_run,0,,<style=DefaultRed>Tù nhân đang vượt ngục!</style>
warning_message_info_prisoner_run,0,,"Tù nhân đang liều mạng bỏ trốn! Hãy khẩn cấp ra lệnh cho cai ngục truy bắt lại. Nếu kẻ đào tẩu chạy thoát tới mép bản đồ, chúng sẽ biến mất vĩnh viễn."
warning_message_short_gaoler_missing,0,,Cần bổ nhiệm Cai ngục
warning_message_info_gaoler_missing,0,,Bạn đang giam giữ tù nhân nhưng chưa phân công Cai ngục. Tù nhân sẽ không được phát cơm cũng như không được áp giải về phòng giam. Hãy phân công việc này cho một hoặc nhiều dân làng. 
warning_message_short_crop_blight,0,,<style=DefaultRed>Dịch bệnh hại cây trồng bùng phát!</style>
warning_message_info_crop_blight,0,,Hãy khẩn cấp ra lệnh cho dân làng chặt bỏ những cây trồng bị nhiễm bệnh trước khi dịch bệnh lây lan phá hủy cả cánh đồng.
warning_message_short_fire,0,,<style=DefaultRed>Hỏa hoạn bùng phát!</style>
warning_message_info_fire,0,,Ngọn lửa hung tàn đang bùng cháy dữ dội! Hãy huy động dân làng dập lửa ngay trước khi đám cháy lan rộng thiêu rụi khu định cư.
cannot_extingush_greek_fire,0,,Lửa Hy Lạp không thể dập tắt bằng nước thông thường
attack_oil_blob,0,,Châm lửa
attack_oil_blob_tooltip,0,,Dùng đạn bắn lửa để châm cháy vệt dầu
cant_attack_oil_without_fire_tooltip,0,,Dân làng cần đứng cạnh nguồn lửa để sử dụng đạn lửa
dam_built_bbt,0,,Dòng chảy con sông đã bị ngăn lại bởi đập nước.
enemy_siege_weapon_bbt,0,,Quân thù đã bắt đầu triển khai lắp ráp các chiến cụ công thành!
warning_message_short_enemy_siege,0,,<style=DefaultRed>Vũ khí công thành của địch xuất hiện!</style>
warning_message_info_enemy_siege,0,,"Kẻ địch đã triển khai một hoặc nhiều cỗ máy công thành uy lực! Hãy dùng vũ khí công thành của bạn để phá hủy chúng từ xa, hoặc điều quân tiêu diệt những tên lính đang vận hành cỗ máy."
warning_message_pass_through_destroyed,0,,Hàng rào phòng thủ bị phá vỡ!
warning_message_info_pass_through_destroyed,0,,Có kẻ thù hoặc dã thú vừa húc đổ hàng rào phòng thủ của bạn!
warning_message_short_FinalRaidCountdown,0,,<style=DefaultRed>Kẻ tấn công đang đến gần.</style>
warning_message_info_FinalRaidCountdown,0,,"Hãy chuẩn bị dân làng, <faction_name> đang kéo đến"
warning_message_short_EndGameEvent,0,,Sự kiện hồi kết
warning_message_info_EndGameEvent,0,,"Bạn đã kích hoạt sự kiện hồi kết định mệnh. Chẳng bao lâu nữa, các thế lực lớn sẽ kéo đến để định đoạt vận mệnh của khu định cư."
warning_message_short_RoomNew,0,,Đã tạo phòng
warning_message_warden_recruit,0,,Không thể cảm hóa chiêu mộ tù nhân
warning_message_info_warden_recruit,0,,Hãy sắc phong chức vụ Cai ngục cho một dân làng. Cai ngục sẽ tìm cách thuyết phục và cảm hóa tù nhân tự nguyện gia nhập khu định cư. Việc cảm hóa chỉ diễn ra trong khung giờ làm việc của chức vụ.
warning_message_short_beggar,0,,Kẻ ăn mày
warning_message_info_beggar,0,,Một kẻ ăn xin rách rưới vừa đến và đang lang thang xin ăn trong khu định cư 
warning_message_short_map_markers_available,0,,Có địa điểm khám phá mới
warning_message_info_map_markers_available,0,,Đã có nhiều địa điểm quan trọng được đánh dấu và xuất hiện trên bản đồ toàn vùng
warning_message_tooltip_map_markers_available,0,,Các địa điểm đáng chú ý trên bản đồ vùng: 
event_type_point_of_interest,0,,Địa điểm đáng chú ý
map_marker_expires_in,0,,Hết hạn sau:
warning_message_short_ambush,0,,<style=DefaultRed>Thương đoàn bị phục kích!</style>
warning_message_info_ambush,0,,"Một thương đoàn của bạn đang bị giặc cướp mai phục tấn công! Hãy nhanh chóng ra quyết định tác chiến, nếu không thương đoàn sẽ buộc phải đầu hàng khi hết thời gian đếm ngược."
warning_message_short_caravan_leave,0,,Thương đoàn phải xuất phát
warning_message_info_caravan_leave,0,,"Thương đoàn của bạn không thể nán lại lâu hơn và phải tiếp tục hành trình. Khi hết giờ đếm ngược, dân làng sẽ tự động lên đường trở về nhà. "
loading_intro_text_4,0,,"Trích từ ""Liber Hermagedonem"",
 bởi Viện phụ Favian đáng kính, Tân Exeter, khoảng năm 1385"
loading_map_chunks,0,,"Đang tạo các phân khu bản đồ, còn {0}"
loading_placing_objects,0,,Đang bố trí vật thể
loading_terrain,0,,Đang tải địa hình
menu_loading,0,,Đang Tải Dữ Liệu...
save_terrain_missing,0,,Lỗi khi tải dữ liệu địa hình
general_continue,0,,Nhấp chuột để tiếp tục
save_failed,0,,Lưu trò chơi thất bại
save_group_presets_failed,0,,Không thể lưu thiết lập mẫu
load_failed,0,,Không thể tải bản lưu này
load_sequence_start,0,,Bắt đầu tải dữ liệu
loading_ui,0,,Đang tải giao diện
load_sequence_complete,0,,Tải hoàn tất
load_saving,0,,Đang tự động lưu...
load_spawning_objects,0,,Đang tạo vật thể trong thế giới
loading_spawning_slopes,0,,Đang tải các sườn dốc
save_in_progress,0,,Đang lưu trò chơi...
save_failed_directory,0,,"Không thể tạo thư mục lưu. Hãy thử đặt tên làng chỉ bằng các ký tự không dấu. Nếu lỗi vẫn tiếp diễn, vui lòng liên hệ support@foxyvoxel.io"
save_migration_error,0,,"Bản lưu này được tạo từ phiên bản cũ của Going Medieval. Do hệ thống lưu tệp đã được tái cấu trúc, bản lưu này <style=AltColor>không còn tương thích trực tiếp</style> với bản cập nhật hiện tại, nhưng sự cố này có thể xử lý được. Để chuyển đổi bản lưu và trải nghiệm tiếp, vui lòng thực hiện các bước sau:\n\n 1. Chuyển sang bản <style=AltColor>Migration version</style> trên Steam/GOG/EGS.\n 2. Nhấp vào mục “Chuyển đổi (Migrate)” trong Menu chính.\n 3. Chọn tệp lưu bạn muốn chuyển đổi.\n 4. Chuyển trở lại <style=AltColor>phiên bản mặc định</style>.\n 5. Thưởng thức trò chơi!\n\nĐể xem hướng dẫn chi tiết, vui lòng mở liên kết: ""<link=""web_migration_link""><style=LinkWorker>Liên kết</style></link>”.\nNgoài ra, bạn có thể xem video hướng dẫn chi tiết tại đây: “<link=""web_migration_video_link""><style=LinkWorker>Liên kết</style></link>” "
save_migration_message,0,,Trò chơi đang chuyển đổi dữ liệu khu định cư của bạn để đảm bảo tương thích với phiên bản mới nhất <style=AltColor>(0.18 trở lên)</style>.
save_migration_message2,0,,Chọn tùy chọn <style=AltColor>“Chuyển đổi (Migrate)”</style> và chọn bản lưu bạn muốn nâng cấp sang hệ thống lưu mới.
save_migration_button,0,,Chuyển đổi file lưu
save_migration_successful,0,,<style=DefaultGreen>Chuyển đổi bản lưu thành công</style>
save_migration_failed,0,,<style=DefaultRed>Chuyển đổi bản lưu thất bại</style>
menu_migrating,0,,Đang Chuyển Đổi Dữ Liệu Lưu...
web_migration_link_text,0,,Liên kết
loading_complete,0,,Tải hoàn tất
load_failed_mod_broken,0,,<load_failed>.\n<style=DefaultRed><building></style> không tìm thấy trong kho lưu trữ. Rất có thể do bản mod bị tắt hoặc bị hỏng.
load_failed_mods_in_save,0,,Các bản mod có trong bản lưu
load_failed_mods_and_more,0,,và các bản mod khác.
load_failed_missing_mod,0,,Bản lưu này được tạo cùng với một hoặc nhiều bản mod hiện không còn hoạt động. Việc tải vào game có thể phát sinh lỗi. Trò chơi sẽ cố gắng thay thế các công trình bị thiếu bằng công trình mặc định nếu có thể.
load_failed_missing_objects,0,,Vật thể bị thiếu
general_initializing,0,,Đang khởi tạo
general_creating_world,0,,Đang tải
ambush_load_title,0,,Phục kích
ambush_load_desc,0,,"Không hề có lời cảnh báo nào. Bọn cướp thuộc phe <faction_name> bất ngờ ập xuống đoàn buôn, vơ vét mọi thứ trong tầm tay."
loot_stash_load_title,0,,Kho Báu & Rương Chiến Lợi Phẩm
loot_stash_load_desc,0,,Chúng ta có gì ở đây? Hòm đồ cất giấu này chứa rất nhiều tài nguyên hữu ích.
bandit_camp_load_title,0,,Doanh Trại Thổ Phỉ
bandit_camp_load_desc,0,,"Một doanh trại được phòng bị cẩn mật của phe <faction_name> đang ẩn náu tại đây, ngụy trang sau bức màn cây cối rậm rạp."
stats,0,,Chỉ số
worker_stats,0,,Chỉ số dân làng
blood_treshold_01,0,,Mất máu nhẹ
blood_treshold_02,0,,Mất máu vừa phải
blood_treshold_03,0,,Mất máu ồ ạt nguy kịch
consciousness_treshold_01,0,,Choáng váng hoa mắt
consciousness_treshold_02,0,,Gắng gượng di chuyển
consciousness_treshold_03,0,,Bất tỉnh nhân sự
food_treshold_00,0,,No Nê
food_treshold_01,0,,Hơi Đói
food_treshold_02,0,,Đói Bụng
food_treshold_03,0,,Đói Cồn Cào
food_treshold_04,0,,Đói Lả Kiệt Quệ
menu_alcohol,0,,Nhu Cầu Rượu Bia
info_menu_alcohol,0,,"Lượng rượu bia dân làng cần uống. Nếu không được đáp ứng, dân làng sẽ cảm thấy buồn bực và giảm tâm trạng."
info_menu_faith,0,,"Nhu cầu cầu nguyện và tham gia nghi lễ tôn giáo. Những người có đức tin càng sâu đậm sẽ cần cầu nguyện thường xuyên hơn. Nếu không được đáp ứng, họ sẽ cảm thấy bất an."
menu_faith,0,,Nghi Lễ Tôn Giáo
faith_treshold_01,0,,Tâm linh trọn vẹn
faith_treshold_02,0,,Chưa cần hành lễ tôn giáo
faith_treshold_03,0,,Thiếu hụt đức tin
faith_treshold_04,0,,Khát khao đức tin cùng cực
entertaiment_treshold_01,0,,Thỏa mãn giải trí
entertaiment_treshold_02,0,,Chưa cần giải trí
entertaiment_treshold_03,0,,Thiếu thốn niềm vui
entertaiment_treshold_04,0,,Buồn chán cùng cực
alc_treshold_01,0,,Thỏa mãn rượu bia
alc_treshold_02,0,,Chưa cần uống rượu bia
alc_treshold_03,0,,Hơi thèm một ngụm rượu
alc_treshold_04,0,,Thèm rượu
alc_treshold_05,0,,Khát cồn cào vì thiếu rượu
religious_align_treshold_01,0,,"<sprite=""restitution_icon"" index=t> Cuồng tín Hội Phục Hưng"
religious_align_treshold_02,0,,"<sprite=""restitution_icon"" index=t> Tín đồ Phục Hưng sùng đạo"
religious_align_treshold_03,0,,"<sprite=""restitution_icon"" index=t> Tín đồ Phục Hưng thuần thành"
religious_align_treshold_04,0,,"<sprite=""oak_brethren_icon"" index=t> Tín đồ Cây Sồi thuần thành"
religious_align_treshold_05,0,,"<sprite=""oak_brethren_icon"" index=t> Tín đồ Cây Sồi sùng đạo"
religious_align_treshold_06,0,,"<sprite=""oak_brethren_icon"" index=t> Cuồng tín Huynh Đệ Cây Sồi"
religious_align_treshold_01_info,0,,Dân làng này đòi hỏi tham gia hoạt động tôn giáo thường xuyên để giữ tâm trạng tốt. Họ không uống rượu (nhu cầu rượu không bao giờ đổi). Họ cần một bàn thờ hoặc nhà nguyện của Giáo hội Phục Hưng để thực hiện các nghi thức tín ngưỡng.
religious_align_treshold_02_info,0,,Dân làng này cần tham gia hoạt động tôn giáo vài ngày một lần. Họ cần bàn thờ hoặc nhà nguyện của Giáo hội Phục Hưng để hành lễ.
religious_align_treshold_03_info,0,,Dân làng này chỉ cần cầu nguyện chớp nhoáng thỉnh thoảng để thỏa mãn nhu cầu đức tin. Họ cần bàn thờ hoặc nhà nguyện của Giáo hội Phục Hưng.
religious_align_treshold_04_info,0,,Dân làng này chỉ cần cầu nguyện chớp nhoáng thỉnh thoảng để thỏa mãn nhu cầu đức tin. Họ cần bàn thờ hoặc đền thờ của Huynh Đệ Cây Sồi.
religious_align_treshold_05_info,0,,Dân làng này cần tham gia hoạt động tôn giáo vài ngày một lần. Họ cần bàn thờ hoặc đền thờ của Huynh Đệ Cây Sồi để hành lễ.
religious_align_treshold_06_info,0,,Dân làng này đòi hỏi tham gia nhiều hoạt động tôn giáo để giữ tâm trạng tốt. Họ cần bàn thờ hoặc đền thờ của Huynh Đệ Cây Sồi để thực hiện các nghi thức tín ngưỡng.
menu_entertaiment,0,,Hoạt Động Giải Trí
info_menu_entertaiment,0,,"Nhu cầu vui chơi giải trí của dân làng. Nếu không được đáp ứng, họ sẽ cảm thấy tẻ nhạt và bất mãn."
menu_stomach,0,,Sức Khỏe Dạ Dày
info_menu_stomach,0,,"Tình trạng sức khỏe hệ tiêu hóa của dân làng. Uống nhiều rượu và ăn thực phẩm sống (đặc biệt là thịt sống) sẽ gây đau bụng tiêu chảy. Nếu tụt về 0, dân làng sẽ nôn mửa liên tục."
stomach_treshold_01,0,,Đau bụng nhẹ
stomach_treshold_02,0,,Đau dạ dày nghiêm trọng
stomach_treshold_03,0,,Nôn mửa
religious_align_scale_info,0,,Xu hướng tín ngưỡng tăng dần từ trái sang phải:
info_menu_blood,0,,"Lượng máu trong cơ thể của người hoặc động vật. Mất máu nghiêm trọng sẽ dẫn đến bất tỉnh; nếu cạn kiệt (0%), đối tượng sẽ tử vong."
info_menu_consciousness,0,,"Mức độ tỉnh táo và nhận thức. Mất ý thức sẽ khiến cơ thể tê liệt không thể vận động; nếu tụt về 0%, họ sẽ ngất lịm."
info_menu_health,0,,Chỉ số sinh lực (máu/HP) tối đa trước khi tử vong hoặc bị phá hủy.
info_menu_hunger,0,,"Mức độ no bụng của dân làng. Nếu cạn kiệt (0%), dân làng sẽ rơi vào tình trạng chết đói và dần dần mất mạng."
info_menu_mood,0,,"Chỉ số tâm trạng của dân làng. Nếu chỉ số này giảm về 0%, dân làng sẽ bỏ đi vĩnh viễn."
info_menu_pain,0,,Mức độ đau đớn thể xác mà đối tượng đang gánh chịu. Đau đớn vượt ngưỡng chịu đựng sẽ làm mất ý thức ngất xỉu.
info_menu_rot,0,,"Độ tươi mới của tài nguyên thực phẩm. Khi tụt về 0%, đống tài nguyên sẽ ôi thiu và phân hủy thành đồ hỏng."
info_menu_sleep,0,,"Mức độ phục hồi qua giấc ngủ. Nếu cạn kiệt (0%), dân làng sẽ gục ngã vì kiệt sức."
info_menu_storage,0,,Sức chứa tài nguyên hiện tại trong đống đồ.
menu_health,0,,Sinh Lực (HP)
menu_hit_points,0,,Độ Bền / Sinh Lực
mood_treshold_00,0,,Hân Hoan
mood_treshold_01,0,,Bình Thường
mood_treshold_02,0,,Bực Bội
mood_treshold_03,0,,Vỡ Mộng
mood_treshold_04,0,,Nổi Loạn
mood_treshold_05,0,,Suy Sụp Tuyệt Vọng
pain_treshold_01,0,,Cơn đau nhói buốt (Ảnh hưởng đến ý thức)
pain_treshold_02,0,,Worrying Cơn đau spike (Damage để Ý thức)
pain_treshold_03,0,,Serious Cơn đau spike (Damage để Ý thức)
pain_treshold_04,0,,Alarming Cơn đau spike (Damage để Ý thức)
pain_treshold_05,0,,Excruciating Cơn đau spike (Damage để Ý thức)
sleep_treshold_00,0,,Nghỉ ngơi đầy đủ
sleep_treshold_01,0,,Nghỉ ngơi đầy đủ
sleep_treshold_02,0,,Tỉnh táo
sleep_treshold_03,0,,Mệt mỏi
sleep_treshold_04,0,,Kiệt sức
sleep_treshold_05,0,,Uể oải rã rời
menu_consciousness,0,,Ý Thức Tỉnh Táo
menu_mood,0,,Tâm Trạng
menu_sleep,0,,Nhu Cầu Giấc Ngủ
menu_blood,0,,Lượng Máu Cơ Thể
menu_TemperatureHot,0,,Ngưỡng Chịu Nóng
menu_TemperatureCold,0,,Ngưỡng Chịu Lạnh
menu_ReligiousAlignment,0,,Khuynh Hướng Tôn Giáo
menu_Inebriated,0,,Tình Trạng Say Xỉn
menu_Canibal,0,,Thói Quen Ăn Thịt Người
menu_character_age,0,,Tuổi Tác
menu_character_hight,0,,Chiều Cao
menu_character_incapable,0,,Không Có Khả Năng Làm
menu_character_name,0,,Tên
menu_character_surname,0,,Họ
menu_character_religious,0,,Khuynh Hướng Tôn Giáo
menu_character_societal,0,,Khuynh Hướng Xã Hội
menu_character_weight,0,,Cân Nặng
worker_attributes,0,,Thuộc tính dân làng
worker_biography,0,,Tiểu sử cuộc đời
worker_health,0,,Sức khỏe
worker_inventory,0,,Túi đồ
worker_mood,0,,Tâm Trạng
worker_skills,0,,Kỹ Năng Dân Làng
worker_social,0,,Giao tiếp
worker_stance_aggressive_desc,0,,Dân làng ở trạng thái Hung hãn sẽ chủ động lao vào chiến đấu ngay khi nhìn thấy kẻ thù trong tầm mắt.
worker_stance_aggressive_title,0,,Hung hãn
worker_stance_flee_desc,0,,Dân làng ở trạng thái Bỏ chạy sẽ lập tức tìm nơi an toàn khi phát hiện mối đe dọa.
worker_stance_flee_title,0,,Bỏ chạy
worker_stance_neutral_desc,0,,Dân làng ở trạng thái Trung lập sẽ phớt lờ kẻ thù trừ khi được chỉ định trực tiếp.
worker_stance_neutral_title,0,,Trung lập
worker_drafted_stance_hold_ground_title,0,,Giữ vị trí
worker_drafted_stance_default_title,0,,Mặc định
health_treshold_01,0,,Tình Trạng Nguy Kịch
general_stats,0,,Thuộc tính dân làng
menu_Pain,0,,Cơn Đau Đớn
mass_carried,0,,Khối lượng mang theo
hud_lb_targeted_by,0,,Đang bị nhắm đánh bởi
menu_comfort,0,,Độ Tiện Nghi Thoải Mái
info_menu_comfort,0,,"Mức độ tiện nghi của dân làng. Giường nệm êm ái, bàn ghế đẹp và y phục cao cấp sẽ gia tăng chỉ số này, mang lại nhiều hiệu ứng tâm trạng tích cực."
comfort_treshold_05,0,,Rất khó chịu
comfort_treshold_04,0,,Khó chịu
comfort_treshold_03,0,,Thoải mái
comfort_treshold_02,0,,Rất thoải mái
comfort_treshold_not_used,0,,Cực kỳ thoải mái
menu_beauty_points,0,,Giá Trị Thẩm Mỹ
menu_beauty_points_on_ground,0,,vứt trên nền đất
menu_beauty_points_on_shelf,0,,bài trí trên giá kệ
menu_beauty,0,,Thẩm Mỹ Quan
info_menu_beauty,0,,"Nhu cầu chiêm ngưỡng cái đẹp của dân làng. Khi sống giữa không gian bài trí nghệ thuật đẹp đẽ, chỉ số tâm trạng sẽ gia tăng mạnh mẽ."
beauty_treshold_05,0,,Khung cảnh tồi tệ
beauty_treshold_04,0,,Khung cảnh tẻ nhạt
beauty_treshold_03,0,,Khung cảnh dễ chịu
beauty_treshold_02,0,,Khung cảnh tuyệt đẹp
stat_target,0,,Mục tiêu
worker_overweight_slowdown,0,,Này dân làng là over-burdened và so sẽ move nhiều hơn slowly.
menu_Social,0,,Nhu Cầu Giao Tiếp Xã Hội
info_menu_social,0,,Nhu cầu giao lưu chuyện trò của dân làng. Để dân làng tương tác và trò chuyện cùng nhau sẽ giúp thỏa mãn nhu cầu này.
social_treshold_02,0,,Thiếu người bầu bạn
social_treshold_03,0,,Cô đơn quạnh quẽ
birthday_pattern,0,,<age> (<birthday>. của <season>)
menu_malnutrition,0,,Mức Độ No Dinh Dưỡng
can_not_draft_fist_fight_hour,0,,Không thể động viên một dân làng đang ẩu đả đánh nhau.
selected_worker_is_fist_fight_hour,0,,Dân làng được chọn đang ẩu đả và sẽ không nhận mệnh lệnh
hour_type_fist_fight_name,0,,Ẩu đả
worker_action_BanishGoal,0,,Đang rời đi
worker_action_RelocateResourcePileGoal,0,,Đang Di Dời Đống Tài Nguyên
worker_action_attackgoal,0,,Đang tấn công
worker_action_enemyselfdefensegoal,0,,Đang tấn công
worker_action_carrytobedgoal,0,,Carrying wounded đến a giường
worker_action_choptreegoal,0,,Đang chặt
worker_action_constructbuildinggoal,0,,Đang Thi Công Xây Dựng
worker_action_deconstructgoal,0,,Đang Tháo Dỡ
worker_action_deliverbuildingmaterialsgoal,0,,Đang Vận Chuyển Vật Liệu Xây Dựng
worker_action_delivercarpentryresourcecategorygoal,0,,Đang Lấy Vật Liệu Mộc
worker_action_delivercarpentryresourcesgoal,0,,Đang Lấy Gỗ Chế Tác
worker_action_delivercookingresourcecategorygoal,0,,Đang Lấy Nguyên Liệu Nấu Ăn
worker_action_delivercookingresourcesgoal,0,,Đang Lấy Thực Phẩm Chế Biến
worker_action_delivercraftingresourcecategorygoal,0,,Đang Lấy Vật Liệu Thủ Công
worker_action_delivercraftingresourcesgoal,0,,Đang Lấy Nguyên Liệu Chế Tạo
worker_action_deliverresearchresourcecategorygoal,0,,Đang Lấy Tài Liệu Nghiên Cứu
worker_action_deliverresearchresourcesgoal,0,,Đang Lấy Sách Học Thuật
worker_action_deliversmithingresourcecategorygoal,0,,Đang Lấy Quặng Rèn Kim Loại
worker_action_deliversmithingresourcesgoal,0,,Đang Lấy Thỏi Sắt Đúc
worker_action_delivertailoringresourcecategorygoal,0,,Đang Lấy Vải May Mặc
worker_action_delivertailoringresourcesgoal,0,,Đang Lấy Da Và Sợi Dệt
worker_action_delivercarcassdisposalresourcesgoal,0,,Đang Thu Dọn Xác Động Vật
worker_action_deliverchemistryresourcesgoal,0,,Đang Lấy Hóa Chất Điều Chế
worker_action_diggoal,0,,Khai khoáng/Digging
worker_action_drafted,0,,Huy động
worker_action_equipgoal,0,,Đang trang bị
worker_action_faintgoal,0,,Bất tỉnh
worker_action_fleegoal,0,,Đang tháo chạy
worker_action_harvestgoal,0,,Thu hoạch resources
worker_action_hungergoal,0,,Đói
worker_action_huntinggoal,0,,Săn bắn
worker_action_idlegoal,0,,Rảnh rỗi
worker_action_leavemapgoal,0,,Đang rời đi
worker_action_plantcropsgoal,0,,Đang Trồng Trọt Làm Vườn
worker_action_productioncarpentrygoal,0,,Chế tạo wooden item
worker_action_productioncookinggoal,0,,Đang chuẩn bị thức ăn
worker_action_productioncarcassdisposalgoal,0,,Đang xử lý thi thể
worker_action_productionchemistrygoal,0,,Đang sản xuất
worker_action_productioncraftinggoal,0,,Đang sản xuất
worker_action_productionresearchgoal,0,,Đang viết
worker_action_productionresourcecategorygoal,0,,Đang Tiếp Tế Nguyên Liệu Sản Xuất
worker_action_productionresourcegoal,0,,Đang Lấy Tài Nguyên Sản Xuất
worker_action_productionsmithinggoal,0,,Chế tạo metal item
worker_action_productiontailoringgoal,0,,May mặc
worker_action_productionworkergoal,0,,Đang sản xuất
worker_action_repairbuildinggoal,0,,Đang Tu Bổ Sửa Chữa
worker_action_restgoal,0,,Đang dưỡng bệnh
worker_action_sleepgoal,0,,Đang ngủ
worker_action_stockpilehaulinggoal,0,,Vận chuyển để stockpile
worker_action_shelfhaulinggoal,0,,Vận chuyển để stockpile
worker_action_tendwoundsgoal,0,,Đang chữa trị wounds
worker_action_SelfTendWoundsGoal,0,,Đang chữa trị wounds
worker_action_walktopositiondraftgoal,0,,Khả năng di chuyển để location
worker_action_walktopositiongoal,0,,Đang trên đường
worker_action_autoequipgoal,0,,Tự động equipping
worker_action_faithgoal,0,,Đang cầu nguyện
worker_action_changedoorlockdtategoal,0,,Locking/Unlocking Cửa
worker_action_delivercarpentryresourcedismantlegoal,0,,Đang Lấy Đồ Gỗ Cần Tháo Dỡ
worker_action_deliversmithingresourcedismantlegoal,0,,Đang Lấy Đồ Kim Loại Cần Nung Chảy
worker_action_delivertailoringresourcedismantlegoal,0,,Đang Lấy Quần Áo Cần Tái Chế
worker_action_delivercraftingresourcedismantlegoal,0,,Đang Lấy Vật Phẩm Cần Phân Rã
worker_action_setuptrapgoal,0,,Đang đặt lại bẫy
worker_action_drinkgoal,0,,Đang uống
worker_action_vomitgoal,0,,Đang nôn mửa
worker_action_entertainmentgoal,0,,Đang giải trí
worker_action_ChangeDoorLockStateGoal,0,,Locking/Unlocking Cửa
worker_action_changelockstategoal,0,,Đang quản lý
worker_action_burybodygoal,0,,Đang chôn cất hài cốt
worker_action_OperateTrebuchetGoal,0,,Operating Siege Vũ khí
worker_action_TradeGoal,0,,Đang trao đổi
worker_action_UninstallBuildingGoal,0,,Đang Gỡ Bỏ Công Trình
worker_action_DeliverMoveBuildingResource,0,,Đang Vận Chuyển Vật Liệu Tái Thiết
worker_action_formcaravangoal,0,,Forming Thương đoàn
worker_action_incaravan,0,,Đang di chuyển
worker_action_productionanimalgoal,0,,Đang Sản Xuất Chăn Nuôi
worker_action_deliveranimalresourcesGoal,0,,Đang Lấy Thức Ăn Cho Thú Nuôi
worker_action_deliverfuelgoal,0,,Đang tiếp nhiên liệu
worker_action_slaughterAnimalGoal,0,,Đang Mổ Thịt Động Vật
worker_action_tameAnimalGoal,0,,Đang Thuần Hóa Động Vật
worker_action_trainAnimalGoal,0,,Đang Huấn Luyện Động Vật
worker_action_ropeAnimalGoal,0,,Đang Buộc Dây Dắt Động Vật
worker_action_releaseAnimalGoal,0,,Đang Phóng Thích Động Vật
worker_action_releasePrisonerGoal,0,,Releasing Tù nhân
worker_action_harvestAnimalGoal,0,,Đang Thu Hoạch Sản Vật Động Vật
worker_action_FollowGoal,0,,Khả năng di chuyển để location
worker_action_FollowMoveOrderGoal,0,,Khả năng di chuyển để location
worker_action_npcidlewalkgoal,0,,Khả năng di chuyển để location
worker_action_TraderIdleGoal,0,,Rảnh rỗi
worker_action_EnemyIdleGoal,0,,Rảnh rỗi
worker_action_EnemyCombatIdleGoal,0,,Đang Rảnh Rỗi
worker_action_EnemyWithdrawalGoal,0,,Đang rời đi
worker_action_fillfoodstoragegoal,0,,Đang nạp túi thức ăn
worker_action_AnimalFleeingIdleGoal,0,,Đang Trốn Chạy
worker_action_AnimalHungerGoal,0,,Đang Kiếm Ăn
worker_action_AnimalRaidIdleGoal,0,,Đứng chờ
worker_action_RopedFollowGoal,0,,Đang bị buộc dây
worker_action_SetAnimalTargetGoal,0,,Đang Săn Bắt Động Vật
worker_action_PestControlGoal,0,,Săn bắn
worker_action_productionartgoal,0,,Đang sáng tác
worker_action_AnimalFeederHaulingGoal,0,,Đang Đổ Đầy Máng Thức Ăn
worker_action_FillMedicineStorageGoal,0,,Filling Y thuật Pouch
worker_action_PatientGoal,0,,Waiting cho medical treatment
worker_action_FishingGoal,0,,Đang câu cá
worker_action_StockpileUrgentHaulingGoal,0,,Vận chuyển để stockpile
worker_action_BardRoleGoal,0,,Đang biểu diễn
worker_action_FeastEventGoalBard,0,,Đang biểu diễn
worker_action_BardVisitorGoal,0,,Đang biểu diễn
worker_action_PriestRoleGoal,0,,Đang chủ trì nghi lễ Hội Phục Hưng
worker_action_SermonEventGoalPriest,0,,Đang chủ trì nghi lễ Hội Phục Hưng
worker_action_PriestVisitorGoal,0,,Đang chủ trì nghi lễ Hội Phục Hưng
worker_action_ShamanRoleGoal,0,,Leading an Huynh Đệ Cây Sồi ceremony
worker_action_RitualEventGoalShaman,0,,Leading an Huynh Đệ Cây Sồi ceremony
worker_action_ShamanVisitorGoal,0,,Leading an Huynh Đệ Cây Sồi ceremony
worker_action_NegotiateGoal,0,,Đang đàm phán
worker_action_FeastEventGoal,0,,Đang dự tiệc
worker_action_SermonEventGoal,0,,Đang dự lễ Phục Hưng
worker_action_RitualEventGoal,0,,Attending Huynh Đệ Cây Sồi Ritual
action_AbortEventParticipation,0,,Rời Khỏi Sự Kiện
abort_event_participation_confirm,0,,Rời khỏi sự kiện sớm có thể gây giảm tâm trạng cho dân làng này. Bạn có chắc chắn muốn tiếp tục không?
worker_action_RitualAnimalEventGoal,0,,Đang Tham Gia Đại Lễ Tế Thần Cây Sồi
worker_action_HangingEventGoal,0,,Attending Hanging Sự kiện
worker_action_RopePrisonerToHangingEventGoal,0,,Đang hộ tống
worker_action_GallowsExecutionGoal,0,,Going đến Gallows
worker_action_RopeEnemyGoal,0,,Đang hộ tống
worker_action_WardenRoleGoal,0,,Đang giám sát lao động
worker_action_ProductionTrainGoal,0,,Đang huấn luyện Skill
worker_action_TakeOutFireGoal,0,,Đang dập lửa
action_AllowFlammableProjectile,0,,Sử Dụng Tên Lửa (Tẩm Lửa)
action_FlammableProjectileAllowed,0,,Ngừng Sử Dụng Tên Lửa
worker_action_IdleOnFireGoal,0,,Trên Fire
worker_action_BarrelFillGoal,0,,Đang đổ đầy thùng
worker_action_OpenShelfGoal,0,,Đang dọn vật chứa
worker_action_deliverammunitiontotrebuchetgoal,0,,Đang nạp máy chiến tranh
worker_action_MasterClassEventGoalLibrarian,0,,Đang tổ chức nhóm học tập
worker_action_MasterClassEventGoal,0,,Attending a Study Group sự kiện
worker_action_TrainingEventGoalRanged,0,,Attending a Đang huấn luyện event
worker_action_TrainingEventGoalMelee,0,,Attending a Đang huấn luyện event
worker_action_TrainingEventGoalSergeant,0,,Holding a Đang huấn luyện event
worker_action_LibrarianRoleGoal,0,,Đang lập danh mục bản thảo
worker_action_SergeantRoleGoal,0,,Sharpening vũ khí
worker_action_BrokerRoleGoal,0,,Đang đếm tiền
worker_action_ForcedFleeGoal,0,,Đang tháo chạy
worker_action_BackgammonEntertainmentGoal,0,,Đang giải trí
worker_action_ShovelboardEntertainmentGoal,0,,Đang giải trí
worker_action_SkittlesEntertainmentGoal,0,,Đang giải trí
worker_action_QuoitsEntertainmentGoal,0,,Đang giải trí
worker_action_visitorpilgrimidlegoal,0,,Rảnh rỗi
worker_action_StripCarcassGoal,0,,Đang tước đồ
worker_action_EnemyIdlePatrolGoal,0,,Rảnh rỗi
worker_action_prisonerescapegoal,0,,Đang tháo chạy
worker_action_FollowConstructBuildingGoal,0,,Đang Thi Công Xây Dựng
worker_action_petAnimalGoal,0,,Đang Vuốt Ve Thú Cưng
worker_action_FollowInsultGoal,0,,Chế giễu khiêu khích
worker_action_InitiateSocialFightGoal,0,,Đang gây gổ
worker_action_SocialFightGoal,0,,Đang ẩu đả
worker_action_SolitaryIdleGoal,0,,Đang tách mình
name_prod_pickle,0,,Muối chua
name_prod_baking_clay,0,,Nung đất sét
name_prod_butchering,0,,Pha thịt
name_prod_cutting_stone,0,,Xẻ đá
name_prod_make_shield,0,,Chế tạo khiên
name_prod_armor,0,,Đang rèn đúc giáp trụ
name_prod_make_helemt,0,,Chế tạo mũ trụ
name_prod_make_weapon,0,,Đang rèn đúc vũ khí
name_prod_make_hat,0,,Chế tạo mũ
name_prod_package,0,,Đóng gói
name_prod_prep_material,0,,Sơ chế nguyên liệu
name_prod_prep_remedy,0,,Chế thuốc
name_prod_make_clothes,0,,May vá
name_prod_ferment,0,,Lên men
name_prod_brew,0,,Nấu rượu
name_prod_bottle,0,,Đóng chai
name_prod_write,0,,Viết sách
name_prod_destile,0,,Chưng cất
name_prod_melting_ore,0,,Luyện quặng kim loại
name_prod_prep_clay,0,,Tạo hình đất sét
name_prod_prep_ore,0,,Sơ chế quặng kim loại
name_prod_roasting,0,,Quay nướng
name_prod_shaping_ore,0,,Đúc thành thỏi
name_prod_simering,0,,Ninh nhỏ lửa
name_prod_smoke_meat,0,,Hun khói thịt
resource_name_dismantle_cloth,0,,Tái chế quần áo thu hồi sợi vải
resource_name_dismantle_wood,0,,Tháo dỡ vật phẩm thu hồi gỗ
resource_name_dismantle_metal,0,,Nung chảy khí tài thu hồi kim loại
name_prod_dismantle_wood,0,,Tháo dỡ đồ gỗ
name_prod_dismantle_metal,0,,Tháo dỡ đồ kim loại
name_prod_dismantle_cloth,0,,Tháo dỡ đồ vải
name_prod_prep_coal,0,,Chuẩn bị gỗ
name_prod_creating_coal,0,,Sản xuất than
name_prod_burning_carcass,0,,Thiêu xác
name_prod_preparing_carcass,0,,Chuẩn bị thi thể
name_prod_create_mech,0,,Chế tạo linh kiện
name_prod_prep_ice_block,0,,Chuẩn bị khối băng
name_prod_freez,0,,Đông lạnh
name_prod_prep_hive,0,,Chuẩn bị tổ ong
name_prod_honey,0,,Sản xuất mật ong
name_prod_resources,0,,Đang đợi vận chuyển nguyên liệu
name_prod_worker_request,0,,Đang chờ dân làng
name_prod_worker_skill_request,0,,Không có thợ nào sở hữu
name_prod_making_trophy,0,,Chế tạo chiến lợi phẩm
name_prod_general_producing,0,,Đang sản xuất
name_prod_prep_dungbrick,0,,Sơ chế phân đóng bánh
name_prod_baking_dungbrick,0,,Phơi gạch phân
name_prod_prep_quicklime,0,,Sơ chế vôi sống
name_prod_prep_saltpeter,0,,Sơ chế diêm tiêu
name_prod_creating_quicklime,0,,Nung đá vôi
name_prod_creating_saltpeter,0,,Chiết xuất diêm tiêu 
name_prod_make_dummy,0,,May hình nhân
name_prod_make_practice_target,0,,Making practice Mục tiêu
name_prod_trainng_marksman,0,,Luyện bắn bia
name_prod_trainng_melee,0,,Luyện tập với hình nộm
name_prod_flamable_oil,0,,Pha chế dầu cháy
train_ranged,0,,Xạ thủ Training
train_melee,0,,Cận chiến Training
resource_name_train_ranged,0,,Luyện Tập Xạ Kích
resource_name_train_melee,0,,Luyện Tập Võ Thuật Cận Chiến
name_prod_mint,0,,Đúc tiền xu
menu_copy_production,0,,Sao Chép Lệnh Sản Xuất
menu_copy_production_queue,0,,Sao Chép Toàn Bộ Hàng Đợi
menu_paste_production_queue,0,,Dán Vào Hàng Đợi
produce_settings_panel_assign_description,0,,Chỉ định giới hạn dân làng nào được phép gia công sản phẩm này
production_settlers_allow_skill,0,,Cho phép dân làng có cấp kỹ năng
general_anyone,0,,Bất kỳ ai
menu_production_settings_skill_range,0,,Khoảng Cấp Độ Kỹ Năng
skill_level_doesnt_satisfy_filter,0,,Cấp kỹ năng không đáp ứng khoảng thiết lập
skep_production_speed_tooltip,0,,"<style=DefaultOrange>Output depends trên balance của nearby plants và hives. Hives compete cho Tài nguyên, so space them out.</style>"
skep_production_speed,0,,Tốc độ làm tổ ong Skep
plants_around_skep,0,,Cây cối và hoa màu lân cận để đàn ong lấy mật
skeps_around_skep,0,,Khác skeps nearby
production_assigned_to_different_settler,0,,Hoạt động sản xuất đã được chỉ định cho dân làng khác! Dùng nút Chỉnh Sửa để phân công lại vai trò này.
resource_name_repair_cloth,0,,Tu bổ vá trang phục
resource_name_repair_cloth_produced,0,,Trang phục đã được vá lành
resource_name_repair_wood,0,,Tu sửa vật phẩm bằng gỗ
resource_name_repair_wood_produced,0,,Vật phẩm gỗ đã được tu sửa
resource_name_repair_metal,0,,Tài nguyên Repair metal item
resource_name_repair_metal_produced,0,,Tài nguyên Repaired metal item
name_prod_fixing_wood,0,,Sửa chữa đồ gỗ
name_prod_fixing_metal,0,,Sửa chữa đồ kim loại
name_prod_fixing_cloth,0,,Vá quần áo vải
repair_item_description_cloth,0,,Vật phẩm vải cần được vá
repair_item_description_wood,0,,Vật phẩm gỗ cần được sửa
repair_item_description_metal,0,,Vật phẩm kim loại cần được sửa
item_hit_point_tooltip,0,,Phạm vi độ bền của vật phẩm cần sửa chữa
item_resource_hit_point_tooltip,0,,Phạm vi độ bền của vật liệu dùng để sửa
item_resource_quality_tooltip,0,,Phẩm chất range của item being repaired
resource_hit_point_tooltip,0,,Phạm vi độ bền của tài nguyên đang dùng
resource_quality_tooltip,0,,Phẩm chất range của resource being used
menu_item_hit_points,0,,Độ Bền Trang Bị
menu_resource_hit_points,0,,Độ bền vật liệu sửa chữa
wound_blood_loss_rate,0,,Tốc độ mất máu
wound_severity,0,,Mức độ nghiêm trọng
wound_severity_Critical,0,,Nguy Kịch
wound_severity_Maximum,0,,Tối Đa
wound_severity_Minor,0,,Nhẹ
wound_severity_Moderate,0,,Trung Bình
wound_severity_Serious,0,,Nghiêm Trọng
wound_severity_Severe,0,,Rất Nặng
wound_tending_completed,0,,Đã băng bó chăm sóc vết thương
wound_tending_fail,0,,Băng bó chữa trị vết thương thất bại
wounds_need_tending_info,0,,Phải nghỉ ngơi hoặc nằm ngủ để vết thương được băng bó điều trị
wounds_need_tending_title,0,,Cần sơ cứu chữa trị vết thương khẩn cấp!
bitten_arm_name,0,,Vết cắn ở tay
bitten_face_name,0,,Vết cắn ở mặt
bitten_foot_name,0,,Vết cắn ở bàn chân
bitten_forearm_name,0,,Vết cắn ở cẳng tay
bitten_hand_name,0,,Vết cắn ở bàn tay
bitten_leg_name,0,,Vết cắn ở chân
bitten_neck_name,0,,Vết cắn ở cổ
broken_arm_name,0,,Gãy tay
broken_leg_name,0,,Gãy chân
broken_nose_name,0,,Gãy xương mũi
broken_ribs_name,0,,Gãy xương sườn
bruised_arm_name,0,,Bầm tím tay
bruised_chest_name,0,,Bầm tím ngực
bruised_leg_name,0,,Bầm tím chân
cut_artery_name,0,,Đứt động mạch
deep_cut_arm_name,0,,Vết rách sâu ở tay
deep_cut_chest_name,0,,Vết rách sâu ở ngực
deep_cut_face_name,0,,Vết rách sâu ở mặt
deep_cut_leg_name,0,,Vết rách sâu ở chân
deep_cut_neck_name,0,,Vết rách sâu ở cổ
deep_cut_side_name,0,,Vết rách sâu ở hông
dislocated_sholder_name,0,,Trật khớp vai
fractured_arm_name,0,,Bong gân tay
fractured_leg_name,0,,Bong gân chân
fractured_nose_name,0,,Bầm tím mũi
fractured_ribs_name,0,,Rạn xương sườn
mild_concussion_name,0,,Chấn động não nhẹ
pierced_arm_muscle_name,0,,Đâm xuyên cơ bắp tay
pierced_cheek_name,0,,Đâm xuyên má
pierced_chest_name,0,,Đâm xuyên ngực
pierced_gut_name,0,,Đâm thủng ruột
pierced_leg_muscle_name,0,,Đâm xuyên cơ bắp chân
pierced_lung_name,0,,Đâm thủng phổi
pierced_side_name,0,,Đâm xuyên hông
scratched_arm_name,0,,Vết cào ở tay
scratched_chest_name,0,,Xước ngực
scratched_face_name,0,,Vết cào ở mặt
scratched_forearm_name,0,,Cào xước cẳng tay
scratched_hand_name,0,,Cào xước bàn tay
scratched_leg_name,0,,Vết cào ở chân
scratched_neck_name,0,,Cào xước cổ
shallow_cut_arm_name,0,,Vết rách nhẹ ở tay
shallow_cut_chest_name,0,,Vết rách nhẹ ở ngực
shallow_cut_face_name,0,,Vết rách nông ở mặt
shallow_cut_leg_name,0,,Vết rách nông ở chân
shallow_cut_neck_name,0,,Vết rách nông ở cổ
shallow_cut_side_name,0,,Vết rách nông ở hông
whiped_back_name,0,,Whipped Quay lại
heavy_concussion_name,0,,Chấn động não nghiêm trọng
hypothermia_name,0,,Hạ thân nhiệt
heatstroke_name,0,,Say nắng
burn_arm_name,0,,Bỏng cánh tay
burn_leg_name,0,,Bỏng chân
burn_torso_name,0,,Bỏng thân mình
burn_face_name,0,,Bỏng khuôn mặt
burn_hand_name,0,,Bỏng bàn tay
burn_foot_name,0,,Bỏng bàn chân
stomach_pain_name,0,,Stomach Cơn đau
skill_info_AnimalHandling,0,,"Dùng để thuần hóa, cho ăn, huấn luyện, săn bắn thú hoang và câu cá."
skill_info_Botanical,0,,"Dùng để gieo hạt, chăm sóc, thu hoạch mùa màng và hái lượm thảo mộc, quả dại."
skill_info_Carpentry,0,,"Tăng độ tinh xảo khi chế tác các vật phẩm và vũ khí bằng gỗ như cung tên, khiên gỗ."
skill_info_Construction,0,,"Nâng cao tay nghề đúc gạch, đẽo đá và tăng đáng kể tốc độ xây dựng công trình."
skill_info_Culinary,0,,"Dùng để nấu nướng các món ăn, ủ rượu và mổ xẻ thịt tươi."
skill_info_Intelectual,0,,"Dùng cho công tác nghiên cứu học thuật, giúp mở khóa công nghệ nhanh chóng hơn."
skill_info_Marksman,0,,"Gia tăng độ thiện xạ và sát thương khi sử dụng các loại vũ khí tầm xa (cung tên, nỏ)."
skill_info_Medicine,0,,"Dùng để cứu chữa chăm sóc vết thương cho người khác, tự băng bó và bào chế dược liệu, cất rượu thuốc."
skill_info_Melee,0,,Gia tăng uy lực sát thương tổng thể trong giao tranh cận chiến. Cấp độ cao cho phép sử dụng các loại vũ khí hạng nặng cao cấp.
skill_info_Mining,0,,"Kỹ năng chuyên dụng để đào bới địa hình, đục hầm và khai thác quặng khoáng sản."
skill_info_None,0,,Công việc phổ thông này không đòi hỏi bất kỳ kỹ năng chuyên môn nào.
skill_info_Smithing,0,,Rèn nên những món vũ khí và áo giáp kim loại có phẩm chất vượt trội. Đúc các thỏi kim loại nhanh hơn.
skill_info_Speechcraft,0,,"Khéo léo trong mặc cả giao thương, hòa giải, giúp đỡ và cổ vũ tinh thần người khác. Biến kẻ thù thành bạn hữu."
skill_info_Tailoring,0,,"Nâng cao tay nghề xử lý tơ sợi vải vóc và da thuộc, may dệt quần áo và chế tạo áo giáp da."
skill_level,0,,Cấp độ kỹ năng
skill_name_AnimalHandling,0,,Chăn Nuôi
skill_name_Botanical,0,,Nông Nghiệp
skill_name_Carpentry,0,,Mộc Công
skill_name_Construction,0,,Xây Dựng
skill_name_Culinary,0,,Ẩm Thực
skill_name_Intelectual,0,,Học Vấn
skill_name_Marksman,0,,Xạ Kích
skill_name_Medicine,0,,Y Thuật
skill_name_Melee,0,,Cận Chiến
skill_name_Mining,0,,Khai Khoáng
skill_name_None,0,,Kỹ Năng Cơ Bản
skill_name_Smithing,0,,Rèn Đúc
skill_name_Speechcraft,0,,Thuyết Phục
skill_name_Tailoring,0,,May Mặc
skill_name_Art,0,,Nghệ Thuật
skill_info_Art,0,,"Sáng tạo các kiệt tác nghệ thuật như hội họa, tranh điêu khắc"
produce_ites_at,0,, Produces items tại:
job_info_carpentry,0,,Chế tác vật dụng và vũ khí từ gỗ. Sản xuất tại:
job_info_construction,0,,"Xây dựng, tháo dỡ và tu bổ sửa chữa mọi công trình."
job_info_cooking,0,,Nấu nướng các món ăn và ủ thức uống. Bảo quản lương thực. Sản xuất tại:
job_info_crafting,0,,Lao động thủ công cơ bản chế tạo vật phẩm thông thường như gạch đất. Sản xuất tại:
job_info_harvesting,0,,Thu hoạch hoa màu từ đồng ruộng và hái lượm sản vật nơi hoang dã.
job_info_hauling,0,,Lao động vận chuyển phổ thông. Khuân vác tài nguyên và vật phẩm về kho.
job_info_hunting,0,,Săn bắn các loài thú hoang đã được chỉ định đánh dấu.
job_info_mining,0,,Đào bới địa hình và khai thác khoáng sản tại các khu vực được đánh dấu trên bản đồ.
job_info_plantcropfields,0,,Gieo trồng và chăm bón cây giống trên các thửa ruộng hoa màu.
job_info_plantcutting,0,,Phát quang cỏ dại và đốn hạ cây lấy gỗ.
job_info_research,0,,Nghiên cứu suy ngẫm và biên soạn sách tri thức để phát triển khu định cư. Sản xuất tại:
job_name_patient,0,,Bệnh Nhân
job_info_patient,0,,Nằm yên tĩnh dưỡng chờ đợi người đến chữa trị vết thương.
job_info_rest,0,,Nghỉ ngơi tịnh dưỡng trên giường để vết thương mau chóng hồi phục.
job_info_smithing,0,,"Rèn đúc vật phẩm, công cụ và khí tài từ kim loại. Sản xuất tại:"
job_info_tailoring,0,,May dệt quần áo và mũ nón từ vải vóc và da thuộc. Sản xuất tại:
job_info_tendwounds,0,,Băng bó chữa trị vết thương cho người khác. Cõng dân làng bị bất tỉnh về giường bệnh.
job_name_carpentry,0,,Mộc Công
job_name_construction,0,,Xây Dựng
job_name_cooking,0,,Nấu Nướng
job_name_crafting,0,,Chế Tác
job_name_harvesting,0,,Thu Hoạch
job_name_hauling,0,,Khuân Vác
job_name_hunting,0,,Săn Bắn
job_name_mining,0,,Khai Khoáng
job_name_plantcropfields,0,,Trồng Trọt
job_name_plantcutting,0,,Chặt Cây
job_name_research,0,,Nghiên Cứu
job_name_rest,0,,Dưỡng Bệnh
job_name_smithing,0,,Rèn Đúc
job_name_tailoring,0,,May Mặc
job_name_tendwounds,0,,Chữa Trị
job_name_basic,0,,Quản Gia
job_info_basic,0,,"Đảm đương các công việc cơ bản như khóa cửa, đóng cửa sổ, dập tắt đuốc, v.v."
job_name_animal,0,,Chăn Nuôi
job_info_animal,0,,"Thuần hóa, huấn luyện, mổ thịt, buộc dây dắt, phóng thích và thu hoạch sản vật từ động vật. Sản xuất tại:"
job_priority_High,0,,Ưu tiên: Cao
job_priority_Highest,0,,Ưu tiên: Cao Nhất
job_priority_Low,0,,Ưu tiên: Thấp
job_priority_Lowest,0,,Ưu tiên: Thấp Nhất
job_priority_None,0,,Ưu tiên: Không làm
job_priority_Normal,0,,Ưu tiên: Bình Thường
job_title_priorities_column,0,,"<sprite=""ctrl_left_click"" index=t> Tăng mức ưu tiên cho tất cả\n<sprite=""ctrl_right_click"" index=t> Giảm mức ưu tiên cho tất cả"
passion_1_info,0,,Dân làng sẽ nhận thêm gấp 2.5 lần điểm kinh nghiệm (XP) cho kỹ năng này.
passion_1_name,0,,"Đam mê <sprite=""passion_star"" index=t>"
passion_2_info,0,,Dân làng sẽ nhận thêm gấp 4 lần điểm kinh nghiệm (XP) cho kỹ năng này.
passion_2_name,0,,"Rất đam mê <sprite=""passion_star"" index=t><sprite=""passion_star"" index=t>"
job_name_train,0,,Luyện Võ
job_name_train_alt,0,,Huấn Luyện Chiến Đấu
job_info_train,0,,Rèn luyện kỹ năng chiến đấu bằng các loại vũ khí tầm xa và cận chiến.
job_name_art,0,,Hội Họa
job_info_art,0,,Sáng tạo các tác phẩm nghệ thuật tinh xảo. Sản xuất tại:
lb_self_tend,0,,Self-chữa trị
lb_self_tend_title,0,,Cho phép tự băng bó vết thương
lb_self_tend_info,0,,Dân làng sẽ tự băng bó vết thương của chính mình. Lưu ý rằng hiệu quả tự chữa trị chỉ bằng 25% so với khi được dân làng khác chăm sóc. Công việc Chữa Trị trong bảng phân công phải được chọn để dân làng có thể tự băng bó.
lb_self_tend_disabled_info,0,,Công việc Chữa Trị trong bảng phân công dân làng phải được kích hoạt để có thể tự băng bó.
job_overide_info,0,,<style=AltColor><b><size=18>Thiết lập ưu tiên cho công việc này chỉ có hiệu lực trong</style> <style=DefaultRed>Giờ làm việc</style></b></size>
job_name_urgenthaul,0,,Khuân Vác Khẩn
job_info_urgenthaul,0,,Chỉ ưu tiên vận chuyển những tài nguyên và vật phẩm được đánh dấu 'Khẩn cấp'.
job_name_fishing,0,,Câu Cá
job_info_fishing,0,,Đánh bắt các loài cá ven sông suối để bổ sung nguồn lương thực.
job_name_alchemy,0,,Giả Kim Thuật
job_info_alchemy,0,,Biến đổi và tinh chế các hợp chất vật liệu phục vụ muôn vàn mục đích sinh tồn và quân sự. Sản xuất tại:
job_name_firefight,0,,Cứu Hỏa
job_info_firefight,0,,Dập tắt các đám cháy bùng phát gần khu định cư. Nhanh chóng dẫm đạp dập tắt ngọn lửa ngay khi chúng còn nhỏ.
goal_preference_name_Resentful,0,,Bất mãn
goal_preference_info_Resentful,0,,Dân làng chỉ nhận 0.2x XP \nNhận hiệu ứng tâm trạng tiêu cực khi phải làm công việc này
goal_preference_name_Unwilling,0,,Miễn cưỡng
goal_preference_info_Unwilling,0,,Dân làng chỉ nhận 0.5x XP \nNhận hiệu ứng tâm trạng tiêu cực khi phải làm công việc này
goal_preference_name_Indifferent,0,,Thờ ơ
goal_preference_info_Indifferent,0,,Dân làng nhận 1x XP tiêu chuẩn
goal_preference_name_Eager,0,,Hăng hái
goal_preference_info_Eager,0,,Dân làng nhận gấp 2.5x XP \nNhận hiệu ứng tâm trạng tích cực khi làm công việc này
goal_preference_name_Passionate,0,,Đam mê
goal_preference_info_Passionate,0,,Dân làng nhận gấp 4x XP \nNhận hiệu ứng tâm trạng rất tích cực khi làm công việc này
goal_preference_name_Incapable,0,,Không thể làm
goal_preference_info_Incapable,0,,Dân làng không thể thực hiện công việc này
job_preferences,0,,Ưu Tiên Phân Công
goal_preference_name_PhysicalLabourPreference,0,,Lao động chân tay
goal_preference_name_MiningPreference,0,,Khai mỏ
goal_preference_name_ConstructionPreference,0,,Xây Dựng
goal_preference_name_CraftingPreference,0,,Chế tạo
goal_preference_name_HuntingPreference,0,,Săn bắn
goal_preference_name_PlantsPreference,0,,Nông nghiệp & Thu hái
goal_preference_name_SmithingPreference,0,,Rèn
goal_preference_name_CarpentryPreference,0,,Mộc
goal_preference_name_CookingPreference,0,,Nấu nướng
goal_preference_name_TailoringPreference,0,,May mặc
goal_preference_name_ResearchPreference,0,,Học thức / Nghiên cứu
goal_preference_name_TendingPreference,0,,Chăm sóc y tế
goal_preference_name_AnimalPreference,0,,Động vật Handling
goal_preference_name_ArtPreference,0,,Hội họa
goal_preference_name_ViolencePreference,0,,Chiến đấu
goal_preference_name_RangedCombatPreference,0,,Chiến Đấu Tầm Xa
goal_preference_name_MeleeCombatPreference,0,,Chiến Đấu Cận Chiến
goal_preference_name_TradingPreference,0,,Giao thương
goal_preference_name_BardPreference,0,,Nhiệm vụ Người hát rong
goal_preference_name_PriestPreference,0,,Nhiệm vụ Linh mục
goal_preference_name_ShamanPreference,0,,Tu sĩ Druid Duties
goal_preference_name_FirefightPreference,0,,Dập lửa
goal_preference_info_FirefightPreference,0,,Dập tắt các đám cháy gần khu định cư của bạn. Dập tắt ngọn lửa khi chúng còn nhỏ bằng cách dẫm đạp lên chúng.
goal_preference_name_GaolerPreference,0,,Cai ngục
goal_preference_info_GaolerPreference,0,,Chăm sóc và quản lý tù nhân là nhiệm vụ của cai ngục. Cai ngục cũng lột bỏ tư trang của tù nhân mới và quản lý việc thả tự do cho họ.
goal_preference_name_FishingPreference,0,,Câu cá
goal_preference_info_FishingPreference,0,,Câu cá làm thức ăn.
goal_preference_name_ConvalescePreference,0,,Dưỡng bệnh
goal_preference_info_ConvalescePreference,0,,Convalesce while Vết thương heal.
goal_preference_name_TrainingPreference,0,,Combat Huấn luyện
goal_preference_info_TrainingPreference,0,,Luyện tập kỹ năng chiến đấu với vũ khí tầm xa và vũ khí cận chiến.
goal_preference_info_TradingPreference,0,,Bartering với Merchants và Negotiating
goal_preference_info_BardPreference,0,,Biểu diễn ca múa tại các bữa tiệc và trong Đại Sảnh Đường trong giờ phân công của nhạc công
goal_preference_info_PriestPreference,0,,Chủ trì nghi lễ Hội Phục Hưng
goal_preference_info_ShamanPreference,0,,Leading an Huynh Đệ Cây Sồi ceremony
goal_preference_info_PhysicalLabourPreference,0,,"Lao động chân tay phổ thông, không đòi hỏi chuyên môn như khuân vác và quản lý kho"
goal_preference_info_MiningPreference,0,,Digging và Khai khoáng marked areas trên map.
goal_preference_info_ConstructionPreference,0,,"Thi công xây dựng, tháo dỡ thu hồi và tu sửa mọi công trình."
goal_preference_info_CraftingPreference,0,,"Non-skilled work Chế tạo basic items, like bricks."
goal_preference_info_HuntingPreference,0,,Săn bắn marked animals.
goal_preference_info_PlantsPreference,0,,"Dùng để gieo trồng, chăm sóc mùa màng, thu hoạch cây trái và hái lượm thảo mộc hoang dã."
goal_preference_info_SmithingPreference,0,,Chế tạo vật phẩm kim loại
goal_preference_info_CarpentryPreference,0,,Chế tác vật phẩm và vũ khí từ gỗ. Sản xuất tại:
goal_preference_info_CookingPreference,0,,Producing bữa ăn và beverages. Preserving food. Butchering.
goal_preference_info_TailoringPreference,0,,Chế tạo quần áo và mũ nón từ vải và da thuộc.
goal_preference_info_ResearchPreference,0,,Contemplating và writing everything down so it can be used để advance Khu định cư.
goal_preference_info_TendingPreference,0,,Tend để wounds của others. Carry unconscious Dân làng để beds.
goal_preference_info_AnimalPreference,0,,"Thuần hóa, huấn luyện, giết mổ, dắt dây, thả về tự nhiên và thu hoạch nông sản từ vật nuôi."
goal_preference_info_ArtPreference,0,,Sáng tác nghệ thuật.
goal_preference_info_ViolencePreference,0,,Combat với both ranged và Cận chiến weapon types
goal_preference_info_RangedCombatPreference,0,,"Sử dụng các loại vũ khí tầm xa như cung tên, nỏ hoặc vũ khí ném trong chiến đấu và săn bắn thú hoang"
goal_preference_info_MeleeCombatPreference,0,,Sử dụng các loại vũ khí cận chiến để giao tranh xáp lá cà
research_name_agriculture_lvl3,0,,Nông nghiệp III
research_name_agriculture_lvl2,0,,Nông nghiệp II
research_name_agriculture_lvl1,0,,Nông nghiệp
research_name_architecture_lvl1,0,,Kiến trúc
research_info_agriculture_lvl1,0,,Mở khóa crop fields để ensure a steady supply của food cho upcoming Mùa Đông
research_name_armor_production_lvl1,0,,Nghề Rèn Giáp I
research_name_armor_production_lvl2,0,,Nghề Rèn Giáp II
research_name_armor_production_lvl3,0,,Nghề Rèn Giáp III
research_name_axes_lvl2,0,,Rìu chiến
research_name_banners_lvl1,0,,Cờ trang trí
research_name_blacksmithing_lvl1,0,,Rèn đúc
research_name_brewing_lvl1,0,,Nấu rượu
research_name_chemistry_lvl1,0,,Hóa học I
research_name_chemistry_lvl2,0,,Hóa học II
research_name_clay_brick_production_lvl1,0,,Đóng gạch đất sét
research_name_clothing_production_lvl1,0,,May mặc
research_name_cooking_lvl1,0,,Nấu nướng
research_name_crossbows_lvl2,0,,Nỏ I
research_name_crossbows_lvl3,0,,Nỏ II
research_name_defensive_constructions_lvl1,0,,Công Trình Phòng Thủ I
research_name_defensive_constructions_lvl2,0,,Công Trình Phòng Thủ II
research_name_defensive_constructions_lvl3,0,,Công Trình Phòng Thủ III
research_name_defensive_constructions_lvl4,0,,Công Trình Phòng Thủ IV
research_name_defensive_traps,0,,Bẫy phòng thủ
research_name_decorations_lvl1,0,,Công trình trang trí I
research_name_decorations_lvl2,0,,Công trình trang trí II
research_name_destiling_01,0,,Chưng cất rượu
research_name_fermenting_lvl1,0,,Lên men
research_name_fletchering_lvl2,0,,Làm cung tên II
research_name_fletchering_lvl3,0,,Làm cung tên III
research_name_furniture_lvl1,0,,Nội thất
research_name_furniture_lvl2,0,,Nội thất II
research_name_iron_constructions_lvl1,0,,Kiến Trúc Đồ Sắt
research_name_iron_smelting_lvl1,0,,Nung luyện quặng
research_name_maces_lvl2,0,,Chùy sắt
research_name_preserving_food_lvl1,0,,Bảo quản thực phẩm
research_name_preserving_food_lvl2,0,,Bảo quản thực phẩm II
research_name_research_tier_02,0,,Nghiên cứu II
research_name_research_tier_03,0,,Nghiên cứu III
research_name_shield_production_lvl2,0,,Chế tạo khiên II
research_name_shield_production_lvl3,0,,Chế tạo khiên III
research_name_steel_smelting,0,,Luyện thép
research_name_stone_block_production_lvl1,0,,Xẻ đá khối
research_name_swords_lvl2,0,,Kiếm
research_name_woodwork_lvl2,0,,Vũ khí gỗ II
research_name_woodwork_lvl1,0,,Vũ khí gỗ
research_name_cartography,0,,Bản đồ học
research_name_beekeeping_lvl1,0,,Nuôi ong
research_name_ice_production_lvl1,0,,Sản xuất băng
research_name_trophy,0,,Gắn thú chiến lợi phẩm
research_name_terraforming,0,,Cải tạo địa hình
research_name_terraforming_alt,0,,Kiến tạo cảnh quan
research_name_training_equipment_lvl1,0,,Dụng cụ huấn luyện chiến đấu
research_name_painting_01,0,,Hội họa
research_name_tapestry_01,0,,Thảm thêu
research_name_statues_stone_01,0,,Tạc tượng đá
research_name_statues_wood_01,0,,Chạm khắc gỗ
research_name_art_metal,0,,Thủ công kim loại
research_name_metal_art_01,0,,Mạ bạc
research_name_art_metal_02,0,,Mạ vàng
research_name_rugs_01,0,,Dệt thảm trải sàn
research_name_furniture_lvl3,0,,Nội thất III
research_name_furniture_lvl4,0,,Nội thất IV
research_name_religious_structures_lvl1,0,,Công trình tôn giáo
research_name_religious_structures_lvl2,0,,Công trình tôn giáo II
research_name_religious_structures_lvl3,0,,Công trình tôn giáo III
research_name_oil_press_lvl1,0,,Máy ép dầu
research_name_barrels_lvl1,0,,Thùng chứa gỗ
research_name_war_machines_lvl1,0,,Khí tài công thành I
research_name_war_machines_lvl2,0,,Khí tài công thành II
research_name_incendiary_ammunition,0,,Đạn dược gây cháy
research_name_library_structures_01,0,,Công trình thư viện I
research_name_library_structures_02,0,,Công trình thư viện II
research_name_library_structures_03,0,,Công trình thư viện III
research_name_entertainment_structure_01,0,,Giải trí I
research_name_entertainment_structure_02,0,,Giải trí II
research_name_entertainment_structure_03,0,,Giải trí III
research_name_strategy_equipment_lvl1,0,,Công trình chiến lược I
research_name_strategy_equipment_lvl2,0,,Công trình chiến lược II
research_name_merchant_structure_01,0,,Công trình thương nhân I
research_name_merchant_structure_02,0,,Công trình thương nhân II
research_name_merchant_structure_03,0,,Công trình thương nhân III
event_tooltip_started,0,,Đã bắt đầu
event_tooltip_lasts,0,,Đã kéo dài
event_answer_01,0,,Chấp nhận
event_answer_decline_new_worker,0,,"Dân làng đóng sầm cửa, bỏ mặc <name> bên ngoài."
event_answer_decline_help_runaway,0,,"Dân làng đóng sầm cửa, bỏ mặc <name> bên ngoài."
event_answer_prepare_for_battle,0,,"Người dân <village_name> cầm vũ khí, sẵn sàng chiến đấu"
event_answer_04,0,,Được
event_answer_welcome_new_worker,0,,Dân làng quyết định chào đón [him/her] vào <village_name>.
event_answer_help_runaway,0,,Người dân <village_name> quyết định giúp [him/her].
event_answer_surrender_worker,0,,<village_name> giao trả <name> cho những kẻ đang săn lùng [him/her].
event_answer_refuse_give_worker,0,,Dân làng <village_name> kiên quyết không khuất phục trước yêu sách của những kẻ tấn công.
event_answer_worker_allready_gone,0,,Nhưng <name> không còn ở <village_name>. Không thể đáp ứng yêu cầu.
event_blight_01,0,,"Dân làng biết rằng khi dịch bệnh cây trồng xuất hiện, họ phải chạy đua với thời gian. Mọi người còn đủ sức tại <village_name> đều cố nhổ bỏ tai họa này trước khi cây khỏe mạnh héo úa. Tương lai của <village_name> phụ thuộc vào việc đó!"
event_cold_01,0,,"Băng giá khắc nghiệt khiến mặt đất cứng như sắt và phá hỏng cây trồng. Cây cối nứt toác, chim chóc chết cóng, băng rủ xuống từ xà nhà. Dân làng phải mặc thật ấm và sưởi các phòng ngủ tại <village_name> để tránh nụ hôn chết chóc của giá lạnh."
event_cold_warning,0,,Nhiệt độ trong vùng đang rất thấp
event_hail_01,0,,"Những viên băng đầu tiên báo hiệu một trận mưa đá dữ dội. Dân làng <village_name> run rẩy vội tìm nơi trú khi mưa đá ngày càng dày. Khi cơn bão qua đi, họ rón rén bước ra xem cây trồng và tài nguyên ngoài trời còn lại những gì."
event_hail_warning,0,,Mưa đá đang phá hủy cây trồng
event_heat_wave_01,0,,"
Mặt trời thiêu đốt khiến mồ hôi chảy ròng trên lưng người lao động. Họ nhanh chóng kiệt sức trong cái nóng bỏng rát, héo rũ như cây trồng cần được chăm sóc và thu hoạch trước khi chết khô. Người lao động cần bóng râm; một số phải làm việc sau khi mặt trời lặn."
event_heat_wave_warning,0,,Nhiệt độ đang cực kỳ cao
event_merchant_01,0,,"Việc hắn rao bán thánh tích trông chẳng khác gì xương gà thật khó khiến người ta yên tâm. Nhưng với người muốn giao dịch, gã lữ khách rách rưới luôn cười nhếch mép ấy còn nhiều thứ khác để chào bán."
event_merchant_02,0,,"Hương gia vị theo gió báo trước một thương đoàn đang đến, khiến tinh thần người dân <village_name> phấn chấn. Họ mang lông thú, vải vóc hay tin tức từ thế giới bên ngoài? ""Ta có rất nhiều thứ dành cho những người tốt bụng!"" người buôn vải gọi lớn. ""Lại đây, cùng làm một vụ nào!"""
event_name_merchant_01,0,,Thương nhân xảo quyệt
event_name_merchant_02,0,,Thương đoàn
event_visitor_name,0,,Lữ khách đơn độc
game_event_type_visitor,0,,Chuyến viếng thăm thân thiện
event_weapons_merchant,0,,"Người buôn vũ khí dắt chú ngựa khỏe của [his/her] vào <village_name>, kéo theo xe chất đầy hàng. 'Hãy tự bảo vệ mình! Tiêu diệt kẻ thù!' [He/She] hét lớn. 'Ta có rất nhiều kiếm và áo giáp - cả cung và khiên vừa túi tiền cho lính bộ binh bình thường nữa.' "
event_rare_goods_merchant,0,,"Người buôn hàng xa xỉ đôi khi mang theo kiếm từ Toledo và Damascus, giáp Milan, bộ phận máy móc kỳ lạ, nguyên liệu huyền bí và sách đóng bằng da thuộc mềm mịn. Những món hàng độc quyền được tuyển chọn kỹ này có giá rất cao."
event_black_market_merchant,0,,"Nếu biết tìm đúng chỗ, bạn có thể tham gia đường dây mua bán ngầm những món đồ kỳ quái, đáng ghê tởm hoặc cấm kỵ. Một cái gật đầu kín đáo trong quán rượu mờ ám, hay lời mời từ người làm việc ban đêm, có thể dẫn bạn đến thương nhân hàng lậu."
event_prisoner_merchant,0,,"Một thương nhân làm nghề buôn bán rủi ro nhất - tự do của con người. Kẻ buôn người này chuyên đổi tiền chuộc và sẽ nhận trách nhiệm ấy khỏi tay bạn, nếu được trả đúng giá."
event_visitor,0,,"Một người bán rong cao gầy dốc túi, bày đủ món đồ lặt vặt lên tấm vải lanh trên đất. 'Ta mua bán bất cứ thứ gì khiến mình chú ý trên đường đi,' người ấy nói với nụ cười lệch. 'Cứ xem thử nếu thích!'"
event_name_role_visitor,0,,Chuyến thăm của <role>
event_role_visitor,0,,<name> từ <faction_name> đã ghé thăm chúng ta. [He/She] giữ vai trò <role> tại khu định cư của [his/her]. Hãy tổ chức <event_name> để tận dụng tốt nhất chuyến viếng thăm.
warning_message_short_visitor,0,,Khách phương xa
warning_message_info_visitor,0,,"<village_name> vừa đón tiếp một vị khách quý từ phe đồng minh hoặc trung lập. Nếu họ có chức vụ cộng đồng, bạn có thể tổ chức sự kiện đặc thù đúng chuyên môn của họ để nâng cao uy tín."
event_name_blight_01,0,,Dịch bệnh cây trồng
news_name_blight,0,,Dịch bệnh cây trồng
news_info_blight,0,,Order your Dân làng để Chặt cây down spoiled crops before blight spreads.
event_name_cold_01,0,,Đợt rét đậm
event_name_hail_01,0,,Mưa đá
event_name_heat_wave_01,0,,Đợt nắng nóng
event_name_new_worker_defoult_01,0,,Người bạn đồng hành đầy hy vọng
event_name_new_worker_sick_01,0,,Rồi chuyện này cũng sẽ qua
event_name_new_worker_starving_01,0,,Cơn đói gõ cửa
event_name_new_worker_wounded_01,0,,Chốn nương thân
event_name_new_worker_wounded_02,0,,Chặt nhầm cây
event_name_raid_general,0,,Cuộc tấn công (<faction_name>)
event_name_raid_animal_01,0,,Thú hoang hung dữ
event_name_raid_avalon_01,0,,Circle của Avalon tấn công
event_name_raid_kingdom_of_york_01,0,,Kingdom của York tấn công
event_name_raid_progeny_01,0,,Progeny tấn công
event_name_raid_resources_01,0,,Hải tặc xâm nhập
event_name_raid_savages_01,0,,Sát thủ mất trí
event_name_raid_sons_of_england_01,0,,Sons của England tấn công
event_name_raid_third_coming_01,0,,Third Coming tấn công
event_name_claim_runaway_general,0,,Những kẻ cưỡng đoạt hung bạo (<faction_name>)
event_name_runaway_01,0,,Kẻ vượt ngục
event_name_runaway_01_b,0,,Những kẻ cưỡng đoạt hung bạo (Kẻ vượt ngục)
event_name_runaway_name,0,,Tài sản thất lạc
event_name_runaway_02_b,0,,Những kẻ cưỡng đoạt hung bạo (Tài sản thất lạc)
event_name_runaway_03,0,,Bạo lực gia đình
event_name_runaway_03_b,0,,Những kẻ cưỡng đoạt hung bạo (Bạo lực gia đình)
event_name_runaway_general,0,,Cứu rỗi (<faction_name>)
event_name_runaway_event_name,0,,Cứu rỗi
event_name_runaway_04_b,0,,Những kẻ cưỡng đoạt hung bạo (Cứu rỗi)
event_name_runaway_05,0,,Bữa ăn của kẻ man rợ
event_name_runaway_05_b,0,,Những kẻ cưỡng đoạt hung bạo (Bữa ăn của kẻ man rợ)
event_name_supernatural_01,0,,Kẻ đeo mặt nạ Ooser
event_name_supernatural_02,0,,Cuộc săn hoang dã
event_name_supernatural_03,0,,Lửa Thánh Anthony
event_name_thunderstorm_01,0,,Búa của Thor
event_new_worker_defoult_01,0,,"<name> tiến đến với bàn tay [his/her] đưa ra và nụ cười ấm áp, cởi mở. <name> rất muốn tìm hiểu về <village_name> và sẵn lòng giúp đỡ. Tất cả những gì [he/she] mong muốn là một nơi an toàn để gọi là nhà."
event_new_worker_sick_01,0,,"Một lữ khách ốm yếu bước đi lảo đảo tiến vào <village_name>. [He/She] quả quyết rằng chỉ cần có thời gian tịnh dưỡng là có thể làm việc chăm chỉ, nhưng lúc này trông người ấy vô cùng kiệt quệ. Liệu bạn có mở lòng đón nhận <name> vào nương náu và dưỡng bệnh?"
event_new_worker_starving_01,0,,"Khi <name> lết bước tới nơi, xương sườn của [his/her] lộ rõ dưới lớp da bọc và tóc rụng thành từng mảng. Dân làng <village_name> xót xa nhìn sinh linh khốn cùng đang ngấp nghé bên bờ vực chết đói. Sự tuyệt vọng hằn sâu trên gương mặt <name> khi [he/she] tha thiết van xin. Bạn có cưu mang [him/her] không?"
event_new_worker_wounded_01,0,,"Bạn phát hiện một bóng người nhợt nhạt, bước khập khiễng gần rìa khu định cư <village_name>. Khi [he/she] tới gần, có thể thấy rõ <name> đang chảy máu đầm đìa từ một vết chém sâu và cần được cứu chữa khẩn cấp. 'Tất cả là vì danh dự,' <name> thều thào thở dốc. Bạn có dang tay cứu giúp người ấy không?"
event_new_worker_wounded_02,0,,"[He/She] được một dân làng <village_name> tìm thấy trong tình trạng bất tỉnh và máu me bê bết. Từ chiếc rìu gãy và đống súc gỗ vỡ vụn quanh đó, rõ ràng <name> vừa gặp phải tai nạn nghiêm trọng khi đốn gỗ. Bạn có cho phép người ấy ở lại để băng bó vết thương không?"
event_raid_animal_01,0,,"Một đàn sói dữ đói khát hung hãn tràn vào <village_name>, nanh vuốt giương cao và đôi mắt đỏ ngầu man dại. Không rõ chúng mò đến do cơn đói cồn cào hay bản tính tàn phá hoang dã. Vung cao công cụ và che chắn đàn gia súc, dân làng phải đồng lòng đánh đuổi chúng đi.
"
game_event_type_animalRaid,0,,Thú Hoang Tàn Phá
event_raid_animal_deer,0,,Một đàn hươu rừng thấp thoáng xuất hiện giữa những rặng cây ranh giới của <village_name>. Vẻ đẹp thanh nhã của chúng không thể đánh lừa được dân làng; mọi người lập tức xua đuổi chúng trước khi mùa màng bị gặm sạch.
event_raid_animal_hare,0,,"Dân gian truyền tai nhau rằng thỏ rừng chính là linh thú hầu cận của phù thủy, hoặc thậm chí chính là mụ phù thủy biến hình! Dân làng <village_name> vội vã xua đuổi chúng đi trong sự cảnh giác cao độ."
event_raid_animal_wolf,0,,"Một đàn sói dữ đói khát hung hãn tràn vào <village_name>, nanh vuốt giương cao và đôi mắt đỏ ngầu man dại. Dân làng phải cầm chắc vũ khí và che chắn chuồng trại để đánh đuổi lũ ác thú."
event_raid_animal_fox,0,,Một bầy cáo ranh mãnh mò tới gần <village_name> là điềm báo đáng lo ngại. Dân làng nhanh chóng xua đuổi chúng trước khi chúng lẻn vào chuồng bắt trộm gia cầm hoặc bới tung đống tích trữ.
event_raid_animal_polecat,0,,"Lũ chồn hôi hám cùng bầy con nheo nhóc của chúng rõ ràng không được chào đón tại đây. Dân làng <village_name> cương quyết bảo vệ đàn gia cầm, ổ trứng và các tổ ong mật trước sự phá hoại của loài gặm nhấm này."
event_raid_animal_boar,0,,"Với cặp nanh sắc nhọn hoắt và khí thế hung hãn như từ cõi âm, đàn lợn rừng tụ tập đông đúc ở rìa <village_name>. Tiếng tù và báo động vang lên giục giã tất cả những ai có thể cầm vũ khí lập tức xông ra xua đuổi chúng."
event_raid_animal_rat,0,,"Vốn là loài chuyên kéo đến nơi có mầm dịch tễ hoặc các kho thóc đầy ắp, đại dịch chuột tại <village_name> không thể nào xem nhẹ. Khi bẫy rập và mèo săn đều bất lực, dân làng buộc phải đích thân lùng sục tiêu diệt từng con một."
event_raid_animal_dog,0,,Những con chó hoang hung tợn gầm gừ vây quanh <village_name> chắc chắn chẳng phải là người bạn trung thành của con người. Dân làng phải dốc toàn lực chiến đấu để xua đuổi bầy thú dữ.
event_raid_animal_bear,0,,"Dân làng <village_name> đi từ kinh ngạc tột độ đến khiếp đảm hãi hùng khi phát hiện một con gấu khổng lồ đang nổi điên. Phải chăng nó vừa xổng khỏi chuồng giam? Dù lý do là gì, con quái thú này cũng phải bị hạ gục ngay lập tức."
event_rat_infestation,0,,Lũ chuột đã đào hầm chui thẳng vào các căn hầm chứa của bạn! Hãy mau chóng diệt sạch lũ sâu bọ phá hoại này trước khi chúng gặm nhấm tan hoang toàn bộ kho lương thực dự trữ.
event_name_room_flood_01,0,,Hầm Chứa Ngập Nước
event_room_flood_01,0,,Mạch nước ngầm đã thấm qua các vách tường đất và làm ngập úng các căn hầm của bạn. Hãy ngăn chặn tình trạng này tái diễn bằng cách xây dựng lại tường hầm bằng các loại vật liệu kiên cố hơn.
event_raid_general_allready_gone,0,,Những kẻ tấn công đành hậm hực rút lui trong thất vọng vì không thể tìm thấy tung tích của <name>.
event_raid_general_decline_hostile,0,,"Bạn kiên định giữ vững lập trường, dứt khoát không chịu nhượng bộ trước những yêu sách ngang ngược của quân giặc."
event_raid_general_decline_neutral,0,,"Bạn kiên định giữ vững lập trường, dứt khoát không chịu nhượng bộ trước những yêu sách. Những kẻ tấn công đành hậm hực rút lui, nhưng mối quan hệ ngoại giao với <faction_name> đã trở nên xấu đi nghiêm trọng."
event_raid_resources_01,0,,"Chúng xuôi theo dòng sông, bất thần xuất hiện trong đêm tối và mang theo mùi xú uế thối rữa của nước tù hãm. Những tên cướp bóc gớm ghiếc từ <origin> lớn tiếng đe dọa <village_name> bằng những lời đao búa bạo lực trắng trợn. Chúng rêu rao rằng sẽ chấm dứt quấy nhiễu và rời đi ngay lập tức nếu bạn cúi đầu chấp thuận nộp cho chúng số lượng <resource> theo yêu sách."
event_raid_resources_01_accept,0,,"Những kẻ xâm nhập lập tức rút lui nhanh chóng như khi chúng ập tới, mang theo toàn bộ số tài nguyên <resource> cướp được."
event_raid_general,0,,"

Toán cướp đột kích bất thần xuất hiện mà không một lời báo trước. Ngay lập tức, mùi máu tanh nồng và nỗi khiếp đảm bao trùm khắp không gian. Dáng vẻ gầy guộc và man rợ, những kẻ tấn công bắt đầu lao vào thực hiện nhiệm vụ tàn bạo: cướp phá <village_name> và tàn sát toàn bộ cư dân."
event_raid_church_of_third_coming,0,,"Áo giáp sắt lóe sáng và những lá cờ hiệu tung bay trong gió, mỗi lá cờ mang biểu tượng ba cây thập tự trắng. Trước tiên chúng dâng lời cầu nguyện trang nghiêm. Kế đó, chúng lạnh lùng thanh trừng những kẻ ngoại đạo không cùng đức tin. Giáo Hội Giáo Đoàn Tái Lâm vừa cuồng tín tột độ vừa không chút mảy may dung thứ."
event_raid_ancrene_disciples,0,,"Đôi mắt rực lên niềm tin tôn giáo cuồng loạn, chúng ồ ạt tràn tới, miệng không ngớt tụng kinh trong khi tay vung gươm chém xối xả vào những nạn nhân đang gào thét thảm thiết. Các Môn Đồ Ancrene đã thề sẽ quét sạch Quỷ dữ bằng cách tận diệt tới kẻ phụng sự cuối cùng của hắn trên mặt đất."
event_raid_faithful_sons_of_england,0,,"</b>'Vì Đức Vua và Đất Nước!' chúng gào thét vang trời, xông thẳng lên phía trước với sự quyết đoán lạnh lùng. Những Người Con Trung Thành Nước Anh sẽ quyết không dừng bước cho đến khi mảnh đất thân yêu của chúng được nhuộm đỏ trong biển máu."
event_raid_band_of_the she_wolf,0,,"Với gương mặt đằng đằng sát khí tựa sấm sét, các nam tước dẫn đầu đợt xung phong. 'Vì Nữ Hoàng chân chính duy nhất của chúng ta!' chúng gầm thét, vung vũ khí điêu luyện, chém đứt ngọt từng thớ gân và xương cốt."
event_raid_philosophers_of_the_natural_order,0,,"Đám học giả tụ tập lại tựa như một đàn quạ đen giận dữ, những tấm áo choàng đen phấp phới trông vừa kỳ quặc vừa mỉa mai khi chúng túm tụm bàn mưu tính kế. Những bộ óc uyên thâm lỗi lạc ấy dồn toàn bộ tâm trí vào việc tàn phá <village_name> — ngoại trừ những cuốn sách quý mà chúng thèm khát và quyết tâm cướp đoạt."
event_raid_society_of_fellows,0,,"Sau khi thôi quát tháo và tranh cãi lẫn nhau, các viện sĩ tiến hành bỏ phiếu một cách trật tự và dân chủ rồi sẵn sàng xuất kích. 'Lũ ngu muội các ngươi đáng phải chịu hình phạt này!' Chúng gào thét the the, tràn vào <village_name> với sự cuồng loạn của những kẻ bạo loạn cuồng giáo."
event_raid_kingdom_of_york,0,,"Đoàn quân hiếu chiến tràn xuống thung lũng, thèm khát máu của phe Bảo Hoàng. 'Lũ tay sai trung thành phải đền mạng vì tội ác diệt chủng!' chúng gầm lên hung hãn. Một cuộc tắm máu dường như không thể nào cứu vãn."
event_raid_heresy_of_the_rose,0,,"Khi những kẻ Dị Giáo Hoa Hồng nổi dậy, nỗi sợ hãi tột cùng mang hình hài con người. Tiếng gào rú, tiếng thét the thé, tiếng trống trận dồn dập cùng những lời tụng niệm ma quái... một số tên đội sừng thú; một trinh nữ rải cánh hoa hồng đỏ thắm dưới chân đám đông hung bạo. Nhiều kẻ giơ cao những biểu tượng rực lửa. 'Chúng ta đến đây để đoạt lấy linh hồn các ngươi!' một tên gào thét. Tiếng cười man dại vang rền khắp hàng ngũ. Một vụ thảm sát tàn khốc sắp sửa bắt đầu."
event_raid_circle_of_avalon,0,,"Chúng thực sự là một cảnh tượng uy phong tráng lệ: những hiệp sĩ khôi ngô trong những bộ giáp sáng lóa ngời ngời. Thế nhưng các Cổ Thần luôn thèm khát máu của những tín đồ Cơ Đốc, và các hiệp sĩ của Cedric sẽ chẳng ngần ngại làm đổ máu của bạn."
event_raid_beirdd_cymraeg,0,,"Rực rỡ, khoa trương và đầy kịch tính: sự xuất hiện của các thi sĩ thật khó làm ngơ. Bạn có thể bị mê hoặc và mua vui, nhưng đừng để bị lừa. Nếu không thể thuyết phục bạn làm theo ý chúng, chúng sẽ vui lòng chiến đấu rồi kể lại một câu chuyện tuyệt vời về trận đánh."
event_raid_progeny_of_the_plague,0,,"Chúng muốn nô lệ! Chúng đòi máu! Những kẻ đột kích không phân biệt ai, chỉ chăm chăm cướp bóc và phá phách, đang tràn vào làng."
event_raid_ravagers,0,,"Chúng không chỉ đói mà còn tham lam. Ravagers đã tưởng tượng một bữa tiệc ngon lành với thịt người làm món chính. Người ta nói thịt là kết quả của giết chóc, và lần này có thể là thịt của bạn."
event_raid_forest_bandits,0,,"Chúng xuất hiện trong im lặng, đôi mắt trống rỗng, tóc tai rối bù. Bốc mùi ôi thiu và bôi đầy máu, mọi người ở <village_name> đều nhận ra đây là loại cướp bóc nguy hiểm nhất. Không thể nói lý với chúng; chúng chẳng còn gì để mất."
event_raid_mountain_bandits,0,,"Chúng xuất hiện trong im lặng, đôi mắt trống rỗng, tóc tai rối bù. Bốc mùi ôi thiu và bôi đầy máu, mọi người ở <village_name> đều nhận ra đây là loại cướp bóc nguy hiểm nhất. Không thể nói lý với chúng; chúng chẳng còn gì để mất."
event_raid_river_bandits,0,,"Chúng xuất hiện trong im lặng, đôi mắt trống rỗng, tóc tai rối bù. Bốc mùi ôi thiu và bôi đầy máu, mọi người ở <village_name> đều nhận ra đây là loại cướp bóc nguy hiểm nhất. Không thể nói lý với chúng; chúng chẳng còn gì để mất."
event_raid_looters,0,,"Chúng xuất hiện trong im lặng, đôi mắt trống rỗng, tóc tai rối bù. Bốc mùi ôi thiu và bôi đầy máu, mọi người ở <village_name> đều nhận ra đây là loại cướp bóc nguy hiểm nhất. Không thể nói lý với chúng; chúng chẳng còn gì để mất."
event_raid_scourge,0,,"Mùi lưu huỳnh trong không khí và cảm giác gai người là những dấu hiệu duy nhất báo trước cuộc tấn công của Scourge. Bạn sẽ không nhìn hay nghe thấy ai. Nếu sống sót, bạn sẽ chứng kiến một cảnh tượng từ chính địa ngục."
event_runaway_general,0,,<name> không ngừng ngoái nhìn qua vai [his/her]. Nhưng những vết lằn rỉ máu quanh mắt cá chân <name> đã tố cáo [him/her] là một tù nhân đang chạy trốn. Bạn có che giấu [him/her] không? Có thể họ đã bị truy đuổi.
event_runaway_church_of_third_coming,0,,"Không rõ đó là Third Coming đang tìm một kẻ tội lỗi khốn khổ để làm gương, hay một nhóm cuồng tín khác. <name> lảm nhảm về tôn giáo, tra tấn, trốn thoát... nhưng các chi tiết rất lộn xộn. Bạn có cho người ấy trú ẩn không? Có thể sẽ gặp nguy hiểm."
event_runaway_ancrene_disciples,0,,"<name> nói tỉnh bơ rằng các Môn đồ sẽ thiêu sống [he/she], đôi mắt mờ đục, thân kéo theo những mảnh giẻ ám khói. Bạn có cứu người ấy khỏi lửa không? [He/She] có thể đang bị truy đuổi."
event_runaway_faithful_sons_of_england,0,,"<name> nói đã đi bộ nhiều ngày, ẩn trong cây cối, mương rãnh và những nhà kho bỏ hoang. Những kẻ theo vị Vua tự xưng liên tục truy lùng [him/her], đôi khi dẫn theo chó săn đang sủa vang. ‘Tôi chưa hại ai,’ <name> nói khi xin sự bảo vệ của <village_name>. Bạn có dám mạo hiểm không? Quân của Edmund có thể đang ở ngay phía sau."
event_runaway_band_of_the she_wolf,0,,"<name> gần như bò vào <village_name>. [He/She] trông khỏe mạnh, ăn uống đầy đủ, vậy mà dường như mắc phải một căn bệnh kỳ lạ. ‘Kim và thịt, kim báo hiệu cái chết…’ [he/she] khàn giọng thì thầm. Có tin đồn Nữ hoàng Isabella thuê một pháp sư gọi hồn. Bạn có dám nhận <name> vào không?"
event_runaway_philosophers_of_the_natural_order,0,,"<name> nói [he/she] đang chạy trốn một nhóm Triết gia phẫn nộ. Họ đã đánh [him/her] vì lối suy luận giản lược và sự hoài nghi nhận thức luận. ‘Tôi chẳng hiểu họ nói gì, nhưng họ không chịu dừng.’ Bạn có cho [him/her] một chỗ ở không? Có thể sẽ có hậu quả."
event_runaway_society_of_fellows,0,,"<name> vội vã đến, nói rằng mình bị một nhà giả kim độc ác nhắm tới. <name> bỏ chạy, phía sau là kẻ huyền thuật và đồng bọn truy đuổi ráo riết. Bạn có bảo vệ <name> tại <village_name> không? Society của Fellows nổi tiếng dùng những phương pháp kỳ lạ để trả thù. "
event_runaway_kingdom_of_york,0,,"Khốn khổ và tuyệt vọng, <name> bị Kingdom của York buộc tội phản quốc vì giúp đỡ và tiếp tay cho vương triều. ‘Tôi vô tội,’ [he/she] nức nở. Bạn có cho <name> tị nạn không? Có thể sẽ có trả đũa."
event_runaway_heresy_of_the_rose,0,,"<name> không thể nói khi [he/she] đến. [He/She] từng bị tra tấn, trên người đầy vết bầm và sẹo. Bạn đoán thủ phạm là Heresy của Rose vì <name> làm dấu sừng. Bạn có che chở cho kẻ chạy trốn này không? Hỗn loạn sẽ bám sát [his/her]."
event_runaway_circle_of_avalon,0,,"<name> nói [he/she] bị những hiệp sĩ sáng loáng bắt đi trái ý [his/her]. <name> trốn thoát trong đêm, chân trần đi trên những con đường gồ ghề, nứt vỡ. ‘Hãy nhận tôi vào, xin đừng bỏ rơi tôi,’ [he/she] van nài. Bạn có che chở <name> không? Các hiệp sĩ hành hiệp có thể sẽ theo sau."
event_runaway_beirdd_cymraeg,0,,"<name> trông ngượng ngùng. ‘Tôi vào trong được không? Có mấy thi sĩ tôi muốn tránh.’ Mệt mỏi vì chơi chữ và luyện đàn luýt, <name> chê bai màn trình diễn của họ. ‘Tôi chỉ muốn một chút yên tĩnh,’ [he/she] giải thích. Bạn có cho <name> vào không? Có thể phải trả giá."
event_runaway_progeny_of_the_plague,0,,"Có người nói chuyện Progeny ăn thịt người chỉ là chuyện nhảm. Nhưng khi <name> xuất hiện sau khi trốn thoát lúc bọn quái vật đang mài dao, họ đều làm dấu thánh. Nếu lũ ăn thịt người đến tìm bữa trưa... bạn có giữ <name> khỏi thực đơn không?"
event_runaway_ravagers,0,,"Bạn chưa từng thấy ai chạy nhanh như <name>. ‘Chúng muốn ăn thịt tôi!’ [He/She] hét lên. Dân làng <village_name> mở để mắt kiểm tra xem trẻ con và gia súc đã được đưa vào trong chưa. ‘Là Ravagers,’ họ thì thầm. Bạn có giúp <name> trốn thoát không? Kẻ truy đuổi có thể đang khát khao trả thù."
event_runaway_forest_bandits,0,,"Thoạt nhìn có vẻ mất trí, <name> thực ra chỉ bị nỗi kinh hoàng nhấn chìm. Một thân xác đáng thương bước loạng choạng, đầy vết lằn do bị trói và bị chủ nhân độc ác đánh đập. <name> van xin: ‘Hãy giấu tôi! Nếu bị bắt, tôi sẽ chết!’"
event_runaway_mountain_bandits,0,,"Thoạt nhìn có vẻ mất trí, <name> thực ra chỉ bị nỗi kinh hoàng nhấn chìm. Một thân xác đáng thương bước loạng choạng, đầy vết lằn do bị trói và bị chủ nhân độc ác đánh đập. <name> van xin: ‘Hãy giấu tôi! Nếu bị bắt, tôi sẽ chết!’"
event_runaway_river_bandits,0,,"Thoạt nhìn có vẻ mất trí, <name> thực ra chỉ bị nỗi kinh hoàng nhấn chìm. Một thân xác đáng thương bước loạng choạng, đầy vết lằn do bị trói và bị chủ nhân độc ác đánh đập. <name> van xin: ‘Hãy giấu tôi! Nếu bị bắt, tôi sẽ chết!’"
event_runaway_looters,0,,"Thoạt nhìn có vẻ mất trí, <name> thực ra chỉ bị nỗi kinh hoàng nhấn chìm. Một thân xác đáng thương bước loạng choạng, đầy vết lằn do bị trói và bị chủ nhân độc ác đánh đập. <name> van xin: ‘Hãy giấu tôi! Nếu bị bắt, tôi sẽ chết!’"
event_runaway_scourge,0,,"<name> bị bỏng xém nặng. ‘Mọi thứ đều cháy rụi, bị phá hủy!’ [He/She] chỉ nói được vậy: ‘Chắc chắn là CHÚNG. Nhưng tôi chẳng thấy ai cả.’ Scourge có thể đang di chuyển. Bạn có cho <name> một chỗ trú không?"
event_claim_runaway_general,0,,"Những cai ngục da ngăm muốn có dân làng của bạn, <name>, và muốn ngay lập tức. Người ấy phải trả giá cho tội lỗi, nếu không cả làng sẽ phải trả giá. Quyết định nằm ở bạn."
event_claim_runaway_church_of_third_coming,0,,Những kẻ cuồng tín yêu cầu bạn lập tức giao <name> để thiêu trên cọc - hoặc lột da sống - vì vô số tội lỗi. Ý Chúa phải được thực hiện. Chúng được phép giết người.
event_claim_runaway_ancrene_disciples,0,,Các Môn đồ lập luận đầy thuyết phục rằng <name> là tay sai xảo quyệt của Satan. Sau đó chúng dọa thiêu rụi <village_name> để thanh tẩy mọi thứ nếu bạn không giao [him/her].
event_claim_runaway_faithful_sons_of_england,0,,"Người cầm cờ long trọng đọc tuyên cáo: ‘<name> bất trung với vương miện! [He/She] phải được giao cho chúng ta xét xử và trừng phạt theo ý Vua Edmund.’ Đồng bọn đứng thành hàng nghiêm ngặt và đáng sợ, áo giáp lóe sáng. Những kẻ Trung Thành không định ra về tay trắng."
event_claim_runaway_band_of_the she_wolf,0,,"Một nhóm nam tước cùng một nông nô kéo chiếc lồng sắt có bánh xe đến. ‘<name> phải đi với chúng ta,’ quý tộc cao nhất ra lệnh. ‘[He/She] là người được Nữ hoàng Isabella sủng ái. Đưa <name> ra ngay, người ấy sẽ không bị hại.’ Người nông nô bắt gặp ánh mắt bạn rồi lắc đầu.
"
event_claim_runaway_philosophers_of_the_natural_order,0,,"Kẻ để râu, người đeo kính, nhưng tất cả đều cau có. Philosophers của Natural Order tiến đến, mang theo mùi giấy da và sáp niêm phong. ‘Giao <name> ra,’ người lớn tuổi nhất nói, chỉ ngón tay dài dính mực. ‘Chúng ta có món nợ cần thanh toán.’"
event_claim_runaway_society_of_fellows,0,,"Những thành viên Society của Fellows tụ tập trông như bọn cướp trong hội bia: khá say và nói toàn chuyện nhảm để che giấu ý định thật. Bạn nhận ra lời tâng bốc khoa trương của chúng chẳng có nghĩa gì, chỉ nhằm che đậy âm mưu bắt cóc <name> khi bạn mất cảnh giác. Bạn sẽ để chúng thoát sao?"
event_claim_runaway_kingdom_of_york,0,,"Viên chấp hành của Purvey đứng khoanh tay, hai chân dang rộng. Người phụ nữ miền Bắc lực lưỡng này không phải kẻ nên dây vào. ‘Giao <name> ra,’ bà ta càu nhàu, ‘nếu không muốn gặp rắc rối.’ Những người lao động phía sau bồn chồn, nóng lòng đánh nhau rồi chè chén suốt đêm. <name> có đáng để chiến đấu không?"
event_claim_runaway_heresy_of_the_rose,0,,"Một mình, kẻ Dị giáo vẽ hàng loạt biểu tượng trên mặt đất trước lối vào <village_name>. Sau nhiều giờ, vẻ mặt đau đớn cho thấy việc đó rất tốn sức. Cuối cùng, kẻ ấy giết một con gà và rải máu. <name>, <name>… kẻ ấy tụng niệm. ‘Giao <name> cho ta.’ Dân làng <village_name> kinh hãi. Nếu từ chối, điều khủng khiếp nào có thể trỗi dậy?"
event_claim_runaway_circle_of_avalon,0,,"‘Ta đến lấy đầu <name>,’ nữ hiệp sĩ nói, cúi chào sâu hết mức bộ giáp cho phép. ‘Ta đã thực hiện nhiệm vụ suốt một năm một ngày, giờ ta đòi phần thưởng chính đáng.’ Một đoàn hiệp sĩ áo giáp sáng bóng cưỡi ngựa, trang trí ruy băng, đi cùng cô. Bạn có giao <name> không?"
event_claim_runaway_beirdd_cymraeg,0,,"Người hát rong bắt đầu kể bản trường ca đẹp đến nhói lòng về lời hứa tan vỡ, một kẻ trốn chạy và lời thề. Tóc bay, mắt nhắm, những ngón tay lướt trên cây đàn hạc nhỏ, âm nhạc siêu phàm khiến phép mê hoặc càng ngọt ngào. Bạn sẽ để <name> đi, phải không? Dù bị mê hoặc, bạn vẫn phải lựa chọn."
event_claim_runaway_progeny_of_the_plague,0,,"Được vũ trang, để lớn và tàn nhẫn, những kẻ đột kích vây quanh hét lên tối hậu thư kinh hoàng: chúng sẽ tấn công nhanh và tàn bạo nếu bạn không giao <name>. Chúng biết chính xác mình muốn gì."
event_claim_runaway_ravagers,0,,"Chúng mang dao mổ thịt và mặc tạp dề đẫm máu. ‘Phì, pha, phô, phum, ta ngửi thấy máu người Anh,’ tên lớn nhất hét lên rồi cười vang. Một số đã dựng lửa trại với xiên nướng và nồi lớn. ‘Đưa <name> ra đây, bữa tối đã sẵn sàng.’"
event_claim_runaway_forest_bandits,0,,"Tên côn đồ nói nhỏ nhưng đầy đe dọa. ‘<name> thuộc về ta! Giao nô lệ của ta ra, nếu không tất cả các ngươi sẽ chịu khổ.’ Chúng hoàn toàn nghiêm túc."
event_claim_runaway_mountain_bandits,0,,"Tên côn đồ nói nhỏ nhưng đầy đe dọa. ‘<name> thuộc về ta! Giao nô lệ của ta ra, nếu không tất cả các ngươi sẽ chịu khổ.’ Chúng hoàn toàn nghiêm túc."
event_claim_runaway_river_bandits,0,,"Tên côn đồ nói nhỏ nhưng đầy đe dọa. ‘<name> thuộc về ta! Giao nô lệ của ta ra, nếu không tất cả các ngươi sẽ chịu khổ.’ Chúng hoàn toàn nghiêm túc."
event_claim_runaway_looters,0,,"Tên côn đồ nói nhỏ nhưng đầy đe dọa. ‘<name> thuộc về ta! Giao nô lệ của ta ra, nếu không tất cả các ngươi sẽ chịu khổ.’ Chúng hoàn toàn nghiêm túc."
event_claim_runaway_scourge,0,,Bạn không thể thương lượng việc giao dân làng với Scourge
event_runaway_trade_successful_general,0,,"Cần thương lượng một hồi. Cuối cùng, toán truy tìm miễn cưỡng chấp nhận những gì <village_name> đưa ra và từ bỏ nhiệm vụ bắt <name>."
event_runaway_trade_successful_church_of_third_coming,0,,"Những kẻ cuồng tín chấp nhận điều kiện của <village_name>. ‘Chúng ta đã khoan dung,’ thủ lĩnh nói. ‘Lần sau có thể các ngươi sẽ không may như vậy.’"
event_runaway_trade_successful_ancrene_disciples,0,,"Cuối cùng, các Môn đồ nhượng bộ. ‘Chúng ta sẽ cầu nguyện cho linh hồn vĩnh hằng của các ngươi,’ một kẻ lẩm bẩm rồi quay đi. ‘<name> là kẻ tội lỗi.’"
event_runaway_trade_successful_faithful_sons_of_england,0,,"Người truyền tin thấy khó hiểu vì <village_name> không tuân theo sắc lệnh của Vua Edmund tự xưng. Sau một hồi khoa trương, chúng nhận hối lộ rồi rời đi."
event_runaway_trade_successful_band_of_the she_wolf,0,,"Quý tộc cúi chào, gần như lịch sự. ‘Ngươi không ngu như vẻ ngoài. Mong rằng Nữ hoàng chấp nhận điều này. Au revoir.’"
event_runaway_trade_successful_philosophers_of_the_natural_order,0,," ‘Ngươi đã lựa chọn,’ triết gia lớn tuổi chế giễu, đưa tay nhận khoản thanh toán của [his/her]. ‘Được thôi! Hãy tận hưởng thời gian bên <name>. Hai người xứng đáng với nhau!’"
event_runaway_trade_successful_society_of_fellows,0,,"Kế hoạch xảo quyệt bắt <name> của các Dons sụp đổ dưới sức nặng của trí tuệ tập thể, khi chúng tranh cãi từng chi tiết nhỏ về cách tiến hành. Cuối cùng, các học giả đồng ý nhận tiền rồi đi nơi khác tiếp tục mưu tính."
event_runaway_trade_successful_kingdom_of_york,0,,"Viên chấp hành nhổ xuống sàn, có lẽ để ra hiệu rằng bà ta chấp nhận thỏa thuận. ‘Tùy ngươi, <name> vốn là đồ tồi dù thế nào đi nữa.’"
event_runaway_trade_successful_heresy_of_the_rose,0,,"Kẻ Dị giáo đi vòng quanh ba lần rồi nhặt lễ vật của <village_name>. ‘Máu đổi máu,’ họ lẩm bẩm, kéo theo con gà chết vào bụi rậm rồi biến mất."
event_runaway_trade_successful_circle_of_avalon,0,,"Nữ hiệp sĩ chấp nhận với phẩm giá và danh dự. ‘Có vẻ ta còn nhiều điều phải học trước khi xứng đáng với phần thưởng này.’ Cô rời đi cùng đoàn tùy tùng cờ sáng, còn <name> giữ được đầu mình."
event_runaway_trade_successful_beirdd_cymraeg,0,,"Giai điệu bài hát của người hát rong theo gió khi ông ta đi qua những ngọn đồi:\n\n
<i>'Ta gọi họ bằng khúc ca, nhưng chẳng ai bước đến,\n
Ta hát về tình yêu dịu ngọt nơi bóng liễu vây quanh.\n
Ta khẩn cầu bằng dây đàn, vậy mà <name> vẫn lạnh lùng,\n
Tim ta đau nhói, nhưng vàng đã nằm gọn trong tay.'</i>"
event_runaway_trade_successful_progeny_of_the_plague,0,,"Dù cả nhóm háo hức chiến đấu, các tướng lĩnh tỉnh táo hơn đã thắng thế. ‘Đi thôi,’ một kẻ nói khi cả bọn lầm lũi rời đi, vừa đi vừa càu nhàu. ‘Khoản tiền chuộc này mua được rất nhiều bia.’"
event_runaway_trade_successful_ravagers,0,,"Đầu bếp có vẻ thất vọng. ‘À, thôi vậy. Ta phải đổi thực đơn tuần này. Tiếc thật. Nhưng chắc chắn còn người khác có thể mời ăn tối, ngoài <name>.’"
event_runaway_trade_successful_forest_bandits,0,,"Cần thương lượng một hồi. Cuối cùng, toán truy tìm miễn cưỡng chấp nhận những gì <village_name> đưa ra và từ bỏ nhiệm vụ bắt <name>."
event_runaway_trade_successful_mountain_bandits,0,,"Cần thương lượng một hồi. Cuối cùng, toán truy tìm miễn cưỡng chấp nhận những gì <village_name> đưa ra và từ bỏ nhiệm vụ bắt <name>."
event_runaway_trade_successful_river_bandits,0,,"Cần thương lượng một hồi. Cuối cùng, toán truy tìm miễn cưỡng chấp nhận những gì <village_name> đưa ra và từ bỏ nhiệm vụ bắt <name>."
event_runaway_trade_successful_looters,0,,"Cần thương lượng một hồi. Cuối cùng, toán truy tìm miễn cưỡng chấp nhận những gì <village_name> đưa ra và từ bỏ nhiệm vụ bắt <name>."
event_raid_villager_general_accept,0,,"<name> cúi đầu, chậm rãi bước về phía những kẻ bắt [his/her]. Bạn tự nhủ rằng chuyện này là không thể tránh khỏi."
event_runaway_03,0,,<name> có những vết bầm trên tay [his/her]. [He/She] sợ hãi khi bị người khác chạm vào nhưng vui vẻ nhận thức ăn và nước. <name> nghĩ mình sẽ bị từ chối - đâu đó bên ngoài cổng có kẻ bạo hành đang tìm cách trừng phạt [him/her]. Nhưng bạn có thể cho [him/her] vào không?
event_runaway_03_b,0,,"Chúng nài nỉ, van xin rồi cuối cùng dọa giết người nếu bạn không giao người bạn đời. Tên côn đồ muốn bạn thôi che chở <name>... để chúng có thể ‘làm lại từ đầu.’ <name> vô cùng sợ hãi."
event_runaway_03_b_accept,0,,"<name> cúi đầu, chậm rãi bước về phía kẻ bạo hành [his/her]. Bạn ngoảnh đi, hy vọng rằng biết nhẫn nhịn cũng là một dạng dũng khí."
event_runaway_05_b_accept,0,,"<name> mắt mở để vì kinh hoàng, chậm rãi bước về phía những kẻ bắt [his/her]. [He/She] may mắn lắm mới còn thấy được bình minh ngày mai."
event_runaway_villager_cant_leave_01,0,,"Kẻ địch không hề vui vẻ. Chúng giận dữ bỏ đi, buộc tội bạn lừa gạt."
event_runaway_villager_cant_leave_02,0,,Kẻ địch không hề vui vẻ. Chúng buộc tội bạn lừa gạt rồi chuẩn bị tấn công!
event_supernatural_01,0,,"Dân làng thích những truyền thống dân gian. Vì vậy, khi một hình nhân đầu gỗ khổng lồ đội sừng bò nhảy múa qua <village_name>, mọi người chỉ xem đó là trò vui. Sáng hôm sau, <resource> biến mất. Không dân làng nào nhận. Có phải Old Nick không?"
event_supernatural_02,0,,"Khi nghe tiếng tru và tiếng sủa, dân làng túm tụm lại gần nhau. Người Wales nói đó là Gwyn ap Nudd và đàn chó săn Annwn, nhưng phần lớn người <village_name> tin vào Woden hoặc Herne. Nỗi kinh hoàng là có thật: người và vật đều biến mất khi Cuộc Săn Hoang dã diễn ra."
event_supernatural_03,0,,"Các học giả Oxford cảnh báo về căn bệnh gây ngứa, nôn mửa và tứ chi đen sạm, xuất hiện sau thời tiết ẩm vào mùa thu hoạch. Người có đức tin chỉ đổ lỗi cho Beelzebub. Dù thế nào, người lao động <village_name> mắc bệnh đều mê sảng và mất khả năng làm việc."
event_thunderstorm_01,0,,"Tiếng sấm bất ngờ gầm vang xuyên qua bầu trời bầm tím. Một sự hiện diện hung bạo xâm nhập như điềm dữ, vang vọng sức mạnh của một vị thần ngoại giáo. Tia chớp ngoằn ngoèo lóe sáng rồi giáng xuống, xẻ đôi cây sồi lớn. "
game_event_agree,0,,Đồng ý
game_event_reject,0,,Từ chối
game_event_type_new_worker,0,,New Dân làng
game_event_type_raid,0,,Đột kích
game_event_type_enviroment,0,,Môi trường
game_event_type_player_triggered,0,,<village_name> Sự kiện
game_event_type_influence,0,,Danh tiếng
game_event_name_influence_20,0,,Uy danh đang lên
game_event_description_influence_20,0,,Khu định cư <village_name> ngày càng thịnh vượng và gia tăng tầm ảnh hưởng trong khu vực theo từng ngày trôi qua. Điều này chắc chắn sẽ thu hút thêm nhiều dân làng mới — và có thể thu hút cả sự chú ý không mong muốn từ các khu định cư khác.
game_event_name_influence_100,0,,Golden Tuổi
game_event_description_influence_100,0,,"<village_name> giờ đây là khu định cư có tầm ảnh hưởng lớn nhất, thống trị toàn bộ khu vực. Các đoàn người hành hương lặn lội từ khắp muôn phương tìm đến để chiêm ngưỡng sự tráng lệ của nơi này."
game_event_season_spring,0,,Mùa Xuân
game_event_description_season_spring,0,,"Mùa xuân đã về trên <village_name>. Khi ánh mặt trời sưởi ấm vùng đất đang say ngủ, cỏ cây hoa lá bắt đầu đâm chồi nảy lộc. Đây là thời điểm hoàn hảo để gieo trồng mùa màng cho một năm mới tươi đẹp. "
game_event_season_summer,0,,Mùa Hè
game_event_description_season_summer,0,,"Mùa hạ đến tựa như một phước lành ấm áp, khiến dân làng cởi bỏ những lớp áo dày. Giờ là lúc xây dựng các hầm chứa dưới lòng đất để giữ thực phẩm tươi ngon trong những ngày nắng rực rỡ sắp tới."
game_event_season_autumn,0,,Mùa Thu
game_event_description_season_autumn,0,,"Mùa thu ào ạt thổi về với những buổi sớm se lạnh và ngày dần dịu mát. Đây là mùa để chuẩn bị đón đông, may thêm quần áo ấm và tích trữ lương thực cùng nhu yếu phẩm. "
game_event_season_winter,0,,Mùa Đông
game_event_description_season_winter,0,,"Mùa Đông held <village_name> trong its icy grip, so settlers gathered around fire trên long, dark evenings. Họ needed để bundle up trong warm clothing, và Nóng their chambers để beat chill. "
game_event_type_season_start,0,,New Mùa
game_event_heat_wave_end,0,,Đợt nắng nóng gay gắt đã kết thúc
game_event_cold_snap_end,0,,Đợt rét đậm đã qua đi
game_event_hailstorm_end,0,,Hailstorm có ended
game_event_thunderstorm_end,0,,Bão giông sấm sét đã tan
game_event_type_end,0,,Câu chuyện đã đi đến hồi kết
game_event_name_all_dead,0,,Tất cả đã mất
game_event_info_all_dead,0,,"Bất chấp những nỗ lực quả cảm, toàn bộ dân làng của <village_name> đã tử nạn. Dẫu vậy, lịch sử của <village_name> vẫn trường tồn, được khắc ghi trên giấy da da thuộc như một minh chứng cho các thế hệ mai sau. Khi tưởng nhớ về họ, chúng ta hãy cùng rút ra bài học từ muôn vàn gian nan và thảm kịch ấy."
raid_won,0,,"Lần này, <village_name> đã chiến thắng. Những chiến binh mệt mỏi sau trận chiến dâng lời tạ ơn."
raid_lost,0,,"Thiếu chuẩn bị và bị áp đảo, <village_name> nhận thất bại trong trận này."
raid_tie,0,,Cả <village_name> lẫn kẻ thù đều không chiếm được thế thượng phong trong cuộc đụng độ.
raid_won_name,0,,Chiến thắng!
raid_lost_name,0,,Thất bại
raid_tie_name,0,,Hòa
game_event_name_all_dead_second_map,0,,Tất cả đã mất
game_event_info_all_dead_second_map,0,,Những người dân <village_name> đã bỏ mạng trong sứ mệnh này. Mong linh hồn họ được bình an.
attack_outcome,0,,"Các dân làng tại <village_name> đã giao chiến với kẻ thù vào <season> năm <year>. Thử thách cam go kéo dài suốt <raid_duration>.
<if_all_villagers_survived>Thật may mắn, tất cả dân làng đều sống sót sau cuộc tấn công.</if_all_villagers_survived>
<if_not_all_villagers_survived>Không phải ai cũng có thể vượt qua cuộc chạm trán định mệnh này. <village_name> đã mất đi <villagers_died_count> người.<style=DefaultOrange> <villagers_died></style> đã ngã xuống trong trận đánh.</if_not_all_villagers_survived>
<if_enemy_died><style=DefaultRed><enemy_dead_count></style> kẻ thù truyền kiếp đã bị tiêu diệt trong trận chiến.</if_enemy_died>
<if_most_active_in_fight><style=DefaultOrange><most_active_in_fight></style> là người dũng cảm nhất trong số dân làng, giáng nhiều đòn tấn công nhất vào kẻ địch.</if_most_active_in_fight>
<if_no_most_active_in_fight>Dân làng đã lựa chọn không giao chiến trực diện, một sách lược xuất phát từ sự cẩn mật chứ không phải hèn nhát.</if_no_most_active_in_fight>
<if_most_damage_taken><style=DefaultOrange><most_damage_taken></style> đã chịu nhiều vết thương đau đớn nhất từ kẻ thù.</if_most_damage_taken>
<if_no_most_damage_taken>Nhờ phúc lành che chở, không có dân làng nào bị thương bởi vũ khí của quân địch.</if_no_most_damage_taken>
<if_most_hits_blocked><style=DefaultOrange><most_hits_blocked></style> đã đỡ được nhiều đòn đánh nhất, xứng đáng được sử sách lưu danh.</if_most_hits_blocked>"
game_event_type_ambush,0,,Phục kích
game_event_type_attack,0,,Tấn công
raid_outcome,0,,"Những dân làng khốn khổ bị tấn công vào <season> năm <year>. Cuộc khốn cùng kéo dài <raid_duration>.
<if_all_villagers_survived>May mắn thay, tất cả dân làng đều sống sót sau cuộc đột kích.</if_all_villagers_survived>
<if_not_all_villagers_survived>Không phải ai cũng sống sót sau cuộc chạm trán định mệnh. <village_name> mất <villagers_died_count> người.<style=DefaultOrange> <villagers_died></style> đã chết trong cuộc tấn công.</if_not_all_villagers_survived>
<if_enemy_died><style=DefaultRed><enemy_dead_count></style> kẻ thù thề trung thành đã chết trong trận chiến.</if_enemy_died>
<if_most_active_in_fight><style=DefaultOrange><most_active_in_fight></style> là dân làng dũng cảm nhất, giáng nhiều đòn nhất vào kẻ thù.</if_most_active_in_fight>
<if_no_most_active_in_fight>Dân làng chọn không giao chiến, một chiến thuật dựa trên sự lén lút chứ không phải hèn nhát.</if_no_most_active_in_fight>
<if_most_damage_taken><style=DefaultOrange><most_damage_taken></style> chịu nhiều sát thương nhất từ kẻ địch, chỉ nghĩ đến việc bảo vệ <village_name> trong lúc nguy cấp.</if_most_damage_taken>
<if_no_most_damage_taken>May mắn thay, không dân làng nào bị vũ khí địch làm bị thương.</if_no_most_damage_taken>
<if_most_hits_blocked><style=DefaultOrange><most_hits_blocked></style> đỡ được nhiều đòn nhất, cần ghi nhận điều đó.</if_most_hits_blocked>
<if_buildings_destroyed>Một số công trình của <village_name> bị phá hủy dưới trận bắn phá của kẻ địch: <style=AltColor><buildings_destroyed></style></if_buildings_destroyed>"
raid_outcome_resources,0,,Kẻ địch đã cuỗm mất <resource_list>
dialogOptionEffect_NewWorker,0,,<style=DefaultGreen>Một dân làng mới sẽ gia nhập khu định cư của bạn</style>
dialogOptionEffect_PossibleRaid,0,,<style=DefaultRed>Hãy chuẩn bị cho một cuộc tấn công có thể xảy ra trong vài ngày tới</style>
dialogOptionEffect_NegativeMood,0,,<style=DefaultRed>Một số dân làng có thể phải chịu hiệu ứng tâm trạng tiêu cực</style>
dialogOptionEffect_PositiveMood,0,,<style=DefaultGreen>Dân làng của bạn sẽ nhận được hiệu ứng tâm trạng tích cực khi dang tay cứu giúp người gặp nạn</style>
dialogOptionEffect_RaidImminent,0,,<style=DefaultRed>Kẻ địch đã đến và sẽ tấn công khu định cư của bạn</style>
dialogOptionEffect_AnimalRaidImminent,0,,<style=DefaultRed>Một đàn thú hoang đã xuất hiện gần khu định cư. Chúng sẽ rời đi sau vài ngày. Để chúng yên có thể tốt hơn là mạo hiểm khiến ai đó bị thương.</style>
dialogOptionEffect_Spring,0,,<b>Mùa Xuân</b>\n - Nhiệt độ ôn hòa. Thường xuyên có mưa và sương mù. Tỉ lệ nhỏ xuất hiện mưa đá.
dialogOptionEffect_Summer,0,,<b>Mùa Hè</b>\n - Nhiệt độ cao. Có thể xuất hiện các đợt nắng nóng. Hãy xây kho chứa dưới lòng đất để giữ thực phẩm luôn tươi ngon trong những ngày hè oi ả. Ngày dài nhất vào giữa hè khi mặt trời lên cao nhất.
dialogOptionEffect_Autumn,0,,<b>Mùa Thu</b>\n - Nhiệt độ ôn hòa. Mưa và sương mù xuất hiện thường xuyên. Có thể có dông sét và mưa đá.
dialogOptionEffect_Winter,0,,"<b>Mùa Đông</b>\n - Nhiệt độ thấp. Khả năng cao có tuyết rơi và bão tuyết. Có thể xuất hiện các đợt rét đậm. Thực vật sẽ không phát triển ở nhiệt độ thấp, vì vậy hãy đảm bảo bạn gieo trồng và thu hoạch nhiều nhất có thể trước khi mùa đông bắt đầu. Đêm dài nhất vào giữa đông, khi mặt trời ở vị trí thấp trên bầu trời và tỏa ít nhiệt hơn."
dialogOptionEffect_error_build_map_table,0,,Thi công a <style=Shortcut>Cartography Table</style> đến view a map của bản đồ khu vực.
dialogOptionEffect_AgentsLeaving,0,,<style=DefaultRed>Những dân làng sau đây sẽ bị buộc phải rời khỏi khu định cư của bạn</style>
eventOptionEffect_NewWorker,0,,<style=DefaultGreen>Một dân làng mới sẽ gia nhập khu định cư của bạn</style>
eventOptionEffect_PossibleRaid,0,,<style=DefaultRed>Hãy chuẩn bị cho một cuộc tấn công có thể xảy ra trong vài ngày tới</style>
eventOptionEffect_NegativeMood,0,,<style=DefaultRed>Một số dân làng có thể phải chịu hiệu ứng tâm trạng tiêu cực</style>
eventOptionEffect_PositiveMood,0,,<style=DefaultGreen>Dân làng của bạn sẽ nhận được hiệu ứng tâm trạng tích cực khi dang tay cứu giúp người gặp nạn</style>
eventOptionEffect_RaidImminent,0,,<style=DefaultRed>Kẻ địch đã đến và sẽ tấn công khu định cư của bạn</style>
eventOptionEffect_AnimalRaidImminent,0,,<style=DefaultRed>Một đàn thú hoang đã xuất hiện gần khu định cư. Chúng sẽ rời đi sau vài ngày. Để chúng yên có thể tốt hơn là mạo hiểm khiến ai đó bị thương.</style>
eventOptionEffect_Spring,0,,<b>Mùa Xuân</b>\n - Nhiệt độ ôn hòa. Thường xuyên có mưa và sương mù. Tỉ lệ nhỏ xuất hiện mưa đá. 
eventOptionEffect_Summer,0,,<b>Mùa Hè</b>\n - Nhiệt độ cao. Có thể xuất hiện các đợt nắng nóng. Hãy xây kho chứa dưới lòng đất để giữ thực phẩm tươi ngon trong những ngày hè nóng nực. Ngày dài nhất vào giữa hè khi mặt trời lên cao nhất. 
eventOptionEffect_Autumn,0,,<b>Mùa Thu</b>\n - Nhiệt độ ôn hòa. Mưa và sương mù xuất hiện thường xuyên. Có thể có dông sét và mưa đá.
eventOptionEffect_Winter,0,,"<b>Mùa Đông</b>\n - Nhiệt độ thấp. Khả năng cao có tuyết rơi và bão tuyết. Có thể xuất hiện các đợt rét đậm. Thực vật sẽ không phát triển ở nhiệt độ thấp, vì vậy hãy đảm bảo bạn gieo trồng và thu hoạch nhiều nhất có thể trước khi mùa đông bắt đầu. Đêm dài nhất vào giữa đông, khi mặt trời ở vị trí thấp trên bầu trời và tỏa ít nhiệt hơn."
news_name_shakedown,0,,Tống tiền
news_name_runaway,0,,Kẻ tống tiền hung hãn
warning_message_short_NegotiationCountdown,0,,Sứ giả đàm phán
warning_message_info_NegotiationCountdown,0,,"Một sứ giả đàm phán vừa đến rìa khu định cư. Hãy cử dân làng ra nghênh đón và đối thoại với [him/her]. Để bắt đầu, chọn một dân làng rồi <sprite=""ctrl_right_click"" index=t> vào sứ giả và chọn <b>Đàm phán với</b>."
game_event_type_shakedown,0,,Tống tiền
event_name_shakedown_general,0,,Tống tiền bởi <faction_name>
event_shakedown_negotiator_arrival,0,,Một người từ <faction_name> xuất hiện ngay bên ngoài <village_name>. [He/She] muốn gặp để thương lượng.
event_shakedown_general,0,," ‘Một nơi thật xinh đẹp, <village_name>,’ người lạ kéo dài giọng. ‘Với một khoản phí hợp lý, chúng ta có thể đảm bảo không có chuyện gì phá hỏng nơi này.’ Ý của [His/Her] rất rõ ràng."
event_shakedown_church_of_third_coming,0,," ‘Chúa lệnh cho chúng ta trừng phạt <village_name> vì vô số tội lỗi,’ kẻ cuồng tín rít lên. ‘Hãy trả tiền chuộc tội, đổi lại chúng ta sẽ ban cho các ngươi lòng thương xót của Ngài.’"
event_shakedown_ancrene_disciples,0,,"Kẻ huyền thuật cúi người về phía trước. ‘Thánh Menwreda hiện ra trong giấc mơ, cho thấy <village_name> được thanh tẩy bằng lửa. Các ngươi sẽ dâng lễ vật gì cho lời cầu nguyện của chúng ta để tránh số phận khủng khiếp này?’"
event_shakedown_faithful_sons_of_england,0,,Người đưa tin đi thẳng vào vấn đề. ‘Ngài Hugh Gaveston đã ra lệnh để <village_name> được hưởng sự bảo vệ của chúng ta. Và các ngươi phải trả tiền cho điều đó. Khu định cư nào không tuân sẽ bị san thành bình địa.’
event_shakedown_band_of_the she_wolf,0,," ‘Đất đai <village_name> nằm dưới sự bảo hộ của lãnh chúa ta, Nam tước.’ Người thương lượng nhún vai kiểu Gaulois. ‘Nông dân trả tiền thuê cho ông ấy thường sống lâu hơn, vous comprenez?’"
event_shakedown_philosophers_of_the_natural_order,0,,"Thật khó tranh luận với triết gia. ‘Việc nghiên cứu không ngừng của chúng ta mang lợi ích cho cả vùng,’ [He/She] nói. ‘Và <village_name> phải đóng góp. Chúng ta hiểu những sức mạnh vô hạn của Tự nhiên, các ngươi không muốn chúng quay lại chống mình chứ?’"
event_shakedown_society_of_fellows,0,,"Người thương lượng mặc tạp dề đẫm máu. ‘Chúng ta cần xác chết cho thí nghiệm thuốc dịch bệnh. Dân làng <village_name> đã được chọn tham gia! Chúng ta rất nóng lòng bắt đầu, nhưng các ngươi có thể từ chối với một khoản phí hợp lý.’"
event_shakedown_kingdom_of_york,0,," ‘Mọi nông dân đang làm việc đều phải đóng góp cho chính nghĩa của chúng ta,’ người thương lượng nói. ‘Nếu từ chối, chúng ta phải cho rằng các ngươi chứa chấp kẻ ủng hộ Quân chủ và sẽ trừng phạt <village_name> thích đáng. Vậy trả tiền hay không?’ "
event_shakedown_heresy_of_the_rose,0,," ‘Giờ xã hội đã tan vỡ, ta có thể thẳng thừng bảo ngươi đưa tiền. Ngươi biết bọn Dị giáo chúng ta rồi đấy - nếu không trả, chúng ta sẽ đem hỗn loạn và cái chết đến <village_name>.’"
event_shakedown_circle_of_avalon,0,,Ai lại muốn chọc giận các Đạo sĩ? Chắc chắn không phải <village_name> chứ? Một lễ vật đơn giản có thể bảo đảm những con rồng của Myrddin tiếp tục ngủ yên. Bạn thật sự không muốn cảm nhận hơi thở rực lửa của chúng đâu...’
event_shakedown_beirdd_cymraeg,0,,"<i>'Hãy lắng nghe lời khuyên của người hát rong,\nđể lòng hào hiệp dẫn lối tương phùng,\nBởi lẽ khi tiền vàng trao tay,\nvận may của bạn sẽ mãi vững bền.\nVới khúc hoan ca, chúng tôi xin kính chào từ biệt,\nHãy trả công cho người thổi sáo, hỡi <village_name> thân yêu,\nvà đón nhận phúc lành tuôn chảy dạt dào.'</i>"
event_shakedown_progeny_of_the_plague,0,,"‘Chúng ta đang đói cồn cào. Và dân làng của <village_name> trông mới béo tốt đẫy đà làm sao.’ Tên ăn thịt người liếm mép thèm thuồng. ‘Nhưng bọn ta cũng không phải phường vô lý. Nếu các ngươi chi trả đủ tiền chuộc, bọn ta sẽ chuyển sang săn mồi ở nơi khác.’"
event_shakedown_ravagers,0,,"Tên đầu bếp mặc cả vô cùng rắn rỏi. ‘Ta có một mẻ bánh dồi huyết thơm ngon hảo hạng ở đây để bán. Ta luôn tìm kiếm nguồn nguyên liệu tươi ngon tại chỗ, biết đâu là vài người dân <village_name>? Nhưng ta hoàn toàn có thể được khích lệ để đi thu gom thịt ở những vùng xa hơn, miễn là được giá.’"
event_shakedown_forest_bandits,0,,"Thật khó để phân biệt xem người đó là thú dữ hay con người. ‘Đoàn Săn Bắn Hoang Dã đang quét qua <village_name>,’ [he/she] gầm ghè trong cổ họng. ‘Nộp tiền hoặc trở thành con mồi, ta chẳng màng quan tâm.’"
event_shakedown_mountain_bandits,0,,"Bộ da thú của gã người man rợ bốc mùi chua loét và bẩn thỉu. ‘Cả một bộ tộc vùng sơn cước đang bủa vây <village_name>,’ [he/she] nói. ‘Các ngươi sẽ chẳng thể nào sống sót qua đợt tấn công của chúng ta. Vậy nên hãy trả công hậu hĩnh để chúng ta cất bước sang khu định cư tiếp theo và san phẳng nơi đó thay vì động đến các ngươi.’"
event_shakedown_river_bandits,0,,‘Chết đuối quả là một cái chết vô cùng đau đớn và quằn quại.’ Tên hải tặc lẩm bẩm một mình. ‘Xưa nay người ta vẫn có tục lệ dâng lễ vật cho người lái đò đưa tang... và ta tin chắc rằng con dân <village_name> đều tha thiết muốn giữ đầu mình nổi trên mặt nước.’
event_shakedown_looters,0,,"‘Ngươi biết rõ luật chơi rồi đấy. Chúng ta cướp bóc, các ngươi đền mạng. Trừ phi các ngươi biết điều hối lộ cho chúng ta thứ gì đó ra trò. Nhưng nhớ phải xứng đáng, ta không rảnh rỗi để phí thời gian tán gẫu đâu.’"
event_shakedown_scourge,0,,"Tiếng thở khò khè hổn hển phát ra từ bóng tối hôi thối ẩn sâu dưới lớp mũ trùm. Liệu có thể thương lượng với thực thể Hiểm Họa này không? Có lẽ dân làng <village_name> nên thử ném cho nó một chút của cải, với hy vọng mong manh rằng nó sẽ tự động biến mất."
general_jump_to_location,0,,Đến vị trí
event_shakedown_demands_satisfied,0,,"<faction_name> có vẻ rất hài lòng với những của cải mà bạn đã giao nộp để đổi lấy sự bình yên. Khi bóng dáng chúng khuất dần nơi chân trời, trong lòng bạn dâng lên một dự cảm bất an rằng chắc chắn chúng sẽ còn quay lại tống tiền."
event_answer_shakedown_decline,0,,Người dân của <village_name> dứt khoát đáp: 'KHÔNG BAO GIỜ'.
event_answer_shakedown_give,0,,Bạn quyết định đưa ra lời đề nghị trao đổi tài nguyên.
event_answer_shakedown_leave,0,,Rút lui khỏi cuộc đàm phán
event_runaway_err_runaway_negotiator,0,,<name> kiên quyết từ chối đàm phán với toán lùng bắt đang ráo riết truy đuổi [him/her].
runaway_faction_wont_trade_tooltip,0,,"Phe phái này chỉ nhắm vào một mục tiêu duy nhất là bắt sống <name>, không có bất kỳ thứ gì khác có thể thương lượng được."
news_death_title,0,,<style=DefaultRed>Cái chết:</style> <name> 
news_death_natural_death,0,,<name> đã thanh thản ra đi trong giấc ngủ của [his/her] ở tuổi <age>.
news_death_unnatural_death,0,,<name> đã kết thúc cuộc đời đột ngột ở tuổi <age> của [his/her].
news_death_last_moments,0,,Những khoảnh khắc cuối cùng của [his/her]:
event_beggar_text,0,,Liệu quý vị có thể rủ lòng thương chia sẻ chút miếng ăn cho một linh hồn bần hàn cơ nhỡ hay không?
event_answer_beggar_give,0,,Bố thí cho người ăn xin
event_answer_beggar_decline,0,,Xua đuổi người ăn xin đi
event_answer_beggar_leave,0,,Rời đi
event_beggar_title,0,,Kẻ Ăn Mày Cơ Nhỡ
event_beggar_arrival_text,0,,"Một kẻ lang thang bụi bặm bước đi xiêu vẹo tiến vào <village_name>, tha thiết van xin lòng bác ái của mọi người."
news_name_beggar,0,,Kẻ ăn xin đến
event_stash_discovered,0,,Kho Báu Ẩn Giấu
event_stash_discovered_text,0,,"Vị trí của một kho cất giấu bí mật tiềm năng đã được đánh dấu rõ trên bản đồ khu vực của bạn. Những địa điểm hoang vu này có thể là nơi trú ngụ của thú dữ, hoặc thậm chí là hang ổ của những kẻ cướp thù địch."
loot_stash_hostile,0,,<style=DefaultRed>Địa điểm này dường như có động vật thù địch</style>
Player Triggered Events,0,,Sự kiện do người chơi kích hoạt
estimated_event_quality,0,,Chất lượng sự kiện ước tính
player_triggered_event_duration,0,,Thời lượng sự kiện
player_triggered_event_note,0,,Lưu ý rằng sự kiện có thể tệ hơn hoặc tốt hơn so với ước tính!
player_triggered_event_feast_name,0,,Yến tiệc
player_triggered_event_feast_info,0,,"Sau nhiều giờ chuẩn bị, một bàn tiệc đầy thức ăn, rượu ngon và tiếng hát đã chào đón dân làng <village_name>. Hội hè kéo dài đến tận bình minh!"
player_triggered_event_feast_description,0,,"Tất cả người tham dự sẽ được thỏa mãn cơn đói. Tùy chất lượng, nhu cầu giải trí của họ cũng được đáp ứng trong vài ngày. "
player_triggered_event_sermon_name,0,,Thánh lễ
player_triggered_event_sermon_info,0,,Một buổi lễ trang nghiêm và cầu nguyện được tổ chức nhân một trong nhiều ngày thánh của lịch Kitô giáo. Những ai trông cậy nơi Chúa sẽ được tiếp thêm sức mạnh.
player_triggered_event_sermon_description,0,,"Tất cả người tham dự thuộc Hội Phục Hưng sẽ được thỏa mãn nhu cầu tôn giáo trong vài ngày, tùy theo chất lượng. "
player_triggered_event_ritual_name,0,,Nghi lễ
player_triggered_event_ritual_info,0,,"Một nghi lễ theo mùa được cử hành dưới ánh trăng, với sự trợ giúp của những người dẫn đường bằng thảo mộc. Người tham dự hòa mình sâu sắc hơn với Tự nhiên qua hành trình và biến hình. Xin được ban phước."
player_triggered_event_ritual_description,0,,"Tất cả người tham dự thuộc Huynh Đệ Cây Sồi sẽ được thỏa mãn nhu cầu tôn giáo trong vài ngày, tùy theo chất lượng. "
event_quality_points,0,,Điểm chất lượng sự kiện
event_quality_participants_name,0,,Số lượng người tham gia
event_quality_roomImpressiveness_name,0,,Độ tráng lệ của căn phòng
event_quality_foodVariety_name,0,,Độ phong phú của các món ăn
event_quality_nutrition_name,0,,Mức dinh dưỡng trung bình mỗi người
event_quality_foodQuality_name,0,,Phẩm chất của thức ăn
event_quality_alcohol_name,0,,Lượng rượu vang/bia mỗi người
event_quality_role_name,0,,Người tham gia đảm nhiệm vai trò (<role_name>)
event_quality_resourceAmount_name,0,,Bánh Thánh & Rượu Lễ
event_quality_sacrificeQuality_name,0,,Phẩm chất vật tế lễ
event_quality_unique_resource_count_name,0,,Có sẵn sách giáo khoa
event_quality_trainEquipAmount_name,0,,Trang thiết bị huấn luyện
general_add_unique_resource,0,,Thêm sách giáo khoa
no_skill_book_message,0,,Bạn hiện không có bất kỳ cuốn sách giáo khoa nào trong kho
general_add_participant,0,,Thêm người tham dự
event_requ_food,0,,Lương thực
event_requ_beverages,0,,Đồ uống & Rượu bia
plan_event,0,,Tổ chức sự kiện
plan_event_disabled,0,,Bạn không thể tổ chức sự kiện này vì công trình không nằm trong: <room_name>
plan_event_disabled_other_event,0,,Bạn không thể tổ chức sự kiện này vì hiện đang có một sự kiện khác diễn ra
end_event,0,,Kết thúc sự kiện
end_event_confirm,0,,Kết thúc sự kiện có thể gây hiệu ứng tâm trạng tiêu cực cho người tham dự. Bạn có chắc muốn tiếp tục không?
player_triggered_event_furniture_info,0,,Được dùng trong: <event_name>
player_triggered_event_start,0,,Dân làng bắt đầu tập trung cho <event_name>
player_triggered_event_ended,0,,<event_name> kết thúc với kết quả: <quality_outcome>
player_triggered_event_cancelled,0,,<event_name> đã bị hủy
event_quality_lvl_name_neutral,0,,Bình Thường
event_quality_lvl_name_terrible,0,,Tồi Tệ Khủng Khiếp
event_quality_lvl_name_very_bad,0,,Tồi Tệ Đáng Tiếc
event_quality_lvl_name_bad,0,,Gây Thất Vọng
event_quality_lvl_name_decent,0,,Tạm Được
event_quality_lvl_name_good,0,,Dễ Chịu & Hài Lòng
event_quality_lvl_name_very_good,0,,Tuyệt Hảo
event_quality_lvl_name_unforgettable,0,,Khắc Cốt Ghi Tâm
event_quality_cooldown,0,,Thời gian hồi sự kiện
event_quality_points_breakdown,0,,Bảng chi tiết điểm chất lượng sự kiện
end_event_general,0,,Sự kiện đã kết thúc
end_event_quality,0,,Chất lượng của sự kiện này là: <quality_outcome>
end_event_participants,0,,Người tham dự sự kiện: <all_participants>
end_event_role_feast,0,,Người tham dự được giải trí bởi: <all_roles>
end_event_role_sermon,0,,Buổi lễ do những người sau chủ trì: <all_roles>
end_event_role_ritual,0,,Nghi lễ do những người sau chủ trì: <all_roles>
end_event_role_master,0,,Người tham dự được giảng dạy bởi: <all_roles>
end_event_role_training,0,,Người tham dự được huấn luyện bởi: <all_roles>
role_visitor_leaving,0,,<role_name> của <faction_name> đang chuẩn bị rời khỏi khu định cư của bạn
player_triggered_event_hanging_name,0,,Xử tử bằng treo cổ
player_triggered_event_hanging_info,0,,Một cái chết chậm rãi và công khai dành cho kẻ xấu số cuối sợi dây. Một cảnh tượng cho đám đông tụ tập chứng kiến.
player_triggered_event_hanging_description,0,,"Chọn một tù nhân của bạn để xử tử. Họ không có quyền quyết định, nên bạn có thể xử tử bất kỳ tù nhân nào. Phản ứng của dân làng khi chứng kiến vụ xử tử sẽ khác nhau."
no_participant_message,0,,Không có người tham gia đủ điều kiện để tham gia sự kiện này. 
no_roleparticipant_message,0,,Không có người đảm nhận chức vụ phù hợp để tham gia sự kiện. 
no_animalparticipant_message,0,,Không có vật nuôi thuần hóa nào khả dụng để thêm vào sự kiện.
no_prisonerparticipant_message,0,,Không có tù nhân phù hợp để đưa vào sự kiện này. 
player_triggered_event_master_class_name,0,,Nhóm học tập
player_triggered_event_master_class_info,0,,Người thủ thư đánh dấu các trang bản thảo và chuẩn bị chào đón dân làng tới buổi đọc sách cùng một cuộc thảo luận sôi nổi.
player_triggered_event_master_class_description,0,,Tham gia Nhóm Học Tập sẽ tăng cường kỹ năng cho dân làng theo nội dung cuốn sách giáo khoa đã chọn. Thời gian duy trì bùa lợi kỹ năng phụ thuộc vào chất lượng sự kiện. Số lượng chỗ ngồi cho dân làng tham gia sự kiện do cấp độ của thủ thư quyết định.
event_requ_skill_book,0,,Sách giáo khoa yêu cầu
player_triggered_event_training_name,0,,Huấn luyện võ nghệ
player_triggered_event_training_info,0,,"Đội trưởng lính gác mài kiếm và kiểm tra dây cung đã căng, chuẩn bị cho buổi huấn luyện chiến đấu."
player_triggered_event_training_description,0,,Tham gia Huấn Luyện Quân Sự sẽ tăng cường kỹ năng sử dụng loại vũ khí đã chọn cho dân làng. Thời gian duy trì bùa lợi kỹ năng phụ thuộc vào chất lượng sự kiện. Số lượng chỗ ngồi tham gia do cấp độ của trung sĩ quyết định.
event_quality_ranged_name,0,,Học viên xạ kích tầm xa
event_quality_melee_name,0,,Học viên võ nghệ cận chiến
event_requ_training,0,,Trang thiết bị luyện tập
effector_info_AteHumanFlesh,0,,Tôi đã ăn thịt người! <style=AltColor>Mẹo: Hãy cấm các bữa ăn làm từ thịt người trong bảng quản lý hoặc tìm nguồn lương thực thay thế.</style>
effector_info_AteHumanFleshCooked,0,,"Dù đã nấu chín, tôi vẫn nhận ra đó là thịt người. <style=AltColor>Mẹo: Hãy cấm các món ăn nấu từ thịt người trong bảng quản lý hoặc tìm nguồn lương thực thay thế.</style>"
effector_info_AteLavishMeal,0,,"Công trình này bữa ăn đã fantastic, fit cho a king!"
effector_info_AteRawMeal,0,,Thức ăn sống cũng đành phải ăn nếu chẳng còn gì khác. <style=AltColor>Mẹo: Thức ăn nấu chín giàu dinh dưỡng hơn và một số món giúp cải thiện tâm trạng tích cực.</style>
effector_info_AteRawMeat,0,,Tôi phải ăn thịt sống chẳng khác gì loài dã thú! <style=AltColor>Mẹo: Nấu chín thịt sẽ tốt hơn cho dạ dày và tránh bị tụt tâm trạng.</style>
effector_info_AteWell,0,,"A decent bữa ăn, của tôi Mức độ đói là assuaged."
effector_info_ChainedUp,0,,Tháo xiềng xích này cho tôi!
effector_info_Chilly,0,,Cảm thấy hơi se lạnh. Có lẽ tôi cần mặc quần áo ấm hơn... <style=AltColor>Mẹo: Hãy may trang phục phù hợp cho mùa này.</style>
effector_info_Cold,0,,Trời đang trở nên khá lạnh rồi. Răng tôi va vào nhau cầm cập. <style=AltColor>Mẹo: May trang phục ấm áp phù hợp với thời tiết.</style>
effector_info_DidJobWithPassion,0,,"Không gì sánh bằng niềm vui khi được làm công việc mình đam mê. <style=AltColor>Mẹo: Nếu dân làng buồn phiền, hãy giao việc họ yêu thích để cải thiện tâm trạng.</style>"
effector_info_ExtremeNeedSleep,0,,"Tôi mệt lả như muốn gục ngã, gần như không thể đứng vững. <style=AltColor>Mẹo: Bổ sung thêm giờ ngủ trong lịch biểu hằng ngày cho dân làng này.</style>"
effector_info_ExtremeNeedSleepConLoss,0,,"Tôi mệt lả như muốn gục ngã, gần như không thể đứng vững. <style=AltColor>Mẹo: Bổ sung thêm giờ ngủ trong lịch biểu hằng ngày cho dân làng này.</style>"
effector_info_FineClothing,0,,"Thoải mái và sang trọng. Chẳng hại gì khi ăn mặc thật lộng lẫy, ngay cả khi thế giới đã sụp đổ..."
effector_info_Freezing,0,,Tôi lạnh buốt thấu tận xương tủy! <style=AltColor>Mẹo: May quần áo mùa đông ấm áp cho dân làng.</style>
effector_info_Hot,0,,"Đầu óc quay cuồng, chắc tôi bị say nắng rồi... <style=AltColor>Mẹo: May trang phục thoáng mát phù hợp với mùa hè.</style>"
effector_info_Hungry,0,,"Pretty hungry now, Có lẽ tôi nên eat something soon."
effector_info_MoodMinusRunawayEvent,0,,Thế giới điêu tàn này vốn dĩ đã có quá ít người sống sót. Việc ngoảnh mặt làm ngơ trước người gặp nạn chẳng khác nào một sự phản bội tàn nhẫn.
effector_info_MoodPlusRunawayEvent,0,,Thật ấm lòng khi chúng ta có thể mở rộng vòng tay cứu giúp những mảnh đời khốn khổ.
effector_info_NeedSleep,0,,Chỉ mong sớm tìm được chỗ ngả lưng ngủ một giấc. <style=AltColor>Mẹo: Bố trí thêm giờ ngủ trong thời gian biểu.</style>
effector_info_SleptInLowQualityBed,0,,"Better than ground, I guess."
effector_info_SleptOnRain,0,,Tôi ướt sũng vì phải ngủ dưới trời mưa. <style=AltColor>Mẹo: Hãy xây dựng giường trong phòng kín hoặc nơi có mái che.</style>
effector_info_SleptOnSnow,0,,Tôi phải ngủ giữa trời tuyết giá lạnh! <style=AltColor>Mẹo: Hãy xây dựng giường trong phòng kín hoặc nơi có mái che.
effector_info_SleptOutside,0,,Tôi phải ngủ ngoài trời sương gió. <style=AltColor>Mẹo: Hãy xây dựng giường ngủ bên trong phòng kín.</style>
effector_info_SleptWithoutBed,0,,Had để Giấc ngủ trên ground.
effector_info_SlightNeedSleep,0,,"Feeling a bit tired, Có lẽ tôi nên take a nap."
effector_info_SlightlyHungry,0,,"Could do với something để eat, if Tôi có thể find time."
effector_info_StarvationLoosHP,0,,"Tôi đang totally famished, if I don't eat something soon, I may die. Tôi sẽ eat anything."
effector_info_Starving,0,,"Tôi đang totally famished, if I don't eat something soon, I may die. Tôi sẽ eat anything."
effector_info_Sweaty,0,,"Trời nóng nực quá, mồ hôi chảy ròng ròng. <style=AltColor>Mẹo: May trang phục mùa hè mát mẻ.</style>"
effector_info_UglyClothing,0,,Mấy mảnh giẻ rách này không xứng để tôi mặc. <style=AltColor>Mẹo: Một số dân làng rất kén chọn trang phục. Hãy may đồ chất lượng cao hơn để tránh bị giảm tâm trạng.</style>
effector_info_VeryHot,0,,Tôi sắp ngất vì trời quá nóng bức rồi! <style=AltColor>Mẹo: May quần áo mùa hè thoáng khí cho dân làng.</style>
effector_info_VeryHungry,0,,Can't hear anything over sound của của tôi growling stomach.
effector_name_2x,0,,2X
effector_name_3x,0,,3X
effector_name_4x,0,,4X
effector_name_AteHumanFlesh,0,,Đã ăn thịt người
effector_name_AteHumanFleshCooked,0,,Đã ăn thịt người nấu chín
effector_name_AteLavishMeal,0,,Đã dùng bữa thịnh soạn
effector_name_AteRawMeal,0,,Đã ăn thức ăn sống
effector_name_AteRawMeat,0,,Đã ăn thịt sống
effector_name_AteWell,0,,Đã dùng bữa ngon
effector_name_ChainedUp,0,,Bị xiềng xích
effector_name_Chilly,0,,Hơi lạnh
effector_name_Cold,0,,Lạnh
effector_name_DidJobWithPassion,0,,Hài lòng với công việc
effector_name_ExtremeNeedSleep,0,,Kiệt sức
effector_name_ExtremeNeedSleepConLoss,0,,Sắp mất ý thức
effector_name_FineClothing,0,,Trang phục thanh lịch
effector_name_Freezing,0,,Rét cóng
effector_name_Hot,0,,Nóng
effector_name_Hungry,0,,Đói
effector_name_MoodMinusRunawayEvent,0,,Từ Chối Nơi Nương Náu
effector_name_MoodPlusRunawayEvent,0,,Đoàn Kết Tạo Nên Sức Mạnh
effector_name_NeedSleep,0,,Khá mệt
effector_name_SleptOnRain,0,,Đã ngủ dưới mưa
effector_name_SleptOnSnow,0,,Đã ngủ trên tuyết
effector_name_SleptOutside,0,,Đã ngủ ngoài trời
effector_name_SleptWithoutBed,0,,Đã ngủ dưới đất
effector_name_SlightNeedSleep,0,,Hơi mệt
effector_name_SlightlyHungry,0,,Hơi đói
effector_name_StarvationLoosHP,0,,Mất HP (Đói lả)
effector_name_Starving,0,,Đói lả
effector_name_Sweaty,0,,Đổ mồ hôi
effector_name_UglyClothing,0,,Trang phục xấu xí
effector_name_VeryHot,0,,Quá nóng
effector_name_VeryHungry,0,,Đói cồn cào
effector_name_StarvingStout,0,,Đói lả (Cường tráng)
effector_name_AteAtTable,0,,Đã ăn tại bàn
effector_name_AteSittingDown,0,,Đã ngồi ăn
effector_name_ButcheredHuman,0,,Đã mổ xẻ người
effector_name_ButcheredHumanFriend,0,,Đã mổ xẻ người quen
effector_name_CookedHumanMeat,0,,Đã nấu thịt người
effector_name_FaithFull,0,,Nhu cầu tín ngưỡng đã đủ
effector_name_FaithNeed,0,,Thiếu hoạt động tín ngưỡng
effector_name_FaithDeprived,0,,Không được hoạt động tín ngưỡng
effector_name_SawDeadBody,0,,Đã thấy thi thể
effector_name_SawDeadBodyFriend,0,,Đã thấy thi thể bạn bè
effector_info_AteAtTable,0,,Eating at table feels so civilized. It's positively grand compared để some của places Tôi đã had để eat...it's quite heartening.
effector_info_AteSittingDown,0,,Tốt hơn ăn khi phải đứng.
effector_info_ButcheredHuman,0,,"Đó là hình ảnh tôi không thể nào xóa khỏi tâm trí. Một con người nằm bất động, đã chết. Ánh thép lóe lên từ con dao mổ xẻ. Tôi cảm thấy kinh hoàng và ghê tởm tột cùng."
effector_info_CookedHumanMeat,0,,Điều kỳ lạ là nó có vị như các loại thịt khác. Nhưng nhớ lại mùi nướng thịt kinh tởm ấy khiến tôi buồn nôn. Thật bệnh hoạn.
effector_info_FaithFull,0,,"Tôi cảm thấy mãn nguyện, tâm hồn tôi thật thanh thản. Lúc này tôi không có nhu cầu cầu nguyện."
effector_info_FaithNeed,0,,Tôi cảm thấy conflicted và disconnected. Some time trong quiet contemplation và prayer would help.
effector_info_FaithDeprived,0,,"Tôi sợ rằng mình đang đánh mất đức tin và nguội lạnh lòng sùng kính. Tôi phải cầu nguyện! Tôi phải sám hối! <style=AltColor>Mẹo: Hãy xây dựng bàn thờ, đền miếu hoặc nhà nguyện và bố trí đủ giờ giải trí/tâm linh cho dân làng.</style>"
effector_info_SawDeadBody,0,,"Thật kinh khủng khi nhìn thấy thi thể ấy. Nó cứng đờ, trơ trọi... trừng trừng nhìn vô định. Nhìn họ như vậy thật bất kính. <style=AltColor>Mẹo: Hãy lưu trữ thi thể trên bãi chứa cách xa khu định cư, hoặc chôn cất người chết để người khác không nhìn thấy.</style>"
effector_name_AlcoholNeedNone,0,,Không uống rượu
effector_name_AlcoholNeedLow,0,,Muốn nhấp một ngụm
effector_name_AlcoholNeedMed,0,,Thèm đồ uống mạnh hơn
effector_name_AlcoholNeedHigh,0,,Khát rượu dữ dội
effector_name_DrankNiceDrink,0,,Đã uống bia ale ngon
effector_name_DrankVeryNiceDrink,0,,Đã uống bia ngon
effector_name_InebriatedLow,0,,Chếnh choáng
effector_name_InebriatedMed,0,,Say rượu
effector_name_InebriatedHigh,0,,Say mềm
effector_name_InebriatedVeryHigh,0,,Say bất tỉnh
effector_name_InebriatedVeryHighLightweight,0,,Say bất tỉnh (Tửu lượng kém)
effector_name_InebriatedLowPunchDrunk,0,,Chếnh choáng (Say đòn)
effector_name_InebriatedMedPunchDrunk,0,,Say rượu (Say đòn)
effector_name_InebriatedHighPunchDrunk,0,,Say mềm (Say đòn)
effector_name_InebriatedVeryHighPunchDrunk,0,,Say bất tỉnh (Say đòn)
effector_name_StomachHurtLow,0,,Đau bụng nhẹ
effector_name_StomachHurtMed,0,,Đau bụng dữ dội
effector_name_VomitAfter,0,,Đã nôn
effector_info_AlcoholNeedNone,0,,Tôi không cần uống rượu.
effector_info_AlcoholNeedLow,0,,A đồ uống sounds dễ chịu
effector_info_AlcoholNeedMed,0,,Tôi khát quá. Một vại bia lúc này thì tuyệt.
effector_info_AlcoholNeedHigh,0,,Tôi thèm một cốc bia đến chết đi được! <style=AltColor>Mẹo: Hãy nấu đồ uống có cồn cho dân làng của bạn.</style>
effector_info_DrankVeryNiceDrink,0,,"Ah, đó bia really hits spot. Lovely!"
effector_info_DrankNiceDrink,0,,"Không phải loại ale hảo hạng nhất, tôi công nhận. Nhưng uống cũng khá ngon."
effector_info_InebriatedLow,0,,Thỉnh thoảng thư giãn và uống vài ly thật dễ chịu.
effector_info_InebriatedMed,0,,"Này các bạn, nhìn tôi đây! Để xem lũ cướp có dám xông vào tôi lúc này không!"
effector_info_InebriatedHigh,0,,"Nào, thêm một vòng nữa đi. Tôi thực sự có thể uống gục tất cả các người, và tôi sẽ chứng minh!"
effector_info_InebriatedVeryHigh,0,,"Say ư? Xì. Không, tôi KHÔNG làm bẩn quần! Xin đừng nhốt tôi vào cùm lần nữa để giải rượu. Đưa tôi về nhà, hoặc cứ để tôi ngủ trên sàn... Tôi sẽ thôi khóc."
effector_info_StomachHurtLow,0,,"Ôi trời, bụng tôi đang réo. Không biết có phải do thứ gì tôi đã ăn hay uống không?"
effector_info_StomachHurtMed,0,,Tôi đau bụng dữ dội. Đau thật sự.
effector_info_VomitAfter,0,,Nôn ra vẫn hơn giữ trong bụng. Giờ tôi hơi trống rỗng. Có lẽ nên ăn chút gì để ổn định dạ dày?
effector_name_EntertainmentFull,0,,Nhu cầu giải trí đã đủ
effector_name_EntertainmentNeed,0,,Lacking trong giải trí 
effector_name_EntertainmentDeprived,0,,Deprived của giải trí 
effector_info_EntertainmentFull,0,,Tôi thấy tuyệt lắm! Lúc này chưa cần giải trí.
effector_info_EntertainmentNeed,0,,"Thật lòng mà nói, tôi khá buồn chán. Giá mà quanh đây có chút trò vui."
effector_info_EntertainmentDeprived,0,,"Hết chuyện khổ sở này lại đến chuyện ảm đạm khác, phải không? Giờ ngay cả xem diễn trò hay hành quyết cũng khiến tôi vui lên. <style=AltColor>Mẹo: Hãy cho dân làng vài trò tiêu khiển như bàn cờ thỏ cáo và xếp đủ giờ Giải trí.</style>"
effector_name_NewVillagerInitialOptimisam,0,,Lạc quan ban đầu
effector_info_NewVillagerInitialOptimisam,0,,Một khởi đầu mới. Không ai từ cuộc đời trước ở đây để bảo tôi có thể hay không thể trở thành người thế nào...
effector_name_InPaganChapelMoodPlus,0,,Bước Vào Đền Thờ Cây Sồi
effector_name_InPaganChapelMoodPlusAwful,0,,Bước Vào Đền Thờ Cây Sồi (Tồi Tàn)
effector_name_InPaganChapelMoodPlusDull,0,,Bước Vào Đền Thờ Cây Sồi (Đơn Điệu)
effector_name_InPaganChapelMoodPlusMediocre,0,,Bước Vào Đền Thờ Cây Sồi (Khiêm Tốn)
effector_name_InPaganChapelMoodPlusGood,0,,Bước Vào Đền Thờ Cây Sồi (Trang Nghiêm)
effector_name_InPaganChapelMoodPlusSlightlyImpressive,0,,Bước Vào Đền Thờ Cây Sồi (Bề Thế)
effector_name_InPaganChapelMoodPlusSomewhatImpressive,0,,Bước Vào Đền Thờ Cây Sồi (Tráng Lệ)
effector_name_InPaganChapelMoodPlusVeryImpressive,0,,Bước Vào Đền Thờ Cây Sồi (Lộng Lẫy)
effector_name_InPaganChapelMoodPlusExtremelyImpressive,0,,Bước Vào Đền Thờ Cây Sồi (Tuyệt Mỹ Kỳ Quan)
effector_name_InPaganChapelMoodMinus,0,,Bước vào đền Huynh Đệ Cây Sồi
effector_name_InChapelMoodPlus,0,,Bước vào nhà nguyện Hội Phục Hưng
effector_name_InChapelMoodPlusAwful,0,,Bước vào nhà nguyện Hội Phục Hưng (Tồi tệ)
effector_name_InChapelMoodPlusDull,0,,Bước vào nhà nguyện Hội Phục Hưng (Không truyền cảm hứng)
effector_name_InChapelMoodPlusMediocre,0,,Bước vào nhà nguyện Hội Phục Hưng (Khiêm tốn)
effector_name_InChapelMoodPlusGood,0,,Bước vào nhà nguyện Hội Phục Hưng (Tốt)
effector_name_InChapelMoodPlusSlightlyImpressive,0,,Bước vào nhà nguyện Hội Phục Hưng (Thượng hạng)
effector_name_InChapelMoodPlusSomewhatImpressive,0,,Bước vào nhà nguyện Hội Phục Hưng (Xa hoa)
effector_name_InChapelMoodPlusVeryImpressive,0,,Bước vào nhà nguyện Hội Phục Hưng (Lộng lẫy)
effector_name_InChapelMoodPlusExtremelyImpressive,0,,Bước vào nhà nguyện Hội Phục Hưng (Tráng lệ)
effector_name_InChapelMoodMinus,0,,Bước Vào Nhà Nguyện Hội Phục Hưng
effector_name_SleptInBedroom,0,,Ngủ trong phòng riêng
effector_name_SleptInBedroomAwful,0,,Ngủ trong phòng riêng (Tồi tệ)
effector_name_SleptInBedroomDull,0,,Ngủ trong phòng riêng (Không truyền cảm hứng)
effector_name_SleptInBedroomMediocre,0,,Ngủ trong phòng riêng (Khiêm tốn)
effector_name_SleptInBedroomGood,0,,Ngủ trong phòng riêng (Tốt)
effector_name_SleptInBedroomSlightlyImpressive,0,,Ngủ trong phòng riêng (Thượng hạng)
effector_name_SleptInBedroomSomewhatImpressive,0,,Ngủ trong phòng riêng (Xa hoa)
effector_name_SleptInBedroomVeryImpressive,0,,Ngủ trong phòng riêng (Lộng lẫy)
effector_name_SleptInBedroomExtremelyImpressive,0,,Ngủ trong phòng riêng (Tráng lệ)
effector_name_SleptInSharedBedroom,0,,Ngủ trong phòng chung
effector_name_SleptInSharedBedroomAwful,0,,Ngủ trong phòng chung (Tồi tệ)
effector_name_SleptInSharedBedroomDull,0,,Ngủ trong phòng chung (Không truyền cảm hứng)
effector_name_SleptInSharedBedroomMediocre,0,,Ngủ trong phòng chung (Khiêm tốn)
effector_name_SleptInSharedBedroomGood,0,,Ngủ trong phòng chung (Tốt)
effector_name_SleptInSharedBedroomSlightlyImpressive,0,,Ngủ trong phòng chung (Thượng hạng)
effector_name_SleptInSharedBedroomSomewhatImpressive,0,,Ngủ trong phòng chung (Xa hoa)
effector_name_SleptInSharedBedroomVeryImpressive,0,,Ngủ trong phòng chung (Lộng lẫy)
effector_name_SleptInSharedBedroomExtremelyImpressive,0,,Ngủ trong phòng chung (Tráng lệ)
effector_name_AteInGreatHall,0,,Ate trong tuyệt hall
effector_name_AteInGreatHallAwful,0,,Ate trong tuyệt hall (Awful)
effector_name_AteInGreatHallDull,0,,Ate trong tuyệt hall (Uninspiring)
effector_name_AteInGreatHallMediocre,0,,Ate trong tuyệt hall (Modest)
effector_name_AteInGreatHallGood,0,,Đã ăn trong đại sảnh (Tốt)
effector_name_AteInGreatHallSlightlyImpressive,0,,Ate trong tuyệt hall (Superior)
effector_name_AteInGreatHallSomewhatImpressive,0,,Ate trong tuyệt hall (Luxurious)
effector_name_AteInGreatHallVeryImpressive,0,,Ate trong tuyệt hall (Opulent)
effector_name_AteInGreatHallExtremelyImpressive,0,,Ate trong tuyệt hall (Palatial)
effector_info_InPaganChapelMoodPlus,0,,"Nơi đây tôi cảm nhận được sự gắn kết sâu sắc và thiêng liêng với mọi cội nguồn của tự nhiên. Tổ tiên cùng vạn vật đang hào phóng ban phát sự thông tuệ và che chở. Giữa chốn linh thiêng này, tâm hồn tôi tìm thấy sự bình yên vô tận."
effecto_info_InPaganChapelMoodMinus,0,,Tôi cảm thấy vô cùng bất an và ngột ngạt ở chốn dị giáo hoang dã này. Chỉ có Đấng Tạo Hóa mới là người soi rọi con đường chân lý duy nhất. Mấy chuyện mê tín nhảm nhí về cây cối ao hồ này chẳng thể dành cho tôi!
effector_info_InChapelMoodPlus,0,,"Niềm hy vọng phục hưng luôn soi rọi từng bước chân tôi. Nhờ đức tin thuần khiết và những lời nguyện cầu thành kính, tâm hồn tôi được Đấng Tạo Hóa nâng đỡ và tái sinh. Sự trọn vẹn và thanh sạch đón chờ những con chiên ngoan đạo. Ngợi ca Thiên Chúa!"
effector_info_InChapelMoodMinus,0,,"Ở nơi này, những kẻ cuồng tín chỉ mải mê ngóng trông về tương lai viển vông mà rũ bỏ quá khứ cùng cội nguồn Đất Mẹ linh thiêng. Những rễ sâu mà tổ tiên bao đời dày công vun xới bị bỏ mặc cho khô héo lụi tàn. Nhìn cảnh tượng ấy chỉ khiến lòng tôi thêm trĩu nặng."
effector_info_SleptInBedroom,0,,"Ôi, thật xa hoa khi được ngủ ngon trên giường riêng mà không bị quấy rầy! Tôi thấy sảng khoái."
effector_info_SleptInSharedBedroom,0,,Ngủ giữa những người bạn đem lại cảm giác dễ chịu. Tôi thấy an đểàn và ấm cúng.
effector_info_AteInGreatHall,0,,Không gì sánh bằng một bữa ngon cùng câu chuyện hào hứng giữa bạn bè và láng giềng trong đại sảnh. Cuộc sống thật ngọt ngào!
effector_name_NightOwlPerkEffector,0,,Đêm Khuya (Đặc tính Cú Đêm)
effector_name_AteLavishMealNegativePerkEffector,0,,Ăn Bữa Ăn Thượng Hạng (Đặc tính Khắc Khổ)
effector_name_AteWellNegativePerkEffector,0,,Ăn Món Ngon (Đặc tính Khắc Khổ)
effector_name_AteRawMealNegativePerkEffector,0,,Ăn Thức Ăn Sống (Đặc tính Khắc Khổ)
effector_name_InebriatedWorkLowPerkEffector,0,,Ngà Ngà Say (Đặc tính Bợm Rượu)
effector_name_InebriatedWorkMedPerkEffector,0,,Say Rượu (Đặc tính Bợm Rượu)
effector_name_InebriatedWorkHighPerkEffector,0,,Say Mèm (Đặc tính Bợm Rượu)
effector_name_InebriatedWorkVeryHighPerkEffector,0,,Say Bí Tỉ Bất Tỉnh (Đặc tính Bợm Rượu)
effector_name_InebriatedAttackStrenghtPerkEffector,0,,Gia Tăng Sức Mạnh (Đặc tính Say Đòn)
effector_name_ColdPositivePerkEffector,0,,Giá Rét (Đặc tính Chịu Rét)
effector_name_ChillyPositivePerkEffector,0,,Se Lạnh (Đặc tính Chịu Rét)
effector_name_SweatyPositivePerkEffector,0,,Đổ mồ hôi (đặc tính Chịu nóng)
effector_name_HotPositivePerkEffector,0,,Nóng (đặc tính Chịu nóng)
effector_name_ChillyPerkEffector,0,,Nhạy cảm với lạnh (đặc tính Lạnh lẽo)
effector_name_HotBloodedPerkEffector,0,,Quá nóng (đặc tính Nóng máu)
effector_name_SleptInSharedBedroomPerkEffector,0,,Ngủ trong phòng chung (đặc tính Quý giá)
effector_name_SunSeekerDayPerkEffector,0,,Ngày nắng (đặc tính Kẻ tìm nắng)
effector_name_SnowWhiteSnowPerkEffector,0,,Tuyết! (đặc tính Bạch tuyết)
effector_name_WashoutRainPerkEffector,0,,Ngày mưa (đặc tính Ghét mưa)
effector_name_FrozenDeath,0,,Mất HP (Rét cóng)
effector_name_ImpairedMovementLow,0,,Suy giảm vận động nhẹ
effector_name_ImpairedMovementMed,0,,Suy giảm vận động đáng kể
effector_name_ShieldCombatSpeedLow,0,,Giảm Nhẹ Tốc Độ Chiến Đấu (Do Khiên Nặng)
effector_name_ShieldCombatSpeedMed,0,,Giảm Đáng Kể Tốc Độ Chiến Đấu (Do Khiên Nặng)
effector_name_ShieldCombatSpeedHigh,0,,Giảm Trầm Trọng Tốc Độ Chiến Đấu (Do Khiên Quá Nặng)
effector_name_RangedCombatSpeedLow,0,,Giảm Nhẹ Tốc Độ Xạ Kích
effector_name_RangedCombatSpeedMed,0,,Giảm Đáng Kể Tốc Độ Xạ Kích
effector_name_RangedCombatSpeedHigh,0,,Giảm Trầm Trọng Tốc Độ Xạ Kích
effector_name_VisibilityFog,0,,Tầm nhìn (Sương mù)
effector_name_VisibilityRain,0,,Tầm nhìn (Mưa)
effector_name_VisibilitySnow,0,,Tầm nhìn (Tuyết)
effector_name_SleepingHealing,0,,Hồi phục (Ngủ)
effector_name_RestingHealing,0,,Hồi phục (Dưỡng bệnh)
effector_name_ConLoseMotor,0,,Mất một phần chức năng vận động
effector_name_ConLoseMotorHigh,0,,Severe loss của Motor Function
effector_name_DrankWeakAlcohol,0,,Rượu nhẹ
effector_name_DrankMediumAlcohol,0,,Rượu vừa
effector_name_DrankAlcohol,0,,Rượu thường
effector_name_DrankHardAlcohol,0,,Rượu mạnh
effector_name_StomachFoodInstaDmgVeryLow,0,,Khó chịu dạ dày
effector_name_StomachFoodInstaDmgLow,0,,Đau dạ dày
effector_name_StomackRotDmg,0,,Mùi thối rữa
effector_name_StomackCarcassDmg,0,,Cảnh tượng thi thể
effector_info_NightOwlPerkEffector,0,,"Tôi yêu màn đêm, khi những vì sao xuyên qua bầu trời tối. Có lẽ xã hội đã làm ngược mọi thứ, và chúng ta thật ra nên ngủ vào ban ngày?"
effector_info_AteLavishMealNegativePerkEffector,0,,"Tôi thích một bữa ăn đơn giản, đạm bạc hơn. Đồ ăn thịnh soạn không hợp với tôi."
effector_info_AteWellNegativePerkEffector,0,,"Tôi thích một bữa ăn đơn giản, đạm bạc hơn. Ăn quá nhiều không hợp với tôi."
effector_info_AteRawMealNegativePerkEffector,0,,"Ăn thức ăn đơn giản, sống là tốt nhất cho thể xác và tâm hồn. Tôi thấy mình khỏe mạnh và chính trực."
effector_info_InebriatedWorkLowPerkEffector,0,,Một chút rượu giúp tôi trụ được suốt ngày.
effector_info_InebriatedWorkMedPerkEffector,0,,"Tôi khá chắc rằng càng uống nhiều, tôi càng làm việc tốt."
effector_info_InebriatedWorkHighPerkEffector,0,,Công việc trôi qua vùn vụt khi tôi say. Tôi hầu như chẳng nhận ra nó khó đến mức nào.
effector_info_InebriatedWorkVeryHighPerkEffector,0,,"Cứ để tôi lo! Tôi làm được hết! Cứ mang rượu đến đây, tôi sẽ nhanh như gió!"
effector_info_InebriatedAttackStrenghtPerkEffector,0,,"Dòng máu can đảm đang chảy trong huyết quản tôi! Tôi có thể tay không giết sư tử, đối đầu cả một đội quân... đừng hòng ngăn tôi!"
effector_info_ColdPositivePerkEffector,0,,"Khi trời se lạnh và giá buốt, bước chân tôi nhẹ nhàng hơn và các giác quan bừng tỉnh. Điều đó tiếp thêm năng lượng cho tôi.
"
effector_info_ChillyPositivePerkEffector,0,,"Khi trời se lạnh và giá buốt, bước chân tôi nhẹ nhàng hơn và các giác quan bừng tỉnh. Điều đó tiếp thêm năng lượng cho tôi."
effector_info_SweatyPositivePerkEffector,0,,"Tôi rất thích cái nóng, có thể phơi mình trong đó cả ngày. Cho tôi được ở ngoài vào mùa hè, tôi sẽ như cá gặp nước."
effector_info_HotPositivePerkEffector,0,,"Tôi rất thích cái nóng, có thể phơi mình trong đó cả ngày. Cho tôi được ở ngoài vào mùa hè, tôi sẽ như cá gặp nước."
effector_info_SleptInSharedBedroomPerkEffector,0,,"Tôi cần không gian riêng và mọi thứ phải đâu vào đấy. Tôi thật sự không thể ngủ ngon trong phòng chung, rồi sẽ mệt mỏi và cáu kỉnh cả ngày."
effector_info_SunSeekerDayPerkEffector,0,,"Chẳng có gì tuyệt hơn những tia nắng ấm áp rọi lên da tôi. Tôi sống vì điều đó, nó đem lại niềm vui cho tôi."
effector_info_SnowWhiteSnowPerkEffector,0,,"Tấm chăn tuyết trắng tuyệt đẹp phủ lên cảnh vật trong im lặng ư? Với tôi, nó thật kỳ diệu."
effector_info_WashoutRainPerkEffector,0,,"Tôi không thích mưa, nó ẩm ướt, khó chịu và len lỏi khắp nơi."
hunger_effector,0,,Mức độ đói
sleep_effector,0,,Giấc ngủ
food_effecotor,0,,Lương thực
carcass_effector,0,,Xác động vật
death_effector,0,,"Lời trăng trối cuối cùng của dân làng trước khi nhắm mắt xuôi tay: ""Death"""
cold_effector,0,,Lạnh
hot_effector,0,,Nóng
clothing_effector,0,,Trang phục
bed_effector,0,,Giường
passion_effector,0,,Đam mê
banished_effector,0,,Bị trục xuất
ransom_help_effector,0,,Đã giúp đỡ ai đó
ransom_no_help_effector,0,,Từ chối giúp đỡ
faith_effector,0,,Đức tin
Inebriated_effector,0,,Say rượu
stomach_effector,0,,Dạ dày
entertainment_effector,0,,Giải trí
effector_info_AgentMoodGood,0,,Tôi cảm thấy phấn chấn và khỏe khoắn hơn bao giờ hết.
effector_name_AgentMoodGood,0,,Hân Hoan Phấn Khởi
effector_name_WhileFaintedEffector,0,,Bất tỉnh
effector_info_AteDubiousMeal,0,,"Không rõ trong đó có gì, và tôi không bao giờ muốn biết."
effector_name_AteRotten,0,,Đã ăn đồ ôi thiu
effector_name_AteDubiousMeal,0,,Đã ăn thức ăn nhiễm bẩn
effector_info_AteHumanFleshCanibal,0,,Đã ăn thịt người
effector_name_AteHumanFleshCanibal,0,,"Eating điều này flesh imbues sacred power, so said druids của yore."
effector_name_AteHumanFleshCookedCanibal,0,,Đã ăn thịt người nấu chín
effector_info_AteHumanFleshCookedCanibal,0,,Mỗi miếng ngon của Thánh thể cấm kỵ này giúp tôi vượt khỏi kiếp phàm.
effector_name_DuringBattle,0,,Để ta xử chúng!
effector_name_SleptInLowQualityBed,0,,Đã ngủ trên giường khó chịu
effector_name_SleptInMedQualityBed,0,,Đã ngủ trên giường tốt
effector_name_SleptInHighQualityBed,0,,Đã ngủ trên giường thoải mái
effector_name_SleptInHighestQualityBed,0,,Đã ngủ trên giường rất thoải mái
effector_info_SleptInMedQualityBed,0,,A dễ chịu thoải mái giường trong these khó chịu times.
effector_info_SleptInHighQualityBed,0,,A dễ chịu thoải mái giường trong these khó chịu times.
effector_info_SleptInHighestQualityBed,0,,A dễ chịu thoải mái giường trong these khó chịu times.
effector_name_AteSweet,0,,Ate something ngọt ngào
effector_info_AteSweet,0,,"Khi cơn thèm những điều ngọt ngào trong đời được thỏa mãn, tôi cũng mãn nguyện."
effector_name_YoungAgeEffector01,0,,Trẻ tuổi
effector_info_YoungAgeEffector01,0,,"Ai cũng nói tôi còn nhiều điều phải học. Nhưng thời gian và sức lực đứng về phía tôi. Điều thiếu về kinh nghiệm, tôi bù bằng nhiệt huyết!"
effector_name_AdultAgeEffector01,0,,Trưởng thành
effector_info_AdultAgeEffector01,0,,"Đúng là tôi đã gặp vài trở ngại. Nhưng tôi học được cách tự lo cho mình, và đó mới là điều quan trọng. Dù sao tôi cũng đang ở độ sung sức nhất!"
effector_name_MidAgeEffector01,0,,Trung niên
effector_info_MidAgeEffector01,0,,"Tôi có thể già hơn và khôn ngoan hơn, người khác tìm đến tôi để được dẫn dắt. Nhưng thật lòng ư? Chỗ nào cũng đau, và tôi không còn nhanh nhẹn như trước."
effector_name_SeniorAgeEffector01,0,,Cao niên
effector_info_SeniorAgeEffector01,0,,"Tôi biết đôi điều, giá mà họ chịu nghe! Và đúng, tôi vẫn tự lo được. Chỉ cần thêm thời gian thôi. Hãy kính trọng người cao tuổi!"
effector_name_GoodDream01,0,,Giấc mơ đẹp
effector_info_GoodDream01,0,,"Tôi mơ được một người bạn thân an ủi, rồi thức dậy trong cảm giác an toàn và thư thái. Hôm nay khởi đầu thật tuyệt!"
effector_name_GoodDream02,0,,Giấc mơ tuyệt vời
effector_info_GoodDream02,0,,Giấc mơ huy hoàng đến mức tôi không muốn tỉnh... Tôi đã bay lượn khắp thiên đường! Hãy để tôi giữ lấy cảm giác ấy.
effector_name_GoodDreamFood,0,,Giấc mơ ngon lành
effector_info_GoodDreamFood,0,,"Một yến tiệc xa hoa, mọng nước được bày trước mặt tôi trong giấc mơ đêm qua. Tôi có thể ăn mãi, cơn thèm không có giới hạn!"
effector_name_GoodDreamCanibal,0,,Giấc mơ ngấu nghiến
effector_info_GoodDreamCanibal,0,,"Tôi đang nhai cánh tay nướng thơm ngon thì nhận ra đó là tay mình, vẫn còn gắn trên người! Nhưng tôi không thể dừng lại, tôi đói cồn cào..."
effector_name_GoodDreamSpoiled,0,,Giấc mơ xa hoa
effector_info_GoodDreamSpoiled,0,,"Tôi tắm trong sữa lừa và cánh hoa hồng. Khi bước khỏi bồn nước bốc hơi, các thị nữ mặc lụa cho tôi và dâng bánh ngọt. Than ôi, chỉ là giấc mơ..."
effector_name_GoodDreamAscetic,0,,Giấc mơ khắc khổ
effector_info_GoodDreamAscetic,0,,"Tôi mơ về một nơi ẩn tu cô độc bên vách đá, ngồi hàng giờ trên nền lạnh nhìn sóng Đại Tây Dương vỗ dữ dội. Tôi tỉnh dậy đầy sảng khoái."
effector_name_GoodDreambloodlust,0,,Giấc mơ chém giết
effector_info_GoodDreambloodlust,0,,"Tôi mơ về trận chiến huy hoàng, nơi chúng ta đổ thành sông máu và chiến đấu đến khi mặt trời mọc trên chiến thắng. Tôi vừa tàn bạo vừa anh hùng!"
effector_name_BadDream01,0,,Ác mộng
effector_info_BadDream01,0,,Tôi gặp giấc mơ rụng hết răng rồi mất hàng giờ đi tìm. Sau đó mới nhận ra mình đang đứng trần truồng giữa chợ.  
effector_name_BadDream02,0,,Đêm Terror
effector_info_BadDream02,0,,"Bất động khi nước dâng quanh người, tôi biết mình sắp chết đuối trong bóng tối. Thứ gì đó ngồi xổm trên ngực và cười. Tôi tỉnh dậy thở hổn hển..."
effector_name_BadDreamFood,0,,Cơn ác mộng
effector_info_BadDreamFood,0,,"Tôi dự một yến tiệc kỳ lạ. Thức ăn sống dậy, quằn quại, bò và trườn khắp nơi. Tôi buồn nôn khi đưa thìa lên miệng... rồi tỉnh giấc!"
effector_name_BadDreamSpoiled,0,,Giấc mơ nhục nhã
effector_info_BadDreamSpoiled,0,,"Tôi bị ép ngủ trên giường đinh dưới đáy giếng, rồi bị nhốt vào cùm và bị nông dân ném chất bẩn! Khiếp! Đúng là ác mộng!"
effector_name_KilledBloodlustMood,0,,Hạ Sát Kẻ Thù (Thỏa Mãn Khát Máu)
effector_info_KilledBloodlustMood,0,,"Ta đã tự tay kết liễu đời chúng, thật đáng đời phường giặc cỏ! Giờ thì xem có kẻ nào còn dám cả gan bén mảng tới chọc giận ta nữa không?"
effector_name_KilledBloodlustAtributes,0,,Đã giết ai đó
effector_name_KilledPacifistMood,0,,Tước Đoạt Mạng Sống (Cắn Rứt Lương Tâm)
effector_info_KilledPacifistMood,0,,Tôi chỉ muốn gột rửa sạch những vết máu tanh nhơ nhuốc này. Không thể tin nổi chính đôi bàn tay tôi lại gây nên tội ác đó... Tôi... buồn nôn quá. Tôi đã biến thành loài quái vật gì thế này?
effector_name_WeightLowEffector01,0,,Gầy
effector_name_WeightHighEffector01,0,,Thân hình to lớn
effector_name_HeightLowEffector01,0,,Thấp
effector_name_HeightHighEffector01,0,,Cao
effector_name_WearingMorbidItem,0,,Mặc vật phẩm bệnh hoạn
effector_info_WearingMorbidItem,0,,"Tôi hóa thành một nhà xác sống, xương kêu lách cách và những hộp sọ trơ hàm gắn trên da thịt còn sống của mình."
effector_name_WearingDeadManItem,0,,Wearing Items của Dead
effector_info_WearingDeadManItem,0,,"Người ta bảo chờ giày của người chết là điềm xấu. Nhưng nếu món đồ chưa hỏng, chắc tôi phải dùng thôi."
effector_name_WearingHumanSkinItem,0,,Mặc da người
effector_info_WearingHumanSkinItem,0,,"Nếu khoác da người khác, tôi đang giữ lại phần nào của họ? Trông tôi đáng sợ, nhưng tôi lo cho chính linh hồn mình."
effector_name_BeingAroundHumanLeather,0,,Cảnh tượng da người
effector_info_BeingAroundHumanLeather,0,,Ở gần da người khiến tôi rợn cả da thịt. Tôi không thể giả vờ rằng mình thích nó.
effector_name_BeingAroundHumanLeatherItems,0,,Cảnh tượng vật phẩm bằng da người
effector_info_BeingAroundHumanLeatherItems,0,,Dùng bộ phận cơ thể người chắc chắn là phạm thánh. Những thứ này có bị ám không?
effector_name_SurroundingsHorrible,0,,Môi trường xung quanh kinh khủng
effector_name_SurroundingsUgly,0,,Môi trường xung quanh tẻ nhạt
effector_name_SurroundingPretty,0,,Môi trường xung quanh dễ chịu
effector_name_SurroundingBeautiful,0,,Môi trường xung quanh tuyệt đẹp
Awful,0,,Tồi tàn
Dull,0,,Đơn điệu
Mediocre,0,,Khiêm tốn
Good,0,,Tốt
SlightlyImpressive,0,,Đẹp đẽ
SomewhatImpressive,0,,Sang trọng
VeryImpressive,0,,Lộng lẫy
ExtremelyImpressive,0,,Như hoàng cung
effector_name_InSmallRoom,0,,Những bức tường đang ép sát
effector_name_InSpaciousRoom,0,,Căn phòng thật rộng rãi
effector_name_JealousBedroom,0,,Ghen tị vì phòng ngủ kém hơn
effector_info_JealousBedroom,0,,Tại sao <other_name> có phòng tốt hơn tôi? Họ có gì đặc biệt chứ?
effector_name_WantsOwnRoom,0,,Phòng riêng của mình
effector_info_WantsOwnRoom,0,,Tôi thực sự không chịu được việc chia sẻ phòng với người khác. Tôi cần không gian riêng.
effector_name_RoomTooImpressive,0,,Căn phòng không mong muốn
effector_info_RoomTooImpressive,0,,Căn phòng này hơi quá xa hoa so với sở thích của tôi. Tôi thích sự giản dị.
effector_name_expectationVeryLow,0,,Kỳ vọng rất thấp
effector_info_expectationVeryLow,0,,"Thành thật mà nói, tôi may mắn vì vẫn còn đứng vững. Nhiều người khác đã không đi được xa đến thế."
effector_name_expectationLow,0,,Kỳ vọng thấp
effector_info_expectationLow,0,,Cuộc sống không dễ dàng. Nhưng tôi xoay xở với những gì mình có. Không nên than phiền.
effector_name_expectationMedium,0,,Kỳ vọng vừa phải
effector_info_expectationMedium,0,,"Ai cũng cần chút tiện nghi trong đời, phải không? Tôi đâu nói đến thứ gì xa hoa."
effector_name_expectationHigh,0,,Kỳ vọng cao
effector_info_expectationHigh,0,,"Tôi đã làm việc chăm chỉ, nên xứng đáng được hưởng vài điều tốt đẹp hơn trong đời."
effector_name_expectationVeryHigh,0,,Kỳ vọng rất cao
effector_info_expectationVeryHigh,0,,Tôi không xấu hổ khi nói rằng mình muốn thứ tốt nhất. Tôi xứng đáng.
effector_name_ComfortableLow,0,,Rất khó chịu
effector_name_ComfortableMedium,0,,Không thoải mái
effector_name_ComfortableVery,0,,Thoải mái
effector_name_ComfortableExtremely,0,,Rất thoải mái
effector_name_MadeSomethigOutOfHumanLeather,0,,Chế tác đồ từ da người
effector_info_MadeSomethigOutOfHumanLeather,0,,Hóa ra da người lại mềm mại và dễ chế tác đến bất ngờ. Ước gì tôi không biết điều đó.
effector_name_AffectionSettledTogether,0,,Cùng định cư
effector_name_AffectionNegative,0,,Cuộc trò chuyện khó chịu
effector_name_AffectionNeutral,0,,Chuyện phiếm
effector_name_AffectionPositive,0,,Cuộc trò chuyện dễ chịu
effector_name_AffectionVeryPositive,0,,Cuộc trò chuyện tuyệt vời
effector_name_AffectionVeryNegative,0,,Cuộc trò chuyện tồi tệ
effector_name_AffectionPetNeutral,0,,Bạn đồng hành ổn
effector_name_AffectionAnimalPositive,0,,Bạn đồng hành dễ thương
effector_name_AffectionAnimalNegative,0,,Bạn đồng hành phiền đểái
effector_name_AffectionPetVeryPossitive,0,,Bạn đồng hành tuyệt vời
effector_name_AffectionPetVeryNegative,0,,Bạn đồng hành tồi tệ
effector_name_AffectionWelcome,0,,Welcomed me để Khu định cư 
effector_name_AffectionCarryToBed,0,,Carried me when I đã wounded
effector_name_AffectionTendWounds,0,,Tended của tôi wounds
effector_name_AffectionBattledTogether,0,,Chúng ta đã cùng chiến đấu
effector_name_BeliefNeutral,0,,Đức tin không đổi
effector_name_BeliefSlightPositivePagan,0,,Huynh Đệ Cây Sồi faith increased slightly
effector_name_BeliefPositivePagan,0,,Huynh Đệ Cây Sồi faith increased
effector_name_BeliefVeryPositivePagan,0,,Huynh Đệ Cây Sồi faith deepened significantly
effector_name_BeliefSlightPositiveChristian,0,,Giáo hội Phục Hưng devotion increased slightly
effector_name_BeliefPositiveChristian,0,,Giáo hội Phục Hưng devotion increased
effector_name_BeliefVeryPositiveChristian,0,,Giáo hội Phục Hưng devotion greatly magnified
effector_name_BeliefSlightNegativePagan,0,,Huynh Đệ Cây Sồi faith decreased slightly
effector_name_BeliefNegativePagan,0,,Huynh Đệ Cây Sồi faith decreased
effector_name_BeliefVeryNegativePagan,0,,Huynh Đệ Cây Sồi faith diminished significantly
effector_name_BeliefSlightNegativeChristian,0,,Giáo hội Phục Hưng devotion decreased slightly
effector_name_BeliefNegativeChristian,0,,Giáo hội Phục Hưng devotion decreased
effector_name_BeliefVeryNegativeChristian,0,,Giáo hội Phục Hưng devotion greatly diminished
effector_name_BeliefConversionPagan,0,,Converted để Huynh Đệ Cây Sồi
effector_name_BeliefConversionChristian,0,,Converted để Giáo hội Phục Hưng
effector_name_SocialNeedLow,0,,Cô đơn
effector_name_SocialNeedMed,0,,Deprived của company
effector_name_BanishedVillagerFriend,0,,Bạn bị trục xuất
effector_name_BanishedVillagerRival,0,,Đối thủ bị trục xuất
effector_name_WorkerDiedFriend,0,,Bạn đã chết
effector_name_WorkerDiedRival,0,,Đối thủ đã chết
effector_info_BanishedVillagerFriend,0,,Cuộc sống vốn dĩ đã quá nghiệt ngã rồi. Giờ tôi lại mất đi một người bạn thân.
effector_info_BanishedVillagerRival,0,,Cút đi cho khuất mắt! Mong chúng bị bọn cướp bắt!
effector_info_WorkerDiedFriend,0,,"Oh, how I shall mourn của tôi bạn's passing."
effector_info_WorkerDiedRival,0,,"We mustn't speak ill của dead. But Tôi có thể't pretend Tôi sẽ shed many tears, either."
effector_name_BanishedVillager,0,,Dân làng bị trục xuất
effector_info_BanishedVillager,0,,Số người sống sót trên thế gian này đã quá ít ỏi. Việc trục xuất ai đó chẳng khác nào một sự phản bội.
effector_name_WorkerDied,0,,Người quen đã chết
effector_info_WorkerDied,0,,Tôi có thể't believe they là Không hơn!
effector_name_DrankVeryNiceWine,0,,Đã uống rượu vang hảo hạng
effector_info_DrankVeryNiceWine,0,,"Mmm, điều này wine là like bottled poetry."
effector_name_WetLow,0,,Ẩm ướt
effector_name_WetMed,0,,Ướt
effector_name_WetHigh,0,,Sũng nước
effector_name_In_water,0,,Ở dưới nước
effector_name_drowning,0,,Đang chết đuối
effector_name_DrownLoseHP,0,,Đang chết đuối
effector_name_RoleAssign,0,,Được giao vai trò
effector_info_RoleAssign,0,,Tôi thật may mắn và vinh dự khi được trao chức vụ <role> tại <village_name>.
effector_name_RoleRetract,0,,Vai trò bị thu hồi
effector_info_RoleRetract,0,,Tôi rất thất vọng và chán nản khi chức vụ <role> bị tước bỏ.
effector_name_RoleReqLost,0,,Thiếu điều kiện
effector_info_RoleReqLost,0,,Tôi thiếu một số điều kiện cần thiết để thực thi trọn vẹn nhiệm vụ của mình: <list_of_requirements>
effector_name_RoleBardRoomEnter,0,,Sự hiện diện giải trí
effector_info_RoleBardRoomEnter,0,,Có gì ngọt ngào hơn tiếng đàn lute hay mê hoặc hơn một câu chuyện? Thời gian trôi nhanh khi <role> này biểu diễn. 
effector_name_RoleShamanRoomEnter,0,,Sự hiện diện huyền kiến 
effector_info_RoleShamanRoomEnter,0,,"Khi <role> này bước vào lùm cây, ma thuật sâu thẳm của đất đai như đến gần. [He/She] hòa hợp với Tự nhiên."
effector_name_RolePriestRoomEnter,0,,Sự hiện diện mộ đạo
effector_info_RolePriestRoomEnter,0,,Hãy để <role> này truyền cảm hứng đưa bạn đến gần Đấng Christ hơn. [He/She] thực sự bước trên con đường đức tin bằng sự khiêm nhường và ân sủng.
effector_name_EventFeastOutcomeTerrible,0,,Yến tiệc thảm họa
effector_name_EventFeastOutcomeVeryBad,0,,Yến tiệc đáng than trách
effector_name_EventFeastOutcomeBad,0,,Yến tiệc đáng thất vọng
effector_name_EventFeastOutcomeDecent,0,,Yến tiệc tạm được
effector_name_EventFeastOutcomeGood,0,,Yến tiệc thú vị
effector_name_EventFeastOutcomeVeryGood,0,,Yến tiệc xuất sắc
effector_name_EventFeastOutcomeUnforgettable,0,,Yến tiệc khó quên
effector_name_EventFeastOutcomeTerribleHedonist,0,,Yến tiệc thảm họa (Khoái lạc)
effector_name_EventFeastOutcomeVeryBadHedonist,0,,Yến tiệc đáng than trách (Khoái lạc)
effector_name_EventFeastOutcomeBadHedonist,0,,Yến tiệc đáng thất vọng (Khoái lạc)
effector_name_EventFeastOutcomeDecentHedonist,0,,Yến tiệc tạm được (Khoái lạc)
effector_name_EventFeastOutcomeGoodHedonist,0,,Yến tiệc thú vị (Khoái lạc)
effector_name_EventFeastOutcomeVeryGoodHedonist,0,,Yến tiệc xuất sắc (Khoái lạc)
effector_name_EventFeastOutcomeUnforgettableHedonist,0,,Yến tiệc khó quên (Khoái lạc)
effector_info_EventOutcomeTerrible,0,,"Shamefully chaotic event. I yearned cho death, quite literally, để end của tôi suffering faster. Never again."
effector_info_EventOutcomeVeryBad,0,,I regret going để đó - there là several hours của của tôi cuộc sống đó I'd like Quay lại. What a letdown.
effector_info_EventOutcomeBad,0,,Tôi không thể nói là mình thích điều đó. Thật lòng mà nói toàn bộ sự việc khá tẻ nhạt.
effector_info_EventOutcomeDecent,0,,"That đã an acceptable way để pass some time, Tất cả things considered."
effector_info_EventOutcomeGood,0,,Tôi thấy mọi người đều đã có một trải nghiệm thật tuyệt vời. Tôi rất mong chờ sự kiện tiếp theo.
effector_info_EventOutcomeVeryGood,0,,What a captivating event! Tôi sẽ be thinking about it cho days để come. Tôi đang so glad I went.
effector_info_EventOutcomeUnforgettable,0,,Tôi đã never been để an event like it. You had để be there - I đã awestruck đó anything could be so beautiful.
effector_name_MoodMinusShakedownBloodlust,0,,Lẽ Ra Phải Quyết Chiến
effector_info_MoodMinusShakedownBloodlust,0,,Tại sao chúng ta không từ chối thẳng thừng và đập nát sọ lũ tống tiền đó thay vì ngoan ngoãn dâng nộp bao nhiêu tài nguyên mồ hôi nước mắt!
effector_name_GoalPreferenceVeryNegative,0,,Làm việc gì đó trong oán giận
effector_name_GoalPreferenceNegative,0,,Miễn cưỡng làm việc gì đó
effector_name_GoalPreferencePositive,0,,Hăm hở làm việc gì đó
effector_name_GoalPreferenceVeryPositive,0,,Say mê làm việc gì đó
effector_info_GoalPreference,0,,"(<goal_names>) <style=AltColor>Mẹo: Nếu dân làng cảm thấy chán nản, hãy giao cho họ công việc đam mê để nâng cao tâm trạng.</style>"
effector_name_EventFeastNonParticipant,0,,Did không attend feast
effector_info_EventFeastNonParticipant,0,,"So, I wasn't important enough để be invited. Who cares? Tôi sẽ make của tôi own feast, với backgammon và harlots!"
effector_name_EventSermonNonParticipant,0,,Không dự Thánh lễ
effector_info_EventSermonNonParticipant,0,,Maybe they just forgot để invite me
effector_name_EventSermonOutcomeTerrible,0,,Thánh lễ thảm họa
effector_name_EventSermonOutcomeVeryBad,0,,Thánh lễ đáng than trách
effector_name_EventSermonOutcomeBad,0,,Thánh lễ đáng thất vọng
effector_name_EventSermonOutcomeDecent,0,,Thánh lễ tạm được
effector_name_EventSermonOutcomeGood,0,,Thánh lễ thú vị
effector_name_EventSermonOutcomeVeryGood,0,,Thánh lễ xuất sắc
effector_name_EventSermonOutcomeUnforgettable,0,,Thánh lễ khó quên
effector_info_EventSermonOutcomePagan,0,,"Curious. A lot của chanting trong latin. I suppose bread và wine stand trong cho an actual sacrifice, then?"
effector_name_EventRitualNonParticipant,0,,Không dự nghi lễ
effector_info_EventRitualNonParticipant,0,,Maybe they just forgot để invite me
effector_name_EventRitualOutcomeTerrible,0,,Nghi lễ thảm họa
effector_name_EventRitualOutcomeVeryBad,0,,Nghi lễ đáng than trách
effector_name_EventRitualOutcomeBad,0,,Nghi lễ đáng thất vọng
effector_name_EventRitualOutcomeDecent,0,,Nghi lễ tạm được
effector_name_EventRitualOutcomeGood,0,,Nghi lễ thú vị
effector_name_EventRitualOutcomeVeryGood,0,,Nghi lễ xuất sắc
effector_name_EventRitualOutcomeUnforgettable,0,,Nghi lễ khó quên
effector_info_EventRitualOutcomeChris,0,,"I appreciate veneration của Tất cả God's creation, but animal sacrifices và divination đã a bit much."
effector_name_EventExecutionGallowsNegative,0,,Thi hành tồi tệ
effector_name_EventExecutionGallowsPositive,0,,Một vụ treo cổ xuất sắc
effector_name_EventExecutionGallowsNeutral,0,,Đã chứng kiến vụ treo cổ
effector_info_EventExecutionGallowsNegative,0,,Vụ hành quyết là một sự bất công tàn nhẫn. Tôi vô cùng hối hận vì đã quyết định đứng xem nó.
effector_info_EventExecutionGallowsPositive,0,,Who doesn't love a tốt hanging? Họ deserved what đã coming để them.
effector_info_EventExecutionGallowsNeutral,0,,I suppose justice đã served? Rather them than me...
effector_name_ExecutedPrisoner,0,,Tù nhân bị hành quyết
effector_info_ExecutedPrisoner,0,,"Mercy upon đó poor prisoner's soul! There, but cho grace của của tôi gaolers, go I..."
effector_name_ExecutedPrisonerSameFaction,0,,Hành quyết tù nhân (cùng phe phái)
effector_info_ExecutedPrisonerSameFaction,0,,"Cầu xin lòng từ bi đoái thương linh hồn người tù tội nghiệp ấy! Nếu không nhờ sự khoan hồng của cai ngục, người nằm đó ắt hẳn đã là ta..."
effector_name_PrisonerSetFree,0,,Tù nhân được thả
effector_info_PrisonerSetFree,0,,One của our wretched cellmates là released! Might I perchance harbour dreams của của tôi own freedom?
effector_name_SleptInPrisonCellAwful,0,,Slept trong an prison cell
effector_name_SleptInPrisonCellDull,0,,Slept trong an prison cell
effector_name_SleptInPrisonCellMediocre,0,,Slept trong an prison cell
effector_name_SleptInPrisonCellGood,0,,Slept trong an prison cell
effector_name_SleptInPrisonCellSlightlyImpressive,0,,Slept trong an prison cell
effector_name_SleptInPrisonCellSomewhatImpressive,0,,Slept trong an prison cell
effector_name_SleptInPrisonCellVeryImpressive,0,,Slept trong an prison cell
effector_name_SleptInPrisonCellExtremelyImpressive,0,,Slept trong an prison cell
effector_name_RecruitSuccessful,0,,Chiêu mộ thành công
effector_name_RecruitFailed,0,,Chiêu mộ thất bại
effector_name_DungProximity,0,,Mùi phân động vật
effector_info_DungProximity,0,,"A foetid whisper của decay rises, assaulting nostrils"
effector_name_EventMasterClassOutcomeTerrible,0,,Nhóm học <skill_name> thảm họa
effector_name_EventMasterClassOutcomeVeryBad,0,,Nhóm học <skill_name> đáng than trách
effector_name_EventMasterClassOutcomeBad,0,,Nhóm học <skill_name> đáng thất vọng
effector_name_EventMasterClassOutcomeDecent,0,,Nhóm học <skill_name> tạm được
effector_name_EventMasterClassOutcomeGood,0,,Nhóm học <skill_name> thú vị
effector_name_EventMasterClassOutcomeVeryGood,0,,Nhóm học <skill_name> xuất sắc
effector_name_EventMasterClassOutcomeUnforgettable,0,,Nhóm học <skill_name> khó quên
effector_name_EventOutcomeTerribleTrainingBuff,0,,Huấn luyện quân sự thảm họa
effector_name_EventOutcomeVeryBadTrainingBuff,0,,Huấn luyện quân sự đáng than trách
effector_name_EventOutcomeBadTrainingBuff,0,,Huấn luyện quân sự đáng thất vọng
effector_name_EventOutcomeDecentTrainingBuff,0,,Huấn luyện quân sự tạm được
effector_name_EventOutcomeGoodTrainingBuff,0,,Huấn luyện quân sự thú vị
effector_name_EventOutcomeVeryGoodTrainingBuff,0,,Huấn luyện quân sự xuất sắc
effector_name_EventOutcomeUnforgettableTrainingBuff,0,,Huấn luyện quân sự khó quên
effector_info_EventMasterClassOutcomeTerrible,0,,Tôi đang so confused? I know even ít hơn about <skill_name> than when I started!
effector_info_EventMasterClassOutcomeVeryBad,0,,"Well, đó's a few hours của của tôi cuộc sống Tôi có thể never get Quay lại. Tôi đã learned nothing."
effector_info_EventMasterClassOutcomeBad,0,,Buổi giảng dạy thật tẻ nhạt và toàn những điều hiển nhiên. Cùng lắm chỉ là nhắc lại những gì tôi đã biết.
effector_info_EventMasterClassOutcomeDecent,0,,That đã a solid lesson. Tôi đang looking forward để finding out hơn.
effector_info_EventMasterClassOutcomeGood,0,,Tôi cảm thấy as though Tôi đã learned something new hôm nay.
effector_info_EventMasterClassOutcomeVeryGood,0,,Thú vị thật! Hiểu biết của tôi về <skill_name> đã tiến bộ đáng kể.
effector_info_EventMasterClassOutcomeUnforgettable,0,,Buổi học này đã hoàn toàn mở rộng tầm mắt tôi lên một tầm cao mới về kỹ năng <skill_name>. Tôi thật may mắn khi được tham gia.
effector_info_EventMeleeTrainingOutcomeTerrible,0,,Tôi rối quá! Giờ tôi còn hiểu về Cận chiến ít hơn cả lúc bắt đầu!
effector_info_EventMeleeTrainingOutcomeVeryBad,0,,Thế là mất vài giờ đời tôi mà chẳng bao giờ lấy lại được. Tôi chẳng học được gì cả.
effector_info_EventMeleeTrainingOutcomeBad,0,,"Buổi học thật tẻ nhạt, nội dung lại quá hiển nhiên. Cùng lắm tôi chỉ ôn lại những gì đã biết."
effector_info_EventMeleeTrainingOutcomeDecent,0,,Đó là một buổi học khá tốt. Tôi mong được tìm hiểu thêm.
effector_info_EventMeleeTrainingOutcomeGood,0,,Tôi cảm thấy hôm nay mình đã học được điều mới.
effector_info_EventMeleeTrainingOutcomeVeryGood,0,,Thú vị thật! Hiểu biết của tôi về Cận chiến đã tiến bộ đáng kể.
effector_info_EventMeleeTrainingOutcomeUnforgettable,0,,Buổi luyện tập này đã hoàn toàn mở rộng tầm mắt tôi lên một tầm cao mới về Cận chiến. Tôi thật may mắn khi được tham gia.
effector_info_EventRangedTriningOutcomeTerrible,0,,Tôi rối quá! Giờ tôi còn hiểu về Xạ thủ ít hơn cả lúc bắt đầu!
effector_info_EventRangedTriningOutcomeVeryBad,0,,"Well, đó's a few hours của của tôi cuộc sống Tôi có thể never get Quay lại. Tôi đã learned nothing."
effector_info_EventRangedTriningOutcomeBad,0,,Buổi huấn luyện bắn cung thật tẻ nhạt và toàn những điều hiển nhiên. Cùng lắm chỉ là ôn lại những gì tôi đã biết.
effector_info_EventRangedTriningOutcomeDecent,0,,Đó là một bài học bổ ích. Tôi rất mong được học hỏi thêm nhiều điều mới.
effector_info_EventRangedTriningOutcomeGood,0,,Tôi cảm thấy như mình vừa học được thêm một kỹ năng hoàn toàn mới hôm nay.
effector_info_EventRangedTriningOutcomeVeryGood,0,,Thú vị thật! Hiểu biết của tôi về Xạ thủ đã tiến bộ đáng kể.
effector_info_EventRangedTriningOutcomeUnforgettable,0,,Buổi tập bắn này đã hoàn toàn mở rộng tầm mắt tôi lên một tầm cao mới về Bắn cung. Tôi thật may mắn khi được tham gia.
effector_name_EntertainmentIntDisabled,0,,Chơi cờ thỏ cáo quá nhiều
effector_name_EntertainmentRangedDisabled,0,,Chơi ném đĩa quá nhiều
effector_name_EntertainmentDexDisabled,0,,Chơi bowling gỗ quá nhiều
effector_name_EntertainmentPrecisionDisabled,0,,Chơi ném vòng quá nhiều
effector_info_EntertainmentIntDisabled,0,,"Tôi phát ngán vì trò này quá may rủi. Dù chiến thuật có tốt đến đâu, xúc xắc dường như vẫn chống lại tôi."
effector_info_EntertainmentRangedDisabled,0,,Ai lại nghĩ ra trò đẩy đồng xu quanh bàn thế này? Tôi cứ thua mãi và chán ngấy rồi.
effector_info_EntertainmentDexDisabled,0,,Có lẽ tôi nên bỏ chơi bowling gỗ vì vai cứ đau mãi. Vui quá hóa hại.
effector_info_EntertainmentPrecisionDisabled,0,,Ném vòng có thể gây nghiện. Có lẽ nên tạm nghỉ một thời gian và thử điều gì đó mới.
effector_name_MalnutritionMinor,0,,Suy dinh dưỡng (nhẹ)
effector_name_MalnutritionModerate,0,,Suy dinh dưỡng (vừa)
effector_name_MalnutritionSevere,0,,Suy dinh dưỡng (nặng)
effector_name_MalnutritionExtreme,0,,Suy dinh dưỡng (nghiêm trọng)
effector_info_Malnutrition,0,,Tôi đã trở nên yếu ớt. Những ngày thiếu thốn lương thực đã bào mòn cả thể xác lẫn tinh thần tôi.
effector_name_AteSameMealType,0,,Chế độ ăn nhàm chán
effector_info_AteSameMealType,0,,Tôi phát ngán vì ngày nào cũng ăn đi ăn lại vài món ấy. Chẳng có chút đa dạng nào sao? 
effector_name_MoriboundWoundsStinkstomachDmg,0,,Mùi hôi
effector_info_MoriboundWoundsStinkstomachDmg,0,,Vết thương của <settler_name> bốc mùi (<perk_name>)
effector_name_MoriboundWoundsStinkEnter,0,,Mùi hôi
effector_info_MoriboundWoundsStinkEnter,0,,Vết thương của <settler_name> bốc mùi (<perk_name>)
effector_name_MessyEaterStomachDmg,0,,Ăn uống bừa bộn
effector_info_MessyEaterStomachDmg,0,,"<settler_name> ăn như lợn, khiến tôi buồn nôn (<perk_name>)"
effector_name_MessyEaterEnterNegative,0,,Ăn uống bừa bộn
effector_info_MessyEaterEnterNegative,0,,"<settler_name> ăn như lợn, khiến tôi buồn nôn (<perk_name>)"
effector_name_MessyEaterEnterPositive,0,,Ăn uống bừa bộn
effector_info_MessyEaterEnterPositive,0,,"<settler_name> ăn như heo, thật nực cười (<perk_name>)"
effector_name_CongenialPositiveMoodEnter,0,,Sự Hiện Diện Xoa Dịu
effector_info_CongenialPositiveMoodEnter,0,,Được ở cạnh <settler_name> thật là một niềm vui chan chứa (<perk_name>)
effector_name_OutgoingPositiveMoodEnter,0,,Sự Hiện Diện Nhiệt Thành
effector_info_OutgoingPositiveMoodEnter,0,,Được ở cạnh <settler_name> thật là một niềm vui chan chứa (<perk_name>)
effector_name_BenevolentPositiveMoodEnter,0,,Sự Hiện Diện Bác Ái
effector_info_BenevolentPositiveMoodEnter,0,,Được ở cạnh <settler_name> thật là một niềm vui chan chứa (<perk_name>)
effector_name_ChurlNegativeMoodEnter,0,,Sự Hiện Diện Khó Chịu
effector_info_ChurlNegativeMoodEnter,0,,<settler_name> luôn toát ra vẻ mặt cộc cằn khiến tôi vô cùng tụt hứng (<perk_name>)
effector_name_SluggardlyNegativeMoodEnter,0,,Chướng Mắt Khi Làm Việc
effector_info_SluggardlyNegativeMoodEnter,0,,Nhìn điệu bộ làm việc lề mề của <settler_name> thật là bực mình không chịu nổi (<perk_name>)
effector_name_LaggardlyNegativeMoodEnter,0,,Chướng Mắt Khi Làm Việc
effector_info_LaggardlyNegativeMoodEnter,0,,Nhìn điệu bộ làm việc lề mề của <settler_name> thật là bực mình không chịu nổi (<perk_name>)
effector_name_DullardNegativeMoodEnter,0,,Sự Hiện Diện Đần Độn
effector_info_DullardNegativeMoodEnter,0,,"<settler_name> đầu óc quá đỗi chậm chạp tối dạ, ở cạnh #2[him/her] chỉ khiến tôi thêm ức chế phát điên! (<perk_name>)"
effector_name_CannibalEatingHumanEnter,0,,Thấy ai đó ăn thịt người
effector_info_CannibalEatingHumanEnter,0,,Tôi sẽ không bao giờ quên nổi cảnh tượng đó. (<perk_name>)
effector_name_IndustriousWorkSpeedForAll,0,,Sự hiện diện truyền cảm hứng
effector_info_IndustriousWorkSpeedForAll,0,,Chỉ cần ở gần <settler_name> cũng khiến tôi muốn làm việc chăm chỉ hơn (<perk_name>)
effector_name_AnimalPresence,0,,Vuốt ve thú cưng
effector_info_AnimalPresence,0,,Tôi cảm thấy biết ơn vì có sự bầu bạn của <pet_name>
effector_name_AfterRebelious,0,,Sau khi nổi loạn
effector_info_AfterRebelious,0,,Giờ tôi thấy khá hơn rồi - tôi cần trút hết chuyện đó ra.
effector_name_AfterFightNegative,0,,Một cuộc ẩu đả hỗn loạn
effector_info_AfterFightNegative,0,,Ước gì tôi chưa từng can dự. Đau nhức khắp người.
effector_name_AfterFightPositive,0,,Một trận ẩu đả ra trò
effector_info_AfterFightPositive,0,,Đó là một trận đấu công bằng. Tôi đã chứng tỏ bản lĩnh của mình.
effector_name_VigorousMerry,0,,Vui vẻ (Sung sức)
effector_info_VigorousMerry,0,,Tôi đang có phong độ tốt và tràn đầy năng lượng. 
effector_name_RobustMerry,0,,Vui vẻ (Khỏe mạnh)
effector_info_RobustMerry,0,,Tôi đang có phong độ tốt và tràn đầy năng lượng. 
effector_name_InfirmMerry,0,,Vui vẻ (Ốm yếu)
effector_info_InfirmMerry,0,,Vết thương của tôi lành nhanh hơn thường lệ - thật là một phước lành.
effector_name_BrawlerMerry,0,,Vui vẻ (Võ sĩ)
effector_info_BrawlerMerry,0,,Tôi thấy mình mạnh đến mức có thể đấm xuyên áo giáp!
effector_name_WinsomeMerry,0,,Vui vẻ (Duyên dáng)
effector_info_WinsomeMerry,0,,"Tôi có thể bán lươn cho cả ngư dân, sức hút của tôi lớn đến thế đấy."
effector_name_GreenThumbMerry,0,,Vui vẻ (Mát tay trồng trọt)
effector_info_GreenThumbMerry,0,,"Cây cối đang dẫn lối cho tôi, con đường phía trước thật rõ ràng."
effector_name_WiccheMerry,0,,Vui vẻ (Wicche)
effector_info_WiccheMerry,0,,"Tôi đồng điệu với muôn thú, như thể có thể nghe chúng nói chuyện."
effector_name_GourmetMerry,0,,Vui vẻ (Sành ăn)
effector_info_GourmetMerry,0,,"Dù chỉ là một món đơn giản, tôi vẫn háo hức tạo nên thứ gì đó thật ngon lành."
effector_name_HeftyMerry,0,,Vui vẻ (Vạm vỡ)
effector_info_HeftyMerry,0,,"Đưa cuốc chim cho tôi, tôi sẵn sàng dời cả núi!"
effector_name_WiseMerry,0,,Vui vẻ (Thông thái)
effector_info_WiseMerry,0,,Thế giới dường như chất chứa bao ý nghĩa.
effector_name_EruditeMerry,0,,Vui vẻ (Uyên bác)
effector_info_EruditeMerry,0,,Tâm trí tôi thật sáng rõ - tri thức tuôn trào và tôi nhanh chóng chắt lọc được tinh túy.
effector_name_ListlessInvitedSelf,0,,Được mời dự yến tiệc
effector_info_ListlessInvitedSelf,0,,Tôi chẳng nhớ vì sao mình lại quyết định đến đây. Những dịp thế này thật nhàm chán!
effector_name_ListlessInvitedOthers,0,,Uể oải vì được mời dự yến tiệc
effector_info_ListlessInvitedOthers,0,,Ai đã mời <settler_name> vậy? Nếu có ai phá hỏng yến tiệc thì chắc chắn là #2[him/her]!
effector_name_ListlessNotInvited,0,,Không được mời dự yến tiệc
effector_info_ListlessNotInvited,0,,Chỉ có một điều tệ hơn việc phải chịu đựng một yến tiệc buồn tẻ: đó là thậm chí còn không được mời.
effector_name_BenevolentInvitedOthers,0,,Nhân từ vì mời người khác dự yến tiệc
effector_info_BenevolentInvitedOthers,0,,Yến tiệc lúc nào cũng vui hơn hẳn khi có <settler_name> tham dự.
effector_name_NightOwlSleptDuringNight,0,,Ngủ vào ban đêm (Cú đêm)
effector_info_NightOwlSleptDuringNight,0,,Tôi ghét ngủ vào ban đêm. Tôi làm được nhiều việc hơn hẳn trong bóng tối.
effector_name_EarlyBirdSleptDuringMorning,0,,Ngủ nướng (Dậy sớm)
effector_info_EarlyBirdSleptDuringMorning,0,,"Ước gì tôi không ngủ quên! Nếu không thức dậy trước mặt trời, tôi thấy cả ngày như bị phí hoài."
effector_name_ArtLevelHighIncrease,0,,Cảm hứng nghệ thuật (Tinh tế)
effector_info_ArtLevelHighIncrease,0,,Hôm nay tôi có thể tạo ra điều gì đó đặc biệt - thậm chí có thể là tuyệt tác.
effector_name_ArtLevelLowIncrease,0,,Cảm hứng nghệ thuật (Quý giá)
effector_info_ArtLevelLowIncrease,0,,Tôi tràn đầy ý tưởng và nóng lòng tạo ra thứ gì đó thật đẹp.
worker_high_mood_message,0,,<name> đang cảm thấy vô cùng hân hoan và yêu đời!
effector_name_RaidWonEffector,0,,Khải Hoàn Thắng Lợi!
effector_info_RaidWonEffector,0,,Chúng ta đã đánh tan tác kẻ thù — men say chiến thắng đang cuồn cuộn tuôn chảy trong từng huyết quản!
effector_name_RaidLosingEffector,0,,Thế Trận Bất Lợi
effector_info_RaidLosingEffector,0,,Cục diện trận chiến đang vô cùng bất lợi cho chúng ta. Rồi số phận khu định cư này sẽ trôi dạt về đâu!
effector_name_RaidLosingEffectorPos,0,,Thua Trận (Giải Thoát)
effector_info_RaidLosingEffectorPos,0,,Ta đã sẵn sàng buông xuôi đầu hàng — ta chỉ mong mỏi tấn bi kịch này mau chóng khép lại.
effector_name_RaidWinningEffector,0,,Chiếm Lĩnh Ưu Thế
effector_info_RaidWinningEffector,0,,Nữ thần may mắn đang mỉm cười với chúng ta! Chiến thắng vẻ vang ngày hôm nay ắt sẽ thuộc về ta.
effector_name_SleepFullSomnolent,0,,Một giấc ngủ ngon (Uể oải)
effector_info_SleepFullSomnolent,0,,Tôi đã ngủ ngon như một đứa trẻ.
effector_info_RoleRetractBard,0,,Tôi thất vọng vì vai trò Nhạc công của mình đã bị tước bỏ.
effector_info_RoleRetractShaman,0,,Tôi thất vọng vì vai trò Tu sĩ tự nhiên của mình đã bị tước bỏ.
effector_info_RoleRetractPriest,0,,Tôi thất vọng vì vai trò Tuyên úy của mình đã bị tước bỏ.
effector_info_RoleRetractWarden,0,,Tôi thất vọng vì vai trò Quản ngục của mình đã bị tước bỏ.
effector_info_RoleRetractLibrarian,0,,Tôi thất vọng vì vai trò Thủ thư của mình đã bị tước bỏ.
effector_info_RoleRetractSergeant,0,,Tôi thất vọng vì vai trò Hạ sĩ quan của mình đã bị tước bỏ.
effector_info_RoleRetractBroker,0,,Tôi thất vọng vì vai trò Môi giới của mình đã bị tước bỏ.
almanac_group_name_Animals,0,,Động Vật
almanac_group_name_Apparel,0,,Y Phục
almanac_group_name_Armor,0,,Áo Giáp & Mũ Trụ
almanac_group_name_Base,0,,Cơ Bản
almanac_group_name_Basictutorials,0,,Hướng Dẫn Cơ Bản
almanac_group_name_Books,0,,Sách & Bản Thảo
almanac_group_name_Building,0,,Vật Liệu Xây Dựng
almanac_group_name_Carcases,0,,Xác Động Vật
almanac_group_name_Chemical,0,,Hóa Chất & Dược Liệu
almanac_group_name_Clothing,0,,Quần Áo & Vải Vóc
almanac_group_name_Construction,0,,Công Trình Xây Dựng
almanac_group_name_Decoration,0,,Đồ Trang Trí & Đa Năng
almanac_group_name_Food,0,,Lương Thực & Thực Phẩm
almanac_group_name_Furniture,0,,Đồ Nội Thất
almanac_group_name_Headware,0,,Mũ Nón & Khăn Trùm
almanac_group_name_Index,0,,Mục Lục Tổng Quan
almanac_group_name_Life,0,,Động Thực Vật
almanac_group_name_Manufactured,0,,Thành Phẩm Chế Tác
almanac_group_name_Material,0,,Nguyên Vật Liệu
almanac_group_name_Meal,0,,Bữa Ăn & Khẩu Phần
almanac_group_name_Melee,0,,Vũ Khí Cận Chiến
almanac_group_name_Misc,0,,Vật Phẩm Khác
almanac_group_name_Plants,0,,Cây Trồng & Thảo Mộc
almanac_group_name_Production,0,,Sản Xuất & Chế Tác
almanac_group_name_Ranged,0,,Vũ Khí Tầm Xa
almanac_group_name_Raw,0,,Nguyên Liệu Thô
almanac_group_name_Shields,0,,Khiên Chắn
almanac_group_name_Systems,0,,Cơ Chế Hệ Thống
almanac_group_name_Textiles,0,,Vải Sợi & Dệt May
almanac_group_name_Tutorial,0,,Hướng Dẫn
almanac_group_name_Defense,0,,Khí Tài Quân Sự
almanac_group_name_Waste,0,,Phế Thải & Đồ Thừa
almanac_group_name_Zone,0,,Khu Vực & Quy Hoạch
almanac_more_details,0,,Mở Bách Khoa Thư để xem chi tiết
zone_name_cropfield,0,,Ruộng trồng trọt
zone_info_cropfield,0,,Khu vực trồng cây làm thức ăn hoặc tài nguyên khác. 
almanac_group_name_Leisure,0,,Giải Trí & Thư Giãn
almanac_group_name_Stimulants,0,,Chất Kích Thích & Thảo Dược
almanac_group_name_Medicine,0,,Thuốc Men & Băng Bó
almanac_group_name_Unrefined,0,,Khoáng Sản & Vật Liệu Thô
almanac_group_name_Seeds,0,,Hạt Giống & Mầm Cây
almanac_group_name_Warfare,0,,Chiến Tranh & Binh Bị
almanac_group_name_Trophy,0,,Chiến Lợi Phẩm
almanac_group_name_Fermenting,0,,Nguyên Liệu Ủ Lên Men
almanac_group_name_Fodder,0,,Thức Ăn Gia Súc
almanac_group_name_Gameplaytips,0,,Mẹo Chơi & Kinh Nghiệm
almanac_group_name_Coin,0,,Tiền Xu Vàng
almanac_group_name_Ammo,0,,Đạn Dược & Tên Bắn
almanac_group_name_Projectile,0,,Đạn Máy Bắn Đá Trebuchet
almanac_group_name_Pierce,0,,Đạn Máy Bắn Tên Ballista
almanac_group_name_Multishot,0,,Đạn Máy Bắn Đá Onager
almanac_group_name_Simple,0,,Bữa Ăn Đơn Sơ
almanac_group_name_Lavish,0,,Bữa Ăn Thịnh Soạn
almanac_group_name_Roomtypes,0,,Phân Loại Phòng
almanac_group_name_Roletypes,0,,Vai Trò Cộng Đồng
almanac_group_name_Eventypes,0,,Các Loại Sự Kiện
general_level,0,,Cấp độ
general_skill_requirements,0,,Kỹ năng cần thiết
general_room_requirements,0,,Yêu cầu loại phòng
general_own_room_requirement,0,,Dân làng có phòng riêng
general_room_furniture_requirements,0,,Phòng cần có
role_active_in_pte,0,,Vai trò này có thể được dùng trong sự kiện
not_eligible_for_roles_info,0,,Dân làng này hiện không đủ điều kiện cho vai trò nào 
eligible_for_roles,0,,Đủ điều kiện cho vai trò
almanac_group_name_Skillbooks,0,,Sách Kỹ Năng & Giáo Khoa
pte_needs_rooms,0,,Có thể tổ chức tại
can_have_role,0,,Hưởng lợi từ vai trò cộng đồng
pte_host_buildings,0,,Có thể kích hoạt từ công trình
must_have_in_rooms,0,,Có thể dùng cho loại phòng
can_host_events,0,,Có thể tổ chức sự kiện
unlocked_with_research,0,,Mở khóa bằng nghiên cứu
general_uses_fuel,0,,Tiêu thụ nhiên liệu
possible_states,0,,Các trạng thái có thể
resource_category_name_None,0,,Khác
list_or,0,,hoặc
list_and,0,,và
room_type_not_found_legend,0,,Không tìm thấy phòng thuộc loại: {type}
room_click_to_select,0,,Nhấp để chọn một phòng thuộc loại này.
room_info_type,0,,Loại phòng:
room_in_selection,0,,Phòng
room_info_temperature,0,,Nhiệt độ phòng
room_info_content,0,,Nội dung phòng
room_info_heating,0,,Sưởi ấm
room_info_floor_isolation,0,,Cách nhiệt sàn
room_info_wall_isolation,0,,Cách nhiệt tường
room_info_roof_isolation,0,,Cách nhiệt mái
room_info_total_isolation,0,,Tổng cách nhiệt
room_info_area,0,,Diện tích
room_minimum_area,0,,Diện tích ô lưới tối thiểu
room_must_have,0,,Phải có
room_cannot_have,0,,Không được có
room_cant_have_other_prod_buildings,0,,và các loại bàn chế tác khác
info_temperature,0,,Nhiệt độ
room_type_kitchen,0,,Nhà bếp
room_type_workshop,0,,Xưởng
room_type_library,0,,Thư viện
room_type_chapel_christian,0,,Nhà nguyện Hội Phục Hưng
room_type_chapel_pagan,0,,Đền Huynh Đệ Cây Sồi
room_type_bedroom_single,0,,Phòng riêng
room_type_bedroom_individual,0,,Phòng của <name>
room_type_bedroom_shared,0,,Phòng chung
room_type_great_hall,0,,Đại sảnh
room_type_default,0,,Phòng trống
room_info_kitchen,0,,"Dao sáng lên dưới ánh bếp nóng. Nhà bếp là trái tim của mọi mái nhà, nơi món ăn được chuẩn bị bằng sự tận tâm. Bữa ăn được làm ở đây nhanh hơn bất cứ đâu."
room_info_workshop,0,,"Mọi người thợ lành nghề đều hằng mơ ước về một gian xưởng chế tác riêng biệt, nơi họ thỏa sức trui rèn tay nghề và tạo tác nên những kiệt tác xuất sắc nhất. Đây chính là nơi mọi bàn chế tác phát huy trọn vẹn tiềm năng hoạt động."
room_info_library,0,,"Một sự tĩnh lặng trang nghiêm bao trùm khắp căn phòng giữa những hàng giá sách đầy ắp các pho cổ thư bọc da quý giá. Âm thanh duy nhất vang vọng chỉ là tiếng ngòi bút lông sột soạt trên nền giấy da cừu, khi các học giả miệt mài ghi chép lại tri thức uyên bác."
room_info_chapel_christian,0,,"Trang nghiêm, khắc khổ nhưng đượm vẻ tôn kính, gian phòng này được kiến tạo dành riêng cho việc nguyện cầu. Nơi đây, con chiên ngoan đạo có thể dâng lời khẩn cầu lòng từ bi của Đấng Tạo Hóa, tạ ơn Người đã ban cho mùa màng bội thu, hoặc trầm tư chiêm nghiệm về cõi vĩnh hằng."
room_info_chapel_pagan,0,,"Một không gian linh thiêng được bài trí mộc mạc bằng những lễ vật thuần khiết của Đất Mẹ. Nơi con người hòa mình cùng nhịp chuyển mùa của đất trời, giao hòa cùng vạn vật thảo mộc và muông thú chữa lành, lắng nghe thanh âm thiêng liêng ngự trị trong vạn vật."
room_info_bedroom_single,0,,"Một không gian riêng tư quý giá hiếm có. Chốn nương náu bình yên để nghỉ ngơi trong thanh tịnh, tự do mơ mộng và thức giấc một mình giữa sự tĩnh lặng tuyệt đối."
room_info_bedroom_shared,0,,"Căn phòng ngủ tập thể chung, nơi nhiều người cùng nhau ngả đầu yên giấc sau một ngày dài lao động. Nơi đây luôn tràn ngập hơi ấm và sự gần gũi, nhưng đôi khi cũng có những tiếng ngáy vang như sấm cùng mùi cơ thể khó chịu."
room_info_great_hall,0,,"Nơi vang vọng những khúc ca sử thi hào hùng và những câu chuyện truyền kỳ thâu đêm suốt sáng, nơi diễn ra những bữa đại yến linh đình hay những mưu đồ chính trị kín đáo. Nơi toàn thể dân làng quây quần bên nhau để chia sẻ tấm bánh mì sinh tồn hằng ngày."
room_info_default,0,,"Một căn phòng trống dự phòng chưa có mục đích sử dụng. Theo thời gian, công năng phù hợp của nó sẽ dần được định hình."
room_effect_kitchen,0,,Bếp lò và bàn mổ thịt được gia tăng đáng kể tốc độ sản xuất
room_effect_workshop,0,,Tất cả bàn chế tác được gia tăng đáng kể tốc độ sản xuất
room_effect_library,0,,Bàn nghiên cứu được tăng tốc độ biên soạn và nghiên cứu sách tri thức
room_effect_grand_library,0,,Bàn nghiên cứu được tăng vượt trội tốc độ biên soạn và nghiên cứu sách tri thức
room_effect_advanced_chapel_christian,0,,Tín đồ Hội Phục Hưng nhận hiệu ứng tâm trạng phấn chấn khi ở trong phòng. Tín đồ Cây Sồi nhận ít hơn.
room_effect_chapel_christian,0,,Tín đồ Hội Phục Hưng nhận hiệu ứng tâm trạng phấn chấn khi ở trong phòng. Tín đồ Cây Sồi nhận ít hơn.
room_effect_chapel_pagan,0,,Tín đồ Huynh Đệ Cây Sồi nhận hiệu ứng tâm trạng phấn chấn khi ở trong phòng. Tín đồ Phục Hưng nhận không đáng kể.
room_effect_advanced_chapel_pagan,0,,Tín đồ Huynh Đệ Cây Sồi nhận hiệu ứng tâm trạng phấn chấn khi ở trong phòng. Tín đồ Phục Hưng nhận không đáng kể.
room_effect_bedroom_single,0,,Người ngủ trong căn phòng này sẽ được tận hưởng trọn vẹn sự yên tĩnh và thanh thản của phòng ngủ riêng biệt.
room_effect_bedroom_shared,0,,Người ngủ trong phòng này nhận được một hiệu ứng tâm trạng tích cực nhẹ.
room_effect_great_hall,0,,Mọi món ăn đều trở nên thơm ngon đậm đà hơn khi được thưởng thức trong Đại Sảnh Đường. Dân làng nhận được hiệu ứng tâm trạng tích cực sau mỗi bữa ăn.
room_effect_default,0,,Phòng trống không mang lại bất kỳ chỉ số thưởng nào
room_speed_multiplier_bonus,0,,Tốc độ sản xuất theo quy hoạch phòng
room_kitchen_any_stove,0,,Bếp Lò Bất Kỳ
room_kitchen_cant_have_buildings,0,,"Không được có bất kỳ bàn chế tác, đền thờ hoặc giường ngủ nào khác."
room_library_cant_have_buildings,0,,Không được có bất kỳ bàn chế tác hoặc đền thờ nào khác.
room_cant_have_shrine,0,,Đền Thờ
room_cant_have_beds,0,,Giường Ngủ
room_cant_have_workstations,0,,Bàn Chế Tác
room_cant_have_other_workstations,0,,Bàn Chế Tác Khác
room_cant_have_entertainment,0,,Công Trình Giải Trí
room_cant_have_practice,0,,Công Trình Huấn Luyện
list_exactly,0,,Chính xác
room_new,0,,Đã Thành Lập Phòng
room_imp,0,,Độ Tráng Lệ
room_info_imp,0,,"Mức độ tráng lệ ấn tượng của căn phòng phụ thuộc vào không gian rộng rãi, sự giàu có của của cải và vẻ đẹp thẩm mỹ bài trí bên trong."
room_imp_awful,0,,Tồi Tàn
room_imp_dull,0,,Đơn Điệu
room_imp_mediocre,0,,Khiêm Tốn
room_imp_good,0,,Trang Nhã
room_imp_slightly_Impressive,0,,Bề Thế
room_imp_somewhat_impressive,0,,Xa Hoa
room_imp_very_impressive,0,,Lộng Lẫy
room_imp_extremely_impressive,0,,Tuyệt Mỹ Cung Điện
room_type_medical,0,,Bệnh Xá Cứu Thương
room_info_medical,0,,"Nơi nỗi đau đớn thể xác luôn thường trực và bóng tử thần luôn rình rập cận kề, bệnh xá cứu thương chính là chốn nương náu bình yên để chữa lành thương tật, tĩnh dưỡng phục hồi và dâng lời nguyện cầu bình an."
room_effect_medical,0,,"Dân làng hồi phục thể lực và vết thương nhanh hơn khi nằm tại đây, đồng thời thao tác băng bó chữa trị có tỉ lệ thành công cao hơn hẳn"
room_imp_free_space,0,,Không Gian Trống Trải
room_imp_free_space_info,0,,Diện tích không gian trống đi lại trong phòng (không tính diện tích bị chiếm bởi đồ nội thất và bàn sản xuất)
room_imp_wealth,0,,Tổng Giá Trị Của Cải
room_imp_wealth_info,0,,"Tổng giá trị tài sản tích lũy của mọi công trình, vật phẩm và tài nguyên bài trí trong phòng"
room_imp_average_beauty,0,,Giá Trị Thẩm Mỹ Trung Bình
room_imp_average_beauty_info,0,,Giá trị thẩm mỹ trung bình của toàn bộ các vật thể bài trí bên trong phòng
room_type_prison_cell,0,,Xà Lim Phòng Giam
room_info_prison_cell,0,,Nơi cư trú đặc biệt dành cho những vị khách bị tước đoạt quyền tự do. Những ổ khóa kiên cố và song sắt vững chãi là yếu tố sống còn.
room_name_grand_library,0,,Đại Thư Viện Viện Sĩ
room_info_grand_library,0,,"Một trung tâm học thuật sầm uất dành cho công tác nghiên cứu chuyên sâu, nơi các viện sĩ hàn lâm cùng tề tựu để đọc sách và trao đổi những tư tưởng vĩ đại định hình vận mệnh quốc gia."
room_type_advanced_chapel_christian,0,,Nhà Nguyện Thánh Tích
room_info_advanced_chapel_christian,0,,"Không gian linh thiêng tôn nghiêm chuyên dùng để phụng thờ và trưng bày các thánh tích cổ. Nơi đây là điểm đến tâm linh của các đoàn hành hương, truyền nguồn cảm hứng đức tin bất diệt qua cuộc đời hiển thánh của các vị thánh tông đồ."
room_type_advanced_chapel_pagan,0,,Thánh Địa Huynh Đệ Cây Sồi
room_info_advanced_chapel_pagan,0,,"Một chốn bình yên thanh tịnh tuyệt đối. Con dân Huynh Đệ có thể hít một hơi thật sâu và cảm nhận mạch nguồn đất mẹ dưới chân mình, dưới bóng râm che chở ban phước của Cây Sồi Đại Ngàn linh thiêng."
room_type_training,0,,Võ Phòng Huấn Luyện
room_info_training,0,,"Bằng việc bài trí các trang thiết bị luyện tập võ nghệ trong phòng này, nơi đây trở thành thao trường lý tưởng để dân làng rèn luyện nâng cao tốc độ chiến đấu."
room_type_treasury,0,,Kho Bạc Ngân Khố
room_info_treasury,0,,Nơi cất giữ những cỗ rương chiến tranh kiên cố và kiểm đếm của cải vàng bạc. Các thương lái môi giới thường thích lui tới đây để chiêm ngưỡng sự giàu có phồn vinh được phô diễn.
room_effect_prison_cell,0,,Phòng giam không cung cấp điểm cộng chỉ số
room_effect_training,0,,Dân làng nhận được điểm cộng tăng nhẹ tốc độ khi rèn luyện võ nghệ bên trong phòng này
room_effect_treasury,0,,Kho bạc ngân khố không cung cấp điểm cộng chỉ số
room_pte_requirement,0,,Yêu Cầu Thiết Yếu Cho Sự Kiện
room_role_requirement,0,,Yêu Cầu Cho Vai Trò Cộng Đồng
bbt_new_room_unlocked,0,,Đã mở khóa quy hoạch loại phòng mới: 
atb_info_AnimalCritChance,0,,Tỷ lệ đánh đòn chí mạng khi đi săn bắn thú rừng.
atb_info_AttackCritChance,0,,Cơ hội tung đòn chí mạng bằng bất kỳ vũ khí nào trong chiến đấu.
atb_info_BloodLoss,0,,Lượng máu mất mỗi giờ.
atb_info_BloodRecovery,0,,Khả năng hồi phục mất máu: tốc độ hồi máu cơ bản của dân làng +/- hệ số
atb_info_ButcheringYield,0,,Số lượng tài nguyên thu được khi mổ thịt động vật.
atb_info_Clumsiness,0,,"Hệ số biểu thị cơ hội thất bại. Con số càng thấp, dân làng này càng ít thất bại khi hành động."
atb_info_CombatPerception,0,,Phạm vi khoảng cách mà dân làng này sẽ lập tức phát hiện và chủ động lao vào giao chiến với kẻ thù khi đang ở chế độ hung hãn.
atb_info_ConsciousnessLoss,0,,Lượng tỉnh táo mất mỗi giờ.
atb_info_ConsciousnessMax,0,,Mức tỉnh táo tối đa của dân làng (có thể giảm nếu bị chấn thương đầu).
atb_info_ConsciousnessStep,0,,Hệ số cho biết dân làng này hồi phục tỉnh táo nhanh đến mức nào.
atb_info_ConstructionFail,0,,"Tỉ lệ xảy ra sự cố xây dựng thất bại, buộc phải làm lại từ đầu."
atb_info_ConstructionSpeed,0,,Tốc độ thi công xây dựng công trình của dân làng này.
atb_info_ConsumptionSpeed,0,,"Thời gian tiêu thụ một món ăn, tính theo giờ. Dân làng có một số đặc tính sẽ ăn nhanh hơn."
atb_info_CookingSpeed,0,,Tốc độ nấu nướng và chuẩn bị thức ăn của dân làng này.
atb_info_CourteousAmount,0,,(nên được ẩn)
atb_info_CraftingMiscSpeed,0,,Tốc độ chế tạo vật phẩm cơ bản của dân làng này.
atb_info_CutAmount,0,,Số lượng tài nguyên dân làng này nhận được khi thu hoạch thực vật.
atb_info_CutFail,0,,"Tỉ lệ dân làng này gặt hái thất bại, làm mất toàn bộ tài nguyên thu hoạch."
atb_info_CutSpeed,0,,Tốc độ thu hoạch thực vật của dân làng này.
atb_info_CuttingStone,0,,Tốc độ đẽo đá của dân làng này.
atb_info_DecomposeSpeed,0,,Tốc độ phân hủy của tài nguyên này.
atb_info_EvadeChance,0,,Cơ hội né tránh một đòn tấn công đang tới.
atb_info_HarvestAmount,0,,Số lượng tài nguyên mà dân làng này thu được mỗi lần thu hoạch.
atb_info_HarvestFail,0,,"Tỉ lệ dân làng này thất bại khi thu hoạch, dẫn đến mất toàn bộ sản lượng tài nguyên."
atb_info_HarvestSpeed,0,,Công trình này settler's crop Thu hoạch speed.
atb_info_HealthLoss,0,,Lượng máu (sinh lực) bị mất mỗi giờ khi bị thương hoặc mắc bệnh.
atb_info_HealthMax,0,,Sinh lực tối đa: sinh lực cơ bản +/- hệ số.
atb_info_HealthRecovery,0,,Sức khỏe recovery: base hitpoint recovery rate +/- multipliers.
atb_info_Hunger,0,,Công trình này settler's nutrition expended per Giờ.
atb_info_HungerThreshold,0,,"Ngưỡng đói: Mức đói cơ bản của dân làng kết hợp các hệ số nhân. (Ví dụ: Đặc điểm -10% nghĩa là ngưỡng đói được giảm 10%, giúp dân làng này lâu bị đói hơn những người khác)."
atb_info_HuntingRetaliateChance,0,,Tỉ lệ con mồi sẽ quay lại tấn công người đi săn.
atb_info_HuntingRunChance,0,,Tỷ lệ quarry flees.
atb_info_HuntingVisibility,0,,Tỉ lệ con thú phát hiện ra dân làng này khi đang bị rình săn.
atb_info_MakeClayBrick,0,,Công trình này dân làng's clay brickmaking speed.
atb_info_MakeClothesSpeed,0,,Công trình này dân làng's garment making speed.
atb_info_MeleeAttackSpeed,0,,Cận chiến attack duration: base Cận chiến duration +/- multipliers.
atb_info_MeleeChance,0,,Tỉ lệ đánh trúng mục tiêu khi sử dụng vũ khí cận chiến.
atb_info_MeleeDmg,0,,"Cận chiến weapon proficiency (Higher Cận chiến skill will increase, và penalties such as wounds will decrease this modifier.)."
atb_info_MineAmount,0,,Số lượng tài nguyên mà dân làng này khai thác được từ việc đào bới và đập đá.
atb_info_MineFail,0,,Tỉ lệ dân làng này làm hỏng hoặc hao hụt tài nguyên khi đào mỏ.
atb_info_MineSpeed,0,,Voxel Khai khoáng và digging speed.
atb_info_MoodChangeSpeed,0,,Tốc độ biến thiên tăng giảm chỉ số tâm trạng của dân làng này.
atb_info_MoodTarget,0,,Mục tiêu tâm trạng hướng tới. Chỉ số này sẽ dao động tùy thuộc vào các biến cố tích cực hay tiêu cực xảy ra. (Những dân làng mang đặc tính lạc quan sẽ vượt qua khủng hoảng tâm lý tốt hơn người bi quan.)
atb_info_MotorFunction,0,,Settler motor function level. Affects duration của Tất cả physical actions.
atb_info_MovementSpeed,0,,Movement tốc độ represented trong grid spaces per second.
atb_info_PainMax,0,,Mức độ đau đớn tối đa mà dân làng này có thể chịu đựng trước khi ngất xỉu.
atb_info_PainStep,0,,Multiplier indicating how fast this settler's Cơn đau subsides.
atb_info_PainTreshold,0,,"Ngưỡng đau: mức đau cơ bản của dân làng +/- hệ số (ví dụ: nếu đặc tính đặt ở -10%, dân làng này sẽ chịu được nhiều đau đớn hơn trong chiến đấu)"
atb_info_RangedChance,0,,Cơ hội đánh trúng mục tiêu bằng vũ khí tầm xa.
atb_info_RangedDmg,0,,"Mức thành thạo vũ khí tầm xa (Kỹ năng tầm xa cao hơn sẽ tăng hệ số này, còn các bất lợi như vết thương sẽ giảm nó.)"
atb_info_RangedRange,0,,Hệ số tấn công tầm xa (Được điều chỉnh bởi thời tiết và thời điểm trong ngày.)
atb_info_RangedSpeed,0,,Ranged vũ khí attack duration: base ranged attack duration +/- multipliers.
atb_info_ResearchSpeed,0,,Tốc độ nghiên cứu của dân làng.
atb_info_RottingSpeed,0,,Tốc độ mục nát của tài nguyên này.
atb_info_SleepDepletionSpeed,0,,Giấc ngủ depletion multiplier.
atb_info_SleepNeed,0,,Giấc ngủ depletion rate. (Settlers lose 4% Giấc ngủ per Giờ.)
atb_info_SleepRecoverSpeed,0,,Tốc độ hồi phục giấc ngủ của dân làng khi đang ngủ hoặc bất tỉnh.
atb_info_SleepThreshold,0,,"Hệ số ngưỡng buồn ngủ (ví dụ: nếu đặc tính đặt ở -10%, ngưỡng buồn ngủ lệch 10% và dân làng này sẽ đi ngủ muộn hơn những người khác.)"
atb_info_SmithingSpeed,0,,Tốc độ rèn đúc của dân làng.
atb_info_SowSpeed,0,,Tốc độ gieo trồng của dân làng.
atb_info_SqueamishAmount,0,,(nên được ẩn)
atb_info_TendingFailChance,0,,"Cơ hội chăm sóc vết thương thất bại, khiến vết thương nặng hơn."
atb_info_TendingQuality,0,,Hệ số cho biết vết thương được chăm sóc tốt đến đâu (Cũng chịu ảnh hưởng bởi chất lượng bộ cứu thương và thảo dược.)
atb_info_TendingSpeed,0,,Tốc độ dân làng này chăm sóc vết thương.
atb_info_UnarmedArmorDamage,0,,Tỉ lệ phần trăm sát thương mà dân làng đánh tay không gây ra cho lớp giáp của mục tiêu.
atb_info_UnarmedBuildingDamage,0,,Tỉ lệ phần trăm sát thương mà dân làng đánh tay không gây ra cho công trình hoặc đống tài nguyên.
atb_info_UnarmedDamage,0,,Sát thương cơ bản dân làng này gây ra khi không vũ trang.
atb_info_UnarmedIgnoreArmor,0,,Tỉ lệ phần trăm sát thương trực diện mà dân làng đánh tay không gây ra cho mục tiêu có vũ trang.
atb_info_UnarmedPrecision,0,,Cơ hội đánh trúng mục tiêu khi không vũ trang.
atb_info_UnarmedSpeed,0,,Khoảng thời gian giữa các cú đấm.
atb_info_WoodWorkingSpeed,0,,Tốc độ gia công gỗ của dân làng.
atb_info_WoundRegen,0,,Tốc độ hồi phục của dân làng khi bị thương.
atb_name_AnimalCritChance,0,,Động vật Critical Hit Chance
atb_name_AttackCritChance,0,,Cơ hội chí mạng khi tấn công
atb_name_BloodLoss,0,,Máu Loss
atb_name_BloodRecovery,0,,Máu Recovery
atb_name_ButcheringYield,0,,Sản lượng pha thịt
atb_name_Clumsiness,0,,Độ vụng về
atb_name_CombatPerception,0,,Cảnh Giác Chiến Đấu
atb_name_ConsciousnessLoss,0,,Loss của Ý thức 
atb_name_ConsciousnessMax,0,,Ý thức Max
atb_name_ConsciousnessStep,0,,Ý thức Recovery
atb_name_ConstructionFail,0,,Tỉ Lệ Thất Bại Xây Dựng
atb_name_ConstructionSpeed,0,,Tốc Độ Xây Dựng
atb_name_ConsumptionSpeed,0,,Thời gian ăn uống
atb_name_CookingSpeed,0,,Tốc độ nấu nướng
atb_name_CourteousAmount,0,,Mức độ nhã nhặn
atb_name_CraftingMiscSpeed,0,,Tốc độ chế tạo
atb_name_CutAmount,0,,Sản lượng gặt
atb_name_CutFail,0,,Cơ hội thu hoạch thất bại
atb_name_CutSpeed,0,,Tốc độ thu hoạch thực vật
atb_name_CuttingStone,0,,Xẻ đá
atb_name_DecomposeSpeed,0,,Tốc độ phân hủy
atb_name_EvadeChance,0,,Tỉ lệ né tránh
atb_name_HarvestAmount,0,,Sản lượng thu hoạch
atb_name_HarvestFail,0,,Cơ hội thu hoạch mùa vụ thất bại
atb_name_HarvestSpeed,0,,Tốc độ thu hoạch mùa vụ
atb_name_HealthLoss,0,,Tổn thất máu
atb_name_HealthMax,0,,Máu tối đa
atb_name_HealthRecovery,0,,Hồi phục máu
atb_name_Hunger,0,,Cảm giác thèm ăn
atb_name_HungerThreshold,0,,Mức độ đói Threshold
atb_name_HuntingRetaliateChance,0,,Cơ hội con mồi phản công
atb_name_HuntingRunChance,0,,Cơ hội con mồi bỏ chạy
atb_name_HuntingVisibility,0,,Săn bắn Visibility
atb_name_MakeClayBrick,0,,Tốc độ làm gạch
atb_name_MakeClothesSpeed,0,,Tốc độ may vá
atb_name_MeleeAttackSpeed,0,,Cận chiến Weapon Attack Duration Multiplier
atb_name_MeleeChance,0,,Cơ hội đánh trúng bằng vũ khí cận chiến
atb_name_MeleeDmg,0,,Hệ số sát thương vũ khí cận chiến
atb_name_MineAmount,0,,Khai khoáng Amount
atb_name_MineFail,0,,Cơ hội khai khoáng thất bại
atb_name_MineSpeed,0,,Tốc độ khai khoáng
atb_name_MoodChangeSpeed,0,,Tốc Độ Biến Thiên Tâm Trạng
atb_name_MoodTarget,0,,Tâm Trạng Mục Tiêu
atb_name_MotorFunction,0,,Chức năng vận động
atb_name_MovementSpeed,0,,Tốc độ di chuyển
atb_name_PainMax,0,,Cơn đau Max
atb_name_PainStep,0,,Tốc độ giảm đau
atb_name_PainTreshold,0,,Cơn đau Threshold
atb_name_RangedChance,0,,Cơ hội đánh trúng bằng vũ khí tầm xa
atb_name_RangedDmg,0,,Hệ số sát thương vũ khí tầm xa
atb_name_RangedRange,0,,Global Tầm xa
atb_name_RangedSpeed,0,,Hệ số thời gian tấn công tầm xa
atb_name_ResearchSpeed,0,,Tốc độ nghiên cứu
atb_name_RottingSpeed,0,,Tốc độ mục nát
atb_name_SleepDepletionSpeed,0,,Tốc độ tiêu hao giấc ngủ
atb_name_SleepNeed,0,,Giấc ngủ Requirement
atb_name_SleepRecoverSpeed,0,,Tốc độ hồi phục giấc ngủ
atb_name_SleepThreshold,0,,Giấc ngủ Threshold
atb_name_SmithingSpeed,0,,Tốc độ rèn đúc
atb_name_SowSpeed,0,,Tốc độ gieo trồng
atb_name_SqueamishAmount,0,,Mức độ nhát gan
atb_name_TendingFailChance,0,,Cơ hội chăm sóc vết thương thất bại
atb_name_TendingQuality,0,,Hiệu quả chữa thương
atb_name_TendingSpeed,0,,Tốc độ chữa trị
atb_name_UnarmedArmorDamage,0,,Sát Thương Phá Giáp Tay Không
atb_name_UnarmedBuildingDamage,0,,Sát Thương Tay Không Lên Công Trình
atb_name_UnarmedDamage,0,,Sát thương không vũ trang
atb_name_UnarmedIgnoreArmor,0,,Sát Thương Trực Diện Tay Không
atb_name_UnarmedPrecision,0,,Cơ hội đánh trúng không vũ trang
atb_name_UnarmedSpeed,0,,Thời gian ra đòn tay không
atb_name_WoodWorkingSpeed,0,,Tốc độ gia công gỗ
atb_name_WoundRegen,0,,Vết thương Regeneration
atb_name_GlobalXPgain,0,,Nhận điểm kinh nghiệm
atb_name_GlobalWorkSpeed,0,,Tốc độ công việc tổng thể
atb_info_GlobalXPgain,0,,Lượng XP dân làng này nhận được từ mỗi hoạt động.
atb_info_GlobalWorkSpeed,0,,Hệ số nhân tốc độ của mọi hoạt động liên quan đến công việc.
atb_name_RareChance,0,,Cảm hứng sáng tạo
atb_info_RareChance,0,,Cơ hội tạo ra vật phẩm chất lượng cao được tăng.
atb_name_CookingAmount,0,,Nấu nướng Yield
atb_info_CookingAmount,0,,Số lượng tài nguyên tạo ra khi nấu nướng.
atb_name_TradingValue,0,,Giá trị trao đổi
atb_name_TradingBargain,0,,Mặc cả
atb_name_NegotiationChance,0,,Đàm phán
atb_info_TradingValue,0,,Điều này làm thay đổi giá trị trao đổi thêm XX%.
atb_info_TradingBargain,0,,Giá trị dân làng này có thể nhận thêm từ thương nhân mà không phải trao lại lượng tương đương.
atb_info_NegotiationChance,0,,Tỷ lệ phần trăm cuộc thương lượng thành công. Ví dụ: khi đề nghị tài nguyên thay cho dân làng trong sự kiện đòi tiền chuộc.
atb_name_AnimalHarvestYeald,0,,Động vật Harvest Yield
atb_info_AnimalHarvestYeald,0,,Số lượng tài nguyên thu hoạch được từ động vật sống.
atb_name_XpCapMultiplier,0,,Hệ số giới hạn kinh nghiệm
atb_info_XpCapMultiplier,0,,XP hằng ngày của mỗi kỹ năng dân làng có giới hạn. Hệ số này thiết lập giới hạn đó.
atb_name_XpDecayMultiplier,0,,Tỉ lệ suy giảm kinh nghiệm
atb_info_XpDecayMultiplier,0,,XP của dân làng giảm dần theo thời gian với tốc độ khác nhau ở mỗi người. XP không giảm xuống dưới cấp gần nhất đã đạt của kỹ năng tương ứng.
atb_name_HarvestAnimalSpeed,0,,Động vật Harvest Speed
atb_name_TameAnimalSpeed,0,,Động vật Taming Speed
atb_name_TrainAnimalSpeed,0,,Động vật Huấn luyệning Speed
atb_name_TameChanceMultiplier,0,,Cơ hội thuần hóa động vật
atb_name_TrainChanceMultiplier,0,,Cơ hội huấn luyện động vật
atb_info_HarvestAnimalSpeed,0,,Tốc độ thu hoạch tài nguyên từ động vật (như vắt sữa dê hoặc xén lông cừu).
atb_info_TameAnimalSpeed,0,,Tốc độ thuần hóa thú hoang dã của dân làng này.
atb_info_TrainAnimalSpeed,0,,Tốc độ huấn luyện thú nuôi của dân làng này.
atb_info_TameChanceMultiplier,0,,Cơ hội dân làng này tiến triển thành công khi thuần hóa động vật hoang dã
atb_info_TrainChanceMultiplier,0,,Cơ hội dân làng này tiến triển thành công khi huấn luyện động vật đã thuần hóa
atb_name_AnimalTameChance,0,,Tỉ Lệ Thuần Hóa Động Vật
atb_name_AnimalTrainChance,0,,Tỉ Lệ Huấn Luyện Động Vật
atb_info_AnimalTameChance,0,,Tỉ lệ phần trăm thuần hóa thành công con thú (trình độ của dân làng sẽ nhân thêm vào tỉ lệ này).
atb_info_AnimalTrainChance,0,,Tỉ lệ phần trăm huấn luyện thành công con thú (trình độ của dân làng sẽ nhân thêm vào tỉ lệ này).
atb_name_AgentBeautyInput,0,,Giá trị thẩm mỹ
atb_info_AgentBeautyInput,0,,Mức Vẻ đẹp mà sinh vật này mang đến cho thế giới. Con số này được kết hợp với Giá trị Thẩm mỹ của vật phẩm đang trang bị.
atb_name_AgentBodyBeautyInput,0,,Giá trị thẩm mỹ (Toàn thân)
atb_info_AgentBodyBeautyInput,0,,Mức Vẻ đẹp mà sinh vật này mang đến cho thế giới. Con số này được kết hợp với Giá trị Thẩm mỹ của vật phẩm đang trang bị. Một số vật phẩm có thể che phủ và ghi đè giá trị này.
atb_name_AgentFaceBeautyInput,0,,Giá trị thẩm mỹ (Khuôn mặt)
atb_info_AgentFaceBeautyInput,0,,Mức Vẻ đẹp mà sinh vật này mang đến cho thế giới. Con số này được kết hợp với Giá trị Thẩm mỹ của vật phẩm đang trang bị.
atb_name_AffectionPositiveMultiplier,0,,Tương tác xã hội tích cực
atb_name_AffectionNegativeMultiplier,0,,Tương tác xã hội tiêu cực
atb_name_SocialCompatibilityPositive,0,,Cơ hội tương tác xã hội tích cực 
atb_name_SocialCompatibilityNegative,0,,Cơ hội tương tác xã hội tiêu cực
atb_name_ConversationInteractionHoursCooldown,0,,Thời gian giữa các tương tác xã hội 
atb_name_ConversationAvailabilityChance,0,,Cơ hội tham gia tương tác xã hội
atb_info_AffectionPositiveMultiplier,0,,Nhân hệ số tác động giao tiếp xã hội tích cực
atb_info_AffectionNegativeMultiplier,0,,Nhân hệ số tác động giao tiếp xã hội tiêu cực
atb_info_SocialCompatibilityPositive,0,,Nhân cơ hội xảy ra tương tác xã hội tích cực
atb_info_SocialCompatibilityNegative,0,,Nhân cơ hội xảy ra tương tác xã hội tiêu cực
atb_info_ConversationInteractionHoursCooldown,0,,Số giờ giữa các lần tương tác xã hội.
atb_info_ConversationAvailabilityChance,0,,Cơ hội tham gia tương tác xã hội
atb_name_fishing_yeald,0,,Sản lượng câu cá
atb_info_fishing_yeald,0,,Số lượng cá câu được khi đi câu cá
atb_name_fishing_failed,0,,Cơ hội câu cá thất bại
atb_info_fishing_failed,0,,Tỷ lệ phần trăm lần câu cá thất bại và tài nguyên từ mẻ câu bị mất
atb_name_NegotiationMultiplier,0,,Hệ số thương lượng
atb_info_NegotiationMultiplier,0,,"Hệ số này ảnh hưởng đến giá trị mà người đàm phán yêu cầu. Hệ số càng thấp, khu định cư của bạn càng phải đề nghị ít hơn cho phe phái khác trong sự kiện tống tiền và thương lượng với người bỏ trốn."
atb_name_RecruitChance,0,,Cơ hội chiêu mộ thành công
atb_name_BeingRecruitedChance,0,,Cơ hội chấp nhận chiêu mộ
atb_info_RecruitChance,0,,Cơ hội nỗ lực chiêu mộ hằng ngày thành công. Chỉ số này còn được nhân với cơ hội được chiêu mộ của tù nhân mục tiêu.
atb_info_BeingRecruitedChance,0,,Cơ hội nỗ lực chiêu mộ hằng ngày thành công. Chỉ số này còn được nhân với cơ hội chiêu mộ của dân làng đang thuyết phục tân binh.
atb_name_recruitPrisonerChance,0,,Cơ hội chiêu mộ tù nhân
atb_info_recruitPrisonerChance,0,,Cơ hội chiêu mộ thành công một tù nhân trở thành dân làng mới. 
atb_name_AgentFlammability,0,,Khả năng bắt lửa
atb_name_AgentFireDamageMultiplier,0,,Hệ số sát thương lửa
atb_info_AgentFlammability,0,,"Mức độ dễ cháy của người, động vật hoặc vật thể. Chỉ số càng cao, chúng càng dễ bắt lửa."
atb_info_AgentFireDamageMultiplier,0,,Sát thương lửa được nhân với con số này 
atb_name_RangedTrainSpeed,0,,Tốc độ huấn luyện tầm xa
atb_name_MeleeTrainSpeed,0,,Tốc độ huấn luyện cận chiến
atb_info_RangedTrainSpeed,0,,Tốc độ dân làng hoàn thành một buổi huấn luyện
atb_info_MeleeTrainSpeed,0,,Tốc độ dân làng hoàn thành một buổi huấn luyện
atb_name_SocialFightChance,0,,Cơ hội phản công
atb_name_SimpleToLavishChance,0,,Cơ hội nâng cấp bữa ăn
atb_info_SocialFightChance,0,,Cơ hội gây gổ với kẻ đã xúc phạm mình  
atb_info_SimpleToLavishChance,0,,Cơ hội một bữa ăn đơn giản được phục vụ thành phiên bản thịnh soạn hơn. 
quality_fine,0,,Hảo Hạng
quality_flawless,0,,Hoàn Mỹ
quality_flimsy,0,,Tạm Bợ Kém Phẩm
quality_good,0,,Chất Lượng Tốt
quality_none,0,,Tiêu Chuẩn
quality_sturdy,0,,Bền Vững Kiên Cố
quality_superior,0,,Thượng Hạng Vượt Trội
tainted,0,,Vấy máu xác chết
tainted_info,0,,"Vật phẩm này bị lột từ một thi thể. Do đó nó bị giảm giá trị, và một số dân làng có thể phản ứng tiêu cực khi mặc nó."
resources names,0,,Tên Các Loại Tài Nguyên
resource_name_dirt,0,,Đất Nền
resource_name_advanced_research_book,0,,Luận Văn Nghiên Cứu
resource_name_alcohol,0,,Rượu Nồng
resource_name_wine,0,,Rượu Vang
resource_name_rough_wine,0,,Rượu Vang Thô
resource_name_beer,0,,Bia Tươi
resource_name_ale,0,,Bia Ale
resource_name_ash,0,,Tro Tàn
resource_name_barley,0,,Hạt Lúa Mạch
resource_name_basic_research_book,0,,Biên Niên Sử Tri Thức
resource_name_beet,0,,Củ Dền
resource_name_bone_meal,0,,Bột Xương Nghiền
resource_name_bones,0,,Xương Động Vật
resource_name_cabbage,0,,Bắp Cải
resource_name_carrot,0,,Cà Rốt
resource_name_clay,0,,Đất Sét Dẻo
resource_name_clay_brick,0,,Gạch Đất Nung
resource_name_compost,0,,Phân Ủ Hữu Cơ
resource_name_deer_carcass,0,,Xác Hươu Rừng
resource_name_dung,0,,Phân Gia Súc
resource_name_dungbrick,0,,Gạch Phân Ép Khô
resource_name_gold,0,,Quặng Vàng Tự Nhiên
resource_name_gold_ingot,0,,Thỏi Vàng Ròng
resource_name_gunpowder,0,,Thuốc Súng Đen
resource_name_hare_carcass,0,,Xác Thỏ Rừng
resource_name_hay,0,,Cỏ Khô Rơm Rạ
resource_name_healing_kit,0,,Túi Cứu Thương
resource_name_healing_kit_advanced,0,,Túi Cứu Thương Cao Cấp
resource_name_healing_kit_simple,0,,Túi Cứu Thương Sơ Cấp
resource_name_herbs,0,,Thảo Mộc Dược Liệu
resource_name_honey,0,,Mật Ong Rừng
resource_name_human_carcass,0,,Thi Thể Dân Làng
resource_name_human_carcass_old,0,,Hài Cốt Người
resource_name_iron,0,,Quặng Sắt Cục
resource_name_iron_ingot,0,,Thỏi Sắt Đúc
resource_name_lavish_meal,0,,Bữa Ăn Thịnh Soạn
resource_name_lavish_meal_med_batch,0,,5 Khẩu Phần Ăn Thịnh Soạn
resource_name_lavish_meal_large_batch,0,,10 Khẩu Phần Ăn Thịnh Soạn
resource_name_lavish_meal_meat_human,0,,Bữa Ăn Thịnh Soạn (Thịt Người)
resource_name_leather,0,,Da Thuộc
resource_name_leather_deer,0,,Da Hươu Thuộc
resource_name_leather_hare,0,,Da Thỏ Thuộc
resource_name_leather_wolf,0,,Da Sói Thuộc
resource_name_leather_boar,0,,Da Lợn Rừng Thuộc
resource_name_leather_fox,0,,Da Cáo Thuộc
resource_name_leather_rat,0,,Da Chuột Thuộc
resource_name_leather_water_vole,0,,Da Chuột Đồng Nước
resource_name_leather_polecat,0,,Da Chồn Hôi Thuộc
resource_name_leather_cow,0,,Da Bò Thuộc
resource_name_leather_goat,0,,Da Dê Thuộc
resource_name_leather_sheep,0,,Da Cừu Thuộc
resource_name_leather_donkey,0,,Da Lừa Thuộc
resource_name_leather_cat,0,,Da Mèo Thuộc
resource_name_leather_dog,0,,Da Chó Thuộc
resource_name_leather_human,0,,Da Người Thuộc
resource_name_leather_bear,0,,Da Gấu Thuộc
resource_name_limestone,0,,Khối Đá Vôi Thô
resource_name_limestone_block,0,,Gạch Đá Vôi Đẽo Gọt
resource_name_linen_cloth,0,,Vải Lanh Dệt
resource_name_meal,0,,Khẩu Phần Ăn
resource_name_simple_meal,0,,Bữa Ăn Đơn Sơ
resource_name_meal_med_batch,0,,5 Bữa Ăn Đơn Sơ
resource_name_meal_large_batch,0,,10 Bữa Ăn Đơn Sơ
resource_name_meat,0,,Thịt Tươi Sống
resource_name_meat_human,0,,Thịt Người Sống
resource_name_mushroom,0,,Nấm Tươi Rừng
resource_name_normal_research_book,0,,Sổ Tay Học Thuật
resource_name_packaged_meal,0,,Khẩu Phần Lương Khô Dự Trữ
resource_name_packaged_meal_med_batch,0,,5 Khẩu Phần Lương Khô
resource_name_packaged_meal_large_batch,0,,10 Khẩu Phần Lương Khô
resource_name_packaged_meal_meat_human,0,,Khẩu Phần Lương Khô (Thịt Người)
resource_name_pickled_vegetable,0,,Rau Củ Muối Chua
resource_name_quicklime,0,,Vôi Sống Tôi Vôi
resource_name_redcurrant,0,,Quả Lý Chua Đỏ
resource_name_roasted_meat,0,,Thịt Nướng Chín
resource_name_roasted_meat_human,0,,Thịt Người Nướng Chín
resource_name_salt,0,,Muối Ăn
resource_name_saltpeter,0,,Diêm Tiêu (Saltpetre)
resource_name_silver,0,,Quặng Bạc Tự Nhiên
resource_name_smoked_meat,0,,Thịt Xông Khói
resource_name_smoked_meat_human,0,,Thịt Người Xông Khói
resource_name_stew,0,,Món Canh Hầm Bổ Dưỡng
resource_name_sticks,0,,Cành Cây Khô
resource_name_coal,0,,Than Đá
resource_name_sulfur,0,,Khoáng Chất Lưu Huỳnh
resource_name_meat_rot,0,,Thịt Thối Rữa
resource_name_vegetable_rot,0,,Rau Củ Hỏng Nát
resource_name_vinegar,0,,Giấm Chua
resource_name_wood,0,,Gỗ Thân Cây
resource_name_mechanical_parts,0,,Linh Kiện Cơ Khí Bánh Răng
resource_name_wool_cloth,0,,Vải Len Cừu Dệt
resource_name_cloth,0,,Vải Dệt May Mặc
resource_name_metal,0,,Kim Loại
resource_name_dubious_meal,0,,Món Ăn Kỳ Lạ Đáng Ngờ
resource_name_burn_body,0,,Hỏa táng thi hài người đã khuất
resource_name_settler_carcass,0,,Thi Thể Dân Làng
resource_name_enemy_carcass,0,,Thi Thể Kẻ Địch
resource_name_apple,0,,Quả Táo Giòn Ngọt
resource_name_apple_cider,0,,Rượu Táo Lên Men (Cider)
resource_name_apple_pie,0,,Bánh Táo Nướng Giòn
resource_name_honey_biscuits,0,,Bánh Quy Mật Ong Giòn Rụm
resource_name_redcurrant_pie,0,,Bánh Nướng Quả Lý Chua
resource_name_mead,0,,Rượu Mật Ong Thơm Nồng (Mead)
resource_name_silver_ingot,0,,Thỏi Bạc Đúc
resource_name_ice_block,0,,Khối Băng Lạnh
resource_name_cabbage_seed,0,,Hạt Giống Bắp Cải
resource_name_carrot_seed,0,,Hạt Giống Cà Rốt
resource_name_beet_seed,0,,Hạt Giống Củ Dền
resource_name_herbs_seed,0,,Hạt Giống Thảo Mộc
resource_name_flax_seed,0,,Cây lanh Hạt giống
resource_name_birch_sapling,0,,Birch Cây giống
resource_name_oak_sapling,0,,Oak Cây giống
resource_name_maple_sapling,0,,Maple Cây giống
resource_name_pine_sapling,0,,Pine Cây giống
resource_name_apple_sapling,0,,Apple Cây giống
resource_name_willow_sapling,0,,Willow Cây giống
resource_name_tallow,0,,Mỡ động vật
resource_name_wax,0,,Tài nguyên Beeswax
resource_name_wolf_carcass,0,,Wolf Xác
resource_name_steel_ingot,0,,Tài nguyên Steel Ingot
resource_name_cow_carcass,0,,Cow Xác
resource_name_goat_carcass,0,,Goat Xác
resource_name_sheep_carcass,0,,Sheep Xác
resource_name_donkey_carcass,0,,Ass Xác
resource_name_chicken_carcass,0,,Chicken Xác
resource_name_boar_carcass,0,,Boar Xác
resource_name_pheasant_carcass,0,,Pheasant Xác
resource_name_fox_carcass,0,,Fox Xác
resource_name_cat_carcass,0,,Cat Xác
resource_name_dog_carcass,0,,Dog Xác
resource_name_rat_carcass,0,,Rat Xác
resource_name_polecat_carcass,0,,Polecat Xác
resource_name_bear_carcass,0,,Bear Xác
resource_name_mallard_carcass,0,,Mallard Xác
resource_name_water_vole_carcass,0,,Water Vole Xác
resource_name_trophy,0,,Tài nguyên Trophy
resource_name_deer_head_trophy,0,,Tài nguyên Deer Head Trophy
resource_name_enemy_skull_trophy,0,,Tài nguyên Enemy Skull Trophy
resource_name_settler_skull_trophy,0,,Tài nguyên Settler Skull Trophy
resource_name_hare_stuffed_trophy,0,,Stuffed Thịt thỏ Trophy
resource_name_wolf_head_trophy,0,,Thịt sói Head Trophy
resource_name_cow_head_trophy,0,,Tài nguyên Cow Head Trophy
resource_name_goat_head_trophy,0,,Tài nguyên Goat Head Trophy
resource_name_sheep_head_trophy,0,,Tài nguyên Sheep Head Trophy
resource_name_donkey_head_trophy,0,,Tài nguyên Ass Head Trophy
resource_name_chicken_stuffed_trophy,0,,Tài nguyên Stuffed Chicken Trophy
resource_name_boar_head_trophy,0,,Thịt lợn rừng Head Trophy
resource_name_pheasant_stuffed_trophy,0,,Tài nguyên Stuffed Pheasant Trophy
resource_name_fox_stuffed_trophy,0,,Tài nguyên Stuffed Fox Trophy
resource_name_cat_stuffed_trophy,0,,Tài nguyên Stuffed Cat Trophy
resource_name_dog_stuffed_trophy,0,,Tài nguyên Stuffed Dog Trophy
resource_name_rat_stuffed_trophy,0,,Tài nguyên Stuffed Rat Trophy
resource_name_polecat_stuffed_trophy,0,,Tài nguyên Stuffed Polecat Trophy
resource_name_bear_head_trophy,0,,Thịt gấu Head Trophy
resource_name_mallard_stuffed_trophy,0,,Tài nguyên Stuffed Mallard Trophy
resource_name_water_vole_stuffed_trophy,0,,Tài nguyên Stuffed Water Vole Trophy
resource_name_milk,0,,Sữa tươi
resource_name_egg_chicken,0,,Trứng
resource_name_cheese,0,,Phô mai
resource_name_egg_meal,0,,Stuffed Trứngs
resource_name_milk_meal,0,,Tài nguyên Junket
resource_name_cheese_meal,0,,Tài nguyên Tart de Bry
resource_name_fermenting_mash,0,,Tài nguyên Fermenting Mash
resource_name_fermented_mash,0,,Tài nguyên Dubious Booze
resource_name_fermenting_ale,0,,Bia ale đang lên men
resource_name_fermenting_beer,0,,Bia đang lên men
resource_name_fermenting_fruit_juice,0,,Nước ép trái cây đang lên men
resource_name_fermenting_mead,0,,Rượu mật ong đang lên men
resource_name_curdling_milk,0,,Curdling Sữa tươi
resource_name_aged_wine,0,,Aged Fine Rượu vang
resource_name_animal_feed,0,,Động vật Feed
resource_name_dye,0,,Tài nguyên Pigment
resource_name_gold_coin,0,,Vàng Coin
resource_name_fish_dish,0,,Cá Dish
resource_name_eel_meal,0,,Eel Bữa ăn
resource_name_pike_fish,0,,Tài nguyên Pike 
resource_name_trout_fish,0,,Cá hồi
resource_name_eel,0,,Lươn
resource_name_smoked_fish,0,,Hun khói Fish
resource_name_salted_eel,0,,Muối ăned Eels
resource_name_water_bucket,0,,Tài nguyên Water
resource_name_flamable_oil,0,,Tài nguyên Flammable Oil
resource_name_flamable_oil_greek_fire,0,,Tài nguyên Greek Fire
resource_name_dummy,0,,Tài nguyên Practice Dummy
resource_name_practice_target,0,,Tài nguyên Practice Target
resource_name_basic_trebuchet_ammo,0,,Tài nguyên Trebuchet Projectile
resource_name_basic_ballista_ammo,0,,Tài nguyên Ballista Bolt
resource_name_basic_onager_ammo,0,,Tài nguyên Onager Projectile
resource_name_flamable_trebuchet_ammo,0,,Tài nguyên Incendiary Trebuchet Projectile
resource_name_flamable_onager_ammo,0,,Tài nguyên Incendiary Onager Projectile
resource_name_flamable_gf_trebuchet_ammo,0,,Tài nguyên Incendiary Trebuchet Projectile (greek fire)
resource_name_flamable_gf_onager_ammo,0,,Tài nguyên Incendiary Onager Projectile (greek fire)
resource_info_basic_trebuchet_ammo,0,,Đạn dược cơ giới công thành dùng để bắn phá thành lũy và tiêu diệt quân địch từ xa.
resource_info_basic_ballista_ammo,0,,"Mũi tên lao khổng lồ bọc thép, phóng đi với uy lực xuyên phá khủng khiếp từ cánh nỏ của cỗ máy bắn tên Ballista."
resource_info_basic_onager_ammo,0,,"Một chùm đá cuội cứng cáp, trút cơn mưa đá nghiền nát hàng ngũ quân thù."
resource_info_flamable_trebuchet_ammo,0,,"Bình gốm kín chứa đầy dầu hỏa, phóng đi tạo nên biển lửa thiêu rụi thành lũy quân địch."
resource_info_flamable_onager_ammo,0,,"Những khối đạn tẩm đẫm dầu cháy, gieo rắc lửa đỏ và sự hoảng loạn tột cùng."
resource_info_flamable_gf_onager_ammo,0,,"Những khối đạn tẩm đẫm dầu cháy, gieo rắc lửa đỏ và sự hoảng loạn tột cùng."
resource_name_wood_mechanical_parts,0,,Linh Kiện Cơ Khí Bằng Gỗ
resource_info_wood_mechanical_parts,0,,"Hệ thống bánh răng, trục quay và then chốt được đẽo gọt vô cùng tinh xảo từ gỗ tự nhiên."
resource_name_clay_tile_decorative,0,,Gạch Gốm Khảm Hoa Văn
resource_name_stone_tile_decorative,0,,Gạch Đá Khảm Hoa Văn
resource_name_marble_tile_decorative,0,,Gạch Cẩm Thạch Khảm Hoa Văn
resource_info_clay_tile_decorative,0,,"Những viên gạch đất nung đỏ ấm áp in hoa văn bách hợp, thần thú dũng mãnh và huy hiệu quý tộc."
resource_info_stone_tile_decorative,0,,"Những viên gạch đá mài bóng loáng với nhiều sắc thái màu đá tự nhiên, cứng cáp và tráng lệ."
resource_info_marble_tile_decorative,0,,"Thu nhặt từ tàn tích La Mã cổ đại, viên gạch cẩm thạch bóng loáng này khắc họa các sinh linh từ thời Đại Hồng Thủy."
resource_name_restitutionist_relic,0,,Thánh Tích Tôn Giáo
resource_name_mighty_oak_sapling,0,,Cây Giống Sồi Đại Ngàn
resource_name_skill_book_animal_handling_01,0,,"<sprite=""animalhandling"" name=""animalhandling""> Bách khoa toàn thư động vật Aberdeen"
resource_name_skill_book_botanical_01,0,,"<sprite=""botanical"" name=""botanical""> Thảo dược Anh cổ"
resource_name_skill_book_carpentry_01,0,,"<sprite=""carpentry"" name=""carpentry""> Ngược thớ gỗ"
resource_name_skill_book_construction_01,0,,"<sprite=""construction"" name=""construction""> Sổ phác thảo của Honnicourt"
resource_name_skill_book_culinary_01,0,,"<sprite=""culinary"" name=""culinary""> Vua đầu bếp"
resource_name_skill_book_intelectual_01,0,,"<sprite=""intelectual"" name=""intelectual""> Retractationes (Tự thuật cải chính)"
resource_name_skill_book_marksman_01,0,,"<sprite=""marksman"" name=""marksman""> Nghệ thuật bắn cung"
resource_name_skill_book_medicine_01,0,,"<sprite=""medicine"" name=""medicine""> Sách thuốc của Bald"
resource_name_skill_book_melee_01,0,,"<sprite=""melee"" name=""melee""> Hoa chiến trận"
resource_name_skill_book_smithing_01,0,,"<sprite=""smithing"" name=""smithing""> Về nhiều ngành thủ công "
resource_name_skill_book_speechcraft_01,0,,"<sprite=""speechcraft"" name=""speechcraft""> Về thuật hùng biện"
resource_name_skill_book_tailoring_01,0,,"<sprite=""tailoring"" name=""tailoring""> Kim chỉ và đường may"
resource_name_skill_book_mining_01,0,,"<sprite=""mining"" name=""mining""> Mạch quặng sâu"
resource_name_skill_book_art_01,0,,"<sprite=""art"" name=""art""> Về nghệ thuật trang trí"
resource_name_grand_book,0,,Đại Luận Văn Uyên Bác
resource_info_restitutionist_relic,0,,"Đốt xương ngón tay hóa thạch là tất cả những gì còn lưu lại của Thánh Mildred đáng kính, người được muôn dân sùng kính vì lòng bác ái vô bờ."
resource_info_mighty_oak_sapling,0,,Chồi cây non thiêng liêng đâm chồi từ rừng cấm. Lớp vỏ cây óng ả hứa hẹn sẽ vươn mình thành đại thụ che chở ngàn năm.
resource_info_skill_book_animal_handling_01,0,,Bách khoa toàn thư minh họa tinh xảo này mô tả mọi sinh vật lớn nhỏ.
resource_info_skill_book_botanical_01,0,,Mọi phương pháp dùng thảo mộc đều được trình bày trong sách dược liệu minh họa về cây cỏ này.
resource_info_skill_book_carpentry_01,0,,Tập hợp các sơ đồ kỹ thuật mộc do một bậc thầy thợ mộc phác thảo truyền lại cho người học việc.
resource_info_skill_book_construction_01,0,,Ghi chép kinh nghiệm của bậc thầy kiến trúc về kỹ xảo và các cấu trúc dựng nên những tòa thành đồ sộ nhất.
resource_info_skill_book_culinary_01,0,,"Các công thức ẩm thực bí truyền và mẹo nấu nướng, tương truyền xuất thân từ chính bếp trưởng hoàng gia."
resource_info_skill_book_intelectual_01,0,,"Những suy tưởng và khảo luận uyên thâm của triết gia vĩ đại Thánh Augustine, một kiệt tác học thuật xứng đáng để nghiền ngẫm sâu xa."
resource_info_skill_book_marksman_01,0,,"Cẩm nang ghi chép tường tận từng vi tiết của thuật bắn cung: từ đường kéo cung, thế đứng cho tới canh gió, không có chỉ dẫn nào hoàn hảo hơn."
resource_info_skill_book_medicine_01,0,,"Bộ sách y thuật đồ sộ về nội thương và ngoại bệnh, bao gồm đầy đủ phương thuốc bí truyền và câu thần chú chữa lành."
resource_info_skill_book_melee_01,0,,"Cẩm nang võ học bằng thơ ca về nghệ thuật giao đấu gươm giáo cận chiến, kèm theo các hình vẽ minh họa sống động của các võ sư nước Ý."
resource_info_skill_book_smithing_01,0,,"Cẩm nang rèn đúc của Viện Trưởng, bao gồm các chương chi tiết về phương pháp luyện vàng, bạc, đồng, thiếc và sắt thép."
resource_info_skill_book_speechcraft_01,0,,Không có bộ sách nào bàn về nghệ thuật hùng biện và thuật thuyết phục lòng người sâu sắc hơn tác phẩm bất hủ này của Cicero.
resource_info_skill_book_tailoring_01,0,,Kinh thư chuẩn mực về nghệ thuật đường kim mũi chỉ và kỹ thuật cắt mẫu dành cho những người thợ may tài hoa.
resource_info_skill_book_mining_01,0,,"Kỹ thuật thoát nước mạch ngầm, thử nghiệm mẫu quặng, đập vỡ khoáng thạch — cuốn sách khai mỏ sờn gáy này bao quát toàn bộ tri thức trong lòng đất."
resource_info_skill_book_art_01,0,,"Tác phẩm tuyệt mỹ chỉ dẫn cách làm chủ nghệ thuật minh họa bản thảo xa hoa, chú trọng tỉ mỉ từng chi tiết và kỹ thuật dát vàng lá."
resource_info_grand_book,0,,"Bộ đại bách khoa toàn thư chắt lọc toàn bộ tinh hoa tri thức của <village_name>, mạ vàng lá, đóng bìa da cừu vellum và minh họa bằng những sắc màu trân quý nhất."
resource_name_blackberry,0,,Quả Mâm Xôi Đen
resource_name_sloe,0,,Quả Mận Gai (Sloe)
resource_name_gooseberry,0,,Quả Lý Gai (Gooseberry)
resource_info_blackberry,0,,"Viên ngọc quý nơi bờ dậu gai, ăn tươi rất ngon ngọt hoặc dùng để nướng bánh và ngâm mứt thơm lừng."
resource_info_sloe,0,,"Thu hoạch sau đợt sương giá đầu tiên để ủ rượu và nấu thạch đông. Thức quả cổ xưa vị chát đượm, món khoái khẩu của các phù thủy."
resource_info_gooseberry,0,,"Bánh tart quả lý gai, kem tráng miệng hay mứt nấu nhừ là những công thức ẩm thực tuyệt hảo cho loại quả mọng nước này."
resource_name_quince,0,,Quả Mộc Qua (Quince)
resource_name_damson,0,,Quả Mận Damson
resource_name_mulberrie,0,,Quả Dâu Tằm
resource_name_walnut,0,,Hạt Óc Chó
resource_info_quince,0,,"Thức quả cứng cáp nổi danh, rất hợp khi tẩm ướp cùng nhục đậu khấu hoặc đinh hương. Hầm nhừ, ngâm đường hoặc ăn kèm thịt thú rừng."
resource_info_damson,0,,"Những quả mận dại này có thể phơi khô, hầm hoặc ngâm bảo quản, giúp chống đói qua mùa đông."
resource_info_mulberrie,0,,"Quả dâu tằm mang lại hương vị mê đắm cho đủ loại bánh pudding, si-rô ngọt ngào và bánh nướng giòn rụm."
resource_info_walnut,0,,"Ăn sống, muối chua hay ép lấy dầu, loại hạt hình bộ não này là thức dự trữ không thể thiếu cho tủ thức ăn mùa đông."
resource_name_quince_sapling,0,,Cây Giống Mộc Qua
resource_name_walnut_sapling,0,,Cây Giống Óc Chó
resource_name_damson_sapling,0,,Cây Giống Mận Damson
resource_name_mulberrie_sapling,0,,Cây Giống Dâu Tằm
resource_name_cannonball,0,,Đạn Đại Bác Pháo Gang
resource_info_cannonball,0,,Được đúc từ sắt nung chảy trong khuôn cát định hình. Một tảng đá tròn lớn cũng mang lại sức công phá hủy diệt tương tự.
resource_name_explosive_trebuchet_ammo,0,,Đạn Nổ Máy Bắn Đá Trebuchet
resource_info_explosive_trebuchet_ammo,0,,Thuốc súng đen được cẩn thận rót đầy vào bình gốm hình cầu này. Châm ngòi và phóng đi để tạo nên vụ nổ kinh hoàng hủy diệt.
resource_name_stewed_fruit,0,,Mứt Trái Cây Nấu Nhừ (Compote)
resource_name_vegetable_stew,0,,Món Rau Củ Hầm Nóng
resource_name_cooked_grain,0,,Cháo Ngũ Cốc Nóng (Gruel)
resource_name_roasted_fish,0,,Cá Nướng Giòn
resource_name_roasted_mushrooms,0,,Nấm Rừng Nướng
resource_name_egg_boiled,0,,Trứng Luộc Lòng Đào
resource_info_egg_boiled,0,,"Món ăn đơn sơ nhưng thơm bùi, với lòng trắng dai giòn và lòng đỏ vàng ươm béo ngậy."
resource_name_sauteed_fruits,0,,Món Trái Cây Thượng Hạng
resource_name_lavish_vegetable_stew,0,,Món Rau Củ Thịnh Soạn
resource_name_bread,0,,Bánh Mì Nướng
resource_name_lavish_roasted_meat,0,,Thịt Quay Thịnh Soạn
resource_name_lavish_roasted_meat_human,0,,Thịt Người Quay Thịnh Soạn
resource_name_lavish_roasted_fish,0,,Món Cá Nướng Thịnh Soạn
resource_name_fruit_pie,0,,Bánh Nướng Nhân Trái Cây
resource_name_meat_pie,0,,Bánh Nướng Nhân Thịt
resource_name_buiskets,0,,Bánh Scone Nướng
resource_name_cheese_pie,0,,Bánh Tart Phô Mai (Tart de Bry)
resource_name_fish_pie,0,,Bánh Nướng Nhân Cá
resource_name_sauteed_fruits_vegetables,0,,Cháo Hầm Rau Củ (Pottage)
resource_name_honey_glazed_vegetables,0,,Rau Củ Áp Chảo Phủ Mật Ong
resource_name_fruit_puding,0,,Bánh Pudding Trái Cây
resource_name_fruit_cheese,0,,Đĩa Phô Mai Kèm Trái Cây
resource_name_honey_glazed_fruit,0,,Kẹo Trái Cây Ngào Mật Ong
resource_info_stewed_fruit,0,,"Mọi loại trái cây đều có thể ninh nhừ nhỏ lửa để tạo thành món ăn thơm ngon này, vừa dùng làm món tráng miệng vừa làm sốt chấm tuyệt hảo."
resource_info_vegetable_stew,0,,Món ăn dân dã của nhà nông — hỗn hợp rau xanh và các loại củ ninh nhừ kỹ lưỡng. Thưởng thức tuyệt nhất cùng bánh mì nướng giòn.
resource_info_cooked_grain,0,,Cháo ngũ cốc nghiền nấu nóng hổi. Món ăn giản dị giúp làm ấm bụng những người dân lao động trong buổi sáng sương lạnh.
resource_info_roasted_fish,0,,"Đơn giản mà thơm ngon. Cá tươi vừa đánh bắt được làm sạch, nướng chín tới và dọn ra đĩa."
resource_info_roasted_mushrooms,0,,"Loài nấm mọc lên đầy bí ẩn từ cõi âm u ẩm thấp, tương truyền do ma quỷ và tộc tiên cai quản. Nhưng khi nướng chín lại thơm ngon đến lạ kỳ."
resource_info_sauteed_fruits,0,,Chế biến từ trái cây tươi chín mọng để đánh thức vị giác. Thơm ngon ứa nước miếng.
resource_info_lavish_vegetable_stew,0,,"Chưa từng có món rau củ mộc mạc nào được nâng tầm đến thế. Bữa ăn thịnh soạn, nêm nếm gia vị đạt đến độ hoàn hảo."
resource_info_bread,0,,Thực phẩm giàu dinh dưỡng giúp dân làng no bụng và tăng cường thể lực.
resource_info_lavish_roasted_meat,0,,Nguồn thực phẩm và da thuộc giá trị sau khi được mổ xẻ tại bàn chế biến.
resource_info_lavish_roasted_meat_human,0,,Nguồn thực phẩm và da thuộc giá trị sau khi được mổ xẻ tại bàn chế biến.
resource_info_lavish_roasted_fish,0,,"Ướp muối, thêm thảo mộc cay nồng và ngâm trong nước nho xanh chua thanh, món hải sản tươi ngon này là cao lương mỹ vị."
resource_info_fruit_pie,0,,"Quết bơ đun chảy thơm lừng và rắc gia vị ngào ngạt, chiếc bánh nướng này đã nâng tầm trái cây dân dã thành món tráng miệng thượng hạng."
resource_info_meat_pie,0,,Nguồn thực phẩm và da thuộc giá trị sau khi được mổ xẻ tại bàn chế biến.
resource_info_buiskets,0,,"Bánh nướng xốp mềm thơm phức, thưởng thức cùng lớp kem đông béo ngậy rồi phết mứt ngọt ngào."
resource_info_cheese_pie,0,,"Bánh tart phô mai béo ngậy ngọt dịu trong lớp vỏ bánh giòn rụm, món ăn ưa thích của hoàng đế Charlemagne."
resource_info_fish_pie,0,,Lớp vỏ bánh dày giòn ẩn giấu những thớ thịt cá mềm ngọt nhất ngập trong nước sốt đậm đà. Ngon tuyệt trần.
resource_info_sauteed_fruits_vegetables,0,,Có gì trong nồi súp hầm? Mỗi thứ một chút. Hễ thứ gì trồng được là đều cho vào nồi ninh nhừ.
resource_info_honey_glazed_vegetables,0,,"Luộc cho mềm rồi tráng lớp mật ong vàng óng cùng nhụy hoa nghệ tây, mang lại vị ngọt đậm đà tự nhiên khi nướng xém cạnh."
resource_info_fruit_puding,0,,"Nướng chín, đánh bông xốp và ướp gia vị nồng nàn, trái cây biến thành món ngọt mơ màng nhất - bánh pudding."
resource_info_fruit_cheese,0,,Trái cây ngọt lịm kết hợp cùng các sản phẩm bơ sữa thơm ngon giúp thỏa mãn cả vị giác lẫn chiếc bụng đói.
resource_info_honey_glazed_fruit,0,,Lấp lánh như viên ngọc ăn được - món hoa quả ngào mật ong thơm nức là thức quà ngọt ngào vô song.
resource_name_burn_animal,0,,Burn Động vật
resources info,0,,Tài nguyên
resource_info_dirt,0,,Đất trồng màu mỡ quý giá chẳng khác nào vàng đen.
resource_info_advanced_research_book,0,,Một cuốn sách uyên bác chứa đựng nhiều suy tưởng sâu xa. Những nghiên cứu trên từng trang giấy này là vô giá.
resource_info_alcohol,0,,"Chưng cất cẩn thận theo công thức bí truyền của các tu sĩ, đây là thứ Rượu của Sự Sống đầy uy lực."
resource_info_rough_wine,0,,Đồ uống có cồn thơm ngon giúp giải khát và nâng cao tinh thần cho dân làng.
resource_info_beer,0,,"Bia thơm đắng nhẹ ủ cùng hoa bia, giúp giải tỏa cơn khát và xua tan mệt mỏi sau ngày dài lao động."
resource_info_ale,0,,"Loại bia ale truyền thống nấu từ lúa mạch lên men, thứ đồ uống giải khát không thể thiếu của mọi dân làng."
resource_info_ash,0,,"Sau ngọn lửa tàn, tro than khiêm nhường có vô số công dụng, từ làm phân bón vườn tược đến men gốm và làm xà phòng."
resource_info_barley,0,,"Loại ngũ cốc đa dụng dùng làm bánh mì, nấu cháo hoặc nước lúa mạch giải khát. Dùng làm thức ăn vỗ béo gia cầm."
resource_info_basic_research_book,0,,Những câu chuyện và sự thật đơn sơ được ghi chép cẩn thận trên giấy da thuộc.
resource_info_beet,0,,"Củ dền cứng cáp và dễ trồng trong vườn nhà, dù là túp lều tranh hay thái ấp trang viên."
resource_info_bone_meal,0,,Thực phẩm giàu dinh dưỡng giúp dân làng no bụng và tăng cường thể lực.
resource_info_bones,0,,"Nếu bạn không có thời gian chạm khắc xương cốt này, ít nhất hãy nghiền vụn ra làm phân bón cho cây trồng."
resource_info_cabbage,0,,Loại rau bắp cải khiêm tốn và là lương thực chủ lực của mọi nhà. Luộc chín và thưởng thức cùng bơ béo ngậy.
resource_info_carrot,0,,Củ cải đỏ giòn ngọt và giàu dưỡng chất. Có thể bảo quản cất giữ để dùng dần.
resource_info_clay,0,,Vật liệu xây dựng cơ bản đào từ hố đất sét. Một trong những vật liệu xây dựng cổ xưa nhất.
resource_info_clay_brick,0,,Viên gạch đất sét mộc mạc. Xây tường thành để bảo vệ người thân và ngăn chặn kẻ thù.
resource_info_compost,0,,Hãy để Mẹ Thiên Nhiên làm công việc của mình. Thức ăn thừa và rác hữu cơ ủ mục tạo thành lớp phân bón màu mỡ giúp cây trồng tươi tốt.
resource_info_deer_carcass,0,,Nguồn thực phẩm và da thuộc giá trị sau khi được mổ xẻ tại bàn chế biến.
resource_info_dung,0,,Tài nguyên không thể tránh khỏi nơi chăn nuôi động vật. Tốt nhất nên dùng làm phân bón hoặc chất đốt.
resource_info_dungbrick,0,,"Khi củi gỗ khan hiếm, phân gia súc phơi khô đóng bánh sẽ là chất đốt hiệu quả để giữ ấm ngọn lửa."
resource_info_gold,0,,"Kim loại dẻo dai bất hoại dùng để đúc thánh giá, vương miện và tiền xu. Mục tiêu tối thượng của các nhà giả kim."
resource_info_gold_ingot,0,,Thỏi kim loại nguyên chất tỏa ánh hào quang hoàng gia. Sẵn sàng cho công việc rèn đúc.
resource_info_gunpowder,0,,"Tri thức từ phương Đông, loại bột ma thuật này được làm từ lưu huỳnh, diêm tiêu và than củi. Từng khai hỏa sấm sét tại trận Crécy."
resource_info_hare_carcass,0,,Nguồn thực phẩm và da thuộc giá trị sau khi được mổ xẻ tại bàn chế biến.
resource_info_hay,0,,Cắt cỏ và phơi khô cho mùa đông là cách tốt nhất để nuôi sống đàn gia súc của bạn.
resource_info_healing_kit,0,,Bộ dụng cụ y tế hoàn chỉnh với mọi thứ bạn cần để điều trị hầu hết các vấn đề y tế. (Không kèm theo đỉa hút máu.)
resource_info_healing_kit_advanced,0,,"Kết hợp từ trí tuệ thảo mộc dân gian và học thuật Oxford, bộ này chứa các chế phẩm trị mất cân bằng dịch thể và vết thương chiến trận hiểm nghèo."
resource_info_healing_kit_simple,0,,"Gói thuốc thảo mộc và băng gạc đơn giản. Dùng cho các vết trầy xước, bầm tím nhẹ và bệnh tật thông thường."
resource_info_herbs,0,,"Các loài thực vật thu hái từ tự nhiên với vô số công dụng, từ nêm nếm thức ăn đến chữa bệnh, nấu rượu và nhuộm vải."
resource_info_honey,0,,Dùng để làm ngọt mọi món ăn hoặc nấu rượu mật ong mead. Được dùng trong nhiều bài thuốc dân gian.
resource_info_human_carcass,0,,Nguồn thực phẩm và da thuộc giá trị sau khi được mổ xẻ tại bàn chế biến.
resource_info_iron,0,,"Quặng sắt vừa đào từ lòng đất. Cần được nung luyện trước khi rèn thành công cụ, vũ khí và giáp trụ."
resource_info_iron_ingot,0,,Khối sắt nguyên chất ánh kim mờ. Sẵn sàng đưa lên đe rèn.
resource_info_lavish_meal,0,,"Bữa đại tiệc thịnh soạn gồm nhiều món ăn thượng hạng, giúp dân làng cảm thấy vô cùng hạnh phúc và phấn chấn."
resource_info_leather,0,,Da động vật trở nên hữu dụng và mềm mại hơn sau khi thợ thuộc da xử lý bằng dầu và chất chát.
resource_info_limestone,0,,"Vật liệu xây dựng khai thác từ mỏ đá, hình thành từ xác sinh vật biển cổ đại. Dùng để nung vôi sống."
resource_info_limestone_block,0,,"Khối đá vôi được đẽo gọt vuông vức từ mỏ đá, thích hợp xây tường kiên cố."
resource_info_linen_cloth,0,,"Dệt từ sợi lanh kéo mịn và tẩy trắng bằng nước tro. Loại vải đẹp đẽ, thoáng mát và đa dụng."
resource_info_meat,0,,Nguồn thực phẩm và da thuộc giá trị sau khi được mổ xẻ tại bàn chế biến.
resource_info_mushroom,0,,Nguồn thực phẩm mọc hoang dã nơi đồng ruộng và rừng rậm. Cần quan sát nhận dạng cẩn thận để tránh hái phải nấm độc chết người.
resource_info_normal_research_book,0,,Cuốn sách chứa đựng nhiều nghiên cứu sâu sắc. Là tài liệu chỉ dẫn quý giá.
resource_info_packaged_meal,0,,"Lương khô đóng gói kỹ càng, tiện lợi mang theo trong các chuyến hành trình dài hoặc tuần tra bảo vệ biên giới."
resource_info_pickled_vegetable,0,,"Rau củ ngâm trong nước muối hoặc giấm chua, giúp bảo quản lương thực cho những ngày tháng giáp hạt."
resource_info_quicklime,0,,Bột kiềm màu trắng được tạo ra bằng cách nung đá vôi trong lò nung vôi.
resource_info_redcurrant,0,,"Quả lý chua đỏ chua ngọt hài hòa, rất ngon khi ăn kèm thịt nai. Người Pháp dùng lông ngỗng tách hạt rồi đun làm mứt thạch."
resource_info_roasted_meat,0,,Thịt tảng xèo xèo trên lửa than hồng. Dậy mùi khói thơm lừng và tràn đầy năng lượng sinh tồn.
resource_info_salt,0,,"Muối quý giá dùng để bảo quản thực phẩm, nền tảng của mọi nền văn minh."
resource_info_saltpeter,0,,Khoáng chất dùng để bảo quản thịt. Tương truyền các thí nghiệm với loại muối này tại Tháp London từng gây ra những vụ nổ kinh hoàng.
resource_info_silver,0,,Kim loại mềm thanh khiết dùng để đúc tiền hoặc chế tác trang sức tinh xảo. Có thể xua đuổi các linh hồn tà ác.
resource_info_smoked_meat,0,,"Những dải thịt được hun khói bằng gỗ sồi nhiều ngày, dẻo dai và bảo quản được cả mùa đông dài."
resource_info_steel_ingot,0,,Thỏi thép tôi luyện sáng bóng và cứng rắn phi thường. Nguyên liệu tối thượng cho binh khí và áo giáp sắc bén.
resource_info_stew,0,,Món ăn của nông dân - hỗn hợp rau củ và ngũ cốc ninh nhừ. Ăn kèm với bánh mì rất ngon miệng.
resource_info_sticks,0,,"Cành cây khô và củi đốt là nguồn tài nguyên dồi dào của rừng già, sẽ tự tái sinh nếu khai thác khôn ngoan."
resource_info_sulfur,0,,"Còn gọi là đá lưu huỳnh, có tính axit mạnh khi trộn với nước và là thành phần chế thuốc súng. Có mùi nồng đặc trưng."
resource_info_meat_rot,0,,Nguồn thực phẩm và da thuộc giá trị sau khi được mổ xẻ tại bàn chế biến.
resource_info_vegetable_rot,0,,"Rau củ hỏng không còn ăn được, nhưng rất thích hợp để đưa vào hố ủ phân hữu cơ."
resource_info_vinegar,0,,Rượu vang hoặc bia lên men chua. Rất hữu ích trong nấu nướng và muối chua bảo quản thực phẩm.
resource_info_wolf_carcass,0,,Nguồn thực phẩm và da thuộc giá trị sau khi được mổ xẻ tại bàn chế biến.
resource_info_wood,0,,"Gỗ súc và củi đun là báu vật của rừng rậm, nguồn tài nguyên tái tạo nếu được quản lý khôn ngoan."
resource_info_wool_cloth,0,,"Người Anh và người Flemish dệt nên loại len tốt nhất. Dệt mịn và nhuộm màu, rất được ưa chuộng để may áo ấm và chăn dày."
resource_info_mechanical_parts,0,,"Tập hợp các bánh răng, đĩa xích, trục quay và dây xích. Trái tim của mọi cỗ máy cơ khí."
resource_info_coal,0,,Than đá cháy ở nhiệt độ cao hơn nhiều so với củi gỗ. Vô cùng hữu ích khi luyện thép.
resource_info_dubious_meal,0,,Thực phẩm giàu dinh dưỡng giúp dân làng no bụng và tăng cường thể lực.
resource_info_enemy_carcass,0,,Nguồn thực phẩm và da thuộc giá trị sau khi được mổ xẻ tại bàn chế biến.
resource_info_apple,0,,Trái cây mùa thu quyến rũ. Vị chua ngọt thanh tao rất hợp để làm các món tráng miệng như bánh nướng và chè nghiền.
resource_info_apple_cider,0,,"Thức uống có men nồng nàn ủ từ táo tươi, dùng trong các lễ hội cầu mùa hoặc giải tỏa cơn khát."
resource_info_apple_pie,0,,"Táo ngào đường tẩm gia vị thơm lừng, bọc trong lớp vỏ bánh nướng giòn rụm béo ngậy."
resource_info_honey_biscuits,0,,Những chiếc bánh quy mật ong giòn tan mỏng dính. Công thức làm bánh từ mật ong là một bí quyết ẩm thực tuyệt vời.
resource_info_redcurrant_pie,0,,"Bánh nướng quả lý chua đỏ tươi tắn, vị chua ngọt bùng nổ trong từng miếng vỏ bánh giòn tan."
resource_info_mead,0,,"Rượu mật ong cổ xưa say nồng. Thức uống dâng lên chư thần, khơi nguồn cảm hứng thi ca."
resource_info_silver_ingot,0,,Thỏi bạc tinh khiết được đúc thành khối đồng đều. Sẵn sàng cho thợ kim hoàn chế tác.
resource_info_ice_block,0,,"Khối băng nặng, dễ vỡ và có thể tan chảy. Cần cất giữ dưới hầm ngầm cùng các vật phẩm muốn giữ lạnh."
resource_info_cabbage_seed,0,,Cây giống hoặc hạt mầm dùng để gieo trồng trên các thửa ruộng màu mỡ.
resource_info_carrot_seed,0,,Cây giống hoặc hạt mầm dùng để gieo trồng trên các thửa ruộng màu mỡ.
resource_info_beet_seed,0,,Cây giống hoặc hạt mầm dùng để gieo trồng trên các thửa ruộng màu mỡ.
resource_info_herbs_seed,0,,Cây giống hoặc hạt mầm dùng để gieo trồng trên các thửa ruộng màu mỡ.
resource_info_flax_seed,0,,Cây giống hoặc hạt mầm dùng để gieo trồng trên các thửa ruộng màu mỡ.
resource_info_birch_sapling,0,,Cây giống hoặc hạt mầm dùng để gieo trồng trên các thửa ruộng màu mỡ.
resource_info_oak_sapling,0,,Cây giống hoặc hạt mầm dùng để gieo trồng trên các thửa ruộng màu mỡ.
resource_info_maple_sapling,0,,Cây giống hoặc hạt mầm dùng để gieo trồng trên các thửa ruộng màu mỡ.
resource_info_pine_sapling,0,,Cây giống hoặc hạt mầm dùng để gieo trồng trên các thửa ruộng màu mỡ.
resource_info_willow_sapling,0,,Cây giống hoặc hạt mầm dùng để gieo trồng trên các thửa ruộng màu mỡ.
resource_info_apple_sapling,0,,Cây giống hoặc hạt mầm dùng để gieo trồng trên các thửa ruộng màu mỡ.
resource_info_tallow,0,,"Mỡ động vật cô đặc có vô số công dụng, từ làm xà phòng, nến đến thuốc mỡ bôi da dưỡng ẩm."
resource_info_wax,0,,"Sáp ong thu hoạch từ tổ. Dùng để làm nến thắp sáng và các loại sáp thơm, thuốc mỡ xoa bóp."
resource_info_enemy_skull_trophy,0,,Cái chết vẫn còn quá nhân từ cho kẻ thù này. Hộp sọ dường như vẫn đang nở nụ cười nhăn nhở.
resource_info_settler_skull_trophy,0,,"Than ôi, dân làng xấu số! Một lời nhắc nhở buồn thương về kiếp nhân sinh ngắn ngủi của chúng ta."
resource_info_general_trophy,0,,Vật phẩm lưu niệm trang trí gắn tường làm từ đầu của một dã thú bị hạ gục.
resource_info_egg_meal,0,,"Nho khô, nghệ tây tây phương, thảo mộc, phô mai... chỉ cần thêm một chút gia vị là quả trứng luộc giản dị đã trở thành món mỹ vị."
resource_info_milk_meal,0,,Váng sữa béo ngậy mềm mịn như lụa. Hãy dùng loại sữa tươi béo nhất và rắc thêm chút bột nhục đậu khấu thơm lừng.
resource_info_milk,0,,Sữa tươi trắng ngậy và dồi dào dưỡng chất. Rất nhanh chua hỏng nếu không được bảo quản trong hầm chứa mát lạnh.
resource_info_egg_chicken,0,,"Biểu tượng của sự sinh sôi nảy nở, quả trứng gà nhỏ bé có thể chế biến thành hàng ngàn món ăn ngon miệng."
resource_info_cheese,0,,"Nguồn lương thực chủ lực giúp lưu giữ sữa tươi dài lâu, với vô vàn phong vị thơm ngon béo ngậy."
resource_info_cheese_meal,0,,"Bánh tart phô mai nướng dẻo quánh ngọt ngào trong lớp vỏ bánh giòn tan, món khoái khẩu nổi danh của hoàng đế Charlemagne."
resource_info_fermenting_mash,0,,"Hỗn hợp mạch nha sủi bọt ùng ục, dậy men sống động nhờ phép màu tự nhiên của quá trình ủ men."
resource_info_fermented_mash,0,,"Mẻ ủ đã lên men nồng đượm. Hơi thô ráp và nặng mùi, nhưng chứa đầy chất men say bí tỉ."
resource_info_fermenting_ale,0,,"Ngũ cốc ngâm nước, đun sôi kỹ và đang trong quá trình lên men để tạo nên thứ bia ale giải khát hằng ngày."
resource_info_fermenting_beer,0,,"Hỗn hợp mạch nha lúa mạch tỏa ra hương vị ngọt ngào đặc trưng, sẵn sàng để ủ lên men cùng nấm men bia."
resource_info_fermenting_fruit_juice,0,,Vị ngọt ngào của hoa quả mùa hè đang từ từ chuyển hóa thành những giọt rượu vang thơm nồng nàn.
resource_info_fermenting_mead,0,,"Hỗn hợp thảo mộc và mật ong sủi bọt tăm tắp, chuyển mình thành thứ rượu mật ong sóng sánh thơm ngát."
resource_info_curdling_milk,0,,Sữa tươi được làm ấm và lên men chua nhẹ. Váng sữa đông lại sẽ được ép khuôn thành những tảng phô mai béo ngậy.
resource_info_aged_wine,0,,"Thời gian và bóng tối hầm lạnh đã tạo nên phép màu nhiệm màu, hé mở những tầng hương vị sâu lắng tinh tế để nhâm nhi thưởng thức."
resource_info_animal_feed,0,,"Hỗn hợp cám dinh dưỡng gồm rơm cỏ băm, rau củ và hạt ngũ cốc. Dùng làm thức ăn vỗ béo gia súc."
resource_info_dye,0,,"Bảng màu tự nhiên chiết xuất từ lá cây, rễ thảo mộc, bướu cây sồi, khoáng quặng và đất đỏ vùng cao."
resource_info_gold_coin,0,,Đồng tiền vàng Noble danh giá khắc hình chiến thuyền của hoàng gia. Có thể nấu chảy đúc trang sức hoặc dùng giao thương buôn bán.
resource_info_fish_dish,0,,"Món cá chiên giòn rụm thơm lừng, nhồi bơ béo ngậy và lá cần núi thơm ngát."
resource_info_eel_meal,0,,"Món lươn chiên giòn, nêm nếm gia vị đậm đà và nấu cùng nước nho chua để tạo nên món súp hấp dẫn mang phong vị xứ Saracen."
resource_info_pike_fish,0,,Bạn sẽ cần một dây câu thật khỏe để kéo được con thủy quái này lên bờ. Thưởng thức tuyệt nhất cùng nước sốt Galentyne nêm quế cay nồng.
resource_info_trout_fish,0,,Cá hồi chấm phổ biến ở vùng nước suối trong veo dồi dào phù du. Thịt ngọt mềm thanh đạm.
resource_info_eel,0,,Thực phẩm chủ lực cho nồi súp trong mùa Chay. Chú lươn trơn tuột này đem chiên giòn cũng vô cùng đưa miệng.
resource_info_smoked_fish,0,,Cá tươi đã được hun khói bảo quản kỹ lưỡng! Thưởng thức món cá thơm lừng này ngay hoặc cất dự trữ qua mùa đông.
resource_info_salted_eel,0,,"Không còn trơn trượt nữa, những con lươn ướp muối này sẽ bảo quản được rất lâu. Sau này đem nấu món súp tỏi tây mật ong tuyệt hảo."
resource_info_dummy,0,,Hình nộm rơm. Mục tiêu giả hoàn hảo để dân làng luyện tập các thế võ và đường kiếm cận chiến.
resource_info_practice_target,0,,Bia ngắm hình tròn đồng tâm dùng để rèn luyện độ thiện xạ khi bắn cung và nỏ từ xa.
resource_info_water_bucket,0,,Chiếc xô gỗ đơn giản dùng để múc và vận chuyển nước sạch cho sinh hoạt.
resource_info_flamable_oil,0,,Chất lỏng trơn nhờn dễ bốc cháy dữ dội khi gặp nguồn lửa thuận lợi.
resource_info_flamable_oil_greek_fire,0,,Chất cháy khủng khiếp không thể dập tắt bằng nước. Tương truyền chứa vôi sống và diêm tiêu bí truyền.
equipment_material_iron,0,,Sắt
equipment_material_steel,0,,Thép
equipment_material_silver,0,,Bạc
equipment_material_gold,0,,Vàng
equipment_material_bone,0,,Xương Thú
equipment_material_wood,0,,Gỗ
equipment_material_wicker,0,,Liễu Gai Đan
equipment_material_linen,0,,Vải Lanh
equipment_material_leather,0,,Da Thuộc
equipment_material_wool,0,,Vải Len
equipment_material_hay,0,,Rơm Rạ
equipment_material_metal,0,,Kim Loại
equipment_material_cloth,0,,Vải Dệt
equipment_material_leather_deer,0,,Da Hươu
equipment_material_leather_hare,0,,Da Thỏ Rừng
equipment_material_leather_wolf,0,,Da Sói
equipment_material_leather_boar,0,,Da Lợn Rừng
equipment_material_leather_fox,0,,Da Cáo
equipment_material_leather_rat,0,,Da Chuột
equipment_material_leather_water_vole,0,,Da Chuột Đồng Nước
equipment_material_leather_polecat,0,,Da Chồn Hôi
equipment_material_leather_cow,0,,Da Bò
equipment_material_leather_goat,0,,Da Dê
equipment_material_leather_sheep,0,,Da Cừu
equipment_material_leather_donkey,0,,Da Lừa
equipment_material_leather_cat,0,,Da Mèo
equipment_material_leather_dog,0,,Da Chó
equipment_material_leather_human,0,,Da Người
equipment_material_leather_bear,0,,Da Gấu
Equipment name,0,,Tên trang bị
equipment_name_dagger,0,,Dao Găm
equipment_name_short_sword,0,,Đoản Kiếm
equipment_name_falchion,0,,Kiếm Cong Falchion
equipment_name_knightly_sword,0,,Kiếm Hiệp Sĩ
equipment_name_longsword,0,,Trường Kiếm
equipment_name_greatsword,0,,Đại Kiếm Hai Tay
equipment_name_staff,0,,Trượng Gỗ
equipment_name_cudgel,0,,Gậy Gộc
equipment_name_bludgeon,0,,Chùy Đập
equipment_name_mace,0,,Chùy Gai
equipment_name_two_handed_mace,0,,Chùy Gai Hai Tay
equipment_name_two_handed_flanged_mace,0,,Chùy Khế Hai Tay
equipment_name_military_pick,0,,Cuốc Chiến Phá Giáp
equipment_name_spear,0,,Ngọn Giáo
equipment_name_reinforced_spear,0,,Ngọn Giáo Gia Cố
equipment_name_berdiche,0,,Rìu Dài Berdiche
equipment_name_billhook,0,,Giáo Móc Billhook
equipment_name_warfork,0,,Chĩa Chiến Warfork
equipment_name_hatchet,0,,Rìu Tay
equipment_name_greataxe,0,,Đại Rìu Chiến
equipment_name_warhammer,0,,Búa Chiến Warhammer
equipment_name_two_handed_warhammer,0,,Đại Búa Chiến Hai Tay
equipment_name_flail,0,,Chùy Xích (Flail)
equipment_name_reinforced_flail,0,,Chùy Xích Gia Cố
equipment_name_two_handed_flail,0,,Chùy Xích Hai Tay
equipment_name_short_bow,0,,Đoản Cung
equipment_name_war_bow,0,,Chiến Cung
equipment_name_curved_bow,0,,Cung Uốn Lượn
equipment_name_long_bow,0,,Trường Cung Anh Quốc
equipment_name_light_crossbow,0,,Nỏ Nhẹ
equipment_name_crossbow,0,,Nỏ Tiêu Chuẩn
equipment_name_heavy_crossbow,0,,Đại Nỏ Hạng Nặng
equipment_name_throwing_axes,0,,Rìu Ném
equipment_name_light_javelins,0,,Lao Ném
equipment_name_sling,0,,Ná Dây Bắn Đá
equipment_name_sling_staff,0,,Gậy Phóng Đá (Stave Sling)
equipment_name_bolas,0,,Dây Quăng Khóa Chân Bolas
equipment_name_hand_ram,0,,Cột Gỗ Phá Thành Cầm Tay
equipment_name_metal_hand_ram,0,,Cột Sắt Phá Thành Cầm Tay
equipment_name_armor,0,,Bộ Giáp Trụ
equipment_name_light_armor,0,,Giáp Nhẹ
equipment_name_forest_light_armor,0,,Giáp Gỗ Rừng
equipment_name_macabre_armor,0,,Giáp Khung Xương
equipment_name_mail_armor,0,,Áo Giáp Xích
equipment_name_plate_armor,0,,Áo Giáp Tấm Thép
equipment_name_savage_heavy_armor,0,,Giáp Tấm Man Tộc
equipment_name_plate_helmet,0,,Đại Mũ Trụ Hiệp Sĩ (Great Helm)
equipment_name_pigface_helmet,0,,Mũ Trụ Mõm Lợn (Pigface Bascinet)
equipment_name_helmet,0,,Mũ Trụ Chiến Binh
equipment_name_light_helmet,0,,Mũ Trụ Nhẹ
equipment_name_macabre_helmet,0,,Mũ Trụ Xương Đầu Lâu
equipment_name_mail_helmet,0,,Mũ Trùm Lưới Xích
equipment_name_mask,0,,Mặt Nạ
equipment_name_horned_mask,0,,Mặt Nạ Sừng Quỷ
equipment_name_horned_helmet,0,,Mũ Trụ Gắn Cặp Sừng
equipment_name_gambeson_armor,0,,Áo Giáp Vải Chần Gambeson
equipment_name_heretic_helmet,0,,Mũ Trụ Kẻ Dị Giáo
equipment_name_kettle_helmet,0,,Mũ Trụ Vành Rộng (Kettle Hat)
equipment_name_viking_helmet,0,,Mũ Trụ Chiến Binh Viking
equipment_name_buckler_shield,0,,Khiên Tròn Nhỏ Buckler
equipment_name_kite_shield,0,,Khiên Hình Giọt Nước (Kite Shield)
equipment_name_tower_shield,0,,Đại Khiên Tháp (Tower Shield)
equipment_name_pavise_shield,0,,Đại Khiên Chắn Pavise
equipment_name_shield,0,,Khiên Chắn
equipment_name_macabre_shield,0,,Khiên Khung Xương
equipment_name_winter_clothes,0,,Quần áo mùa đông
equipment_name_summer_clothes,0,,Quần áo mùa hè
equipment_name_wide_hat,0,,Mũ rộng vành
equipment_name_cap,0,,Mũ lưỡi trai
equipment_name_shackles,0,,Xiềng
equipment_name_crown,0,,Vương miện
equipment_name_heretic_crown,0,,Vương miện dị giáo
equipment_name_sack_hood,0,,Mũ trùm bao bố
equipment_name_headband,0,,Băng đô
equipment_name_chaperon,0,,Mũ chaperon
equipment_name_mouthpiece,0,,Khăn trùm đầu
equipment_name_head_scarf,0,,Khăn đầu
equipment_name_hood,0,,Mũ trùm
equipment_name_wolf_headpiece,0,,Mũ đầu sói
equipment_name_boar_headpiece,0,,Mũ đầu lợn rừng
equipment_name_stag_headpiece,0,,Mũ đầu hươu
equipment_name_hare_headpiece,0,,Mũ đầu thỏ 
Equipment_info,0,,Thông tin trang bị
equipment_info_dagger,0,,"Một lưỡi dao găm nhỏ gọn, dễ giấu trong người và chết chóc trong không gian hẹp. Hoàn hảo để đâm xuyên qua các khe hở trên bộ giáp của kẻ thù."
equipment_info_short_sword,0,,"Lưỡi kiếm ngắn tiện dụng cho các cuộc cận chiến chật hẹp, dễ xoay xở và đâm chém linh hoạt."
equipment_info_falchion,0,,"Thanh đoản đao lưỡi cong bản rộng, dồn toàn bộ trọng lượng vào mũi đao để chém những nhát chém xé thịt gãy xương."
equipment_info_knightly_sword,0,,"Vũ khí hai lưỡi kinh điển của các hiệp sĩ, sắc bén và cân bằng hoàn hảo để nhắm vào những khe hở hiểm hóc trên giáp trụ đối phương."
equipment_info_longsword,0,,"Thanh kiếm cán dài dùng bằng cả hai tay, lý tưởng cho các hiệp sĩ mặc giáp tấm khi cưỡi ngựa xung phong hoặc giao đấu trên bộ."
equipment_info_greatsword,0,,Thanh đại kiếm khổng lồ hai tay đòi hỏi người sử dụng phải có sức mạnh phi thường của một dũng tướng để vung lên những nhát chém quét sạch kẻ thù.
equipment_info_staff,0,,"Món vũ khí trông có vẻ giản dị nhưng cực kỳ chết chóc dưới bàn tay của cao thủ. Đứng tấn rộng, hai tay cầm hai đầu trượng để đỡ gạt hoặc đâm thọc hiểm hóc."
equipment_info_cudgel,0,,"Khúc gậy gỗ lim đầm tay, phương tiện tự vệ mộc mạc nhưng cực kỳ hiệu quả để làm choáng váng kẻ tấn công."
equipment_info_bludgeon,0,,Khúc chùy ngắn và nặng nề. Thô sơ nhưng cực kỳ tàn bạo dưới bàn tay của lũ côn đồ hoặc những kẻ ăn thịt người.
equipment_info_mace,0,,"Không phải vũ khí đòi hỏi sự hoa mỹ, nhưng cực kỳ tàn khốc khi giáng xuống. Đập vỡ giáp sắt và nghiền nát xương thịt kẻ thù."
equipment_info_two_handed_flanged_mace,0,,Các sống khía thép sắc nhọn trên cỗ chùy khế khổng lồ này có thể nghiền nát giáp tấm và bẻ gãy khung xương người mặc bên trong.
equipment_info_two_handed_mace,0,,"Món vũ khí đồ sộ này không nhắm vào việc đâm xuyên, mà gây chấn thương sọ não và nghiền nát mọi thứ bên trong lớp giáp. Biểu tượng của sức mạnh uy quyền."
equipment_info_military_pick,0,,Mũi nhọn hoắt hẹp của cây cuốc chiến này là sát thủ hoàn hảo để bổ thẳng xuống xuyên thủng các lớp giáp tấm dày cộm.
equipment_info_spear,0,,"Dù chỉ là ngọn giáo gỗ bọc mũi nhọn đơn sơ, nhưng nó hoàn thành xuất sắc nhiệm vụ giữ khoảng cách, xua đuổi bầy sói dữ và lũ giặc cỏ."
equipment_info_reinforced_spear,0,,Không quá cầu kỳ — ngay cả nông nô cũng có thể cầm giáo. Nhưng lại trở nên cực kỳ hủy diệt dưới tay những người lính được huấn luyện bài bản.
equipment_info_berdiche,0,,Một biến thể rìu cán dài với lưỡi rìu bán nguyệt khổng lồ nặng trịch. Chỉ một nhát bổ xuống là đủ chém đứt đôi bất kỳ kẻ dị giáo nào.
equipment_info_billhook,0,,"Công cụ tỉa cành cây mũi khoằm của nông dân, kiêm luôn chức năng vũ khí nguy hiểm rất được phe Những Người Con Nước Anh ưa chuộng."
equipment_info_warfork,0,,"Dù bạn xem mình là một nông dân nổi dậy cầm chĩa ba hay một vị thần biển quyền năng, cây chĩa chiến này đều đáp ứng hoàn hảo."
equipment_info_hatchet,0,,"Chiếc rìu tay nhỏ gọn đa năng. Vừa dùng đốn củi, vừa gánh nước, lại có thể bổ đôi sọ của những tên cướp đột kích."
equipment_info_greataxe,0,,Được thiết kế chuyên biệt để chặt đứt các chi thể của con người chứ không phải đốn cây. Gây ra những vết thương sâu hoắm tàn khốc.
equipment_info_warhammer,0,,Vũ khí cận chiến dùng để bổ vỡ mũ sắt của đối thủ hoặc đập gãy chân chiến mã trong giao tranh.
equipment_info_two_handed_warhammer,0,,"Tung ra những đòn giáng sấm sét nghiền nát lớp giáp kiên cố của đối thủ, đập tan mọi sự tự tin của kẻ thù!"
equipment_info_flail,0,,"Vốn là dụng cụ đập lúa của nhà nông, chùy xích rất lợi hại trong việc vòng qua mép khiên để đánh trúng đầu đối phương."
equipment_info_reinforced_flail,0,,"Chỉ phát huy uy lực ở cự ly gần, món vũ khí bọc sắt này được cải tiến để gia tăng tính đe dọa và khủng bố tinh thần."
equipment_info_two_handed_flail,0,,Bù đắp cho tốc độ vung chậm chạp là lực sát thương kinh hoàng của quả chùy sắt. Độ chính xác kém nhưng uy lực trấn áp tột độ.
equipment_info_short_bow,0,,"Cây cung nhỏ gọn, cực kỳ thích hợp để bắn tên trên lưng ngựa. Món vũ khí yêu thích của các kỵ xạ Saracen."
equipment_info_war_bow,0,,Các cung thủ thường ca ngợi chiến tích của người xứ Wales và Anh trong trận đại chiến Crécy. Họ đã dùng chính những cây chiến cung uy lực này.
equipment_info_long_bow,0,,Trường cung truyền thống làm từ một thanh gỗ thủy tùng nguyên khối với khấc móc gia cố. Vũ khí chuẩn mực huyền thoại suốt nhiều thế kỷ.
equipment_info_curved_bow,0,,Các nghệ nhân làm cung đều lấy cảm hứng từ cây cung truyền thuyết Fail Not của hiệp sĩ Tristan. Món vũ khí cân bằng hoàn mỹ này đạt tới đẳng cấp đó.
equipment_info_light_crossbow,0,,Dễ sử dụng và nạp tên nhanh hơn nỏ thông thường. Dù lực bắn không quá mạnh nhưng rất hoàn hảo để kết liễu kẻ thù đang bị thương.
equipment_info_crossbow,0,,"Vũ khí ưa thích của lính đánh thuê thành Genoa, bắn ra những mũi tên nỏ ngắn và nặng có thể xuyên thủng cả áo giáp xích."
equipment_info_heavy_crossbow,0,,"Cây đại nỏ có lực kéo cực nặng đòi hỏi xạ thủ phải có thể lực dồi dào, nhưng uy lực xuyên phá của mũi nỏ thì không gì sánh kịp."
equipment_info_throwing_axes,0,,Vũ khí tầm xa dễ ném nhưng khó đạt tới cảnh giới tinh thông. Thích hợp nhất để phóng thẳng vào lưng những kẻ thù đang tháo chạy.
equipment_info_light_javelins,0,,Ngọn giáo ném lấp lánh dưới ánh mặt trời khi vẽ nên đường cung chết chóc hướng về quân địch. Lựa chọn tầm xa tuyệt vời thay thế cho cung tên.
equipment_info_sling,0,,"Đừng bao giờ xem thường chiếc ná dây bắn đá đơn sơ. Những tay thiện xạ có thể phóng đá nhanh hơn cả bắn tên, trút cơn mưa đá nghiền nát quân thù."
equipment_info_sling_staff,0,,"Nửa gậy gộc nửa ná dây, giúp kéo dài tầm vung tay đòn để phóng đá bay xa và mạnh hơn, cực kỳ lợi hại khi công thủ thành trì."
equipment_info_bolas,0,,"Món vũ khí thoạt nhìn như đồ chơi nhưng khi quay tròn trên không và phóng đi, những quả cầu bay sẽ quấn chặt và bẻ gãy chân mục tiêu."
equipment_info_hand_ram,0,,"Cột gỗ phá thành đầm chắc dùng để húc tung những cánh cửa kiên cố, vận hành hoàn toàn bằng sức mạnh cơ bắp và quyết tâm của dân làng."
equipment_info_metal_hand_ram,0,,Cột phá thành bọc sắt kiên cố có thể phá tan những cánh cổng thành vững chãi nhất. Rất nặng nề nhưng vô cùng xứng đáng.
equipment_info_light_armor,0,,"Giá thành rẻ và dễ sửa chữa, bộ giáp da luộc này nhẹ nhàng và làm chệch hướng hầu hết các nhát chém thông thường."
equipment_info_forest_light_armor,0,,"Khai thác từ rừng già. Đối với những kẻ không có lò rèn kim loại như tộc người ăn thịt đảo Man, bộ giáp gỗ này là quá đủ."
equipment_info_mail_armor,0,,"Mềm dẻo và thoải mái khi mặc, giáp lưới xích bảo vệ tối ưu trước các vết chém sắc ngọt, giúp ngăn ngừa các vết thương hoại tử chiến trường."
equipment_info_plate_armor,0,,"Bộ giáp tấm hiệp sĩ có giá trị bằng cả một gia tài, nhưng sự bất khả xâm phạm trước gươm giáo và đòn đập là cái giá hoàn toàn xứng đáng."
equipment_info_savage_heavy_armor,0,,"Móp méo và gỉ sét, đây không phải bộ giáp dành cho hiệp sĩ hào nhoáng. Kim loại sáng bóng bị khinh thường bởi những kẻ ẩn mình trong bóng tối."
equipment_info_plate_helmet,0,,"Tầm nhìn và hơi thở bị hạn chế, nhưng không có chiếc mũ giáp nào bảo vệ đầu tốt hơn đại mũ trụ hiệp sĩ, xứng tầm các chiến binh Thập Tự Chinh."
equipment_info_light_helmet,0,,Chiếc mũ bảo hộ chắc chắn giúp che chắn phần đầu khỏi các đòn chém lướt và đâm hiểm vào mặt.
equipment_info_mail_helmet,0,,"Mũ trùm lưới xích là phần bổ sung khôn ngoan cho mọi bộ giáp, giúp làm chệch hướng những nhát kiếm nhắm vào gáy và cổ."
equipment_info_forest_mask,0,,Gương mặt gỗ cứng đờ vô cảm trước mọi bi kịch trần thế. Hiện thân của Tinh Linh Xanh ngạo nghễ cười cợt trước tử thần.
equipment_info_forest_horned_mask,0,,Mũ mặt nạ chạm khắc mang đậm linh hồn hoang dã của thế giới bí ẩn bên ngoài ánh lửa trại. Hãy kính sợ những điều huyền bí.
equipment_info_forest_horned_helmet,0,,"Chiếc mũ trụ triệu hồi nỗi khiếp đảm của Vị Thần Có Sừng, Chúa Tể Rừng Già. Bất kỳ ai bị cuốn vào Cuộc Săn của Herne sẽ bị truy đuổi tới tận cùng thời gian."
equipment_info_gambeson_armor,0,,Áo giáp vải chần bông dày dặn được bộ binh cực kỳ ưa chuộng. Bộ giáp thân nguyên bản này có thể cản đứng những mũi tên bắn xuyên.
equipment_info_macabre_armor,0,,"Bộ giáp kết từ xương thú và xương người, mô phỏng mai rùa và vỏ cua. Toát lên vẻ rùng rợn chết chóc."
equipment_info_macabre_helmet,0,,Chiếc sọ người thứ hai bao bọc bên ngoài đầu. Thường được đội bởi những kẻ thèm khát thưởng thức thịt người.
equipment_info_heretic_helmet,0,,Chiếc mũ trụ có sừng ma quái mang lại diện mạo quỷ dữ cho người đội. Vũ khí yêu thích của những kẻ gieo rắc hỗn loạn.
equipment_info_kettle_helmet,0,,Chiếc mũ sắt vành rộng quen thuộc với mọi chiến binh từng hành quân trên khắp các chiến trường Châu Âu.
equipment_info_buckler_shield,0,,"Chiếc khiên tròn nhỏ gọn linh hoạt, hoàn hảo cho các trận quyết đấu tay đôi một chọi một."
equipment_info_kite_shield,0,,Chiếc khiên hình giọt nước dài che chắn hoàn hảo cho cả kỵ sĩ và chiến mã khi xung phong trên lưng ngựa.
equipment_info_heater_shield,0,,"Chiếc khiên hình tam giác kiên cố mang lại khả năng chống đỡ tuyệt vời trước tên bắn và các nhát chém, kết hợp hoàn hảo cùng vũ khí một tay."
equipment_info_tower_shield,0,,"Chiếc khiên tháp cao lớn và nặng nề dựng thành bức tường khiên vững chắc, bảo vệ an toàn tuyệt đối cho các cung thủ phía sau."
equipment_info_pavise_shield,0,,Đại khiên chắn dựng đứng giúp cung thủ nấp sau để nạp tên an toàn trước hỏa lực tầm xa của quân thù.
equipment_info_macabre_shield,0,,"Được trang trí bằng các mảnh xương trắng, chiếc khiên đầy ma mị này đóng vai trò như một lời nhắc nhở về cái chết (memento mori) cho cả người mang lẫn kẻ đối đầu."
equipment_info_winter_clothes,0,,Mặc nhiều lớp áo ấm là điều vô cùng thiết yếu giữa mùa đông nước Anh ẩm ướt và lạnh giá cắt da cắt thịt.
equipment_info_summer_clothes,0,,"Quần áo mỏng nhẹ, thoáng khí là lựa chọn tối ưu cho những tháng mùa hè, khi dân làng dễ bị say nắng hoặc cháy nắng khi làm việc ngoài trời."
equipment_info_cap,0,,Giữ ấm phần đầu và bảo vệ mái tóc khỏi khói củi và chấy rận bằng một chiếc mũ vải vừa vặn.
equipment_info_wide_hat,0,,"Lý tưởng cho mùa thu hoạch hoặc lao động ngoài trời, chiếc mũ rộng vành giúp che chắn cả ánh nắng gay gắt lẫn những cơn mưa rào."
equipment_info_shackles,0,,"Còng sắt chắc chắn là vật dụng thiết yếu để khóa chặt phạm nhân, ngăn ngừa đào tẩu và làm loạn."
equipment_info_macabre_crown,0,,"Được đội nhằm thị uy nhiều hơn là bảo vệ, mang lại vẻ ngoài uy quyền đáng sợ cho người sở hữu."
equipment_info_druid_crown,0,,"Vương miện kết bằng lá sồi thiêng, biểu trưng cho trí tuệ, sự sinh sôi và quyền năng thiên nhiên của vị vua giữa mùa hạ."
equipment_info_heretic_crown,0,,"Đổi vương miện gai lấy một vòng vương miện sừng quỷ là hành vi dị giáo, thách thức mọi vương quyền trần thế."
equipment_info_sack_hood,0,,"Chiếc mũ trùm bằng bao bố thô ráp, mang lại cho người đội diện mạo kỳ dị ma quái như một bù nhìn rơm sống."
equipment_info_headband,0,,"Một dải băng vải quấn ngang trán giúp giữ tóc tai gọn gàng, không làm che khuất tầm nhìn khi lao động."
equipment_info_mouthpiece,0,,"Mảnh vải quấn che nửa mặt hoặc đầu, rất được giới thổ phỉ và đạo tặc ưa chuộng để giấu mặt."
equipment_info_head_scarf,0,,"Khăn trùm đầu bằng vải đơn giản, tiện lợi dùng để giữ ấm hoặc cải trang che giấu thân phận."
equipment_info_hood,0,,"Chiếc mũ trùm đầu giúp ẩn mình và che giấu danh tính, theo truyền thống của những hiệp sĩ rừng xanh Robin Hood."
equipment_info_wolf_headpiece,0,,Người miền núi kể về truyền thuyết hóa sói săn mồi theo bầy. Chiếc mũ đầu sói này gợi lên nỗi khiếp sợ hoang dã của bóng đêm rừng thẳm.
equipment_info_boar_headpiece,0,,Giáo phái chiến binh lợn rừng đang trỗi dậy mạnh mẽ ở vùng Northumbria. Các chiến binh Pagan cầu nguyện thần Vitiris ban cho lòng dũng cảm phi thường.
equipment_info_stag_headpiece,0,,"Chiếc mũ gạc hươu tôn vinh nữ thần cổ xưa Elen of the Ways, mang đậm màu sắc nghi lễ huyền bí của các tín đồ Pagan."
equipment_info_hare_headpiece,0,,"Gợi nhớ thuật biến hình và báo trước điềm gở. Người đội hiện thân cho sự sinh sôi, cuồng loạn và tử thần. Hãy dè chừng loài thỏ rừng."
equipment_info_chaperon,0,,Mũ trùm Chaperon — biểu tượng thời trang quý tộc thế kỷ 14 với dải đuôi dài liripipe uốn lượn đặc trưng.
equipment_info_reinforced_wooden_shield,0,,"Chiếc khiên gỗ gia cố tăng cường khả năng chống đỡ, dù nặng nề hơn nhưng có thể cứu mạng bạn trong gang tấc."
equipment_info_bone_bow,0,,"Chiếc cung ngắn độc đáo được chế tác từ xương thú, da và gân động vật."
resource_category_name_CtgAlcoholMat,0,,Nguyên Liệu Nấu Rượu
resource_category_name_CtgAnimHerbFood,0,,Thức Ăn Động Vật Ăn Cỏ
resource_category_name_CtgAperal,0,,Y Phục Quần Áo
resource_category_name_CtgArmor,0,,Giáp
resource_category_name_CtgBuildMat,0,,Vật Liệu Xây Dựng
resource_category_name_CtgCarcass,0,,Xác Động Vật
resource_category_name_CtgChemMat,0,,Hóa Chất & Dược Liệu
resource_category_name_CtgClothMat,0,,Vải May Mặc
resource_category_name_CtgCookingMat,0,,Nguyên Liệu Nấu Ăn Chính
resource_category_name_CtgSecondCookingMat,0,,Nguyên Liệu Nấu Ăn Phụ
resource_category_name_CtgDesinf,0,,Chất Khử Trùng Y Tế
resource_category_name_CtgEdible,0,,Thực Phẩm Ăn Được
resource_category_name_CtgFruit,0,,Trái Cây Tươi Mọng
resource_category_name_CtgFuel,0,,Nhiên Liệu Đốt Lò
resource_category_name_CtgHealPack,0,,Dược Phẩm Cứu Thương
resource_category_name_CtgItem,0,,Vật phẩm
resource_category_name_CtgMeal,0,,Bữa ăn nấu chín
resource_category_name_CtgMeat,0,,Thịt
resource_category_name_CtgMetal,0,,Kim loại
resource_category_name_CtgPresMat,0,,Chất bảo quản thực phẩm
resource_category_name_CtgRawMat,0,,Raw Vật liệu
resource_category_name_CtgRawMeat,0,,Sống Thịt
resource_category_name_CtgResearch,0,,Tri thức & Sách vở
resource_category_name_CtgVegetable,0,,Rau củ
resource_category_name_CtgWaste,0,,Rác thải
resource_category_name_CtgWeapon,0,,Vũ khí
resource_category_name_CtgAlcohol,0,,Rượu bia
resource_category_name_CtgLeatherMat,0,,Da thuộc
resource_category_name_CtgTextileMat,0,,Vải dệt may
resource_category_name_CtgHumanCarcass,0,,Xác người
resource_category_name_CtgStructure,0,,Kết cấu xây dựng
resource_category_name_CtgSeeds,0,,Hạt giốngs
resource_category_name_CtgCandleFuel,0,,Candle Vật liệu
resource_category_name_CtgDestilMat,0,,Nguyên liệu chưng cất rượu
resource_group_Apparel,0,,Trang phục
resource_group_ApparelClothing,0,,Quần áo may mặc
resource_group_ApparelHeadware,0,,Mũ nón
resource_group_Books,0,,Sách vở
resource_group_Carcass,0,,Xác
resource_group_CarcassAnimal,0,,Động vật
resource_group_CarcassHuman,0,,Xác người
resource_group_Food,0,,Lương thực thực phẩm
resource_group_FoodMeal,0,,Bữa ăn
resource_group_FoodRaw,0,,Sống
resource_group_Material,0,,Vật liệu thô
resource_group_Textiles,0,,Vải dệt may
resource_group_Warfare,0,,Quân sự & Chiến tranh
resource_group_WarfareArmor,0,,Giáp
resource_group_WarfareShield,0,,Khiên phòng thủ
resource_group_WarfareWeapon,0,,Vũ khí
resource_group_WarfareWeaponMelee,0,,Cận chiến
resource_group_WeaponMelee,0,,Cận chiến
resource_group_WeaponRanged,0,,Tầm xa
resource_group_Waste,0,,Phế thải
resource_group_ArmorBody,0,,Giáp thân
resource_group_ArmorHead,0,,Mũ trụ
resource_group_MeleeOnehanded,0,,Vũ khí cận chiến một tay
resource_group_MeleeTwohanded,0,,Vũ khí cận chiến hai tay
resource_group_Medicine,0,,Y dược
resource_group_MaterialUnrefined,0,,Sống Material
resource_group_MaterialManufactured,0,,Vật liệu tinh chế
resource_group_Structures,0,,Công trình kiến trúc
resource_group_Water,0,,Nguồn nước
resource_group_Base,0,,Kiến trúc cơ bản
resource_group_StructuresLeisure,0,,Giải trí & Thờ phụng
resource_group_StructuresDecoration,0,,Trang trí
resource_group_StructuresFurniture,0,,Đồ Nội Thất & Kiến Trúc
resource_group_StructuresDefense,0,,Công trình phòng thủ
resource_group_StructuresProduction,0,,Xưởng sản xuất
resource_group_Seeds,0,,Hạt giốngs
resource_group_Trophy,0,,Chiến lợi phẩm
resource_group_FoodFermenting,0,,Nguyên liệu lên men
resource_group_Fodder,0,,Thức ăn gia súc
resource_group_Decoration,0,,Đồ trang trí
resource_category_name_CtgFodder,0,,Thức ăn gia súc
resource_category_name_CtgGold,0,,Vàng
resource_group_Coin,0,,Tiền vàng bạc
resource_group_Misc,0,,Linh tinh
resource_category_name_CtgOilSource,0,,Nguồn dầu đốt
resource_group_Ammo,0,,Đạn dược
resource_group_AmmoProjectile,0,,Đạn máy bắn đá Trebuchet
resource_group_AmmoPierce,0,,Mũi lao nỏ Ballista
resource_group_AmmoMultishot,0,,Đạn đá máy bắn Onager
resource_group_Relic,0,,Thánh Tích Tôn Giáo
resource_group_Grandoak,0,,Cây Sồi Đại Ngàn Thiêng Liêng
resource_group_Skillbooks,0,,Sách Giáo Khoa & Kỹ Năng
resource_group_Grandbook,0,,Bộ Đại Luận Văn Uyên Bác
resource_group_MealSimple,0,,Bữa Ăn Đơn Sơ
resource_group_MealLavish,0,,Bữa Ăn Thịnh Soạn
resource_group_winter_clothes_tainted,0,,Quần Áo Mùa Đông (Vấy Máu Tử Thi)
resource_group_summer_clothes_tainted,0,,Quần Áo Mùa Hè (Vấy Máu Tử Thi)
resource_name_pet,0,,Thú Cưng Nuôi Trong Nhà
perk_name_Vigorous,0,,Khỏe Mạnh Cường Tráng
perk_name_Robust,0,,Dẻo Dai
perk_name_Infirm,0,,Ốm Yếu Xương Khớp
perk_name_Moribund,0,,Hấp Hối Bệnh Tật
perk_name_NightOwl,0,,Cú Đêm
perk_name_FortyWinks,0,,Ngủ Chợp Mắt
perk_name_Somnolent,0,,Hay Buồn Ngủ
perk_name_EarlyBird,0,,Dậy Sớm
perk_name_Stout,0,,Đẫy Đà Vững Chắc
perk_name_Gluttonous,0,,Phàm Ăn
perk_name_IronStomach,0,,Dạ Dày Thép
perk_name_Gourmet,0,,Sành Ăn
perk_name_Austere,0,,Khắc Khổ Khổ Hạnh
perk_name_Gobbler,0,,Kẻ Ngốn Ngấu
perk_name_Congenial,0,,Hòa Đồng Dễ Mến
perk_name_Outgoing,0,,Cởi Mở Nhiệt Thành
perk_name_Churl,0,,Cộc Cằn Thô Lỗ
perk_name_Contemplative,0,,Trầm Tư Mặc Tưởng
perk_name_Industrious,0,,Cần Cù Chăm Chỉ
perk_name_LordofMisrule,0,,Chúa Tể Hỗn Loạn
perk_name_Hedonist,0,,Ham Hưởng Lạc
perk_name_Listless,0,,Uể Oải Lờ Đờ
perk_name_Benevolent,0,,Nhân Từ Bác Ái
perk_name_Ruthless,0,,Tàn Nhẫn Không Nương Tay
perk_name_Brawler,0,,Đấu Sĩ Đường Phố
perk_name_Disfigured,0,,Khuôn Mặt Biến Dạng
perk_name_Illfavoured,0,,Kém Nhan Sắc
perk_name_Winsome,0,,Duyên Dáng Đáng Yêu
perk_name_Fair,0,,Thanh Tú Ưa Nhìn
perk_name_Ravishing,0,,Kiều Diễm Tuyệt Sắc
perk_name_Swigger,0,,Bợm Rượu
perk_name_PunchDrunk,0,,Say Đòn Hung Hăng
perk_name_Lightweight,0,,Tửu Lượng Kém
perk_name_HeatResistant,0,,Chịu Nóng Giỏi
perk_name_ColdHardy,0,,Chịu Lạnh Bền Bỉ
perk_name_HotBlooded,0,,Huyết Khí Nóng Nảy
perk_name_Chilly,0,,Sợ Lạnh Cóng
perk_name_Vulnerable,0,,Dễ Tổn Thương
perk_name_ElfShot,0,,Trúng Tên Yêu Tinh (Đau Nhức Bất Thần)
perk_name_GreenThumb,0,,Mát Tay Trồng Trọt
perk_name_Strapping,0,,Vạm Vỡ Lực Lưỡng
perk_name_Wicche,0,,Tâm Hồn Phù Thủy
perk_name_Ascetic,0,,Khổ Hạnh
perk_name_Dainty,0,,Thanh Mảnh Dịu Dàng
perk_name_Precious,0,,Yểu Điệu Quý Phái
perk_name_Whirlwind,0,,Nhanh Tựa Cơn Lốc
perk_name_FleetFooted,0,,Thoăn Thoắt Đôi Chân
perk_name_Brawny,0,,Cơ Bắp Cuồn Cuộn
perk_name_Sluggardly,0,,Lười Biếng Chậm Chạp
perk_name_Laggardly,0,,Lề Mề Lạc Bước
perk_name_Hefty,0,,To Cao Nặng Ký
perk_name_SunSeeker,0,,Thích Tắm Nắng
perk_name_SnowWhite,0,,Bạch Tuyết (Thích Tuyết)
perk_name_Washout,0,,Ghét Mưa Gió
perk_name_Dullard,0,,Chậm Hiểu Kém Thông Minh
perk_name_Wise,0,,Thông Thái Minh Triết
perk_name_Erudite,0,,Uyên Bác Học Rộng
perk_name_Bloodlust,0,,Khát Máu Cuồng Sát
perk_name_Callous,0,,Máu Lạnh Vô Cảm
perk_name_Cannibal,0,,Ăn Thịt Người
perk_name_Gossipmonger,0,,Kẻ Thích Buôn Chuyện
perk_name_BoneCollector,0,,Kẻ Thích Nhặt Xương
perk_name_Macabre,0,,Say Mê Sự Ma Quái
perk_name_Pyromancer,0,,Cuồng Phóng Hỏa
perk_name_SweetToothed,0,,Hảo Ngọt
perk_name_Prophet,0,,Nhà Tiên Tri
perk_name_Mudskipper,0,,Lội Bùn Giỏi
perk_name_Flamekissed,0,,Hỏa Hôn (Tôi Luyện Trong Lửa)
perk_name_Riverborn,0,,Con Của Sông Nước
perk_name_Workshy,0,,Ngại Khổ Lười Việc
perk_name_Ironblood,0,,Dòng Máu Thép
perk_name_Bowdrunk,0,,Cuồng Thuật Bắn Cung
perk_name_Siegewise,0,,Lão Luyện Công Thành
perk_name_Wardenborn,0,,Uy Quyền Quản Ngục
perk_name_Pitiless,0,,Không Khoan Nhượng
perk_name_Wildwyrd,0,,Huyết Thống Hoang Dã
perk_name_Herbivore,0,,Người Ăn Chay
perk_name_Steadfast,0,,Kiên Định Bất Khuất
perk_name_Nimbleblade,0,,Khoái Kiếm Nhanh Nhẹn
perk_name_Bloomer,0,,Hồn Nhiên Đâm Chồi
perk_name_Stoic,0,,Khắc Kỷ Điềm Tĩnh
perk_name_Splinter,0,,Mảnh Hồn (Tâm Thần Bất Ổn)
perk_name_Reeky,0,,Nặng Mùi Khó Chịu
perk_name_Bareknuckled,0,,Quyền Vương Tay Không
perk_name_Beastmaster,0,,Bậc Thầy Ngự Thú
perk_info_Vigorous,0,,"Tràn đầy sức sống và sinh lực dồi dào, <name> hiếm khi nào ốm đau và luôn hồi phục thần tốc."
perk_info_Robust,0,,"<name> sở hữu cơ thể tráng kiện bền bỉ, nhanh chóng vượt qua những vết thương chí mạng mà người khác phải bỏ mạng."
perk_info_Infirm,0,,Thể trạng yếu ớt và dễ tổn thương là gánh nặng mà <name> phải mang suốt cả cuộc đời. [He/She] thường xuyên phải nằm viện dưỡng bệnh.
perk_info_Moribund,0,,<name> thường toát ra mùi hôi khó chịu từ những lớp băng bó ẩm mốc. [He/She] hồi phục thương tật vô cùng chậm chạp.
perk_info_NightOwl,0,,<name> cảm thấy tỉnh táo và hăng say nhất khi làm việc giữa màn đêm tăm tối. [He/She] vẫn tràn đầy năng lượng dù ngủ rất ít.
perk_info_FortyWinks,0,,<name> chỉ cần nhắm nghiền đôi mắt chợp mắt trong chốc lát là toàn bộ thể lực đã được phục hồi hoàn toàn.
perk_info_Somnolent,0,,"<name> không gì yêu thích hơn một giấc ngủ nướng dài thảnh thơi. Trên thực tế, [he/she] cần ngủ nhiều hơn hẳn người bình thường mới có thể làm việc."
perk_info_EarlyBird,0,,<name> vô cùng hào hứng bắt tay vào công việc ngay khi vầng dương vừa ló dạng và tiếng gà gáy đầu tiên cất lên. Đi ngủ sớm là thói quen bắt buộc.
perk_info_Stout,0,,"<name> thường tự hào đùa rằng chiếc bụng mỡ đẫy đà của [his/her] chính là kho dự trữ năng lượng quý báu cho những ngày đói kém. Tuy nhiên, tốc độ di chuyển có phần chậm chạp hơn."
perk_info_Gluttonous,0,,"Đồ ăn, đồ ăn tuyệt vời! <name> chỉ đơn giản là thích ăn, bất cứ khi nào và bất cứ nơi đâu có thể."
perk_info_IronStomach,0,,Một trong những trò ưa thích của <name> là ăn đinh móng ngựa hoặc xà phòng. Có thể ăn đúng nghĩa mọi thứ là một tài năng đặc biệt.
perk_info_Gourmet,0,,"Ôi, niềm vui nấu nướng! <name> là đầu bếp được mọi người yêu thích, với kỹ năng ẩm thực vô tận kích thích vị giác."
perk_info_Austere,0,,<name> đã làm chủ tính kỷ luật và sự tiết chế. [He/She] thường nhịn ăn nhiều ngày mà không chịu ảnh hưởng xấu.
perk_info_Gobbler,0,,Cách duy nhất để bảo quản thức ăn là ăn thật nhanh. Ít nhất <name> nghĩ vậy.
perk_info_Congenial,0,,"Không thấy thì không bận tâm, đó là phương châm của <name>. [He/She] không lo lắng về những điều ngoài tầm kiểm soát của [his/her]."
perk_info_Outgoing,0,,"<name> rất vui tính, luôn tổ chức thi đấu, trò chơi và hát hò. [He/She] là một tâm hồn vui vẻ."
perk_info_Churl,0,,"Xấu tính và cộc cằn, gần như chẳng biết lịch sự. Rất khó làm việc cùng <name>, kết bạn còn khó hơn."
perk_info_Contemplative,0,,<name> dành phần lớn thời gian của [his/her] chìm trong những suy nghĩ riêng của [his/her]. Những người khác không được chào đón.
perk_info_Industrious,0,,"<name> quả là một người bận rộn, tất bật hoàn thành công việc từ sáng đến tối. [He/She] dường như chẳng bao giờ nghỉ."
perk_info_LordofMisrule,0,,"Với vài người, trò đùa và hề nhảm chỉ dành cho giữa đông, nhưng <name> thích bày trò quanh năm."
perk_info_Hedonist,0,,"Thiếu một chút náo nhiệt, <name> nhanh chóng chán và bắt đầu gây chuyện. Quả là người thích làm quá mọi thứ."
perk_info_Listless,0,,<name> thường ủ rũ than phiền và luôn làm cụt hứng mỗi khi ai đó đề nghị chuyện vui. [He/She] thường không được mời.
perk_info_Benevolent,0,,<name> là tia hy vọng giữa cuộc sống ảm đạm. [He/She] khiến mọi người cảm thấy khá hơn.
perk_info_Ruthless,0,,<name> cực kỳ thẳng thắn và không chịu nổi kẻ ngu ngốc. Ai không chấp nhận được sự thật trần trụi thường tránh xa.
perk_info_Brawler,0,,"Mỗi khi có đánh nhau bằng tay không, chắc chắn <name> là người khơi mào."
perk_info_Disfigured,0,,"Sau vụ cháy, <name> gần như không còn khuôn mặt, nhưng [he/she] vẫn có mục đích sống. Ít người dám nhìn thẳng vào mắt <name>."
perk_info_Illfavoured,0,,"<name> sinh ra với đôi mắt lé, khiến người khác khó biết nên nhìn vào đâu khi nói chuyện với [him/her]."
perk_info_Winsome,0,,"Ai cũng yêu mến <name>: người nhút nhát lẫn táo bạo, hiệp sĩ, trẻ em, người trẻ lẫn già. [He/She] có vẻ đẹp khiến ai cũng phải ngắm nhìn."
perk_info_Fair,0,,Ai là người đẹp nhất? Tất nhiên là <name>! Sức quyến rũ tự nhiên của [His/Her] khiến người khác rất khó nói 'không'.
perk_info_Ravishing,0,,"Trong mọi đóa hoa ở <village_name>, <name> là người nổi bật nhất. [He/She] xinh đẹp và vui tươi như gió hè."
perk_info_Swigger,0,,"Công việc này khát nước lắm! <name> thích uống rượu khi làm việc, và nó khiến [him/her] làm nhanh hơn."
perk_info_PunchDrunk,0,,"Nếu uống rượu cùng <name>, hãy chuẩn bị nhận một mắt bầm hoặc tệ hơn. [He/She] rất hung dữ khi say."
perk_info_Lightweight,0,,<name> thật sự không chịu được tửu lượng của [his/her]. Chỉ một ngụm nhỏ cũng khiến <name> ngủ gật.
perk_info_HeatResistant,0,,"Ngay cả trong cái nóng thiêu đốt, <name> vẫn chịu được nhiệt. [He/She] thích làm việc dưới nắng."
perk_info_ColdHardy,0,,<name> dường như không bị ảnh hưởng bởi giá lạnh. [He/She] vẫn làm việc suốt những ngày đông khắc nghiệt nhất.
perk_info_HotBlooded,0,,"<name> dường như lúc nào cũng quá nóng, luôn mở tung cửa sổ và tránh quần áo ấm. Cần giữ cho [He/She] được mát."
perk_info_Chilly,0,,"<name> luôn than phiền về gió lùa và cái lạnh, rồi co ro sát bên lửa. Cần giữ ấm cho [He/She]."
perk_info_Vulnerable,0,,"<name> liên tục chịu đựng bệnh gút hoặc kiết lỵ, phát ban hay co thắt. Thể trạng của [His/Her] rõ ràng rất yếu."
perk_info_ElfShot,0,,Những cơn đau lưng khủng khiếp mà <name> phải chịu chắc chắn do tên của tiên gây ra. [he/she] đã làm gì để đáng chịu khổ như vậy?
perk_info_GreenThumb,0,,<name> luôn yêu cây cối... đôi khi còn hơn con người. [He/She] chăm sóc chúng và chúng sinh trưởng tốt.
perk_info_Strapping,0,,<name> khỏe như bò mộng. [He/She] luôn cường tráng và chẳng bao giờ gục ngã.
perk_info_Wicche,0,,<name> vô cùng hòa hợp với thế giới tự nhiên. [He/She] chăm chú lắng nghe lời thì thầm hoang dã của cây cỏ và muông thú.
perk_info_Ascetic,0,,"<name> đã làm chủ tính kỷ luật và sự tiết chế. [He/She] tránh xa tiện nghi, thích sự khắc khổ của một căn phòng lạnh lẽo trống trải."
perk_info_Dainty,0,,"<name> cần những thứ tốt đẹp trong đời để phát triển. [He/She] khó chịu đựng những điều nhỏ nhặt như bụi bẩn, giá lạnh và gian khổ."
perk_info_Precious,0,,"<name> nhạy cảm, yếu ớt và dễ căng thẳng. Điều quan trọng là giữ cho [him/her] được thoải mái."
perk_info_Whirlwind,0,,"<name> chạy nhanh như gió, lẹ như hươu. [He/She] đi bộ cũng rất nhanh."
perk_info_FleetFooted,0,,Dường như <name> luôn đi trước một bước. Đôi chân dài và sải bước nhanh của [His/Her] chính là lý do.
perk_info_Brawny,0,,<name> rất khỏe và hoàn thành những việc nặng nhọc không chút khó khăn.
perk_info_Sluggardly,0,,"Luôn trễ nải, luôn mệt mỏi. <name> thiếu đúng giờ và làm việc gì cũng chậm."
perk_info_Laggardly,0,,<name> khó theo kịp mọi người. [He/She] tụt lại phía sau và mất nhiều thời gian hơn người khác ngay cả với việc nhỏ nhất.
perk_info_Hefty,0,,"<name> để lớn khác thường, gần như một người khổng lồ. [He/She] không sinh ra để chạy nhanh."
perk_info_SunSeeker,0,,<name> tràn đầy sức sống khi mặt trời tỏa sáng. Chỉ vài tia nắng vàng cũng đủ khơi dậy điều tốt nhất ở [him/her].
perk_info_SnowWhite,0,,<name> không gì thích hơn không khí buốt giá và sương lạnh giữa đông. [He/She] phát triển mạnh trong giá rét.
perk_info_Washout,0,,"Nếu mây mưa kéo đến, <name> sẽ rất buồn bực. Bị ướt khiến [him/her] khổ sở vô cùng."
perk_info_Dullard,0,,"<name> mất rất lâu mới hiểu được mọi việc, và [he/she] cần được kiên nhẫn chỉ bảo. Dù vậy, <name> vẫn có thể không hiểu."
perk_info_Wise,0,,<name> thường nhìn sự việc từ góc độ mới và suy nghĩ khác số đông. [He/She] rất giỏi giải quyết vấn đề.
perk_info_Erudite,0,,"<name> có trí tuệ hiếm có, thậm chí có thể gọi là thiên tài. [He/She] học cực kỳ nhanh."
perk_info_Bloodlust,0,,"<name> phát huy hết khả năng của [his/her] trong chiến đấu, phấn khích trước viễn cảnh chém giết dữ dội."
perk_info_Callous,0,,"<name> không hề lay động trước cái chết của con người. Khi linh hồn đã rời đi, xác thịt chỉ còn là một món hàng."
perk_info_Cannibal,0,,<name> là kẻ đồ tể không khoan nhượng và ăn thịt người. [He/She] được bồi bổ bằng thịt người.
perk_info_Gossipmonger,0,,"<name> xem việc biết chuyện của mọi người là bổn phận của [his/her], rồi đem kể khắp nơi."
perk_info_BoneCollector,0,,"Nơi người khác thấy cái chết, <name> nhìn thấy tiềm năng. Dù sao xương cốt vẫn lưu giữ ký ức."
perk_info_Macabre,0,,"Đối với <name>, sự mục rữa thối tàn là điều thiêng liêng huyền bí, và mỗi nấm mồ xác thịt rữa nát là một thiên sử thi đáng để nghiền ngẫm."
perk_info_Pyromancer,0,,"Mùi khói lửa quấn quýt quanh thân thể <name> như hình với bóng, và những tàn tro rực cháy luôn bùng lên mỗi khi [his/her] bước qua."
perk_info_SweetToothed,0,,"Mọi người thường đùa rằng <name> sẵn sàng đem cả túi tiền vàng để đổi lấy một hũ mật ong rừng, và vẫn đắc ý cho rằng đó là một món hời lớn."
perk_info_Prophet,0,,"Thường xuyên nằm liệt giường với thể trạng đau yếu, nhưng những lời sấm truyền tiên tri của <name> luôn khiến cả những trái tim can trường nhất cũng phải rùng mình khiếp sợ."
perk_info_Mudskipper,0,,"<name> sải bước đầy sảng khoái và thoăn thoắt qua đầm lầy, bùn lầy, đồng hoang nước ngập. Càng ướt át trơn trượt bao nhiêu, [he/she] lại càng phấn khích bấy nhiêu."
perk_info_Flamekissed,0,,"<name> khiếp đảm co rúm trước ngọn lửa tựa như nô lệ trước người chủ hung tàn. Lửa bám lấy [him/her] dai dẳng hơn người khác, để lại những vết bỏng sẹo thâm đen đau đớn."
perk_info_Riverborn,0,,"<name> lướt đi trong dòng nước mềm mại tựa loài lươn biển, chẳng hề bận tâm trước cái lạnh cắt da hay sóng gió. Tôm cá như bị ma thuật cổ xưa dẫn dụ thi nhau nhảy vào lưới của [his/her]."
perk_info_Workshy,0,,"<name> luôn nhanh chân lẩn trốn khỏi mọi công việc lao động chân chính, nhưng [he/she] lại tìm thấy niềm say mê bất tận trong ca hát, cờ bạc và những thú tiêu khiển nhàn rỗi."
perk_info_Ironblood,0,,"<name> tìm thấy sức mạnh trong kỷ luật thép, các bài thao diễn võ nghệ và đấu tập vũ trang. [He/She] miệt mài khổ luyện với sự tập trung phi thường hiếm có."
perk_info_Bowdrunk,0,,Bao tên bên hông và nhịp thở đều đặn khi giương cung — <name> bị mê hoặc tột cùng với việc trau chuốt từng phát bắn đạt độ chuẩn xác tuyệt đối.
perk_info_Siegewise,0,,"<name> am tường từng bánh răng, trục quay và đòn bẩy đối trọng. Khi tiếng gầm rú của các cỗ máy công thành vang lên, [he/she] luôn đi trước thế trận một bước."
perk_info_Wardenborn,0,,"<name> toát ra một uy quyền điềm tĩnh và lạnh lùng khiến ngay cả những tù nhân hung hãn ngỗ ngược nhất cũng phải ngoan ngoãn quy phục. [He/She] biết chính xác lúc nào nên đe nẹt, lúc nào nên quan sát và lúc nào nên tra chìa khóa vào ổ ngục."
perk_info_Pitiless,0,,"<name> lạnh lùng lột sạch tư trang tù binh, cười nhạo trước những lời van xin thảm thiết và chẳng bao giờ bận tâm nhớ tên họ. Lòng trắc ẩn không có chỗ trong công việc của [him/her]."
perk_info_Wildwyrd,0,,<name> có thể thuần phục một con dê núi đang nổi điên hay khiến một con chó hoang hung dữ phải cúi đầu phủ phục chỉ bằng một tiếng thì thầm êm dịu. Muôn loài muông thú đều tự nhiên lắng nghe và phục tùng [him/her].
perk_info_Herbivore,0,,"<name> tuyệt đối chỉ ăn hoa màu và thực vật, không hẳn vì giới luật tôn giáo mà đơn thuần là do sở thích cá nhân. Một bắp cải sống giòn tan? Với [him/her] đó là mỹ vị trần gian."
perk_info_Steadfast,0,,"Đứng trước mọi hình phạt tra tấn dã man, đói khát cùng cực hay tuyệt vọng đen tối nhất, <name> kiên quyết không bao giờ chịu khuất phục. [He/She] từng bước qua địa ngục trần gian trong quá khứ và vẫn ngẩng cao đầu vững bước tiến lên."
perk_info_Nimbleblade,0,,"Khi <name> rút kiếm giao đấu, đường kiếm uyển chuyển tựa như vũ điệu của sấm sét. Chẳng một vết xước nào có thể chạm vào thân thể [him/her], trong khi xác quân thù nhanh chóng gục ngã chất đống dưới chân."
perk_info_Bloomer,0,,Cỏ cây hoa lá đâm chồi nảy lộc mơn mởn dưới bàn tay chăm sóc của <name>. Ngay cả mảnh đất cằn cỗi khô cháy nhất cũng sẵn lòng đơm hoa kết trái ngọt lành cho [him/her].
perk_info_Stoic,0,,Bình thản đón nhận mọi gian nan đau khổ với phong thái trầm mặc. Mọi nỗi đau thể xác chỉ là bóng mây thoáng qua trước mắt.
perk_info_Splinter,0,,"<name> thỉnh thoảng choàng tỉnh dậy giữa đêm trong tiếng thét kinh hoàng, tin chắc rằng [he/she] không hề đơn độc bên trong tâm trí của chính mình. Và có lẽ [he/she] đã hoàn toàn đúng."
perk_info_Reeky,0,,"Bất kể <name> có kỳ cọ tắm rửa thường xuyên đến đâu, [he/she] vẫn luôn toát ra một mùi hôi nồng nặc khó chịu. Cả muôn thú lẫn con người đều tìm cách né tránh đứng gần <name>."
perk_info_Bareknuckled,0,,<name> tin tưởng vào sức mạnh của nắm đấm xương thịt hơn là gươm giáo kim loại. [He/She] vung nắm đấm tay không uy lực và tàn khốc hơn hầu hết những kẻ cầm gươm — chẳng một đối thủ nào có thể trụ vững sau đòn đánh của [him/her].
perk_info_Beastmaster,0,,Muông thú phục tùng trước <name> tựa như bị bỏ bùa mê bởi tiếng sáo thần của người thổi sáo thành Hamelin. [He/She] thuần hóa những loài ác thú hung tợn mà chẳng gặp chút khó khăn hay sợ hãi nào.
prox_info_moribund,0,,"Khi bị thương, các vết thương của <name> bốc ra mùi tử khí khó chịu khiến những dân làng Kiêu Kỳ và Yểu Điệu cảm thấy kinh tởm."
prox_info_messy_eather,0,,Thói quen ăn uống nhồm nhoàm bừa bãi của <name> khiến những người xung quanh cảm thấy vô cùng khó chịu.
prox_info_positive,0,,"Vui tươi và chu đáo, sự hiện diện của <name> nâng cao tâm trạng của mọi người xung quanh."
prox_info_negative,0,,Khuôn mặt ủ rũ càu nhàu của <name> dập tắt bầu không khí vui vẻ của bất kỳ ai ở gần.
prox_info_industrious,0,,Tinh thần làm việc hăng say cần mẫn của <name> khích lệ những dân làng xung quanh đẩy nhanh tiến độ làm việc.
prox_info_sluggardly,0,,Những người chứng kiến đều cảm thấy ức chế khi thấy <name> làm việc cẩu thả lề mề.
prox_info_dullard,0,,Người Thông thái và Uyên bác trở nên nóng nảy trước sự thiếu hiểu biết của <name>.
has_rebellious_state,0,,Thêm trạng thái Nổi loạn
rebl_name_EatBindge,0,,Ăn uống vô độ
rebl_name_InsultSpree,0,,Chế giễu khiêu khích
rebl_name_solitaryIdle,0,,Tự cô lập
rebl_name_drinkEntBindge,0,,Chè chén say sưa
rebl_name_fistFight,0,,Gây gổ ẩu đả
rebl_name_idleHot,0,,Giải nhiệt
rebl_name_idleCold,0,,Drawn để fire
rebl_name_natureIdle,0,,Trở về hoang dã
has_merry_state,0,,Tràn đầy sức sống
merry_name_Vigorous,0,,Hồi xuân
merry_name_robust,0,,Tràn đầy sinh lực
merry_name_Infirm,0,,Cảm hứng ẩm thực
merry_name_Gourmet,0,,Uy mãnh
merry_name_Brawler,0,,Duyên dáng quyến rũ
merry_name_Winsome,0,,Mát tay làm vườn
merry_name_GreenThumb,0,,Attuned để beasts
merry_name_Wicche,0,,Đầy cảm hứng
merry_name_Dainty,0,,Đặt để excavate
merry_name_Hefty,0,,Sắc sảo nhạy bén
merry_name_Wise,0,,Khéo léo tài tình
merry_name_Erudite,0,,Uyên bác thông thái
negative_chemistry_towards_perks,0,,Không hòa hợp với người mang đặc tính:
positive_chemistry_towards_perks,0,,Hòa hợp thân thiện với người mang đặc tính:
affection_tooltip,0,,Tình cảm
relation_towards,0,,My Tình cảm towards <settler_name> : <affection_amount>
relation_from,0,,<settler_name>`s Tình cảm towards me: <affection_amount>
affection_borders,0,,Tình cảm Range
effector_name_AffectionPerkChemistryPositive,0,,Tôi rất hòa hợp với:
effector_name_AffectionPerkChemistryNegative,0,,Tôi không thể hòa hợp với:
building names,0,,Tên Các Công Trình Kiến Trúc
building_name_clay_brick_floor,0,,Sàn Gạch Đất Sét
building_name_general_floor,0,,Sàn Nhà
building_name_limestone_block_floor,0,,Sàn Khối Đá Vôi
building_name_limestone_floor,0,,Sàn Đá Vôi Thô
building_name_wood_floor,0,,Sàn Gỗ Ván
building_name_wicker_floor,0,,Sàn Đan Liễu Gai
building_name_metal_grated_platform,0,,Bệ Sàn Lưới Thép
building_name_wicker_mesh_floor,0,,Sàn Lưới Đan Liễu Gai
building_name_stone_decorative_floor,0,,Sàn Lát Đá Khảm Trang Trí
building_name_clay_decorative_floor,0,,Sàn Lát Gạch Đất Sét Trang Trí
building_name_marble_decorative_floor,0,,Sàn Lát Đá Cẩm Thạch Trang Trí
building_name_clay_brick_merlon,0,,Răng Thành Gạch Đất Sét
building_name_clay_merlon,0,,Răng Thành Đất Sét
building_name_general_merlon,0,,Răng Thành (Chắn Tường)
building_name_limestone_block_merlon,0,,Răng Thành Khối Đá Vôi
building_name_limestone_merlon,0,,Răng Thành Đá Vôi Thô
building_name_wood_merlon,0,,Răng Thành Gỗ
building_name_dirt_voxel,0,,Khối Đất
building_name_clay_brick_wall_element,0,,Tường Gạch Đất Sét
building_name_clay_wall_element,0,,Tường Đất Sét
building_name_general_wall,0,,Tường Vách
building_name_limestone_block_wall_element,0,,Tường Khối Đá Vôi
building_name_limestone_wall_element,0,,Tường Đá Vôi Thô
building_name_wood_wall_element,0,,Tường Gỗ Ván
building_name_dirt_slope,0,,Dốc Đất
building_name_general_stairs,0,,Cầu Thang
building_name_clay_brick_stair,0,,Cầu Thang Gạch Đất Sét
building_name_clay_stair,0,,Cầu Thang Đất Sét
building_name_limestone_block_stair,0,,Cầu Thang Khối Đá Vôi
building_name_limestone_stair,0,,Cầu Thang Đá Vôi Thô
building_name_wood_stair_straight,0,,Cầu Thang Gỗ Thẳng
building_name_wooden_stair_square,0,,Cầu Thang Gỗ Vuông
building_name_clay_brick_window,0,,Cửa Sổ Gạch Đất Sét
building_name_clay_window,0,,Cửa Sổ Đất Sét
building_name_general_window,0,,Cửa Sổ
building_name_limestone_block_window,0,,Cửa Sổ Khối Đá Vôi
building_name_limestone_window,0,,Cửa Sổ Đá Vôi Thô
building_name_wood_window,0,,Cửa Sổ Gỗ
building_name_tall_gate,0,,Cổng Thành Cao
building_name_gate,0,,Cổng Thành
building_name_portcullis,0,,Cổng Thả Sắt Khóa
building_name_wood_gate_tall,0,,Cổng Gỗ Cao
building_name_wood_gate,0,,Cổng Gỗ
building_name_wood_portcullis,0,,Cổng Thả Gỗ Khóa
building_name_wood_ornate_gate_tall,0,,Cổng Gỗ Cao Chạm Khắc
building_name_wood_ornate_gate,0,,Cổng Gỗ Chạm Khắc
building_name_grated_door,0,,Cửa Lưới Sắt
building_name_wicker_door,0,,Cửa Đan Liễu Gai
building_name_wood_door,0,,Cửa Gỗ Ván
building_name_reinforced_door,0,,Cửa Gỗ Bọc Sắt Gia Cố
building_name_barn_door,0,,Cửa Chuồng Gia Súc
building_name_wood_fence_gate,0,,Cổng Rào Gỗ
building_name_wicker_fence_gate,0,,Cổng Rào Liễu Gai
building_name_fence_gate,0,,Cổng Rào
building_name_limestone_block_chimney,0,,Ống Khói Khối Đá Vôi
building_name_limestone_chimney,0,,Ống Khói Đá Vôi Thô
building_name_clay_brick_chimney,0,,Ống Khói Gạch Đất Sét
building_name_clay_brick_beam,0,,Vòm Cửa Gạch Đất Sét
building_name_limestone_block_beam,0,,Vòm Cửa Khối Đá Vôi
building_name_wood_beam,0,,Xà Dầm Gỗ
building_name_ornate_wood_beam,0,,Xà Dầm Gỗ Chạm Khắc
building_name_wood_ladder,0,,Thang Gỗ
building_name_stick_ladder,0,,Thang Dây Thừng Gỗ
building_name_mounted_ballista,0,,Nỏ lớn cố định
building_name_mounted_cannon,0,,Đại bác cố định
building_name_movable_ballista,0,,Nỏ lớn di động
building_name_movable_cannon,0,,Đại bác di động
building_name_movable_organ_gun,0,,Pháo organ di động
building_name_movable_trebuchet,0,,Máy bắn đá đối trọng di động
building_name_siege_weapon_onager,0,,Máy bắn đá Onager
building_info_siege_weapon_onager,0,,Máy bắn đá hạng nặng dùng lực xoắn. Phóng vật phẩm tấn công ở tầm xa.
building_name_siege_weapon_ballista,0,,Nỏ lớn
building_name_siege_weapon_trebuchet,0,,Máy bắn đá đối trọng
building_name_minting_station,0,,Xưởng đúc tiền
building_info_minting_station,0,,Đặt phôi vàng rồi giáng búa lên khuôn kim loại. Keng! Một đồng tiền mới vừa được đúc.
building_name_siege_weapon_canon,0,,Pháo Pot-de-fer
building_info_siege_weapon_canon,0,,Bắn đạn nặng từ vị trí cố định.
building_name_siege_weapon_prism,0,,Lăng kính
building_info_siege_weapon_prism,0,,Thu giữ và định hướng sức mạnh ánh sáng thành một vũ khí đáng gờm.
building_name_rally_point_marker,0,,Điểm tập hợp
building_info_rally_point_marker,0,,Dân làng tập hợp tại đây khi được huy động.
building_name_large_bell,0,,Chuông lớn
building_info_large_bell,0,,Rung chuông để gọi dân làng đến các điểm tập hợp đã kích hoạt.
rally_point_panel_desc,0,,Chọn which Dân làng will gather at this point when drafted.
bell_panel_desc,0,,Chọn rally points that will activate when you ring this bell.
rally_point_marker_default_name,0,,Điểm tập kết quân
bell_default_name,0,,Chuông lớn
rally_point_panel_armed_only,0,,Armed Dân làng only
rally_point_already_in,0,,Dân làng này đã được chỉ định vào điểm tập kết quân: 
lb_use_rally_points,0,,Dùng điểm tập hợp
lb_use_rally_points_title,0,,Được chỉ định vào Điểm tập kết
lb_use_rally_points_info,0,,"Nếu bỏ chọn, dân làng này sẽ không tự động động viên khi điểm tập kết được kích hoạt."
building_name_drawbridge_large,0,,Cầu kéo lớn
building_name_drawbridge_medium,0,,Cầu kéo
building_name_drawbridge_short,0,,Cầu kéo ngắn
building_info_drawbridge,0,,"Cầu di động có thể dùng để phòng thủ, ngăn kẻ thù xâm nhập. Hãy dọn gia súc và vật phẩm khỏi đường cầu hạ xuống để tránh bị phá hủy! "
building_name_ornate_bookshelf,0,,Giá sách trang trí
building_info_ornate_bookshelf,0,,Những sách giáo khoa quý nhất của thủ thư được xếp theo bảng chữ cái tại đây. Chúng được đọc cho dân làng ham học trong các Nhóm Học tập.
building_name_relic_shelf,0,,Kệ bàn thờ
building_info_relic_shelf,0,,Nơi thích hợp để trưng bày một vật phẩm thần bí vô cùng quan trọng.
building_name_war_chest,0,,Rương chiến tranh
building_info_war_chest,0,,Rương kiên cố dùng để khóa giữ tiền vàng phục vụ môi giới và các mục đích tương tự.
building_name_standing_decoration_pagan,0,,Thần tượng Huynh Đệ Cây Sồi
building_info_standing_decoration_pagan,0,,Con người hay động vật? Hình dáng tự nhiên duyên dáng này khó phân loại nhưng dễ được tôn kính.
building_name_skittles,0,,Ném ki gỗ
building_info_skittles,0,,Lăn quả bóng da nặng vào chín ki gỗ và nhìn chúng đổ xuống! Thường được chơi cùng một vại rượu táo hoặc bia.
building_name_quoits,0,,Ném vòng
building_info_quoits,0,,Những nỗ lực cấm trò ném vòng này khỏi quán rượu Anh vì khuyến khích sự lười biếng phần lớn đều thất bại.
building_name_shovelboard,0,,Bàn trượt xu
building_info_shovelboard,0,,"Từng là trò chơi dành riêng cho quý tộc, giờ bất kỳ ai có đồng groat trong túi cũng có thể trượt nó trên bàn để ghi điểm."
building_name_librarian_book_stand,0,,Bục đọc của học giả
building_info_librarian_book_stand,0,,"Thủ thư đặt sách giáo khoa quý tại đây rồi đọc, đôi khi dịch từ tiếng Latinh hoặc Pháp, cho dân làng trong Nhóm Học tập."
building_name_sergeants_podium,0,,Bục của đội trưởng
building_info_sergeants_podium,0,,Đội trưởng đứng tại đây khi huấn luyện võ thuật cho dân làng muốn cải thiện kỹ năng chiến đấu.
building_name_market_centar_marker,0,,Thập tự chợ
building_info_market_centar_marker,0,,"Mọi thị trấn chợ thịnh vượng đều muốn dựng thập tự chợ bằng đá làm trung tâm giao thương, tuyên cáo và công lý."
building_name_sparing_area,0,,Sân đấu tập
building_info_sparing_area,0,,"Hãy để họ quyết đấu trước đám đông quan sát và la ó. Có người tự nguyện luyện tập, người khác bị ném vào hố để mua vui."
building_name_stage,0,,Sân khấu
building_info_stage,0,,Cả thế giới là sân khấu... nhưng những người hát rong và nghệ sĩ xiếc thích biểu diễn trên bục cao trong lều trang trí hơn.
building_name_strategy_table,0,,Bàn chiến thuật
building_info_strategy_table,0,,"Mô hình lâu đài và quân lính nhỏ trông như đồ chơi, nhưng những trận đấu được hoạch định trên bàn chiến thuật này vô cùng nghiêm túc."
building_name_merchant_table,0,,Bàn Thương Nhân
building_info_merchant_table,0,,"Bề mặt gỗ được đánh bóng láng mịn, hoàn hảo để kê sổ cái cân đối thu chi, kiểm đếm tiền xu vàng, hoặc thậm chí dùng để thu thuế!"
building_name_model_solar_system,0,,Mô hình thiên văn
building_info_model_solar_system,0,,Mô hình bầu trời với các hành tinh lấp lánh đại diện những láng giềng thiên thể gần nhất. Nhưng nên đặt Helios ở giữa hay địa cầu Terra của chúng ta? Một câu hỏi hóc búa.
building_name_scales,0,,Cân
building_info_scales,0,,Cân tiền trở nên thiết yếu từ khi Edward I tuyên bố phải cân tiền để ngăn kẻ xén đồng xu trộm cắp.
building_name_grand_research_table,0,,Bàn nghiên cứu lớn
building_info_grand_research_table,0,,"Chiếc bàn cổ nặng nề, nhuốm đầy mực. Hoàn hảo để tập hợp nhiều bản thảo và tham khảo khi viết một luận thuyết có ảnh hưởng."
building_name_chess_pawn,0,,Tốt
building_name_chess_rook,0,,Xe
building_name_chess_knight,0,,Hiệp sĩ
building_name_chess_bishop,0,,Quân Cờ Tượng
building_name_chess_king,0,,Quân Cờ Vua
building_name_chess_queen,0,,Quân Cờ Hậu
building_info_chess_piece,0,,Bức tượng mô phỏng hình tượng một quân cờ bàn. Từng đường nét chạm khắc vững chãi uy nghi tựa như những nước cờ cân não trong một ván cờ chiến thuật kéo dài.
building_name_foxy_statue,0,,Tượng Cáo Tinh Ranh
building_info_foxy_statue2,0,,Thật là tinh ranh tựa loài cáo...
building_info_foxy_statue,0,,<b>Lời tri ân sâu sắc gửi tới những cá nhân xuất sắc đã cùng xây dựng cộng đồng Going Medieval phát triển hưng thịnh:</b>\n    Mathijs The Otter Mod\n    Lyosha\n    alexbb721\n    Isabelle 'Lady' Briar\n    Lady Kathleen\n    Megan_OMCF\n    Miss Morrigan Marie\n    và toàn thể quý bạn — những người chơi gắn bó từ giai đoạn Early Access.
building_name_scarecrow,0,,Bù Nhìn Rơm Đuổi Quạ
building_info_scarecrow,0,,"Hình nhân làm từ cành cây khô và rơm rạ, khoác tấm áo gi-lê rách bươm cùng chiếc mũ sụp vành. Lũ quạ hoảng sợ khựng lại không chỉ vì bóng dáng nó lay động trong gió, mà bởi cảm giác nó đang không ngừng dõi mắt nhìn trừng trừng."
building_name_sundial,0,,Đồng Hồ Mặt Trời
building_info_sundial,0,,"Chiếc kim đồng hồ bằng đồng nghiêng tựa ngón tay tu sĩ chỉ đường, theo dõi thời gian trôi qua bóng đổ của vầng dương. Những ký tự số La Mã khắc sâu nhắc nhở khách bộ hành rằng ánh sáng ban ngày là một nguồn tài nguyên quý giá có hạn."
building_name_purple_torch,0,,Đuốc Ánh Tím (Twitch)
building_name_purple_torch_wall,0,,Đuốc Treo Tường Ánh Tím (Twitch)
building_name_purple_brazier,0,,Chậu Than Ánh Tím (Twitch)
building_name_animal_sleeping_spot_hay,0,,Ổ Nằm Động Vật (Cỏ Khô)
building_info_animal_sleeping_spot,0,,Một chỗ nằm lót rơm ấm áp êm ái để đàn gia súc đã thuần hóa có thể nằm xuống nghỉ ngơi dưỡng sức.
production names,0,,Tên sản xuất
building_name_advanced_research_table,0,,Bàn Nghiên Cứu Cao Cấp
building_name_apothecary_bench,0,,Bàn Bào Chế Dược Liệu
building_name_armourer_table,0,,Bàn Thợ Rèn Giáp Trụ
building_name_basic_research_table,0,,Bàn Nghiên Cứu Sơ Cấp
building_name_general_blacksmith_station,0,,Lò Rèn Kim Loại
building_name_blacksmith_station,0,,Lò Rèn Kim Loại (Gạch Đá Vôi)
building_name_clay_brick_blacksmith_station,0,,Lò Rèn Kim Loại (Gạch Đất Sét)
building_name_brewing_station,0,,Trạm Nấu Rượu Bia
building_name_butchering_table,0,,Bàn Mổ Thịt Động Vật
building_name_camp_fire,0,,Lửa Trại Dã Ngoại
building_name_stove,0,,Bếp Nấu Ăn
building_name_general_hearth,0,,Bếp Sưởi Lò
building_name_clay_brick_stove,0,,Bếp Nấu Ăn (Gạch Đất Sét)
building_name_limestone_block_stove,0,,Bếp Nấu Ăn (Gạch Đá Vôi)
building_name_limestone_stove,0,,Bếp Nấu Ăn (Đá Vôi)
building_name_compost_making_station,0,,Đống Ủ Phân Hữu Cơ
building_name_fermenting_station,0,,Trạm Lên Men Thùng Gỗ
building_name_fletchers_table,0,,Bàn Chế Tạo Cung Tên
building_name_general_kiln,0,,Lò Nung Gạch Gốm
building_name_kiln,0,,Lò Nung Gạch (Đất Sét)
building_name_limestone_kiln,0,,Lò Nung Vôi (Đá Vôi)
building_name_smelting_station_default,0,,Lò Luyện Kim Đúc Quặng
building_name_limestone_smelting_station,0,,Lò Luyện Kim (Đá Vôi)
building_name_smelting_station,0,,Lò Luyện Kim (Đất Sét)
building_name_smokehouse_default,0,,Lò Hun Khói Bảo Quản Thịt
building_name_limestone_smokehouse,0,,Lò Hun Khói (Đá Vôi)
building_name_smokehouse,0,,Lò Hun Khói (Đất Sét)
building_name_pyre,0,,Giàn Hỏa Thiêu
building_name_research_table,0,,Bàn Nghiên Cứu Tri Thức
building_name_sewing_station,0,,Bàn May Dệt Quần Áo
building_name_spirit_destilary,0,,Lò Chưng Cất Rượu Nồng
building_name_stonemasons_bench,0,,Bàn Thợ Đẽo Đá
building_name_woodwork_bench,0,,Bàn Thợ Mộc Chế Tác Gỗ
building_name_ice_station,0,,Hầm Thùng Chứa Băng
building_name_skep,0,,Thùng Nuôi Ong Bện Rơm (Skep)
building_name_easel,0,,Giá Vẽ Hội Họa
building_name_saltpeter_pit,0,,Hầm Chiết Xuất Diêm Tiêu
building_name_oil_press,0,,Máy Ép Dầu Thực Vật
building_info_saltpeter_pit,0,,Xử lý phân thải chuồng trại thành những tinh thể khoáng chất diêm tiêu vô giá phục vụ chế tạo thuốc nổ.
building_info_oil_press,0,,Ép nghiền các loại hạt nông sản thành dầu bôi trơn và thắp sáng bằng cỗ máy đòn bẩy tiện lợi này.
Roof names,0,,Tên mái nhà
building_name_general_roof_half,0,,Nửa Mái Dốc
building_name_general_roof_whole,0,,Mái Nhà Hoàn Chỉnh
building_name_clay_shingle_roof_half,0,,Nửa Mái Ngói Gốm Đất Sét
building_name_clay_shingle_roof_whole,0,,Mái Ngói Gốm Đất Sét
building_name_hay_roof_half,0,,Nửa Mái Nhà Tranh
building_name_hay_roof_whole,0,,Mái Nhà Tranh
building_name_limestone_slate_roof_half,0,,Nửa Mái Phiến Đá Vôi
building_name_limestone_slate_roof_whole,0,,Mái Phiến Đá Vôi
building_name_wicker_roof_half,0,,Nửa Mái Đan Liễu Gai
building_name_wicker_roof_whole,0,,Mái Đan Liễu Gai
building_name_wood_roof_half,0,,Nửa Mái Gỗ Ván
building_name_wood_roof_whole,0,,Mái Gỗ Ván
Furniture names,0,,Tên Đồ Nội Thất
building_name_warden_desk,0,,Bàn Làm Việc Của Cai Ngục Trưởng
building_Info_warden_desk,0,,Chiếc bàn gỗ đồ sộ tượng trưng cho uy quyền tối cao của cai ngục trưởng trong việc quản lý phạm nhân toàn trại.
building_name_prison_stash,0,,Tủ Đựng Khẩu Phần Tù Nhân
building_Info_prison_stash,0,,Nơi cất trữ thức ăn và nước uống phục vụ trực tiếp cho các phạm nhân bị giam trong xà lim.
building_name_fire_pit,0,,Hố Lửa Lò Sưởi
building_name_fire_pit_round,0,,Hố Lửa Tròn
building_name_clay_brick_fire_pit,0,,Hố Lửa (Gạch Đất Sét)
building_name_clay_brick_fire_pit_round,0,,Hố Lửa Tròn (Gạch Đất Sét)
building_name_stone_brick_fire_pit,0,,Hố Lửa (Gạch Đá Vôi)
building_name_stone_brick_fire_pit_round,0,,Hố Lửa Tròn (Gạch Đá Vôi)
building_name_stone_fire_pit,0,,Hố Lửa (Đá Vôi Thô)
building_name_stone_fire_pit_round,0,,Hố Lửa Tròn (Đá Vôi Thô)
building_name_fire_place,0,,Lò Sưởi Âm Tường
building_name_general_brazier,0,,Chậu Than Sưởi
building_name_iron_brazier,0,,Chậu Than Sưởi (Sắt)
building_name_gold_brazier,0,,Chậu Than Sưởi (Vàng Ròng)
building_name_silver_brazier,0,,Chậu Than Sưởi (Bạc)
building_name_clay_brazier,0,,Chậu Than Sưởi (Đất Sét)
building_name_clay_brick_brazier,0,,Chậu Than Sưởi (Gạch Đất Sét)
building_name_stone_brazier,0,,Chậu Than Sưởi (Đá Vôi Thô)
building_name_stone_brick_brazier,0,,Chậu Than Sưởi (Gạch Đá Vôi)
building_name_general_decoration,0,,Vật Trang Trí
building_name_general_wall_decoration,0,,Vật Trang Trí Treo Tường
building_name_shrine_christian_stone,0,,Đền Hội Phục Hưng (đá vôi)
building_name_shrine_christian_wood,0,,Đền Hội Phục Hưng (gỗ)
building_name_shrine_pagan_stone,0,,Đền Huynh Đệ Cây Sồi (đá vôi)
building_name_shrine_pagan_wood,0,,Đền Huynh Đệ Cây Sồi (gỗ)
building_name_general_christian_shrine,0,,Đền Hội Phục Hưng
building_name_general_pagan_shrine,0,,Đền Huynh Đệ Cây Sồi
building_name_statue_fate_stone,0,,Tượng Định mệnh bằng đá
building_name_statue_fate_wood,0,,Tượng Định mệnh bằng gỗ
building_name_statue_knight,0,,Tượng hiệp sĩ
building_name_statue_obelisk,0,,Tượng đài obelisk
building_name_statue_pagan_stone,0,,Tượng ngoại giáo bằng đá
building_name_statue_pagan_wood,0,,Tượng ngoại giáo bằng gỗ
building_name_statue_woman,0,,Tượng phụ nữ
building_name_general_torch,0,,Đuốc
building_name_gold_torch,0,,Đuốc (vàng)
building_name_gold_torch_wall,0,,Đuốc tường (vàng)
building_name_silver_torch,0,,Đuốc (bạc)
building_name_silver_torch_wall,0,,Đuốc tường (bạc)
building_name_iron_torch,0,,Đuốc (sắt)
building_name_iron_tourch_wall,0,,Đuốc tường (sắt)
building_name_general_wall_torch,0,,Đuốc tường
building_name_wood_torch,0,,Đuốc (gỗ)
building_name_wood_torch_wall,0,,Đuốc tường (gỗ)
building_name_chair,0,,Ghế tựa
building_name_stool,0,,Ghế đẩu
building_name_stone_chair,0,,Ghế tựa đá
building_name_stone_stool,0,,Ghế đẩu đá
building_name_wicker_stool,0,,Ghế đẩu đan lát
building_name_wood_chair,0,,Ghế tựa gỗ
building_name_wood_stool,0,,Ghế đẩu gỗ
building_name_iron_chair,0,,Ghế tựa sắt
building_name_quality_chair,0,,Ghế tựa chất lượng
building_name_quality_chair_wool,0,,Ghế tựa chất lượng (len)
building_name_quality_chair_linen,0,,Ghế tựa chất lượng (lanh)
building_name_stone_table_large,0,,Bàn đá lớn
building_name_stone_table_medium,0,,Bàn đá vừa
building_name_stone_table_small,0,,Bàn đá nhỏ
building_name_wood_table_large,0,,Bàn gỗ lớn
building_name_wood_table_medium,0,,Bàn gỗ vừa
building_name_wood_table_small,0,,Bàn gỗ nhỏ
building_name_general_table_large,0,,Bàn lớn
building_name_general_table_medium,0,,Bàn vừa 
building_name_general_table_small,0,,Bàn nhỏ 
building_name_quality_table_large,0,,Bàn chất lượng lớn
building_name_quality_table_medium,0,,Bàn chất lượng vừa
building_name_quality_table_small,0,,Bàn chất lượng nhỏ
building_name_wall_bookshelf,0,,Giá sách tường
building_name_wall_decoration_christian,0,,Trang trí tường Hội Phục Hưng
building_name_wall_decoration_pagan,0,,Vật Trang Trí Tường Huynh Đệ Cây Sồi
building_name_wall_mirror,0,,Gương Soi Treo Tường
building_name_wall_pottery_shelf,0,,Kệ Gốm Treo Tường
building_name_wall_stone_lion_head,0,,Tượng Đầu Sư Tử Đá Gắn Tường
building_name_wall_tapestry,0,,Thảm Dệt Nghệ Thuật Treo Tường
building_name_wall_tool_shelf,0,,Kệ Dụng Cụ Treo Tường
building_name_fence,0,,Hàng Rào
building_name_wicker_fence,0,,Hàng Rào Đan Liễu Gai
building_name_stone_fence,0,,Hàng Rào Đá Vôi
building_name_wood_fence,0,,Hàng Rào Gỗ
building_name_wicker_bed,0,,Giường Đan Liễu Gai
building_name_royal_bed,0,,Giường Ngủ Hoàng Gia
building_name_royal_bed_wool,0,,Giường Ngủ Hoàng Gia (Đệm Len)
building_name_royal_bed_linen,0,,Giường Ngủ Hoàng Gia (Đệm Vải Lanh)
building_name_quality_bed,0,,Giường Ngủ Cao Cấp
building_name_quality_bed_wool,0,,Giường Ngủ Cao Cấp (Đệm Len)
building_name_quality_bed_linen,0,,Giường Ngủ Cao Cấp (Đệm Vải Lanh)
building_name_hay_wood_bed,0,,Giường Gỗ Lót Cỏ Khô
building_name_hay_sleeping_spot,0,,Chỗ Ngủ Lót Rơm Khô
building_name_medical_bed,0,,Giường Bệnh Xá Cứu Thương
building_name_standing_bookshelf,0,,Kệ Sách Đứng
building_name_weapon_rack,0,,Giá Gác Vũ Khí
building_name_armour_rack,0,,Giá Mắc Giáp Trụ
building_name_shelf,0,,Kệ Chứa Đồ
building_name_hook,0,,Móc Treo Thịt
building_name_wall_medicine_shelf,0,,Kệ Dược Liệu Treo Tường
building_name_candle,0,,Chân Đèn Nến Nhiều Nhánh
building_name_candle_wall,0,,Đèn Nến Treo Tường
building_name_gold_candle,0,,Chân Đèn Nến Nhiều Nhánh (Vàng Ròng)
building_name_gold_candle_wall,0,,Đèn Nến Treo Tường (Vàng Ròng)
building_name_silver_candle,0,,Chân Đèn Nến Nhiều Nhánh (Bạc)
building_name_silver_candle_wall,0,,Đèn Nến Treo Tường (Bạc)
building_name_iron_candle,0,,Chân Đèn Nến Nhiều Nhánh (Sắt)
building_name_iron_candle_wall,0,,Đèn Nến Treo Tường (Sắt)
building_name_wood_candle,0,,Chân Đèn Nến Nhiều Nhánh (Gỗ)
building_name_wood_candle_wall,0,,Đèn Nến Treo Tường (Gỗ)
building_name_stone_candle,0,,Chân Đèn Nến Nhiều Nhánh (Đá Vôi)
building_name_stone_candle_wall,0,,Đèn Nến Treo Tường (Đá Vôi)
building_name_merchants_stall,0,,Quầy Hàng Thương Nhân
building_name_map_table,0,,Bàn Bản Đồ Học & Địa Lý
building_name_caravan_post,0,,Bến Dừng Chân Đoàn Buôn
building_name_archery_range,0,,Bia Tập Bắn Cung
building_name_practice_dummy,0,,Hình Nộm Luyện Võ Cận Chiến
building_name_banner,0,,Cờ Hiệu Quân Kỳ
building_name_banner_linen,0,,Cờ Hiệu (Vải Lanh)
building_name_banner_wool,0,,Cờ Hiệu (Vải Len)
building_name_banner_leather_deer,0,,Cờ Hiệu (Da Hươu)
building_name_banner_leather_hare,0,,Cờ Hiệu (Da Thỏ Rừng)
building_name_banner_leather_wolf,0,,Cờ Hiệu (Da Sói)
building_name_banner_leather_boar,0,,Cờ Hiệu (Da Lợn Rừng)
building_name_banner_leather_fox,0,,Cờ Hiệu (Da Cáo)
building_name_banner_leather_rat,0,,Cờ Hiệu (Da Chuột)
building_name_banner_leather_water_vole,0,,Cờ Hiệu (Da Chuột Đồng Nước)
building_name_banner_leather_polecat,0,,Cờ Hiệu (Da Chồn Hôi)
building_name_banner_leather_cow,0,,Cờ Hiệu (Da Bò)
building_name_banner_leather_goat,0,,Cờ Hiệu (Da Dê)
building_name_banner_leather_sheep,0,,Cờ Hiệu (Da Cừu)
building_name_banner_leather_donkey,0,,Cờ Hiệu (Da Lừa)
building_name_banner_leather_cat,0,,Cờ Hiệu (Da Mèo)
building_name_banner_leather_dog,0,,Cờ Hiệu (Da Chó)
building_name_banner_leather_human,0,,Cờ Hiệu (Da Người)
building_name_banner_leather_bear,0,,Cờ Hiệu (Da Gấu)
building_name_banner_wall,0,,Cờ Hiệu Treo Tường
building_name_banner_wall_linen,0,,Cờ Hiệu Treo Tường (Vải Lanh)
building_name_banner_wall_leather,0,,Cờ Hiệu Treo Tường (Da Thuộc)
building_name_banner_wall_wool,0,,Cờ Hiệu Treo Tường (Vải Len)
building_name_banner_wall_leather_deer,0,,Cờ Hiệu Treo Tường (Da Hươu)
building_name_banner_wall_leather_hare,0,,Cờ Hiệu Treo Tường (Da Thỏ Rừng)
building_name_banner_wall_leather_wolf,0,,Cờ Hiệu Treo Tường (Da Sói)
building_name_banner_wall_leather_boar,0,,Cờ Hiệu Treo Tường (Da Lợn Rừng)
building_name_banner_wall_leather_fox,0,,Cờ Hiệu Treo Tường (Da Cáo)
building_name_banner_wall_leather_rat,0,,Cờ Hiệu Treo Tường (Da Chuột)
building_name_banner_wall_leather_water_vole,0,,Cờ Hiệu Treo Tường (Da Chuột Đồng Nước)
building_name_banner_wall_leather_polecat,0,,Cờ Hiệu Treo Tường (Da Chồn Hôi)
building_name_banner_wall_leather_cow,0,,Cờ Hiệu Treo Tường (Da Bò)
building_name_banner_wall_leather_goat,0,,Cờ Hiệu Treo Tường (Da Dê)
building_name_banner_wall_leather_sheep,0,,Cờ Hiệu Treo Tường (Da Cừu)
building_name_banner_wall_leather_donkey,0,,Cờ Hiệu Treo Tường (Da Lừa)
building_name_banner_wall_leather_cat,0,,Cờ Hiệu Treo Tường (Da Mèo)
building_name_banner_wall_leather_dog,0,,Cờ Hiệu Treo Tường (Da Chó)
building_name_banner_wall_leather_bear,0,,Cờ Hiệu Treo Tường (Da Gấu)
building_name_banner_wall_leather_human,0,,Cờ Hiệu Treo Tường (Da Người)
building_name_wardrobe,0,,Tủ Quần Áo Bằng Gỗ
building_name_wall_instrument_shelf,0,,Kệ Nhạc Cụ Treo Tường
building_name_pagan_ritual_circle,0,,Vòng Tròn Tế Lễ Huynh Đệ Cây Sồi
building_name_book_stand,0,,Bục Giảng Kinh Hội Phục Hưng
building_name_large_shrine_christian_wood,0,,Đền Thờ Lớn Hội Phục Hưng (Gỗ)
building_name_large_shrine_pagan_wood,0,,Đền Thờ Lớn Huynh Đệ Cây Sồi (Gỗ)
building_name_large_shrine_christian_stone,0,,Đền Thờ Lớn Hội Phục Hưng (Đá Vôi)
building_name_large_shrine_pagan_stone,0,,Đền Thờ Lớn Huynh Đệ Cây Sồi (Đá Vôi)
building_name_prison_marker,0,,Vạch Quy Hoạch Phòng Giam
building_name_gallows,0,,Giá Treo Cổ Đoạt Mạng
building_name_large_shrine_christian,0,,Đền Thờ Lớn Hội Phục Hưng
building_name_large_shrine_pagan,0,,Đền Thờ Lớn Huynh Đệ Cây Sồi
building_name_shield_rack_single_wall,0,,Giá Khiên Treo Tường Trang Trí
building_name_trophy_rack_wall,0,,Giá Chiến Lợi Phẩm Treo Tường
building_name_weapon_rack_single_wall,0,,Giá Vũ Khí Treo Tường Trang Trí
building_name_weapon_rack_wall,0,,Giá Gác Vũ Khí Gắn Tường
building_name_chest,0,,Rương Gỗ Đựng Đồ
building_name_chest_iron,0,,Rương Sắt
building_name_chest_steel,0,,Rương Thép Kiên Cố
building_name_chest_silver,0,,Rương Bạc Quý
building_name_chest_gold,0,,Rương Vàng Ròng
building_name_chest_wood,0,,Rương (gỗ)
building_name_chest_wicker,0,,Rương (đan lát)
building_name_pen_marker,0,,Mốc chuồng
building_name_trough,0,,Máng ăn
building_name_sign,0,,Biển hiệu
building_name_sign_wall,0,,Biển hiệu tường
building_name_backgammon_table,0,,Bàn cờ thỏ cáo
building_name_silver_mirror_wall,0,,Gương tường
resource_name_silver_mirror_wall,0,,Gương Bạc Treo Tường
building_name_statue_large,0,,Tượng lớn
building_name_stone_statue_large,0,,Tượng lớn (đá vôi)
building_name_wood_statue_large,0,,Tượng lớn (gỗ)
building_name_statue_wall,0,,Phù điêu tường
building_name_stone_statue_wall,0,,Phù điêu tường (đá vôi)
building_name_wood_statue_wall,0,,Phù điêu tường (gỗ)
building_name_rug_large,0,,Thảm
resource_name_wool_rug_large_proto,0,,Thảm Trải Sàn Bằng Len
building_name_wool_rug_large,0,,Thảm (len)
building_name_linen_rug_large,0,,Thảm (lanh)
building_name_hay_rug_large,0,,Chiếu cói
resource_name_hay_rug_large_proto,0,,Chiếu Cói Trải Sàn
building_name_leather_deer_rug_large,0,,Thảm (da hươu)
building_name_leather_hare_rug_large,0,,Thảm (da thỏ)
building_name_leather_wolf_rug_large,0,,Thảm (da sói)
building_name_leather_boar_rug_large,0,,Thảm (da lợn rừng)
building_name_leather_fox_rug_large,0,,Thảm (da cáo)
building_name_leather_rat_rug_large,0,,Thảm (da chuột)
building_name_leather_water_vole_rug_large,0,,Thảm (da chuột đồng nước)
building_name_leather_polecat_rug_large,0,,Thảm (da chồn hôi)
building_name_leather_cow_rug_large,0,,Thảm (da bò)
building_name_leather_goat_rug_large,0,,Thảm (da dê)
building_name_leather_sheep_rug_large,0,,Thảm (da cừu)
building_name_leather_donkey_rug_large,0,,Thảm (da lừa)
building_name_leather_cat_rug_large,0,,Thảm (da mèo)
building_name_leather_dog_rug_large,0,,Thảm (da chó)
building_name_leather_human_rug_large,0,,Thảm (da người)
building_name_leather_bear_rug_large,0,,Thảm (da gấu)
building_name_tapestry_vertical_wall,0,,Thảm treo tường
building_name_painting_vertical_wall,0,,Tranh
building_name_wooden_well,0,,Giếng gỗ
building_name_barrel_small,0,,Thùng nước nhỏ
building_name_barrel_large,0,,Thùng nước lớn
building_info_wooden_well,0,,Công trình gỗ dùng để kéo nước sạch lên. 
building_info_barrel_small,0,,"Thùng nhỏ được buộc khéo léo bằng dây bấc phủ sáp. Khi cháy, dây bấc đứt và giải phóng nước."
building_info_barrel_large,0,,"Thùng lớn được buộc khéo léo bằng dây bấc phủ sáp. Khi cháy, dây bấc đứt và giải phóng nước."
trap names,0,,Tên bẫy
building_name_metal_trap,0,,Bẫy kim loại
building_name_stick_trap,0,,Bẫy que
building_name_wood_trap,0,,Bẫy gỗ
building_name_oil_trap,0,,Bẫy lửa
building_name_oil_trap_greek_fire,0,,Bẫy lửa Hy Lạp
building_name_oil_blob,0,,Vệt dầu
building_name_oil_blob_greek_fire,0,,Vệt lửa Hy Lạp
building_info_oil_trap,0,,Đặt bẫy lửa tàn bạo và nhìn kẻ thù bốc cháy.
building_info_oil_trap_greek_fire,0,,Ngọn lửa từ chiếc bẫy địa ngục này không thể dập bằng nước. Hãy cẩn thận!
building_info_oil_blob,0,,Rải một đường dầu để châm thành chuỗi lửa.
building_info_oil_blob_greek_fire,0,,Bôi các vệt lửa Hy Lạp để châm lên biển lửa không thể dập tắt.
graves names,0,,Tên mộ phần
building_name_grave,0,,Mộ
building_name_limestone_normal_grave,0,,Bia mộ đá vôi
building_name_limestone_sarcophagus,0,,Quan tài đá vôi
building_name_unmarked_grave,0,,Mộ vô danh
building_name_wood_normal_grave,0,,Mốc mộ gỗ
building_name_wood_sarcophagus,0,,Quan tài gỗ
cropfield names,0,,Tên thửa ruộng
building_name_barley_cropfield,0,,Ruộng lúa mạch
building_name_beet_cropfield,0,,Ruộng củ dền
building_name_birch_cropfield,0,,Cây bạch dương
building_name_cabbage_cropfield,0,,Ruộng bắp cải
building_name_carrot_cropfield,0,,Ruộng cà rốt
building_name_flax_cropfield,0,,Ruộng lanh
building_name_hay_cropfield,0,,Cỏ cao
building_name_herbs_cropfield,0,,Thảo mộc
building_name_default_stockpile,0,,Kho mặc định
building_name_dumping_stockpile,0,,Kho đổ bỏ
building_name_warfare_stockpile,0,,Kho chiến tranh
building_name_redcurrant_cropfield,0,,Bụi lý chua đỏ
building_name_maple_cropfield,0,,Phong đồng
building_name_oak_cropfield,0,,Cây sồi
building_name_pine_cropfield,0,,Thông Scots
building_name_willow_cropfield,0,,Cây liễu
building_name_apple_cropfield,0,,Cây táo
building info,0,,Thông tin công trình
building_info_clay_brick_floor,0,,"Gạch tạo nên mặt sàn cứng cáp, bền chắc. Thiết thực và hiệu quả."
building_info_limestone_block_floor,0,,Đá vôi đẽo gọt tạo thành những phiến lát đẹp mắt cho mặt sàn bền qua nhiều thế hệ.
building_info_limestone_floor,0,,Đá vôi tự nhiên tạo nên bề mặt hơi gồ ghề nhưng rất bền chắc.
building_info_wicker_floor,0,,Sàn làm từ que gỗ này có thể dùng làm bệ cho tầng thứ hai. 
building_info_wood_floor,0,,Ván thô đặt phẳng có thể được chà nhẵn để tạo mặt sàn bằng phẳng.
building_info_metal_grated_platform,0,,"Lưới kim loại nằm ngang giúp thông gió, thoát nước và quan sát giữa các tầng."
building_info_wicker_mesh_floor,0,,"Lưới gỗ nằm ngang giúp thông gió, thoát nước và quan sát giữa các tầng."
building_info_stone_decorative_floor,0,,Đá đẹp nhiều màu được ghép chính xác thành hoa văn trên sàn.
building_info_clay_decorative_floor,0,,Gạch đất nung tạo nên hoa văn phong phú dưới chân.
building_info_dirt_voxel,0,,Con người đã đào đắp và di chuyển đất suốt hàng thiên niên kỷ.
building_info_clay_brick_wall_element,0,,Rào chắn đơn giản xây bằng gạch đất sét.
building_info_clay_wall_element,0,,"Vách ngăn cơ bản làm từ đất sét, thô sơ nhưng hiệu quả."
building_info_limestone_block_wall_element,0,,Các khối đá vôi đẽo gọt gắn bằng vữa tạo nên mặt tường uy nghi.
building_info_limestone_wall_element,0,,Bức tường kiên cố dựng bằng khối đá vôi tự nhiên và vữa.
building_info_wood_wall_element,0,,"Bức tường đơn giản nhưng vững chắc, xây từ các khúc gỗ."
building_info_clay_brick_merlon,0,,"Vững chắc và gọn đẹp, chóp tường gạch tạo mặt công sự uy nghi, chỉ kém đá vôi nguyên khối."
building_info_clay_merlon,0,,Khối chắn đầu bờ tường thành được đúc khuôn tỉ mỉ từ đất sét. Vừa gia tăng tính thẩm mỹ vừa che chắn hiệu quả cho xạ thủ.
building_info_limestone_merlon,0,,"Được đẽo thô từ những tảng đá vôi nhưng vô cùng rắn chắc, tạo lá chắn vững chãi cho cung thủ trấn giữ trên mặt thành."
building_info_wood_merlon,0,,Hàng rào cọc gỗ từ ngàn xưa đã luôn là lá chắn phòng thủ hữu hiệu ngăn bước chân quân thù đột kích.
building_info_limestone_block_merlon,0,,"Để tạo nên những bức tường thành tráng lệ và kiên cố nhất, hãy bổ sung các ụ răng thành đá vôi gọt dũa. Một pháo đài đích thực dành cho bậc quý tộc."
building_info_dirt_slope,0,,Con dốc nghiêng cơ bản đắp từ đất nện giúp dân làng lên xuống giữa các tầng cao.
building_info_clay_brick_stair,0,,Những khối gạch đất sét nung vững chắc tạo nên các bậc thang đầm chân với độ bền trường tồn cùng thời gian.
building_info_clay_stair,0,,Bậc thang mộc mạc được đắp nặn từ đất sét thô.
building_info_limestone_block_stair,0,,Lối thang bước lên tầng cao. Những bậc đá vuông vức vững chãi xứng tầm tay nghề của người thợ đá bậc thầy.
building_info_limestone_stair,0,,Những bậc thang đẽo từ đá vôi thô sơ nhưng vô cùng chắc chắn.
building_info_wood_stair_straight,0,,Nhịp cầu thang thẳng đứng lắp ghép từ các thanh ván gỗ tự nhiên.
building_info_wooden_stair_square,0,,"Cầu thang gỗ gấp khúc vuông vức khi lên cao, cực kỳ tiết kiệm diện tích trong không gian chật hẹp."
building_info_clay_brick_window,0,,Khung cửa sổ vuông vắn viền gạch nung. Một ô cửa sổ mở ra thế giới muôn màu.
building_info_clay_window,0,,"Một lỗ trổ xuyên qua vách tường đất thô sơ, mộc mạc nhưng tiện dụng."
building_info_limestone_block_window,0,,Cửa sổ đá gọt đẽo tinh xảo có đố chia thanh nhã — điểm nhấn kiến trúc sang trọng thường thấy trong các tu viện và lâu đài cổ.
building_info_limestone_window,0,,Khung mở trên tường đá vôi. Vừa để đón luồng gió mát vừa làm lỗ châu mai bắn tên ra ngoài.
building_info_wood_window,0,,Khung cửa sổ gỗ kinh điển giúp mang ánh sáng ban mai chan hòa vào những căn phòng tối tăm.
building_info_wood_beam,0,,Những cây xà dầm bằng gỗ đặc đã chống đỡ sàn và trần nhà trên khắp cõi đất Anh quốc suốt hàng bao thế kỷ.
building_info_limestone_block_beam,0,,"Vòm cổng bằng đá đòi hỏi tay nghề điêu luyện của thợ đá bậc thầy. Chúng sẽ trường tồn cùng thời gian, kiêu hãnh gánh đỡ những tải trọng đồ sộ nhất."
building_info_clay_brick_beam,0,,"Được xây dựng uốn quanh khuôn gỗ, vòm cuốn bằng gạch nung tạo nên một kết cấu chịu lực tuyệt đẹp và kiên cố."
building_info_clay_brick_chimney,0,,"Chụp khói dẫn nhiệt xây từ gạch nung, giúp gom và dẫn toàn bộ khói bếp thoát ra ngoài trời."
building_info_limestone_block_chimney,0,,Những đường nét vuông vức tinh tế của ống khói đá vôi gọt dũa tôn vinh nét sang trọng của một bếp sưởi quý phái.
building_info_limestone_chimney,0,,Đá vôi thô kết hợp cùng vữa hồ là quá đủ để tạo nên một ống khói thoát nhiệt vững chắc.
building_info_reinforced_door,0,,"Nếu bạn muốn biến tổ ấm của mình thành một pháo đài kiên cố, cánh cửa gỗ bọc sắt tăng cường độ bền gấp đôi này chính là giải pháp hoàn hảo."
building_info_wood_door,0,,"Cánh cửa gỗ ván mang lại sự an toàn và riêng tư, đồng thời rất dễ dàng sửa chữa khi bị hư hại."
building_info_fence_gate,0,,Lối ra vào tiện lợi thông giữa các khoảnh sân vườn ngoài trời.
building_info_barn_door,0,,"Giúp che chắn chuồng trại khỏi gió mưa sương gió, nhưng không thể khóa chốt để ngăn thú hoang đi lạc hay kẻ thù đột kích."
building_info_grated_door,0,,Cánh cửa lưới sắt giúp bạn dễ dàng quan sát xem ai — hoặc thứ gì — đang rập rình bên ngoài trước khi quyết định mở then cài.
building_info_wicker_door,0,,"Tấm chắn mỏng manh đan bện từ những nhánh cành liễu gai mềm. Giữ ấm đôi chút, khả năng phòng thủ kém nhưng rất tiện lợi để đi qua nhanh chóng."
building_info_siege_weapon_ballista,0,,Cỗ máy bắn tên khổng lồ (Ballista) phóng những mũi tên lao và tảng đá cực mạnh từ vị trí cố định.
building_info_mounted_cannon,0,,Khẩu thần công đại bác uy lực khai hỏa những quả đạn pháo gang từ vị trí cố định.
building_info_movable_ballista,0,,Cỗ máy bắn tên cơ động phóng tên lao và đá tảng. Có thể di chuyển đổi trận địa khi cần thiết.
building_info_movable_cannon,0,,Khẩu pháo cơ động bắn đạn pháo công phá tầm xa. Có thể kéo chuyển vị trí chiến đấu.
building_info_movable_organ_gun,0,,"Súng nhiều nòng Ribauldequin (Đại bác chùm) là cỗ hỏa khí hủy diệt với một dãy nòng súng nhỏ, khai hỏa đồng loạt cả loạt đạn ghém chết chóc quét sạch hàng ngũ quân thù."
building_info_siege_weapon_trebuchet,0,,"Cỗ máy bắn đá công thành tầm xa uy lực hủy diệt với cánh tay đòn đối trọng khổng lồ, phóng những tảng đá nghiền nát tường thành kiên cố."
building_info_wood_ladder,0,,"Nguy hiểm và chông chênh hơn cầu thang một chút, nhưng chiếm cực kỳ ít diện tích mặt sàn."
building_info_wood_gate_tall,0,,Cánh cổng gỗ cao lớn kiên cố là bức tường thành hữu hiệu ngăn chặn đàn gia súc đi lạc và những vị khách không mời mà đến.
building_info_wood_gate,0,,Cánh cổng gỗ có bản lề dùng để bịt kín lối ra vào. Có thể ghép đôi hai cánh để mở rộng lối đi cho đoàn buôn xe kéo.
building_info_wood_portcullis,0,,Cổng sắt/gỗ mắt cáo trượt thẳng đứng bằng hệ thống dây xích và ròng rọc. Có thể thả sập xuống tức thì khi căn cứ bị tấn công đột kích.
Furniture info,0,,Mô Tả Đồ Nội Thất
building_info_backgammon_table,0,,Hai dân làng có thể cùng nhau ngồi đánh một ván cờ thỏ cáo (Backgammon) để thư giãn đầu óc.
building_info_clay_brazier,0,,Chậu gốm đất nung chứa than hoa đượm hồng giúp sưởi ấm không gian căn phòng trong những đêm đông giá rét.
building_info_clay_brick_brazier,0,,Chậu sưởi xây từ gạch đất nung chứa đầy than hồng đượm giúp xua tan giá rét.
building_info_iron_brazier,0,,Chiếc giỏ sưởi bằng sắt rèn chứa than củi đỏ rực mang lại hơi ấm nồng nàn.
building_info_stone_brazier,0,,Chậu sưởi đẽo từ đá vôi thô chứa than củi rực cháy giúp làm ấm không gian.
building_info_stone_brick_brazier,0,,Chậu sưởi xây bằng gạch đá vôi cắt khối chứa than củi sưởi ấm căn phòng.
building_info_hay_sleeping_spot,0,,Chỉ nhỉnh hơn nằm trực tiếp trên nền đất lạnh một chút. Một lớp cỏ khô rải xuống làm nơi ngả lưng tạm bợ.
building_info_hay_wood_bed,0,,Những bao tải nhồi đầy cỏ khô đặt trên khung gỗ mộc mạc. Một chiếc giường đơn sơ nhưng tương đối êm ái.
building_info_quality_bed,0,,Chiếc giường gỗ cao cấp tuyệt mỹ với khung tiện tinh xảo và hệ thống dây bện căng đệm đàn hồi. Vô cùng êm ái và sang trọng.
building_info_royal_bed,0,,Kiệt tác giường ngủ hoàng gia được chạm trổ hoa văn tinh xảo lộng lẫy. Chốn ngả lưng đế vương xứng tầm cho bậc quân vương tôn quý.
building_info_wicker_bed,0,,"Tiện nghi hơn nhiều so với nằm đệm rơm, nhưng vẫn là kiểu giường thô sơ chưa thực sự êm ái."
building_info_quality_table_large,0,,Chiếc bàn lớn được đẽo gọt vô cùng tinh xảo từ loại gỗ thớ mịn thượng hạng.
building_info_quality_table_medium,0,,Chiếc bàn trà được chế tác tinh xảo từ gỗ thớ mịn cao cấp.
building_info_quality_table_small,0,,"Chiếc bàn phụ nhỏ nhắn thanh nhã, gia công tỉ mỉ bằng gỗ tốt."
building_info_stone_table_large,0,,"Chiếc bàn đại tiệc đồ sộ bằng đá, hoàn hảo cho những bữa yến tiệc linh đình của các lãnh chúa."
building_info_stone_table_medium,0,,Chiếc bàn tiệc vững chãi chế tác từ đá vôi tự nhiên.
building_info_stone_table_small,0,,Chiếc bàn phụ nhỏ nhắn được đẽo gọt bóng bẩy từ đá tự nhiên.
building_info_wood_table_large,0,,"Chiếc bàn gỗ ván lớn cọ rửa sạch sẽ, là trung tâm tụ họp làm việc hoặc cùng nhau quây quần dùng bữa."
building_info_wood_table_medium,0,,Chiếc bàn gỗ được cọ sạch là nơi tụ họp để làm việc hoặc dùng bữa.
building_info_wood_table_small,0,,Bàn gỗ đơn giản dành cho không gian nhỏ hoặc công việc nhẹ.
building_info_iron_chair,0,,"Ghế rèn từ sắt, đẹp và khác thường, gần giống ngai vàng."
building_info_quality_chair,0,,"Chiếc ghế tiện tinh xảo, có lẽ dành cho một người quan trọng?"
building_info_stone_chair,0,,"Ghế đẽo từ đá. Uy nghi nhưng hơi lạnh, nên mang theo đệm."
building_info_stone_stool,0,,Ghế đá đơn giản.
building_info_wicker_stool,0,,Ghế đan đơn giản.
building_info_wood_chair,0,,Ghế gỗ chắc chắn.
building_info_wood_stool,0,,Ghế gỗ đơn giản.
building_info_shrine_christian,0,,"Tại đây, tín đồ Hội Phục Hưng tụ họp cầu nguyện."
building_info_shrine_pagan,0,,"Tại đây, tín đồ Huynh Đệ Cây Sồi tụ họp cầu nguyện."
building_info_statue_fate_stone,0,,Ba người phụ nữ bằng đá đang kéo sợi. Sợi chỉ chính là sự sống.
building_info_statue_knight,0,,Một chiến binh hào hiệp với đường nét như được đục khắc.
building_info_statue_obelisk,0,,"Bí ẩn, cao lớn và có hình dạng cân đối. Một dấu mốc hình học bằng đá khiến người ta bàn luận."
building_info_statue_pagan_stone,0,,Chữ rune không thể đọc nhưng ý nghĩa biểu tượng rất rõ. Tác phẩm chạm khắc này tôn vinh các vị thần ngoại giáo.
building_info_statue_woman,0,,Ánh nhìn bằng đá của thiếu nữ xinh đẹp này thực sự cuốn hút.
building_info_wall_bookshelf,0,,Sách hiếm và quý giá. Chúng xứng đáng có nơi cất giữ đẹp mắt.
building_info_wall_decoration_christian,0,,Tấm biển vàng sáng bóng càng rực rỡ dưới ánh nến do tín đồ chăm nom.
building_info_wall_decoration_pagan,0,,"Vật thể tối màu, thô ráp đẽo từ gỗ sồi, được tận tâm chạm rune cổ và biểu tượng bánh xe sự sống."
building_info_wall_mirror,0,,Ai là người đẹp nhất? Hãy tìm câu trả lời bằng chiếc gương cổ tích này.
building_info_wall_pottery_shelf,0,,Bộ đồ ăn tinh xảo xứng đáng được trưng bày khi không dùng. Chiếc kệ này làm việc đó rất tốt.
building_info_wall_stone_lion_head,0,,Sư tử chạm khắc là biểu tượng quyền lực đầy mạnh mẽ.
building_info_wall_tapestry,0,,Ngăn gió lùa và tô điểm màu sắc cho tường bằng tấm thảm được tạo nên công phu này.
building_info_wall_tool_shelf,0,,Giữ dụng cụ trong tầm tay và ngăn nắp bằng giá treo tường hữu ích này.
building_info_fence,0,,"Ranh giới mộc mạc giúp sắp xếp cây trồng và gia súc, nhưng dễ bị kẻ cướp vượt qua."
building_info_torch,0,,Nguồn sáng trong bóng tối.
building_info_torch_wall,0,,Ngọn lửa gắn tường cung cấp ánh sáng ổn định.
building_info_standing_bookshelf,0,,Căn phòng không có sách giống như cơ thể không có linh hồn. Hãy tự hào trưng bày tri thức khó nhọc mới có được.
building_info_weapon_rack,0,,"Giữ vũ khí và khiên luôn sẵn sàng bằng giá chứa chắc chắn, thiết thực."
building_info_armour_rack,0,,Trưng bày trang phục và đồ đội đầu khi không dùng. Mặc đồ sẽ dễ dàng hơn khi mọi thứ được sắp xếp ngăn nắp.
building_info_shelf,0,,"Nơi chứa theo chiều dọc tiết kiệm không gian, giữ vật phẩm sạch sẽ ngăn nắp và loại bỏ mục nát do nằm trên đất. "
building_info_hook,0,,"Móc kim loại gắn tường dùng để treo xác động vật chờ xử lý, tránh mục nát do nằm trên đất."
building_info_medical_shelf,0,,"Kệ cất giữ an toàn thảo mộc, thuốc đắp và các vật tư y tế khác."
building_info_candle,0,,Thắp sáng bóng tối và làm nơi ở ấm cúng hơn bằng ánh nến. 
building_info_merchants_stall,0,,"Một mái hiên che dựng thô sơ, đánh dấu địa điểm giao thương hàng hóa tấp nập. Nơi lui tới quen thuộc của những người bán hàng rong và lái buôn qua đường."
building_info_map_table,0,,"Trên chiếc bàn chắc chắn này là bản đồ mọi địa điểm đã biết quanh đây, hữu ích để định hướng và lập kế hoạch."
building_info_caravan_post,0,,Dân làng tụ họp tại đây để chờ đoàn lữ hành đến hoặc khởi hành.
building_info_archery_range,0,,Khu luyện tập có bia tròn cố định để tập bắn cung.
building_info_practice_dummy,0,,"Hình nộm rơm, kẻ địch thay thế hoàn hảo để luyện kỹ năng cận chiến."
building_info_banner,0,,"Lá cờ rách mang lịch sử lâu đời, mép sờn phấp phới trong gió."
building_info_shield_rack_single_wall,0,,Nơi dành cho huy hiệu. Hãy để những chiếc khiên tỏa sáng trên giá chắc chắn này.
building_info_trophy_rack_wall,0,,Những câu chuyện săn bắt. Nơi trưng bày thích hợp cho các chiến tích đáng nhớ.
building_info_weapon_rack_single_wall,0,,Nơi cất giữ với các hốc riêng dành cho những công cụ chiến tranh danh giá.
building_info_weapon_rack_wall,0,,Lưỡi kiếm và chùy xứng đáng được trưng bày. Giá tường trang trí này giữ vũ khí trong tầm tay.
building_info_chest,0,,Nơi cất đồ đạc. Rương bảo vệ khỏi thời tiết nhưng không chống được thay đổi nhiệt độ. 
building_info_pen_marker,0,,Đặt mốc này trong khu quây rồi nhấp vào để chỉ định động vật được nhốt tại đây.  
building_info_trough,0,,Máng dùng để chứa thức ăn cho động vật.
building_info_sign,0,,Khắc thông điệp của bạn tại đây để người khác đọc.
building_info_mirror_wall,0,,Ai là người đẹp nhất? Hãy tìm câu trả lời bằng chiếc gương cổ tích này.
building_info_statue_large,0,,"Tác phẩm điêu khắc lớn được đẽo thủ công và trưng bày cho mọi người thưởng thức, bền vững theo thời gian. "
building_info_statue_wall,0,,Hiện vật gắn tường tạo điểm nhấn trang trí mà không chiếm diện tích sàn quý giá.
building_info_rug_large,0,,"Sống như lãnh chúa với tấm phủ sàn bằng vải, bảo vệ xa hoa cho đôi chân lạnh. "
building_info_rush_large,0,,"Lớp cói hoặc cỏ khô mới giữ sàn sạch sẽ, tươi mới và khiến căn phòng thơm hơn."
building_info_human_rug_large,0,,"Khi sống, đừng để người khác chà đạp lên mình. Khi chết, có lẽ bạn không còn lựa chọn."
building_info_animal_rug_large,0,,"Da thú làm thành trang phục là vật thiết yếu để giữ ấm vào mùa lạnh, đồng thời thể hiện phong cách."
building_info_tapestry_vertical_wall,0,,Ngăn gió lùa và tô điểm màu sắc cho tường bằng tấm thảm được tạo nên công phu này.
building_info_painting_vertical_wall,0,,Niềm vui thể hiện bản thân bằng sắc màu chỉ thua khoảnh khắc ngắm tác phẩm hoàn thiện trên tường.
building_info_medical_bed,0,,"Chiếc giường để người ốm yếu và bị thương nghỉ ngơi, và nếu lời cầu nguyện được đáp lại, hồi phục."
building_info_wardrobe,0,,Ngăn gỗ nhỏ dành cho quần áo.
building_info_wall_instrument_shelf,0,,Chiếc kệ chắc chắn tạo nơi trưng bày nhạc cụ.
building_info_pagan_ritual_circle,0,,"Là lối vào thế giới bên kia, những vòng thiêng như thế này được tổ tiên bị lãng quên dựng tại nơi ranh giới mong manh."
building_info_book_stand,0,,"Không phải giá sách thông thường, bục đọc giữ kinh văn thiêng liêng và tôn cao Lời của Chúa."
building_info_fire_pit,0,,Quây quần quanh lửa là hiện thân của hơi ấm và tình bằng hữu. Hãy trông chừng trẻ em và thú nuôi cẩn thận.
building_info_fire_place,0,,"Ngọn lửa đặt trong tường là đỉnh cao tinh tế, tạo không gian ấm cúng và sáng sủa."
building_info_prison_marker,0,,Hãy đánh dấu nơi này cẩn thận nếu tù nhân sẽ bị giam kín bên trong.
building_info_gallows,0,,Dầm gỗ nằm ngang. Kẻ bị kết án sẽ đung đưa trên thòng lọng treo đầy ám ảnh bên dưới.
cropfield info,0,,Thông tin ruộng đồng hoa màu
building_info_maple_cropfield,0,,"Đưa cành phong qua người trẻ nhỏ để xóa dấu vết phù thủy. Cho gỗ cứng, hoàn hảo để làm nhạc cụ."
building_info_oak_cropfield,0,,Vua của rừng và linh thiêng với tu sĩ Druid. Được ưa chuộng để chạm gỗ và xây nhà khung gỗ.
building_info_pine_cropfield,0,,"Loài cây lớn nhất Caledonia, cao, thẳng và dẻo, thích hợp làm cột buồm và ván. Được trồng để đánh dấu mộ người Scots tha hương."
building_info_willow_cropfield,0,,"Cây liễu lá bạc sống ven nước và đầm lầy, lớn nhanh và mềm dẻo."
building_info_apple_cropfield,0,,Cho quả thu giòn ngon và gỗ hoàn hảo để tiện hoặc chạm khắc.
building_info_barley_cropfield,0,,"Loại ngũ cốc đa dụng để làm bánh mì, cháo hoặc bia mát. Có thể dùng làm thức ăn vỗ béo gia cầm."
building_info_beet_cropfield,0,,"Khỏe mạnh và dễ trồng trong vườn, dù là bên túp lều hay trang viên."
building_info_birch_cropfield,0,,"Cây của sự tái sinh, bạch dương cháy ngay cả khi ướt và rất thích hợp hun khói thực phẩm. Cũng dùng làm thuốc nhuộm và dược liệu."
building_info_cabbage_cropfield,0,,Loại rau khiêm nhường nhất và là thực phẩm chủ yếu. Có thể gieo quanh năm.
building_info_carrot_cropfield,0,,"Loại củ nhiều màu, ăn rất ngon và có thể cất giữ để dùng sau."
building_info_flax_cropfield,0,,"Loài cây đẹp, đa dụng với hoa xanh, cho hạt làm thức ăn và dầu, thân dùng làm vải lanh."
building_info_hay_cropfield,0,,"Cỏ lớn nhanh, xanh rì gợn trong gió. Cắt làm cỏ khô cho động vật hoặc lót giường. "
building_info_herbs_cropfield,0,,"Cây hái từ tự nhiên có nhiều công dụng, từ tạo vị món ăn đến chữa bệnh, ủ đồ uống và nhuộm."
building_info_redcurrant_cropfield,0,,"Loài cây mọc ở mọi nơi, cho quả mọng đỏ ruby chua thanh và giàu dưỡng chất."
building_info_default_stockpile,0,,Khu vực chỉ định để chứa các đống tài nguyên.
building_info_dumping_stockpile,0,,Khu vực chỉ định để chứa chất thải.
building_info_stockpile_test,0,,Khu vực chỉ định để dân làng cất tài nguyên
building_info_warfare_stockpile,0,,Khu vực chỉ định để cất vũ khí và giáp.
roof info,0,,Thông tin mái nhà che chắn
building_info_clay_shingle_roof,0,,Ngói đất sét mang vẻ ấm áp mộc mạc và che chắn thời tiết.
building_info_hay_roof,0,,Mái làm từ bó cỏ khô đặt phẳng và ghim bằng thanh gỗ. Mộc mạc và chống nước.
building_info_limestone_slate_roof,0,,Mái làm từ phiến đá hòa vào cảnh quan địa phương và giữ mọi thứ khô ráo.
building_info_wicker_roof,0,,Mái làm từ các bó que gỗ.
building_info_wood_roof,0,,Mái lợp ván gỗ bảo vệ khỏi thời tiết.
production info,0,,Thông tin xưởng sản xuất
building_info_advanced_research_table,0,,Vận dụng tối đa toán học và triết học tự nhiên để khám phá bí mật cùng sự phức tạp của những phát hiện mới.
building_info_apothecary_bench,0,,Trạm làm việc để biến nguyên liệu tự nhiên thành phương thuốc.
building_info_armourer_table,0,,Bàn chế tác nơi nhiều loại giáp thành hình.
building_info_basic_research_table,0,,Nơi bắt đầu nghiên cứu một vật phẩm mới.
building_info_blacksmith_station,0,,Gia công sắt thành vật dụng hữu ích. Đừng quên khấn Weyland Smith.
building_info_brewing_station,0,,Trang bị vạc đồng để ủ bia.
building_info_butchering_table,0,,Trạm treo và sơ chế thịt từ xác động vật.
building_info_camp_fire,0,,"Đống lửa bập bùng mang lại ánh sáng, hơi ấm và nấu nướng thức ăn. Hãy cùng nhau quây quần và sẻ chia những câu chuyện bên ánh lửa."
building_info_clay_brick_stove,0,,"Chiếc bếp lò gạch mộc mạc là trái tim sưởi ấm toàn bộ tổ ấm, phục vụ đun nấu và xua tan băng giá."
building_info_compost_making_station,0,,Thu gom tái chế cây cỏ thối rữa và chất thải hữu cơ tại đây để ủ thành nguồn phân bón màu mỡ cho đồng ruộng.
building_info_fermenting_station,0,,"Khu vực chuyên trách giám sát các quá trình lên men vi sinh, từ ủ giấm, lên men phô mai cho tới ủ các thùng rượu hảo hạng."
building_info_fletchers_table,0,,"Bàn thợ mộc trang bị đầy đủ gỗ tốt, công cụ và dây gân để chế tác các loại cung tên và nỏ bắn."
building_info_kiln,0,,"Lò nung nhiệt độ cao chuyên dụng để chế tác gốm sứ gia dụng, gạch xây và ngói lợp từ đất sét dẻo."
building_info_limestone_block_stove,0,,Bếp sưởi đá đẽo gọt sang trọng quý phái xứng tầm bậc quyền quý. Hiện thân hoàn hảo giữa vẻ đẹp thẩm mỹ và công năng sưởi ấm.
building_info_limestone_stove,0,,Chiếc lò sưởi đẽo từ đá thô sơ mang lại bầu không khí ấm cúng và tiện lợi.
building_info_pyre,0,,Phó thác thi hài cho ngọn lửa hỏa thiêu rực cháy để đưa thể xác trần thế trở về với cát bụi.
building_info_research_table,0,,"Vận dụng thuật giả kim, chiêm tinh bói toán hoặc kinh nghiệm tích lũy của dân làng để nghiên cứu khám phá các tri thức công nghệ mới."
building_info_sewing_station,0,,"Nơi tập hợp kim chỉ, kéo cắt và khung dệt phục vụ may dệt y phục và tu sửa trang phục rách rưới."
building_info_smelting_station,0,,"Nơi tập kết các loại quặng kim loại thô để nung chảy và đúc thành các thỏi sắt, vàng, bạc nguyên chất."
building_info_smokehouse,0,,Công trình chuyên dụng để treo các tảng thịt tươi và xông khói gỗ thơm để bảo quản lương thực lâu dài qua mùa đông.
building_info_spirit_destilary,0,,"Sau công đoạn lên men, lò chưng cất này sẽ chiết xuất ra 'aqua vitae' — thứ rượu thuốc nồng độ cao vô cùng công hiệu."
building_info_stonemasons_bench,0,,"Nơi tập hợp đầy đủ búa đục, thước đo và công cụ chuyên dụng của người thợ đẽo đá."
building_info_woodwork_bench,0,,Trang bị đầy đủ mọi cưa đục và đồ nghề mộc thủ công để gia công chế tác các vật dụng bằng gỗ.
building_info_ice_station,0,,"Hộp gỗ chuyên dụng để chứa nước chờ đóng băng trong mùa đông, tạo nguồn đá tuyết dự trữ giải nhiệt cho khu định cư."
building_info_skep,0,,"Nếu đàn ong mật làm việc chăm chỉ, tổ ong đan bằng rơm này sẽ tràn ngập dòng mật ngọt vàng óng và sáp ong quý giá."
building_info_easel,0,,Giá vẽ chuyên dụng của người nghệ sĩ dùng để căng khung toan và sáng tác các tác phẩm hội họa bất hủ.
graves info,0,,Thông tin nơi an táng mồ mả
building_info_grave,0,,"Đánh dấu điểm dừng chân cuối cùng của một kiếp người. Hãy yên nghỉ nghìn thu nơi suối vàng, người bạn đồng hành."
building_info_limestone_normal_grave,0,,Đã khuất nhưng không bao giờ bị lãng quên. Tấm bia đá khắc ghi trang trọng là lời tri ân trường tồn cùng năm tháng qua bao thế hệ.
building_info_limestone_sarcophagus,0,,"Chiếc quách đá vôi đồ sộ là lăng mộ an nghỉ xứng đáng cho bậc vĩ nhân, có thể đặt trang trọng trên mặt đất mà không cần chôn sâu."
building_info_unmarked_grave,0,,"Nơi yên nghỉ cuối cùng khiêm nhường chỉ là một nấm mồ đất đơn sơ. Bụi đất lại trở về với cát bụi, tro tàn lại hoàn tro tàn."
building_info_wood_normal_grave,0,,Bia mộ gỗ mộc mạc tuy không trường tồn vĩnh cửu nhưng là nơi tưởng nhớ xót xa của những người thân ở lại chịu tang.
building_info_wood_sarcophagus,0,,"Cỗ quan tài gỗ trang nghiêm gìn giữ thi hài người đã khuất, có thể an táng trực tiếp mà không cần chôn xuống lòng đất."
traps info,0,,Thông tin bẫy phòng thủ
building_info_metal_trap,0,,"Bẫy sàn bằng sắt giấu chông nhọn hoắt, tự động bật chông khi quân thù vô tình dẫm lên. Cẩn thận: dân làng sơ ý cũng có thể đạp trúng bẫy nếu bất cẩn."
building_info_stick_trap,0,,Bẫy cọc gỗ vót nhọn sẵn sàng đâm xuyên những nạn nhân xấu số sa chân vào. Hãy cẩn trọng khi bố trí trên đường đi của dân làng.
building_info_wood_trap,0,,"Bẫy sàn bằng gỗ ẩn giấu các mũi chông nhọn, kích hoạt khi kẻ thù không đề phòng bước qua."
building_info_builder_needed,0,,Đang chờ thợ xây tới thi công
pseudonym_name_Red,0,,Kẻ Red
pseudonym_name_Butcher,0,,Kẻ Butcher
pseudonym_name_Saint,0,,Kẻ Saint
pseudonym_name_Chou,0,,Bắp Cải
pseudonym_name_Bastard,0,,Kẻ Bastard
pseudonym_name_Pagan,0,,Kẻ Pagan
pseudonym_name_Cuckold,0,,Kẻ Cuckold
pseudonym_name_Rebel,0,,Kẻ Rebel
pseudonym_name_Apostle,0,,Kẻ Apostle
pseudonym_name_Zealot,0,,Kẻ Zealot
pseudonym_name_Heretic,0,,Kẻ Heretic
pseudonym_name_Chaste,0,,Kẻ Chaste
pseudonym_name_Pudding,0,,Kẻ Pudding
pseudonym_name_Forlorn,0,,Kẻ Forlorn
pseudonym_name_Tart,0,,Kẻ Tart
pseudonym_name_Doctor,0,,Kẻ Doctor
pseudonym_name_Fool,0,,Kẻ Fool
pseudonym_name_Spy,0,,Kẻ Spy
pseudonym_name_Deceiver,0,,Kẻ Deceiver
pseudonym_name_Broken,0,,Kẻ Tật Nguyền
pseudonym_name_Bard,0,,Kẻ Minstrel
pseudonym_name_Crow,0,,Kẻ Crow
pseudonym_name_Bonesetter,0,,Kẻ Bonesetter
pseudonym_name_Wakeful,0,,Kẻ Wakeful
pseudonym_name_Bold,0,,Kẻ Táo Bạo
pseudonym_name_Spear_Maiden,0,,Kẻ Spear Maiden
pseudonym_name_Confessor,0,,Kẻ Confessor
pseudonym_name_Philosopher,0,,Kẻ Philosopher
pseudonym_name_Lucky,0,,Kẻ Lucky
pseudonym_name_Prodigal,0,,Kẻ Prodigal
pseudonym_name_Paramour,0,,Kẻ Paramour
pseudonym_name_Riddler,0,,Kẻ Riddler
pseudonym_name_Kitten,0,,Kẻ Kitten
pseudonym_name_Lamb,0,,Kẻ Lamb
pseudonym_name_Bride,0,,Kẻ [Bridegroom/Bride]
pseudonym_name_Thief,0,,Kẻ Thief
pseudonym_name_Pirate,0,,Kẻ Pirate
pseudonym_name_Ghost,0,,Kẻ Ghost
pseudonym_name_Hanged,0,,Kẻ Hanged
pseudonym_info_Red,0,,"Thế giới đã đổi thay, và <name> cũng vậy. Không còn gì để mất, [he/she] gia nhập một băng cướp bóc và nhanh chóng trở thành thủ lĩnh. Cơn khát máu khôn nguôi trong nhiều trận đánh và đột kích đã sớm mang lại cho <name> biệt danh 'Kẻ Nhuộm Đỏ'."
pseudonym_info_Butcher,0,,"<name> vốn không mấy thông minh hay tài giỏi, nên mỗi mùa hè, vào dịp Lễ Hiện Xuống, cha mẹ của [his/her] gửi [him/her] đến phụ giúp Chú Aldwin tại trang trại gia súc. <name> tỏ ra vô cùng thuần thục trong việc cắt tiết động vật. [He/She] được mệnh danh là 'Gã Đồ Tể' kể từ đó."
pseudonym_info_Saint,0,,"<name> không ngại chăm sóc những người mắc bệnh phong và những kẻ bị ruồng bỏ, nhưng chính muông thú mới là nơi [he/she] cảm nhận được sự gắn kết sâu sắc nhất. <name> đỏ mặt ngượng ngùng khi được ví như Thánh Francis, nhưng sự so sánh đó hoàn toàn xác đáng."
pseudonym_info_Chou,0,,"<name> thuở nhỏ dành nhiều thời gian trong vườn rau đến mức người mẹ gốc Norman của [his/her] âu yếm gọi [him/her] là 'bắp cải' theo phong tục người Pháp. Cho đến nay, <name> vẫn rất mát tay làm vườn, đặc biệt là với các loại rau họ cải."
pseudonym_info_Bastard,0,,"Là một người ủng hộ Hội Triết gia Trật Tự Tự Nhiên, <name> luôn mang nỗi sợ canh cánh rằng người cha lầm lạc của [his/her], dù đang ở đâu, có thể là tín đồ của Gregorius hay thậm chí là kẻ ăn thịt người. Bạn bè của <name> gọi [him/her] là 'đứa con hoang', khiến mọi chuyện càng tồi tệ hơn."
pseudonym_info_Pagan,0,,<name> spoke để plants và buried strange parcels trong woods under full moon. Nobody dared speak up against [him/her] due để rumours <name> could hex them. <name> did not care that Khác humans called [him/her] 'Pagan'. Humans were problem.
pseudonym_info_Cuckold,0,,"Ai cũng biết người bạn đời của <name> là kẻ bất trung, nhưng <name> dường như không muốn hoặc không thể làm gì để thay đổi. Từng là một đứa trẻ bị đánh đập và bỏ rơi, <name> hoàn toàn hài lòng gom nhặt bất cứ chút tình cảm vụn vặt nào mà [he/she] có thể cứu vãn."
pseudonym_info_Rebel,0,,"<name> mang tâm hồn trẻ trung. <name> thích đùa giỡn và đóng vai kẻ ngốc. [He/She] tìm mọi cách trốn tránh trách nhiệm, cười nhạo những bậc tiền bối của [his/her]."
pseudonym_info_Apostle,0,,"<name> quả đúng là một tín đồ thuần thành, rất thích thao thao bất tuyệt về kinh thánh. Những lời truyền đạo của [His/Her] đôi khi hơi tẻ nhạt và lặp đi lặp lại. Khi <name> không chịu dừng lại, mọi người gọi [him/her] là 'Vị Sứ Đồ'. <name> lại tưởng đó là một lời khen ngợi."
pseudonym_info_Zealot,0,,"<name> keeps making altars và offerings, stopping Ngày's business để say prayers và muttering about sin. One might be forgiven cho saying [he/she] takes it a bit far."
pseudonym_info_Heretic,0,,"<name> speaks của Kẻ God của Abraham và Kẻ mosques của Kẻ Moors, của sacred groves, lost scrolls và forbidden rites. <name> knows a bit too much cho [his/her] own good."
pseudonym_info_Chaste,0,,"<name> mãi khắc khoải nhớ về người yêu đã khuất và thề sẽ không bao giờ thành hôn với ai khác. <name> sống trong quá khứ, cố níu giữ những ký ức quý giá khỏi phai nhòa và xa lánh mọi cử chỉ âu yếm."
pseudonym_info_Pudding,0,,"<name> could make an excellent fygey pudding, among Khác desserts. [He/She] never lacked cho paramours, being bonny và sweet, với just enough spice. Lovers, rivals và jilted exes Tất cả called <name> 'pudding', với varying degrees của Tình cảm."
pseudonym_info_Forlorn,0,,"Những lúc không phàn nàn, <name> lại gục đầu khóc vào bát súp hầm của [his/her]. Điều đó thật mất ngon. Chẳng ích gì khi hỏi <name> vì sao [he/she] lại tuyệt vọng đến thế, bởi những câu chuyện bi thương của [his/her] thảm khốc đến mức sẽ ám ảnh giấc mơ của bạn mãi mãi."
pseudonym_info_Tart,0,,"<name> chẳng hề có chút lẳng lơ nào. [He/She] có được biệt danh này nhờ tính khí chua ngoa của [his/her], để lại cảm giác cay đắng ngay cả sau cuộc trò chuyện ngắn ngủi nhất. <name> đích thực là một kẻ khó đăm đăm."
pseudonym_info_Doctor,0,,"<name> từng cứu sống một người bạn khi mới 10 tuổi, nhờ đó được mọi người gọi là 'thầy thuốc'. Nhưng ít ai biết rằng <name> đã bỏ rơi nhiều bệnh nhân cầu cứu trong nỗi kinh hoàng khốc liệt của Trận Dịch Bệnh. Đó là một danh xưng gánh nặng nỗi hổ thẹn thầm kín."
pseudonym_info_Fool,0,,"<name> had at one time played Kẻ fool at court, và revelled trong being allowed để insult Kẻ high và mighty, as long as [he/she] caused enough mirth để compensate. [His/Her] cutting wit và humourous insults were unsurpassed."
pseudonym_info_Spy,0,,"<name> từng nhận hối lộ của viện phụ để nghe lén những bí mật tai tiếng tại trang viên vùng <origin>. Than ôi, [he/she] đã bị phát giác và bị tất cả những kẻ liên quan chối bỏ. <name> là một gián điệp khá vô dụng, nhưng cho đến nay vẫn chẳng ai dám tin tưởng [him/her]."
pseudonym_info_Deceiver,0,,"Là một thủy thủ, <name> từng nhận chở những thị dân tuyệt vọng tìm đường vượt biển trốn chạy Làn Sóng Thần Chết sang Quần Đảo Phía Tây hoặc Hibernia. Khi ra đến biển khơi, <name> đẩy họ xuống biển và lột sạch của cải. 'Chỉ là làm ăn thôi mà', <name> nhún vai."
pseudonym_info_Broken,0,,Người ta đồn rằng sự nghiệp phiêu lưu của <name> đã đột ngột khép lại khi [he/she] bị một mũi tên găm trúng đầu gối. [He/She] quả thực có dáng đi khá buồn cười.
pseudonym_info_Bard,0,,<name> had Kẻ voice của an angel và Kẻ memory của a druid. [His/Her] spellbinding tales và sweet lullabies earned <name> Kẻ honorary title của 'minstrel'.
pseudonym_info_Crow,0,,"Some folk still left bread và milk out cho fairy folk, a Tùy chỉnh as old as very hills. <name> would swoop trong và gobble these up, wiley old bird."
pseudonym_info_Bonesetter,0,,<name> ban đầu thực hành nắn xương trên động vật nhưng nhanh chóng chuyển sang chữa cho người. Cách [he/she] lướt đôi bàn tay của [his/her] trên chi thể bị thương trước khi bất ngờ giật mạnh dứt khoát mang vẻ huyền bí lạ thường. <name> cũng không giải thích nổi vì sao [he/she] làm được điều đó.
pseudonym_info_Wakeful,0,,"<name> gần như không bao giờ ngủ được, nhờ vậy [he/she] nổi tiếng là một người canh gác cừ khôi. Thị lực ban đêm của [His/Her] cực kỳ tinh tường."
pseudonym_info_Bold,0,,"<name> từng một mình nghênh chiến ba tên hải tặc sau khi uống rượu suốt một ngày một đêm. Chẳng ai nhớ [he/she] giành thắng lợi nhờ lòng quả cảm hay sự liều lĩnh dại khờ, nhưng câu chuyện ấy vẫn sống mãi."
pseudonym_info_Spear_Maiden,0,,"<name> chẳng khác nào một nữ thần chiến binh valkyrie dũng mãnh từ thời kỳ của người phương Bắc. [She] không hề sợ hãi trước cái chết, cuồng nhiệt với men say khát máu của chiến trường. Người ta gọi cô là nữ chiến binh cầm khiên."
pseudonym_info_Confessor,0,,"<name> sẽ nghiêm trang trút bỏ gánh nặng về danh sách dài những nạn nhân [him/her] đã giết và [his/her] chiến tích, kể chi li đến mức đôi khi nhàm chán. Thực ra chẳng ai muốn nghe cả."
pseudonym_info_Philosopher,0,,<name> từng đọc lỏm ở đâu đó về bí thuật biến chì thành vàng. Nghe đâu phải dùng đến cả nước tiểu. Có lẽ [He/She] chỉ đang nói đùa nhảm nhí.
pseudonym_info_Lucky,0,,"Người ta bảo <name> sinh ra dưới ngôi sao may mắn. Điều đó xem ra khá đúng. Tiền tài dường như tự rơi vào lòng [his/her], những cuộc gặp tình cờ dẫn lối tới mối lương duyên, và ánh mặt trời dường như luôn mỉm cười với <name>."
pseudonym_info_Prodigal,0,,"<name> là kẻ hay bỏ dở giữa chừng, [he/she] để lại vô số công việc chưa hoàn thành. Nhưng với tài ăn nói khéo léo của [his/her], đầy lời tâng bốc ngọt ngào và những lý do thuyết phục, <name> luôn được chào đón trở lại với những cơ hội thứ hai dường như vô tận."
pseudonym_info_Paramour,0,,"Thuở nhỏ vốn xấu xí, <name> không bao giờ dám xem nhẹ một quý cô vì vẻ bề ngoài. Sau Ngày Tận Thế, giá trị của nhan sắc cũng phần nào giảm sút. <name> biết cách khiến tâm trạng lẫn tà váy đều bay bổng, tạo dựng danh tiếng là một người tình tuyệt vời."
pseudonym_info_Riddler,0,,"Nhiều người nói năng thẳng thắn, nhưng <name> lại có cách dùng từ nghe rất thông minh nhưng cũng khá khó hiểu. Nhiều lời phát biểu của <name> có thể hiểu theo vô số nghĩa. Bạn bè của [His/Her] thường gọi [him/her] là Kẻ Đố Mẹo."
pseudonym_info_Kitten,0,,"Đáng yêu, mềm mại, dễ mến... <name> quả thực rất dễ thương, và mọi người thường xúm lại quanh [him/her] để cưng nựng [him/her]. Nhưng hãy cẩn thận, <name> cũng có vuốt sắc và thường để lại một vệt tàn phá phía sau [him/her]."
pseudonym_info_Lamb,0,,"<name> ngoan ngoãn và tính tình ngọt ngào, nên thường được âu yếm gọi là chú cừu nhỏ. Như phần lớn những người có tính khí của [his/her], <name> đã phải nếm trải bài học cay đắng để biết luôn đề phòng loài sói dữ."
pseudonym_info_Bride,0,,"<name> seemed để be forever stitching away at incredibly fine và delicate items của clothing và linens cho [his/her] wedding trousseau. [He/She] became dewy eyed at Kẻ prospect của marriage. What a pity, then, that <name> had never even been kissed."
pseudonym_info_Thief,0,,"<name> vốn luôn nhanh tay lẹ mắt, nhưng đã trở thành một kẻ trộm chuyên nghiệp để sống sót qua Những Năm Tháng Đen Tối. [He/She] khâu nhiều túi ẩn vào quần áo của [his/her] và sẵn sàng cuỗm bất cứ thứ gì không được canh giữ cẩn thận. <name> thường xuyên được thuê để làm việc đó."
pseudonym_info_Pirate,0,,"<name> không phải làm gì nhiều để xứng với biệt danh của [his/her], mà [he/she] được thừa hưởng nó. <name> xuất thân từ một dòng dõi thảo khấu khét tiếng chuyên tấn công và cướp bóc các tàu buôn trên vùng biển quanh quần đảo Anh quốc. Tuy nhiên, <name> lại không biết lái thuyền và cũng chẳng biết bơi."
pseudonym_info_Ghost,0,,"<name> xanh xao, lặng lẽ và thường ẩn mình trong các góc tối. <name> hiếm khi lên tiếng và thường xuất hiện bất thình lình khiến người khác giật mình. <name> mang vẻ bí ẩn như thể thuộc về thế giới bên kia."
pseudonym_info_Hanged,0,,"Người ta kể rằng <name> đã sống sót thần kỳ sau một vụ treo cổ. Khi đao phủ gạt cần và sợi dây thừng giật mạnh, <name> ngỡ đời mình đã tận. Nhưng sợi dây thừng bất ngờ đứt đoạn. Nhiều người làm dấu thánh và tin rằng đó là ý muốn của Thượng Đế."
pseudonym_pattern,0,,<pseudonym> của <origin>
bg_recent_name_Apostate,0,,Kẻ bỏ đạo
bg_recent_name_Uprooted,0,,Kẻ tha hương
bg_recent_name_Caring,0,,Ân cần
bg_recent_name_Cunning,0,,Xảo quyệt
bg_recent_name_Rustic,0,,Chân quê
bg_recent_name_Soothsaying,0,,Bói toán
bg_recent_name_Spinning,0,,Kéo sợi
bg_recent_name_Tireless,0,,Bất tận không mỏi
bg_recent_name_Penitent,0,,Người sám hối
bg_recent_name_Shrewd,0,,Khôn ngoan sắc bén
bg_recent_name_Faithless,0,,Bội bạc
bg_recent_name_Yorkist,0,,Trung thành với York
bg_recent_name_Savage,0,,Hoang dã
bg_recent_name_Cheerful,0,,Vui tươi
bg_recent_name_Charitable,0,,Bác ái
bg_recent_name_AvantGarde,0,,Tiên phong
bg_recent_name_Toxic,0,,Độc hại
bg_recent_name_Clever,0,,Thông minh
bg_recent_name_Inconspicuous,0,,Kín đáo
bg_recent_name_Ambitious,0,,Tham vọng
bg_recent_name_Despicable,0,,Đáng khinh
bg_recent_name_Accurate,0,,Chuẩn xác
bg_recent_name_Confident,0,,Tự tin
bg_recent_name_Patient,0,,Kiên nhẫn
bg_recent_name_Deadly,0,,Chết chóc
bg_recent_name_Bloodthirsty,0,,Khát máu
bg_recent_name_Bookish,0,,Ham đọc sách
bg_recent_name_Hopeful,0,,Đầy hy vọng
bg_recent_name_Ruthless,0,,Tàn nhẫn
bg_recent_name_Loyal,0,,Trung thành
bg_recent_name_Chivalrous,0,,Hào hiệp
bg_recent_name_Weary,0,,Mỏi mệt
bg_recent_name_Wicked,0,,Hiểm độc
bg_recent_name_Thrifty,0,,Tiết kiệm
bg_recent_name_Tempered,0,,Tôi luyện
bg_recent_name_Brutal,0,,Tàn bạo
bg_recent_name_Winsome,0,,Duyên dáng
bg_recent_name_Willful,0,,Ương ngạnh
bg_recent_name_Artful,0,,Khéo léo
bg_recent_name_Crafty,0,,Xảo quyệt
bg_recent_name_Swindling,0,,Lừa lọc
bg_recent_name_Thoughtless,0,,Vô tâm
bg_recent_name_Reckless,0,,Liều lĩnh
bg_recent_name_Desolate,0,,Hoang hoải
bg_recent_name_Solitary,0,,Đơn độc
bg_recent_name_Ashen,0,,Mặt xám tro
bg_recent_name_Wary,0,,Cảnh giác
bg_recent_name_Tangled,0,,Rối bời
bg_recent_name_Whole,0,,Trọn vẹn
bg_recent_name_Disciplined,0,,Kỷ luật
bg_recent_name_Gnarled,0,,Gân guốc
bg_recent_name_Frosty,0,,Lạnh lùng
bg_recent_name_Riven,0,,Chia rẽ
bg_recent_name_Seaborn,0,,Sinh ra từ biển
bg_recent_name_Frayed,0,,Sờn rách
bg_recent_name_Candlelit,0,,Ánh nến
bg_recent_name_Merciful,0,,Nhân từ
bg_recent_name_Grim,0,,Nghiêm nghị
bg_recent_name_Singed,0,,Xém lửa
bg_recent_name_Unshaped,0,,Chưa định hình
bg_recent_name_Gentle,0,,Dịu dàng
bg_recent_name_Nurturing,0,,Ân cần
bg_recent_name_Studious,0,,Chăm học
bg_recent_name_Lightfoot,0,,Nhanh chân
bg_recent_name_Keen,0,,Sắc sảo
bg_recent_info_Apostate,0,,"<name> bị thu hút bởi Hội Avalon. <name> thầm khinh miệt những tín đồ Kitô giáo nhu nhược và phục tùng, đồng thời nhẹ nhõm khi biết những người khác cũng nghĩ vậy. Khi cuộc thanh trừng kết thúc, [He/She] mơ về ngày Arthur sắp trở về từ dưới ngọn đồi tiên."
bg_recent_info_Uprooted,0,,"<name> chìm trong tuyệt vọng. Nhìn dân làng chết đã tệ, chứng kiến đàn cừu của <origin> gục ngã còn là thảm họa. <name> cố hết sức của [his/her] để giảm đau đớn cho chúng bằng cách cắt cổ ngay khi thấy dấu hiệu nhiễm bệnh. Không còn gia súc hay kế sinh nhai, <name> bỏ trốn."
bg_recent_info_Caring,0,,"Không còn ai chăm sóc động vật. Lợn chạy hoang, gia súc chết đói trên đồng mùa đông. Sau khi <name> bắt gặp một con ngựa cái chết bên cạnh ngựa con mới sinh, [he/she] quyết định chăn dắt mọi con vật cần được cứu giúp."
bg_recent_info_Cunning,0,,"<name> thiêu những di hài thối rữa của người thân [his/her]. Sau đó [He/She] theo bà lão vào sâu trong rừng. Nữ phù thủy tinh quái hiểu rõ từng chiếc lá, quả mọng và loài nấm. <name> dần thông thạo ngôn ngữ hoang dã của rừng sâu."
bg_recent_info_Rustic,0,,"<name> học cách sống sót bằng thức ăn hái từ bờ giậu, đôi khi bổ sung trứng ăn trộm hoặc thỏ rừng mắc bẫy. <name> có thể làm bữa ăn từ bồ công anh, anh thảo hoặc quả sồi hầm. Đôi mắt [His/Her] hõm sâu đau đớn, lúc nào cũng đói."
bg_recent_info_Soothsaying,0,,"<name> sống thuận theo lời truyền tụng của cây sồi, tần bì và bụi gai, cố quên đi sự sụp đổ của nền văn minh để tìm kiếm bình yên giữa cây rừng. [He/She] kiên nhẫn đợi dưới bóng cây phỉ và sơn tra, lắng nghe lời thì thầm của tiên tộc. Đôi khi, <name> được đền đáp xứng đáng."
bg_recent_info_Spinning,0,,"<name> học mọi thứ về cây lanh, dùng làm quần áo, chăn đệm, bao đựng bánh mì, dây thừng và dầu. [He/She] tìm thấy sự bình yên trong việc ngâm, cán, đập và kéo sợi lanh. <name> có đôi tay vững vàng và đôi mắt xanh nhạt như màu lanh dưới bầu trời mùa hè không mây."
bg_recent_info_Tireless,0,,"<name> got knack của Thợ mộc fashioning coffins cho plague victims, later nailing whole families into their homes để die. Tiếp theo, <name> built trebuchets trong War của Succession. Fac et aliquid operis, ut semper te diabolus inveniat occupatum!"
bg_recent_info_Penitent,0,,"<name> có được một chiếc mũ mang dấu thập đỏ. Đó là kỷ vật của nhiều tháng lõa thể nối đuôi nhau hành xác. Mỗi người dùng roi gắn đinh quất lên thân thể trần trụi đẫm máu. 'Chúa nhân từ, Chúa công bằng', họ vừa khóc vừa cầu nguyện."
bg_recent_info_Shrewd,0,,"Hoàn cảnh có thể tốt hơn, nhưng [he/she] vẫn tận dụng tối đa những gì có được. Khi <name> bắt đầu đẽo bùa hộ mệnh chống lại Đại Ôn Dịch với đủ hình dạng hợp ý tín đồ Kitô giáo, Do Thái giáo hoặc ngoại giáo, [he/she] nhanh chóng trở nên giàu có."
bg_recent_info_Faithless,0,,"Vị linh mục khẩn cầu <name> sửa chữa nhà thờ ở <origin> bất chấp mùa dịch bệnh. [He/She] buồn bã nhìn giáo đoàn dần chết đi, hắt hơi khi cùng nhau bẻ bánh rồi chôn cất anh em mình. Chúa đã chết, <name> nghĩ."
bg_recent_info_Yorkist,0,,<name> thấy rõ ràng đến chết tiệt rằng hoàng gia phải chịu trách nhiệm vì đã vắt kiệt nước Anh cho cuộc chiến ngu xuẩn với Pháp. [He/She] tự nguyện góp sức củng cố phòng tuyến York. Phải có người đứng lên chống lại.
bg_recent_info_Savage,0,,"<name> đã hoàn toàn mất lý trí của [his/her]. <name> từng nhìn thấy Beelzebub và chẳng còn đường cứu chuộc. [He/She] biết dựng nơi trú ẩn, nhóm lửa và mơ về máu cùng tiếng thét. <name> không muốn, hoặc không thể, nói liệu [he/she] đã từng ăn thịt người hay chưa."
bg_recent_info_Cheerful,0,,"<name> thường huýt sáo khi [he/she] làm việc, như thể những kinh hoàng gần đây đã bỏ qua [him/her]. Lý do <name> vui vẻ thật đơn giản. [He/She] từng mắc dịch bệnh nhưng đã thoát khỏi lưỡi hái Tử thần. Cuộc đời vẫn đẹp."
bg_recent_info_Charitable,0,,"<name> từng đi khắp các cối xay, xin hoặc lấy trộm bột mì để nướng bánh. Những thứ này được [he/she] nướng thành những ổ bánh mộc mạc và phân phát cho những người dân làng đói khát đang bấu víu vào chút tàn dư của cuộc sống cũ. Công việc đó khiến <name> luôn bận rộn và có mục đích sống."
bg_recent_info_AvantGarde,0,,"<name> thích thử nghiệm. Bạn từng nếm chuột nấu rượu vang hay lươn ngâm sữa dê chưa? <name> cũng chưa, cho đến ngày tận thế. [He/She] không hề sợ hãi khi kết hợp nguyên liệu ngẫu nhiên để mọi người có cái ăn, tạo ra những kết quả bất ngờ và những cơn khó tiêu thường xuyên."
bg_recent_info_Toxic,0,,"<name> nấu ăn cho một toán cướp đói khát, một công việc đầy rủi ro. <name> đôi khi làm ẩu để tiết kiệm thời gian. Không chắc ảo giác do cây nấm độc lẫn vào hay lúa mạch đen mốc gây ra, <name> vẫn khẳng định [he/she] đã cố hết sức của [his/her]."
bg_recent_info_Clever,0,,"<name> tin rằng [him/her]self được Đại Ôn Dịch tha mạng vì một mục đích cao cả hơn. Vị tu sĩ Canterbury đã nói vậy và dạy [him/her] đọc chữ. “Tri thức là tự do”, <name> khẽ thì thầm rồi cưỡi con la của vị tu sĩ, lẩn vào bóng tối."
bg_recent_info_Inconspicuous,0,,"<name> được cử đi hoạt động bí mật để dò xét dị giáo trong các phe bảo hoàng. Khi không nhận thêm chỉ thị từ Bậc thầy Mật ngữ của [his/her], <name> ẩn mình trong bóng tối và dùng những gì [he/she] nghe được để sinh tồn."
bg_recent_info_Ambitious,0,,"<name> lén lút khắp Oxford, xé những trang sách minh họa rực rỡ rồi lấy trộm giấy da và mực. <name> tận tụy phục vụ các chủ nhân [his/her] trong phòng chép sách. <name> có đôi tay vững vàng. <name> sẽ học đọc, học viết và cuối cùng trở thành một Người Có Danh."
bg_recent_info_Despicable,0,,"<name> tràn lên vùng đồi trong cơn cuồng loạn khi trật tự sụp đổ. Sinh ra trong đặc quyền, <name> tập hợp một toán côn đồ đê tiện, tùy ý giết người và phóng hỏa. [He/She] phấn khích trước hỗn loạn, thích thú với sự báng bổ và tuyệt đối không thể xem thường."
bg_recent_info_Accurate,0,,"<name> bắt đầu biểu diễn trò phụ, ném dao găm thành vòng cung qua đầu một cô gái xinh đẹp để kiếm vài đồng. <name> nhận ra [he/she] có tài khi [he/she] phóng con dao thái thịt cắm thẳng vào mắt một tên cướp bóc. <name> không bao giờ ném trượt."
bg_recent_info_Confident,0,,"Biên địa và rừng săn của giới quý tộc gần như đã thành nơi ai cũng có thể kiếm mồi. Vì vậy <name> ngang nhiên săn trộm. [He/She] có thể bắt bất cứ thứ gì bạn đặt: thịt hươu, lợn rừng, thỏ hay chim công. Dĩ nhiên, mọi thứ đều có giá."
bg_recent_info_Patient,0,,"<name> rèn được sự kiên nhẫn để ngồi trong bụi kim tước hoặc trên ngọn sồi, nhai một cọng cỏ và lắng nghe tiếng gió. Đúng khoảnh khắc hoàn hảo, [he/she] hạ con mồi của [his/her] chỉ bằng một mũi tên. <name> đã trở thành một sát thủ."
bg_recent_info_Deadly,0,,"<name> bước vào cuộc thập tự chinh nhằm quét sạch đám thường dân tự phụ tiếm quyền và khôi phục trật tự chân chính của nước Anh. Dòng máu mới là điều quan trọng, và <name> sẽ giành lại quyền thừa kế của [his/her]. Đám nông dân phải bị ép quỳ trên đôi gối nhơ bẩn."
bg_recent_info_Bloodthirsty,0,,"<name> nhớ lại cảnh thầy thuốc trích mủ nhọt. Mặt đá lát sàn đã nhuốm đỏ khi ông rạch tĩnh mạch, vừa rủa xả người Pháp lẫn Đức Vua. Cuối cùng <name> lấy bột thuốc và thảo mộc thanh tẩy từ bàn tay đen quắt của người thầy thuốc hấp hối. <name> đứng lặng, tay nắm chặt lưỡi dao cạo đẫm máu."
bg_recent_info_Bookish,0,,"Nghiên cứu nhiều tác phẩm vĩ đại trong các thư viện Oxford khiến <name> tự tin dùng đôi tay [his/her] thử sức với y thuật. <name> xuất thân từ một gia đình danh giá, là người cuối cùng mang tên dòng họ [his/her]. Tri thức sách vở hẳn phải vượt xa thuốc dân gian, thảo dược và bùa chú của nông dân chứ?"
bg_recent_info_Hopeful,0,,"<name> bắt đỉa từ ao ở <origin>, mang chúng trong một bình sữa và đi chữa bệnh. <name> chẳng có chút kinh nghiệm nào, nhưng từng thấy một tu sĩ đặt những con vật ấy lên người hấp hối. Chắc cũng chẳng gây hại gì, <name> nghĩ."
bg_recent_info_Ruthless,0,,"<name> nhớ lại cảnh dân thị trấn chết trên đường phố trong khi giới quý tộc chạy về phương bắc trốn dịch. Trong mắt Chúa, chẳng phải tất cả chúng ta chỉ là những kẻ tội lỗi sao? <name> sẽ theo William xứ York để bảo vệ quyền lợi của dân thường, cho đến chết nếu cần."
bg_recent_info_Loyal,0,,"<name> thề trung thành với Vua Edmund, người được thụ phong để cai trị và đưa nước Anh trở lại hòa hợp, cân bằng. <name> sẵn lòng đưa bất kỳ ai bất đồng với [him/her] ra trước lưỡi kiếm. Cái chết sẽ nhanh chóng và nhân từ."
bg_recent_info_Chivalrous,0,,"<name> mê mẩn những câu chuyện về Sir Gawain và Sir Bedivere: quả là hào hiệp, quả là nhân từ. <name> tin [he/she] có đủ phẩm chất để trở thành hiệp sĩ. Trong những ngày tháng man rợ này, các phẩm chất ấy lại càng cấp thiết."
bg_recent_info_Weary,0,,"Nói thật, <name> đã mệt mỏi. Các khớp của [His/Her] đau nhức và [he/she] không hiểu vì sao Ngày Tận Thế lại bỏ qua [him/her]. <name> vẫn tra dầu cho những lưỡi kiếm [his/her], kỳ lạ thay lại ghen tị với đồng đội đã ngã xuống tại Saint-Omer. Bằng cách nào đó, <name> vẫn tiếp tục tiến bước."
bg_recent_info_Wicked,0,,"<name> từng hối hận vì đã nguyền rủa cái chết giáng xuống ngôi nhà của cha [his/her]. Số phận nghiệt ngã ấy đã ập xuống toàn bộ thân quyến của [his/her], khiến <name> ngập tràn ân hận day dứt. [He/She] cầm lấy chiếc búa của cha [his/her], thắp lại ngọn lửa lò rèn. Mỗi nhát búa giáng xuống đe sắt như vang vọng lời tự thú: ""Tội lỗi, tội lỗi."""
bg_recent_info_Thrifty,0,,"<name> rời những con phố im lặng của <origin> cùng một chiếc xe kéo và bắt đầu thu gom kim loại. Từ nhà thờ đến trang viên, <name> tháo sạch mọi thứ rồi nung chảy tất cả. Sir Hugh Gaveston và William xứ York chắc chắn sẽ cần kiếm."
bg_recent_info_Tempered,0,,<name> đưa những đứa con còn sống của [his/her] lên xe kéo rồi bỏ trốn. [He/She] không thể ở lại vì hồn ma gia đình [his/her] sẽ ám ngôi nhà mãi mãi. <name> tìm được kế sinh nhai bằng nghề buôn đồ sắt. Ngay cả kẻ mất trí cũng cần ổ khóa và then cửa mới.
bg_recent_info_Brutal,0,,<name> sa sút đến mức phải vào tù. Số phận dưới hình hài Đại Tử Vong - lính canh mắc bệnh và một chiếc chìa khóa đánh cắp - đã mở ra cơ hội trốn thoát. <name> giờ đây say mê bệnh hoạn với tra tấn và các công cụ trừng phạt.
bg_recent_info_Winsome,0,,"[he/she] trở thành người tình của Bá tước. <name> an ủi ông ta khi vợ ông hấp hối, rồi cưỡng ép bằng thư tống tiền khi nữ bá tước bất ngờ hồi phục. <name> trở thành kẻ giật dây Bá tước bất hạnh, còn vợ ông bị đày vào một tòa tháp xa xôi."
bg_recent_info_Willful,0,,"Các thi sĩ kể rằng <name> ra lệnh đóng chặt cổng, làm ngơ trước tiếng than khóc và cào cấu thảm thiết bên ngoài. Chỉ bằng ý chí sắt đá, <name> đẩy lùi diệt vong tại <origin>. Ngày hôm đó, <name> trở thành một thủ lĩnh huyền thoại."
bg_recent_info_Artful,0,,"<name> chọn sự nguyền rủa vĩnh hằng thay vì luyện ngục trần gian. [He/She] bán con bò, rồi bán cả cô con gái duy nhất của [his/her]. Là một kẻ ăn xin xảo quyệt, [he/she] lang thang khắp các hạt rách nát, nịnh nọt, dụ dỗ và quyến rũ để đổi lấy một mẩu bánh mì. <name> là kẻ sống sót."
bg_recent_info_Crafty,0,,<name> nhặt nhạnh trên một xác chết trương phình và tìm được một chiếc kéo tốt. Cắt vải khỏi những chi thể đã chết thì dễ. Biến chúng thành quần áo mặc được cần luyện tập nhiều hơn. Nhưng <name> vẫn kiên trì. Giờ [he/she] có thể may một bộ đồ từ gần như bất cứ thứ gì.
bg_recent_info_Swindling,0,,"<name> càn quét các nhà kho tìm mèo con và chó con đi lạc, may những chiếc túi sặc sỡ từ áo choàng của người chết để nhốt chúng. Ra chợ thôi! Lắc lư nào. <name> bán cho kẻ cả tin một 'chú heo con' đóng túi sẵn với giá hời... rồi biến mất. Người mua hãy cẩn thận!"
bg_recent_info_Thoughtless,0,,"<name> tự cho [him/her]self là thợ may. Vì vậy [he/she] dùng bao bột của người xay, ga trải giường và giẻ lanh để may quần áo cho trẻ mồ côi và kẻ lang thang khốn khổ ở <origin>. Trông chúng thật kinh hãi, bị tước nốt chút phẩm giá cuối cùng."
bg_recent_info_Reckless,0,,"<name> liều lĩnh tiến vào các mỏ bỏ hoang cùng một nhóm đồng đội và vài mẩu nến. <name> cho rằng chỉ cần một chiếc cuốc chim, kẻ ngốc nào cũng làm được. Và bỏ qua vụ sập đá chết người cùng những lần ngập nước, <name> đã đúng."
bg_recent_info_Desolate,0,,<name> muốn đánh ai đó để trút cơn giận [his/her] trước nỗi kinh hoàng và hoang tàn đã xâm phạm mọi thứ [he/she] yêu quý. Nhưng <name> là người theo chủ nghĩa hòa bình. Vì vậy [he/she] đào bới sản vật từ lòng đất trù phú cho đến khi nỗi đau [his/her] vơi đi.
bg_recent_info_Solitary,0,,"<name> cảm thấy thân thuộc hơn giữa sự tĩnh lặng của hố đất sét và lò vôi so với phố thị. Nơi đó có dấu vết con người, nhưng không có mùi hôi hay tuyệt vọng. <name> đục một mê cung bí mật vào đá, gợi nhớ Nhà thờ Reims."
bg_recent_info_Ashen,0,,"<name> thiêu những gì không thể chôn cất. Tro bám vào da và cổ họng [his/her] cho đến khi [he/she] quên mất mọi mùi hương ngoài khói và cái chết. Nó vẫn bám lấy [him/her], thường xuất hiện trong giấc mơ."
bg_recent_info_Wary,0,,"Niềm tin là thứ xa xỉ mà <name> không còn đủ khả năng có được. Một nụ cười có thể che giấu con dao, một cái bắt tay có thể truyền bệnh sốt. [He/She] học cách luôn cảnh giác và hành động trước khi hiểm nguy ập đến."
bg_recent_info_Tangled,0,,"Các khoản nợ nhanh chóng chồng chất, và <name> tự trói mình [himself/herself] trong những lời hứa, phản bội và cuộc mặc cả tuyệt vọng. Dịch bệnh xóa sạch mọi thứ, vì chẳng còn gì và cũng chẳng còn ai sống để trả nợ."
bg_recent_info_Whole,0,,"Bằng cách nào đó, <name> vẫn chịu đựng được. Qua sốt rét, đói kém và lửa cháy, [he/she] vẫn nguyên vẹn - nhưng bên trong trống rỗng. Dưới lớp da, nỗi đau âm ỉ héo mòn thành một hình hài chỉ còn hơi giống linh hồn [his/her] ngày trước."
bg_recent_info_Disciplined,0,,"Qua từng đòn đánh và mọi cuộc vật lộn, <name> trở nên cứng rắn. Trật tự trở thành điều duy nhất quan trọng. [he/she] tin rằng nếu thiếu nó, ngay cả kẻ mạnh nhất cũng tan thành bụi."
bg_recent_info_Gnarled,0,,"Thời gian vặn xoắn <name> như cây sồi bị mùa đông bóp nghẹt. Với đôi tay đầy sẹo và tấm lưng còng, [he/she] bám chặt vào những rễ sâu trong vùng đất hoang tàn của <origin>. Bão tố qua đi; [he/she] vẫn chịu đựng."
bg_recent_info_Frosty,0,,"<name> đã đóng băng từ lâu trước khi mùa đông đến. Mỗi cái chết, mỗi lần chôn cất lại khiến tinh thần [his/her] thêm tê liệt. Không sự an ủi nào có thể làm tan lớp băng đã ngấm vào tận tủy [his/her]."
bg_recent_info_Riven,0,,"Thế giới xé <name> thành từng mảnh. Một số mảnh [he/she] bỏ lại trong những hố chôn tập thể; số khác [he/she] chôn sâu hơn nữa. Chắc chắn khi cơn thống khổ này kết thúc, họ đã xứng đáng nhận ân sủng của Chúa?"
bg_recent_info_Seaborn,0,,"Biển không thể khóc vì chính nó được tạo nên từ nước mắt. Vì vậy <name> căng buồm, đưa nỗi buồn [his/her] trôi theo vị mặn và thủy triều. Cứ để đất liền mục nát. <name> sẽ hướng mắt về chân trời."
bg_recent_info_Frayed,0,,"Hy vọng bung ra từng mũi chỉ. Dẫu vậy <name> vẫn bước tiếp, vá những đường may của cuộc đời tan vỡ bằng bất cứ mảnh vụn nào [he/she] nhặt được giữa đống hoang tàn."
bg_recent_info_Candlelit,0,,"<name> thường làm việc tới tận nửa đêm trong phòng chép kinh tại Tu viện <origin>, tỉ mẩn minh họa các tài liệu dưới ánh nến mỡ lung linh. [He/She] làm bạn với từng sắc tố màu, khéo léo dát vàng lấp lánh và điểm xuyết ánh xanh rêu. Sự tĩnh lặng là người bạn đồng hành của [his/her], còn sự chuẩn xác là nỗi ám ảnh của [his/her]."
bg_recent_info_Merciful,0,,"<name> trở nên thành thạo với cưa và sắt, khéo léo cắt bỏ phần thối rữa khỏi thịt sống. Có người nói [he/she] khá thích việc đó. [He/She] khẳng định đây là hành động nhân từ, thì thầm cầu nguyện khi từng chi thể lìa khỏi cơ thể."
bg_recent_info_Grim,0,,"<name> không tìm thấy niềm vui trong công việc, nhưng [he/she] cũng chẳng chùn bước. Xiềng xích va leng keng, chìa khóa xoay và xương gãy khi cần thiết. Lời nói đôi khi phụ lòng <name> - thép thì không."
bg_recent_info_Singed,0,,"Khi tia lửa tung bay, <name> là người đầu tiên xách xô, kéo thi thể và khống chế những con vật hoảng loạn. Ngọn lửa thanh tẩy có thể đã chạm vào [him/her] đôi chỗ, nhưng [he/she] không hề nao núng."
bg_recent_info_Unshaped,0,,"<name> chưa bao giờ thích diễn tập hay sân đấu tập. Vì vậy [he/she] ngạc nhiên khi nhận ra lúc nắm đấm tung ra, [he/she] chẳng hề do dự. <name> cuối cùng đã khám phá sức mạnh của bản thân nhưng chưa biết gì về kỷ luật."
bg_recent_info_Gentle,0,,<name> co rúm trước khói và tiếng thét nhưng không bao giờ quay lưng với người bị thương. [He/She] học khâu da thịt và tạc tượng các vị thánh cho những người được [his/her] chăm sóc. <name> làm thế giới dịu lại để nỗi kinh hoàng trở nên dễ chịu đựng hơn.
bg_recent_info_Nurturing,0,,"<name> chăm sóc động vật và cây trồng với niềm vui thầm lặng, nâng niu sự sống từ cả trứng lẫn hạt giống. Mỗi hành động chăm nom là một lời cầu nguyện dành cho người đã khuất."
bg_recent_info_Studious,0,,"<name> luôn trau dồi tri thức với sự tập trung cao độ, từ thuật dùng kiếm đến nghệ thuật hội họa. [He/She] tin rằng ngòi bút và lưỡi gươm đều là vũ khí bảo vệ chân lý."
bg_recent_info_Lightfoot,0,,"<name> quay lưng lại với bóng tối. [He/She] luôn sẵn nụ cười và có thể khéo léo gợi chuyện ngay cả từ những người lạ cáu kỉnh nhất, mãi chạy theo làn gió thay vì gánh nặng."
bg_recent_info_Keen,0,,<name> đọc dấu vết như đọc bảng chữ cái và biết phải lần theo dấu hiệu nào để tránh quấy rầy yêu tinh. [He/She] từng chứng kiến nhiều chuyện kỳ lạ nhưng đủ khôn ngoan để không nhắc đến chúng.
background_context_link_01,0,,"Sau ngày tàn thế,"
background_context_link_02,0,,"Trong wake của death và terror,"
background_context_link_03,0,,"Khi thế giới biến động,"
background_context_link_04,0,,"Sau cơn đại dịch,"
bg_old_name_Farmer,0,,nông dân
bg_old_name_Swineherd,0,,người chăn lợn
bg_old_name_Marshal,0,,võ quan thống chế
bg_old_name_Cottar,0,,tá điền
bg_old_name_Gardener,0,,người làm vườn
bg_old_name_Reeve,0,,quản lý trang viên
bg_old_name_Herbalist,0,,thầy thuốc thảo mộc
bg_old_name_Roofer,0,,thợ lợp mái
bg_old_name_Bowyer,0,,thợ làm cung
bg_old_name_Carpenter,0,,thợ mộc
bg_old_name_Wheelwright,0,,thợ làm bánh xe
bg_old_name_Builder,0,,thợ xây dựng
bg_old_name_BrickMaker,0,,thợ làm gạch
bg_old_name_Shipwright,0,,thợ đóng tàu
bg_old_name_Innkeep,0,,chủ quán trọ
bg_old_name_Butcher,0,,thợ pha thịt
bg_old_name_Chef,0,,bếp trưởng
bg_old_name_Brewster,0,,nữ thợ nấu bia
bg_old_name_Architect,0,,kiến trúc sư
bg_old_name_MasterBuilder,0,,thợ cả xây dựng
bg_old_name_Engineer,0,,kỹ sư
bg_old_name_Scribe,0,,thư lại
bg_old_name_Monk,0,,tu sĩ
bg_old_name_Hunter,0,,thợ săn
bg_old_name_Archer,0,,cung thủ
bg_old_name_Recruit,0,,tân binh
bg_old_name_Healer,0,,thầy thuốc
bg_old_name_FieldDoctor,0,,bác sĩ chiến trường
bg_old_name_Nun,0,,nữ tu
bg_old_name_Knight,0,,hiệp sĩ
bg_old_name_Soldier,0,,binh lính
bg_old_name_ArmyCook,0,,hậu cần quân đội
bg_old_name_Mercenary,0,,lính đánh thuê
bg_old_name_Farrier,0,,thợ đóng móng ngựa
bg_old_name_Lorimer,0,,thợ làm hàm thiếc ngựa
bg_old_name_Blacksmith,0,,thợ rèn
bg_old_name_Armourer,0,,thợ đóng giáp
bg_old_name_Arrowsmith,0,,thợ rèn đầu tên
bg_old_name_Barber,0,,thợ cạo kiêm nhổ răng
bg_old_name_Courtesan,0,,kỹ nữ cung đình
bg_old_name_Alchemist,0,,nhà giả kim
bg_old_name_Peddler,0,,người bán dạo
bg_old_name_Tanner,0,,thợ thuộc da
bg_old_name_Cordwainer,0,,thợ đóng giày da
bg_old_name_Armorer,0,,thợ giáp lành nghề
bg_old_name_Cobbler,0,,thợ sửa giày
bg_old_name_Miner,0,,thợ mỏ
bg_old_name_Franklin,0,,địa chủ tự do
bg_old_name_Carter,0,,người đánh xe kéo
bg_old_name_GraveDigger,0,,người phu đào huyệt
bg_old_name_Berner,0,,người huấn luyện chó săn
bg_old_name_wright,0,,thợ thủ công
bg_old_name_turnkey,0,,cai ngục
bg_old_name_netmaker,0,,thợ đan lưới
bg_old_name_recuperant,0,,người dưỡng bệnh
bg_old_name_squire,0,,hộ vệ hiệp sĩ
bg_old_name_fen_scout,0,,trinh sát đầm lầy
bg_old_name_nitre_miner,0,,thợ khai thác diêm tiêu
bg_old_name_quacksalver,0,,lang băm
bg_old_name_brawler,0,,kẻ hay gây gổ
bg_old_name_infirmarian,0,,y sĩ phòng bệnh
bg_old_name_quartermaster,0,,sĩ quan quân nhu
bg_old_name_delver,0,,thợ đào sâu
bg_old_name_marksage,0,,học sĩ ghi chép
bg_old_name_hermit,0,,ẩn sĩ
bg_old_name_tutor,0,,gia sư
bg_old_name_bear_baiter,0,,người chọi gấu
bg_old_info_Farmer,0,,"Dù không được học hành, <name> rất sáng suốt. [He/She] biết khi nào nên gieo trồng để tránh sương giá và có thể điều khiển bò cày luống hoàn hảo. Cuộc sống khắc nghiệt nhưng thiên nhiên hào phóng. <name> có nhiều điều để biết ơn."
bg_old_info_Swineherd,0,,"Lang thang trong rừng cùng đàn lợn kiếm củ, mang theo cây gậy chắc để đập hạt sồi và xua kẻ xâm nhập... đó là tất cả những gì <name> biết. Giết thời gian bằng cách nhai nấm, một mình với trí tưởng tượng [his/her]. <name> cho rằng nghề của người khác còn nặng nhọc hơn."
bg_old_info_Marshal,0,,"Một kẻ lang thang từ Barcelona, <name> có tài chữa bệnh cho động vật và đôi khi cả con người khi cần. [He/She] được học hành, am hiểu đức tin Moorish cùng giáo huấn của Galen và Aristotle. <name> có khiếu hài hước tuyệt vời!"
bg_old_info_Cottar,0,,"Có một cánh đồng để cày và căn nhà nhỏ để sống, <name> làm lụng chăm chỉ. [He/She] chủ yếu lo lắng về cái chết và thuế má. Với hàng tá người phụ thuộc khốn khó, <name> sợ phải nộp toàn bộ gia súc [his/her] cho lãnh chúa nếu ai đó chết."
bg_old_info_Gardener,0,,"<name> tìm thấy bình yên sau hàng rào đan quanh khu vườn đầy hoa thơm và thảo mộc. [He/She] hiểu rõ công dụng của chúng, cả làm thức ăn lẫn thuốc chữa bệnh. Thời gian như ngừng trôi dưới giàn cây, và <name> thường hít lấy hương mầm non."
bg_old_info_Reeve,0,,"Từ một nông nô khiêm nhường, chức Quản gia đem lại cho <name> chỗ ngồi đáng mơ ước bên bàn của lãnh chúa [his/her]. Nhưng giám sát những người lao động cùng [his/her] là công việc chẳng ai biết ơn. Có quá nhiều thứ phải quản lý, sao không giữ lại một ít cho mình? <name> thấy điều đó hoàn toàn chính đáng."
bg_old_info_Herbalist,0,,"Từng nhìn thấy một bản sao De Materia Medica ở Oxford, <name> trở thành tín đồ trọn đời của Dioscorides. Kết hợp điều này với lời dạy của người cố vấn [his/her], một nữ tu cao tuổi am hiểu cây cỏ, <name> tự tin phán đoán các vấn đề thực vật."
bg_old_info_Roofer,0,,"<name> cho rằng cái đầu choáng váng vì độ cao [his/her] là món quà thiêng liêng, dùng để tôn vinh Chúa qua kiến trúc. Làm việc giữa các thiên thần trên ngọn tháp lớn của Nhà thờ Salisbury là đỉnh cao sự nghiệp [his/her]."
bg_old_info_Bowyer,0,,"Người ta kể <name> đã hạ 23 chiến binh Pháp tại L’Ecluse, mỗi người bằng một phát bắn chính xác đến nhân từ. Danh tiếng cung thủ của [His/Her] chỉ đứng sau tài năng với gỗ thủy tùng của <name>, dùng để làm những cây trường cung tuyệt hảo. Chúng được coi trọng vô cùng."
bg_old_info_Carpenter,0,,"<name> là thành viên Hội Thợ mộc, một phường hội hứa hẹn phần thưởng trên thiên đường. Làm việc cả ngày với gỗ, biết rằng sau khi chết Hội sẽ lo tang lễ và cả lời cầu nguyện tại nhà nguyện, khiến <name> vô cùng biết ơn."
bg_old_info_Wheelwright,0,,"<name> của <origin> tin rằng bánh xe cuộc đời có rất nhiều nan hoa. [He/She] thích giúp sửa chữa và xây dựng, thậm chí từng làm một cây thánh giá theo lời một nhóm diễn viên rong cho vở kịch huyền bí của họ."
bg_old_info_Builder,0,,"Từ khung lanh tô gỗ xẻ đến nền đất nện và những bức tường dày cong, <name> có thể làm tất cả bằng đôi tay thô ráp, khỏe mạnh [his/her]. <name> nổi tiếng cộc cằn và bộc trực, dễ nổi giận cũng như nhanh chóng lao vào những câu chuyện tục tĩu hay bài hát ồn ào."
bg_old_info_BrickMaker,0,,"<name> yêu cảm giác trơn trượt của đất giữa các ngón chân [his/her]. [He/She] có tuổi thơ vui vẻ nhào đất sét phong hóa trong các sân ở Hull, tạo thành vô số viên gạch đỏ dành cho lâu đài và pháo đài. [He/She] đúng là một viên gạch sống."
bg_old_info_Shipwright,0,,"<name> từng nhiều năm đóng tàu ở bến cảng và có thể dùng đôi tay chai sạn [his/her] để làm đủ thứ công trình. Với đôi tay [his/her] đã chai sạn, cảng là nơi thô ráp, <name> cũng biết đấm và né dao găm của kẻ vô lại."
bg_old_info_Innkeep,0,,"<name> nổi tiếng làm bánh nướng có vỏ giòn nhất ở <origin>, và luôn rót một bình ale đầy tràn. Vui vẻ và công bằng, [he/she] không ngần ngại đập đầu vài kẻ cứng đầu vào nhau khi ẩu đả nổ ra."
bg_old_info_Butcher,0,,"<name> hiểu động vật từ trong ra ngoài, đúng với một thành viên Hội Đồ tể. [He/She] đối xử dịu dàng với mọi con thú và kết liễu chúng nhanh chóng. <name> biết chuẩn bị những miếng thịt lạ đủ ngon cho vua, thứ nông dân chưa từng nếm."
bg_old_info_Chef,0,,"Từng là phụ bếp dưới trướng đại sư Taillevent, <name> trở thành đầu bếp cho các gia đình quyền quý ở Anh. Dù [his/her] hơi tự phụ, không thể phủ nhận <name> rất am hiểu ẩm thực từ mọi loài cây, thú và nấm có thể ăn."
bg_old_info_Brewster,0,,"Có thể nhận ra nghề của <name> qua chiếc mũ đen cao và cây chổi [his/her]. Đúng vậy, [he/she] nấu ale. <name> là người chăm chỉ, và phẫn nộ trước việc Viện phụ cho rằng [he/she] dùng mưu mẹo để khiến các tín đồ ngoan đạo say rượu bằng thủ đoạn [his/her]. Không thể kìm hãm một doanh nhân."
bg_old_info_Architect,0,,"Nói thật, <name> ghen tị với Henry Yeverley. Dù [he/she] không bao giờ sánh được với Bậc thầy Nề của Công trình Hoàng gia, <name> nghĩ những ý tưởng kiến trúc tiên tiến [his/her] học ở Château de Vincennes xứng đáng được biết đến hơn."
bg_old_info_MasterBuilder,0,,"<name> thích lao vào những dự án phức tạp. [He/She] dành nhiều năm băng qua châu Âu để tìm kiếm sự chỉ dạy. <name> hiểu cách tạo ra những công trình thách thức trọng lực bằng đá và sắt, học từ các bậc thầy xây nhà thờ thiên tài vô danh."
bg_old_info_Engineer,0,,<name> tự hào về những cỗ máy chiến tranh khổng lồ do [he/she] thiết kế. <name> mơ một ngày tạo ra thiết bị huyền thoại như máy bắn đá Warwolf vĩ đại của bậc thầy James vùng St. George.
bg_old_info_Scribe,0,,"Ngòi bút mạnh hơn thanh kiếm, và <name> từng tận hưởng chút quyền lực ấy. Được thương nhân và quý tộc gọi đến để dùng bút lông [his/her], <name> ghi lại hợp đồng, luật lệ và cái chết của họ bằng chữ littera antiqua, với nét hoa mỹ."
bg_old_info_Monk,0,,"<name> thích nghiền thuốc trong căn phòng tĩnh lặng, với cao thuốc và dược phẩm [his/her]. Những người được đưa đến bệnh viện thực sự phó mặc cho lòng thương xót của Chúa. Nhưng <name> vẫn muốn đem chút khả năng chữa trị ít ỏi [he/she] có để xoa dịu nỗi đau của họ."
bg_old_info_Hunter,0,,"Người ta kể ở <origin> rằng <name> sinh ra với cây cung trong tay [his/her]. Những tháng ấm áp, <name> săn sói, lưỡi [his/her] thè ra và mắt sáng khi [he/she] lướt qua rừng, nhẹ nhàng, vô hình và sẵn sàng tấn công."
bg_old_info_Archer,0,,"Từ lúc được nuôi dạy như một cận vệ đến khi trở thành cung thủ cưỡi ngựa, <name> là một người lính chuyên nghiệp thực thụ. Mang sẹo và cộc cằn, [he/she] vẫn giữ cái đầu lạnh ở Saint-Omer và Morlaix, thoát thân không có chiến thắng nhưng còn mạng sống [his/her]."
bg_old_info_Recruit,0,,"<name> luyện tập trường cung khi [he/she] có thể, nhưng việc cày bừa và gặt hái thường được ưu tiên. Không sao, <name> vẫn được tuyển đi chiến đấu ở Pháp, kết thúc tại Cuộc vây hãm Tournai. Một sợi dây cung [his/her] và một câu chuyện bên bếp lửa."
bg_old_info_Healer,0,,"Cuộc sống khép mình, chăm sóc vườn tu viện và sao chép bản thảo tinh xảo đã dẫn <name> theo con đường học vấn. Than ôi, Viện phụ nhẫn tâm thúc giục [him/her] ra ngoài chữa bệnh cho người nghèo và người ốm. Vì thế, cuộc lưu đày của <name> bắt đầu trong miễn cưỡng."
bg_old_info_FieldDoctor,0,,"Ban ngày, <name> chăm sóc binh lính ngã xuống. Nhưng ban đêm, mối đe dọa khủng khiếp của bệnh kiết lỵ chiến trường và sốt đầm lầy xâm chiếm giấc ngủ [his/her]. Không khí độc hại từ những xác chết phình trướng là chất liệu của ác mộng. Trong bốn kỵ sĩ, <name> sợ dịch bệnh nhất."
bg_old_info_Nun,0,,"Gia đình <name> nộp của hồi môn cho Giáo hội, ban cho cô cuộc sống ngoan đạo và khép mình. Thay vào đó, một tiếng nói nhỏ dai dẳng thôi thúc cô lang thang qua chiến trường, khâu vết thương và cầu nguyện cùng những người hấp hối. Đó là tiếng gọi của <name>."
bg_old_info_Knight,0,,"Tinh thần hiệp sĩ là huyết mạch của <name>, và [he/she] sẽ chết vì danh dự. Là hiệp sĩ dòng Thánh John, <name> trở thành tu sĩ chiến binh, bảo vệ Rhodes khỏi những kẻ ngoại đạo. Trung thành, công lý và rộng lượng là phương châm [his/her], nhưng kẻ tội lỗi hoàn toàn hãy coi chừng."
bg_old_info_Soldier,0,,"<name> từng chứng kiến những trận chiến ghê rợn, lãnh đạo yếu kém và kẻ thù đáng sợ. Dự đoán sẽ đối mặt với cái chết ở Pháp, <name> không ngừng rèn luyện, luôn sung sức chiến đấu, hiếu chiến và cảnh giác. Chúng ta thường trao cho kẻ thù phương tiện hủy diệt chính mình."
bg_old_info_ArmyCook,0,,"Quân đội hành quân nhờ cái bụng, và <name> biết giữ lửa trại cháy cùng bụng lính no đủ. Bữa ăn [His/Her] không hẳn cao cấp, nhưng <name> là đồ tể giỏi và có thể lọc thịt đối phương khá thành thạo khi rút lui."
bg_old_info_Mercenary,0,,"<name> từng lang thang khắp phương nam, phục vụ trong các toán lính đánh thuê danh tiếng. Mọi vinh quang rồi cũng qua đi, và giờ đây <name> mong muốn dùng tài nghệ của mình để bảo vệ vùng đất mới."
bg_old_info_Farrier,0,,"<name> có tài thấu hiểu ngựa. [He/She] giữ móng ngựa khỏe mạnh và đóng móng sắt. Nghề này không kiếm được nhiều, nhưng là công việc ổn định."
bg_old_info_Lorimer,0,,"<name> có những nếp nhăn tập trung hằn trên trán [his/her], còn cánh tay lực lưỡng do làm việc với búa và ống bễ. Từ hàm thiếc ngựa khiêm tốn đến đinh thúc của hiệp sĩ, <name> đều có thể chế tạo."
bg_old_info_Blacksmith,0,,"Vạm vỡ và ít nói, <name> tin rằng ngón nghề rèn của [his/her] đã góp phần dựng xây Anglalonde dưới sự che chở của thần linh. Người xưa vẫn nói: 'Thần Weland trao Lưỡi Kiếm, Lưỡi Kiếm trao Kho Báu, và Kho Báu dựng nên Luật Pháp.' Và <name> thường lặp lại câu nói đó cho bất cứ ai chịu lắng nghe."
bg_old_info_Armourer,0,,"<name> có thể uốn mọi thứ theo ý chí [his/her], đặc biệt là kim loại sáng bóng. Từng học việc dưới một bậc thầy từ Chartres, chiếc búa và những ngón tay khéo léo của <name> đã làm việc nhiều năm trong kho giáp của London. [He/She] đã cứu vô số mạng người."
bg_old_info_Arrowsmith,0,,"Dù có mũi lưỡi hay ngạnh, <name> đã rèn đầu tên từ năm [he/she] 14 tuổi. [He/She] đôi khi tự hỏi bao nhiêu sản phẩm [his/her] đã trúng đích, nhuộm đỏ chiến trường Sluys và Crecy."
bg_old_info_Barber,0,,"Cần cạo sát ư? Khi phải loại bỏ bộ râu phiền toái hay một chi đang mưng mủ, <name> luôn vui vẻ phục vụ. [He/She] thích chuyện phiếm gần bằng việc trích máu. <name> thường là người biết tin đầu tiên, và với nhiều người, cũng là người cuối cùng họ thấy."
bg_old_info_Courtesan,0,,"<name> nói nhỏ nhẹ, với tiếng cười dịu dàng dễ nghe như chim hót. Dù kể chuyện rất hay, không ai biết lịch sử thăng trầm [his/her] ở triều đình. Tuy nhiên, <name> biết một bí mật thú vị về gần như mọi người khác..."
bg_old_info_Alchemist,0,,"<name> thất vọng với cuộc truy tìm Hòn đá Triết gia và chuyển sang tìm Thuốc trường sinh. [He/She] đọc được tiếng Hy Lạp và Ả Rập, đồng thời ghi chép rất nhiều bằng mật mã. <name> đôi khi tuyệt vọng khi giấc mơ [his/her] chỉ còn là thứ cặn lấp lánh."
bg_old_info_Peddler,0,,"Người lữ hành <name> mang vật dụng thiết yếu trên lưng [his/her] như ốc sên, lê bước giữa những thôn xóm hẻo lánh. Dân địa phương khép kín luôn nghi ngờ. Mỗi lần, <name> lại dùng lời ngon ngọt khiến họ tin [him/her], rồi cuộc mặc cả mới bắt đầu."
bg_old_info_Tanner,0,,"<name> biết thuộc Da bằng chính não của con vật, cùng thuật giả kim từ tro gỗ, phân và vỏ cây mục. Không có <name>, chẳng ai có giày, giáp hay yên ngựa. Nhưng [he/she] khó được yêu mến. Trong mọi nghề, nghề của <name> thực sự hôi thối."
bg_old_info_Cordwainer,0,,"<name> gia nhập Hội Thợ giày theo truyền thống gia đình - “Corio et Arte” là câu cha [his/her] yêu thích nhất. Mùi da khơi lại những ký ức không báo trước về các xưởng giày London dưới bóng Nhà thờ St Paul, nhộn nhịp với những người thợ như <name>."
bg_old_info_Armorer,0,,"<name> bắt đầu với giáp da thuộc luộc trong sáp, đủ chắc để bảo vệ người thường ngoài chiến trường. Sau đó [he/she] chuyển sang giáp brigandine, tán đinh các tấm kim loại để che chắn trái tim. <name> cũng dùng cung khá thành thạo."
bg_old_info_Cobbler,0,,"Đến từ <origin>, <name> thích lang thang trên những vùng đồi và qua các thung lũng dương xỉ của nước Anh. Dân làng luôn chào đón [him/her], vì ngay cả người nghèo nhất cũng có giày để <name> sửa."
bg_old_info_Miner,0,,"<name> từng làm việc ở các mỏ chì Low Peak và mỏ xứ Wales của Hắc Công tước. Nhợt nhạt và tránh ánh nắng như nhiều thợ mỏ khác, <name> có đôi mắt trũng và đau đầu. Những mạch vàng lấp lánh vuốt ve giấc mơ [his/her], những giấc mơ của [his/her]."
bg_old_info_Franklin,0,,"Cày xới những thửa ruộng nhỏ trên đất nghèo, đồi dốc gần <origin> từng là lựa chọn cuối cùng vì đất màu mỡ khan hiếm. Nhưng <name> đã làm tốt và giành được tự do canh tác trên mảnh đất của mình. <name> cảm thấy tự hào, nhưng chủ yếu là nhẹ nhõm. [He/She] vẫn kiên trì với mảnh đất ấy."
bg_old_info_Carter,0,,<name> phát ngán việc xúc phân dưới ánh mắt của quản gia nhìn qua vai [his/her]. Và còn phát ngán hơn người nông dân khốn khổ không trả công sòng phẳng bằng ale khi <name> đổ phân lên ruộng. Ít nhất [he/she] có một đôi lưng khỏe.
bg_old_info_GraveDigger,0,,"<name> đào mộ tại nghĩa trang nhà thờ <origin>. Nhưng chính trên chiến trường đẫm máu ở Crécy, [he/she] mới làm công việc tuyệt vời nhất bằng đôi tay [his/her]. Đập vỡ sọ người Pháp trong một con hào bằng chính chiếc cuốc ấy đem lại cho <name> niềm thỏa mãn vô tận."
bg_old_info_Berner,0,,"<name> là đầu đàn, thủ lĩnh của bầy. [He/She] chăm sóc những con chó săn, và đổi lại chúng trung thành mãnh liệt. Dù không có địa vị cao, <name> vẫn được kính trọng. Chó săn có thể rất hung dữ khi bị chọc giận."
bg_old_info_wright,0,,"<name> đã xây lại nửa thị trấn [his/her] sau một trận hỏa hoạn. Muội than trở thành lớp da thứ hai, và mỗi thanh gỗ mới đặt xuống là lời cầu nguyện chống ngọn lửa quay trở lại."
bg_old_info_turnkey,0,,"Cho ăn, dọn dẹp, thẩm vấn. <name> thích sức nặng của chùm chìa khóa đung đưa trên thắt lưng [his/her] và mùi rơm ẩm. [He/She] đầy tham vọng, có người còn gọi là độc đoán."
bg_old_info_netmaker,0,,"<name> buộc những lời cầu nguyện mong manh thành nút trên sợi dây gai bằng đôi tay chai sạn. [He/She] không bao giờ quên làm ướt lưới bằng một chén rượu, hy vọng bắt được mẻ cá lớn."
bg_old_info_recuperant,0,,"<name> học được sự kiên nhẫn qua việc khâu vết thương và chờ Sức khỏe trở lại trong bệnh xá. [He/She] âm thầm bền bỉ, được rất ít người nhận ra."
bg_old_info_squire,0,,"<name> khiêm nhường đánh bóng vũ khí và mơ được mang cờ hiệu. [He/She] biết làm sạch lưỡi kiếm, chịu đòn và dậy sớm."
bg_old_info_fen_scout,0,,<name> biết nơi bùn sông sẽ hút người xuống và nơi quân cướp tấn công. Định mệnh [His/Her] được viết trong bùn lầy và cói sậy.
bg_old_info_nitre_miner,0,,<name> kiếm sống bằng cách cạo diêm tiêu kết tinh khỏi vách hang cũng là nhà [his/her]. Ho và đau đầu dường như là cái giá phải trả.
bg_old_info_quacksalver,0,,"<name> healed với trickery và makeshift prayer, và sometimes - just sometimes - a steady hand."
bg_old_info_brawler,0,,"Khi luật pháp thất bại, nắm đấm lên tiếng. <name> kiếm tiền và làm gãy răng người khác bằng những trận đánh đổi lấy chỗ ngủ, thức ăn và rượu."
bg_old_info_infirmarian,0,,"<name> đã nhiều năm chăm sóc người bị thương, cọ rửa nền đá đẫm máu và lau những vết thương rỉ dịch. Không phải lính, cũng chẳng phải hiền triết - chỉ là đôi tay vững vàng khi cần nhất."
bg_old_info_quartermaster,0,,"<name> hiểu tầm quan trọng của việc duy trì tiếp tế từ chiến dịch chống người Scots tại Neville's Cross. [He/She] có thể băng bó Vết thương, mặc quần áo cho người khác hoặc mặc cả một xô hàng, nhưng chưa từng bắn một mũi tên."
bg_old_info_delver,0,,"<name> không thích cuộc sống nông nô gò bó. [He/She] thích đắm mình vào những hang sâu và lòng sông, đào xới những khối quặng lấp lánh mang về cho khu định cư."
bg_old_info_marksage,0,,"Cây cung của <name> là một câu đố, không chỉ là vũ khí. [He/She] cảm nhận được hướng gió và đường cong khoảng cách, nhìn ra những góc mà đồng đội bỏ lỡ. [He/She] trở thành huyền thoại giữa các cung thủ từng chiến đấu ở Calais."
bg_old_info_hermit,0,,"<name> vô tình từ người ăn xin trở thành ẩn sĩ, khi những giọng nói [he/she] nghe được bị coi là thiêng liêng. Cuộc sống cô độc và thức ăn người dân dâng tặng đều giúp người ấy tìm thấy bình yên trong tâm hồn."
bg_old_info_tutor,0,,"Nếu <name> có thể truyền tình yêu học hỏi [his/her] cho những học trò nhỏ [his/her], đó đã là phần thưởng. Đáng buồn thay, các tiểu lãnh chúa trẻ là những đứa trẻ hư hỏng, chẳng cho thấy nhiều triển vọng."
bg_old_info_bear_baiter,0,,"<name> phải giữ con gấu khỏe mạnh, còn lũ chó thì có thể thay thế. [He/She] đứng trong bóng tối và để lông bay tung tóe sau khi các cuộc cá cược đã được đặt."
none_faction_name,0,,Phe Trung Lập
non_partisan_nomads_name,0,,Phe Trung Lập
church_of_third_coming_name,0,,Giáo hội Giáng Lâm Lần Ba
ancrene_disciples_name,0,,Các Môn Đồ Ancrene
faithful_sons_of_england_name,0,,Những Đứa Con Trung Thành Của Nước Anh
band_of_the she_wolf_name,0,,Băng Đảng Sói Cái
philosophers_of_the_natural_order_name,0,,Hội Triết gia Trật Tự Tự Nhiên
society_of_fellows_name,0,,Hội Bằng Hữu Học Giả
kingdom_of_york_name,0,,Vương Quốc York
heresy_of_the_rose_name,0,,Giáo Phái Dị Giáo Hoa Hồng
circle_of_avalon_name,0,,Hội Vòng Tròn Avalon
beirdd_cymraeg_name,0,,Bộ Tộc Beirdd Cymraeg
progeny_of_the_plague_name,0,,Hậu Duệ Đại Dịch
ravagers_name,0,,Kẻ Tàn Phá
forest_bandits_name,0,,Thổ Phỉ Rừng Xanh
mountain_bandits_name,0,,Thổ Phỉ Vùng Núi
river_bandits_name,0,,Thổ Phỉ Vùng Sông Nước
looters_name,0,,Kẻ Cướp Bóc
scourge_name,0,,Đại Họa Diệt Vong
non_partisan_nomads_info,0,,"Không thuộc về bất kỳ phe phái nào. Tấn công người trung lập sẽ không làm giảm thiện cảm của các thế lực khác, nhưng có thể dẫn đến những hệ lụy khôn lường."
church_of_third_coming_info,0,,"Một nền thần quyền Tân Kitô giáo thường rất tàn bạo. Các tín đồ rao giảng rằng dịch bệnh đánh dấu khởi đầu Ngày Tận thế, trong một thế giới do Satan và quỷ dữ cai trị. Họ tha thiết chờ Chúa Kitô trở lại và đã tham gia trận chiến cuối cùng để thanh tẩy thế gian khỏi tội lỗi và kẻ có tội bằng mọi giá. Hiếu chiến và hung hăng, họ hầu như không khoan dung với người khác đức tin.
"
ancrene_disciples_info,0,,"Một nhóm các nhà thần bí Cơ Đốc giáo truyền bá những giấc mơ khải thị của Nữ tu Khổ tu Menwreda vùng Wigmore, người đã tự giam mình trong bức tường đá trọn đời từ năm 15 tuổi. Giáo phái này thường thiêu sống những ai bị cáo buộc cấu kết với ma quỷ."
faithful_sons_of_england_info,0,,"Những người bảo hoàng trung thành với triều đại Plantagenet, tôn vinh Edmund II là người thừa kế ngai vàng hợp pháp. Mục tiêu của họ là tái lập trật tự phong kiến trước thời kỳ dịch bệnh.
"
band_of_the she_wolf_info,0,,"Tập hợp các phe phái do các nam tước chỉ huy, đoàn kết bởi lòng trung thành tuyệt đối với cựu hoàng hậu Isabella của Pháp. Được gia tộc Aquitaine hùng mạnh hậu thuẫn và sử dụng cả sức mạnh quân sự lẫn thuật chiêu hồn, nhóm này hướng đến việc khôi phục quyền lực quý tộc và duy trì sự thống trị lâu dài."
philosophers_of_the_natural_order_info,0,,"Những học giả này lập luận rằng chính Tự Nhiên, chứ không phải Thượng Đế, đã giáng xuống thảm họa dịch bệnh. Khao khát tri thức một cách cuồng nhiệt, họ ngày đêm nghiền ngẫm những pho sách cổ Byzantine và tranh luận về nguyên lý tiết kiệm của Ockham. Họ ấp ủ giấc mơ về một trật tự thế giới mới dựa trên học thuật thay vì mê tín dị đoan, trang bị cho mình tri thức uyên bác để ngăn ngừa những thảm họa dịch bệnh trong tương lai.\n
"
society_of_fellows_info,0,,"Hội học giả do nhà giả kim Gaius Ortolanus lập dị lãnh đạo. Hội Đồng Đẳng đặt mục tiêu thấu hiểu bản chất tinh túy của dịch bệnh để kiểm soát nó. Nghiêm cẩn, thâm trầm nhưng thường hay cáu kỉnh, họ bài trừ sự dốt nát và những lời mê tín dị đoan ở mọi nơi họ đi qua."
kingdom_of_york_info,0,,"Vương quốc mới nổi này do thủ lĩnh nông dân Jan Purvey lãnh đạo. Họ quy kết nguồn gốc thảm họa dịch bệnh cho hoàng gia và các cuộc viễn chinh hao người tốn của, kêu gọi bãi bỏ vương quyền và bình đẳng cho muôn dân.
"
heresy_of_the_rose_info,0,,"Lấy cảm hứng từ nhà thần bí Marguerite Porete - người từng bị thiêu trên giàn hỏa vì tội dị giáo. Những tín đồ này theo đuổi sự giải thoát tuyệt đối của linh hồn. Họ là những kẻ theo thuyết hư vô, tự coi mình là Chúa và khinh bỉ mọi trật tự thứ bậc xã hội. Châm ngôn của họ là: 'Nơi nào có trật tự, ta sẽ mang lại hỗn loạn.'"
circle_of_avalon_info,0,,"Arthur Pendragon và his stately court epitomise Britain’s golden era. So says Circle của Avalon, which strives cho a renaissance của chivalry và knightly virtue. Once upon a time, Merlin's second Thị lực revealed fearsome dragons battling beneath Vortigern’s castle. Today, Circle calls trên his druid successors để restore old ways, summoning a ray của light trong a these darkening days.
"
beirdd_cymraeg_info,0,,"Truyền thống thơ ca và huyền thoại truyền khẩu cổ xưa rất thịnh hành nơi đây. Các thi sĩ hát rong (bards) thường thiền định trên đỉnh núi Cadair Idris, học hỏi thuật biến hình và cất lên những bản hùng ca làm say đắm lòng người."
progeny_of_the_plague_info,0,,"Một tập hợp những kẻ tàn bạo, cướp bóc và buôn nô lệ sinh sôi sau đại dịch. Tập tục dã man của chúng biến tướng thành các nghi thức tra tấn man rợ, coi tù nhân như gia súc và gieo rắc nỗi kinh hoàng khắp cõi.
"
ravagers_info,0,,"Trong số nhiều điều răn cấm trong Kinh Thánh, dường như không có dòng nào cấm ăn thịt đồng loại. Dựa trên lý lẽ mong manh đó, tộc Kẻ Tàn Phá — ban đầu do nạn đói cùng cực thúc đẩy, sau đó dần phát triển thành phong tục ẩm thực — đã xây dựng nên lối sống ăn thịt người man rợ. Sách dạy nấu ăn của chúng chứa những chỉ dẫn chi tiết để biến hầu hết các bộ phận cơ thể thành món ăn thượng hạng: nướng xèo xèo, xúc xích, thịt nguội… một số món chúng đem bán cho dân làng đói khát, những người hoàn toàn không hề hay biết mình đang ăn thứ gì — hoặc ăn thịt ai."
forest_bandits_info,0,,"Lặng lẽ di chuyển giữa những rặng cây sồi cổ thụ, sinh tồn nhờ thú rừng săn bắn, cây tầm ma và rễ cây dại, cuộc sống nơi rừng sâu thẳm là nơi nương náu lý tưởng cho những kẻ ngoài vòng pháp luật. Còn gì ấm cúng hơn khi cùng quây quần bên đống lửa bập bùng, kể cho nhau nghe những truyền thuyết về thần săn Hyrne cùng cuộc Săn Hoang Dã, và toan tính cho chuyến đột kích cướp bóc tiếp theo?"
mountain_bandits_info,0,,"Rugged và weathered, mountain clans shelter trong natural caves và baunder icy waterfalls. Clad trong wolfskins và Săn bắn trong packs, they slink down từ their mountain strongholds để strike: silent, ferocious, hungry."
river_bandits_info,0,,"Những dòng sông lớn của nước Anh là đường đi của dân sông nước, những người chuyên chở lữ khách, hàng hóa và tin tức. Sau dịch bệnh, họ trở nên nghèo khổ và hoang dã, sống bằng cướp bóc. Những người chèo thuyền dâng lễ cho nữ vương tiên nữ Coventina bên bờ sông, hy vọng bà phù hộ cho các cuộc cướp phá trên sông."
looters_info,0,,"Khi cơn đại dịch bùng phát tàn khốc, trật tự xã hội sụp đổ và nạn đói hoành hành khắp cõi. Lính đánh thuê, các lãnh chúa cướp bóc và những nông dân mất đất lang bạt khắp nơi mà không ai kiểm soát, chuyên săn đuổi những kẻ yếu thế hơn. Những kẻ hôi của này sẵn sàng cướp đoạt bất cứ thứ gì có thể mang đi, và không ngần ngại tàn sát hay gây thương tật mà không sợ bị trừng phạt."
scourge_info,0,,"Có lời đồn rằng chúng là những hồn ma báo thù của các nạn nhân chết vì dịch hạch. Khuôn mặt của chúng luôn được che kín. Và vì thi thể của chúng tự bốc cháy thành tro tàn khi gục ngã, mối hoài nghi đáng sợ vẫn luôn vương vấn về việc chúng là ai, hay là thứ quái vật gì. Sự hiện diện của chúng thường được nhắc đến khi sữa bị chua hay một đứa trẻ mất tích trong đêm. Gia súc bị giết hại dã man nhưng không bị ăn thịt. Mùa màng bị đốt cháy, đồ đạc bị đập nát. Chúng tồn tại chỉ để gieo rắc kinh hoàng, và cái tên của chúng hiếm khi được thốt ra: Tai Ương."
faction_type_faithful,0,,Giáo Hội Phục Hưng
faction_type_pagan,0,,Huynh Đệ Cây Sồi
faction_type_knowledge,0,,Hội Học Giả Tri Thức
faction_type_monarchy,0,,Vương Triều Quân Chủ
faction_type_anarchy,0,,Hội Vô Chính Phủ
faction_type_cannibal,0,,Bộ Tộc Ăn Thịt Người
faction_type_bandits,0,,Băng Đảng Thổ Phỉ
faction_type_chaos,0,,Băng Đảng Hỗn Loạn
church_of_third_coming_center,0,,"EDEN NOVA
Eden Nova là một khu định cư mới được xây dựng. Nơi đây phát triển xung quanh tu viện do Thánh Augustine thành lập tại Canterbury, nơi vị tu sĩ La Mã đã nhen nhóm lại ngọn lửa Cơ Đốc giáo giữa những người Saxon ngoại đạo, dần dần lan tỏa đức tin khắp mảnh đất này. Là cái nôi của những tư tưởng mới, Eden Nova dung dưỡng một giáo phái Cơ Đốc chính thống, kiên quyết cải đạo cho một thế hệ tội đồ mới.
"
ancrene_disciples_center,0,,"HEREFORD
Hereford Tower là a tuyệt vời kết cấu encasing former cell, và now tomb, của visionary Anchoress Menwreda tại Wigmore Abbey. Nó có become a site của pilgrimage và a power base cho Ancrene Disciples."
faithful_sons_of_england_center,0,,"MỚI EXETER
Mới Exeter đã founded outside original city tường, after Exeter’s Bishop fled during plague. Work trên cathedral đã có ground đến a halt, và 1900 died, leaving Devon’s former đầu tiên city desolate."
band_of_the she_wolf_center,0,,"LANCASTER
A fortification crouched trên a bend của River Lune, Lancaster boasts a fine castle, built đến repel Scots. Members của Plantagenet dynasty ruling over này earldom perished trong tuyệt vời sickness. Nó có a reputation cho notable imprisonments, và executions."
philosophers_of_the_natural_order_center,0,,"OXFORD
Được xây dựng để vượt sông Thames và được bao quanh bởi đầm lầy, Oxford trước đây từng là nơi hội kiến của hoàng gia, nhưng từ sau đại dịch hạch đã suy tàn. Mọi giáo phái học giả và các dòng tu đều cư ngụ tại đây, thường xuyên tranh cãi lẫn nhau trên con đường tìm kiếm chân lý."
society_of_fellows_center,0,,"CAMBRIDGE
Nằm ở vùng đầm lầy phía đông là Cambridge, từng là tiền đồn thương mại La Mã, nay là trung tâm học thuật, tôn giáo và thường xuyên xảy ra bạo loạn. Không có vua hay tổng giám mục hậu thuẫn, các học giả thường bị bao vây bởi những thị dân đầy ngờ vực và oán hận."
kingdom_of_york_center,0,,"YORK
Từng là quê hương của các đạo quân La Mã và những anh hùng Viking, York là thủ phủ vĩ đại của phương Bắc. Bên dưới những con đường lát đá là hệ thống cống ngầm La Mã cổ đại và các lối đi bí mật. Từ mê cung tăm tối này, Vương quốc York phái đi các chiến binh bộ binh và gián điệp của mình."
heresy_of_the_rose_center,0,,"ROSSLYN
Các hầm ngục bên dưới Lâu đài Rosslyn được cho là nơi cất giấu một thư viện bí mật chứa những văn bản nguy hiểm và thần bí, được các Kẻ Dị Giáo canh giữ nghiêm ngặt. Khi các quý tộc từng sống ở đây đã qua đời, một khu rừng rậm rạp gần như bất khả xâm phạm đã mọc lên bao quanh. Những câu chuyện rùng rợn được lan truyền để giữ cho nơi này không bị quấy rầy."
circle_of_avalon_center,0,,"GLASTONBURY
Theo truyền thuyết, chính tại Đảo Thủy Tinh này thanh kiếm Excalibur đã được rèn và cũng tại đây, sau khi bị thương nặng, vua Arthur đã tìm nơi an nghỉ sau Trận chiến Camlann. Tương truyền rằng Morgan le Fay cùng tám người chị em từng thực hành y thuật chữa lành tại đây, và có một hang động bí mật dẫn lối tới cõi tiên Annwn. Hội Vòng Tròn Avalon đã dựng nên một đền thờ Mithraeum mới trên đỉnh đồi."
beirdd_cymraeg_center,0,,"YNYS MÔN
Bộ tộc Beirdd Cymraeg sinh sống trên hòn đảo Ynys Môn, quanh ngôi mộ đá cổ Bryn Celli Ddu. Hòn đảo từ lâu đã là cái nôi học thuật của các thi sĩ và đạo sĩ. Tại đây, nhà sử học La Mã Tacitus từng bắt gặp 'Những nữ thần báo thù trong tà áo đen chết chóc với mái tóc xõa buông xõa' và 'một vòng tròn các Đạo sĩ đang giơ cao đôi tay hướng lên trời cao.'"
progeny_of_the_plague_center,0,,"ISLE CỦA MANN
An island formed when an Irish giant threw a clod của earth tại a kình địch trong Scotland. Nó missed, và fell into Irish sea, becoming Isle của Mann. Nó lies under misty cloak của sea god, Manannán, who gave immortality đến gods through his swine, which returned đến life when killed; những thứ đó who ate của swine never died."
ravagers_center,0,,"NOVA FORESTA
Nova Foresta được vua William Kẻ Chinh Phục sắc phong là Rừng Hoàng Gia. Nhờ đó, nơi đây dồi dào muông thú và vô cùng lý tưởng cho việc Săn bắn. Truyền thuyết địa phương kể về tộc Ettin, một giống người khổng lồ hung tợn. Những câu chuyện này đan xen với các vụ nhìn thấy kẻ ăn thịt người gần đây, khiến vùng đất trù phú này thường bị xa lánh."
general_no_center,0,,Không center
scourge_center,0,,"Khắp chốn, Không nơi nào"
forest_bandits_center,0,,Không center
mountain_bandits_center,0,,Không center
river_bandits_center,0,,Không center
looters_center,0,,Không center
non_partisan_nomads,0,,Không center
menu_language_default,0,,Ngôn Ngữ Hỗ Trợ Chính Thức
menu_language_community,0,,Bản Dịch Cộng Đồng Khác
menu_modbrowser,0,,Quản Lý Bản Mod
mod_id,0,,ID mod
mod_author,0,,Tác giả
mod_game_version,0,,Phiên bản game
mod_tags,0,,Thẻ
get_mods,0,,Tìm mod
get_more,0,,Get Nhiều hơn
general_upload,0,,Tải lên
create_new,0,,Create Mới
mod_delete,0,,Xóa/Unsubscribe
mod_delete_info,0,,Hủy đăng ký mod này và xóa hoàn toàn khỏi máy tính của bạn
mod_edit,0,,Chỉnh sửa
mod_edit_info,0,,"Vì bạn là tác giả của mod này, bạn có thể chỉnh sửa nội dung"
mod_open_local_directory,0,,Mở Folder
mod_open_local_directory_info,0,,Mở thư mục cục bộ lưu trữ mod trên máy tính của bạn
workshop_update,0,,Cập nhật
workshop_update_info,0,,"Vì bạn là tác giả của mod này, bạn có thể chỉnh sửa và tải phiên bản cập nhật lên."
workshop_upload,0,,Tải lên
workshop_upload_info,0,,Công trình này mod only exists local trên your machine. Upload it để steam workshop để share it với others 
workshop_open,0,,Steam Workshop
workshop_open_info,0,,Mở Steam Workshop page của this mod
steam_workshop_upload_prompt,0,,"Này action sẽ upload này item đến Steam Workshop, do bạn want đến proceed?"
create_new_mod_loc_template,0,,Này action sẽ create English version của localization ready cho modding trên của bạn hard drive. Do bạn wish đến proceed?
create_new_mod_template,0,,Này action sẽ create empty mod template trên của bạn hard drive. Do bạn wish đến proceed?
delete_remote_mod_prompt,0,,Bạn có chắc chắn muốn hủy đăng ký mod này? Thao tác này cũng sẽ xóa mod khỏi máy tính của bạn.
delete_local_mod_prompt,0,,Bạn có chắc chắn muốn xóa vĩnh viễn mod này khỏi máy tính?
mod_version,0,,Phiên bản mod
new_mod_created,0,,Mới mod template created tại <path>
general_show,0,,Hiện
eula_accept_prompt,0,,"Để sử dụng hoặc tạo mod, vui lòng xác nhận bạn đã đọc và chấp nhận <link=""web_eula_link""><style=LinkWorker>Điều khoản Sử dụng</style></link> của trò chơi."
general_do _not_accept,0,,Do Not Chấp nhận
error_create_directory,0,,Could không create mới directory. Please check do bạn có necessary rights đến write đến Documents directory. 
and_more,0,,Và nhiều hơn...
dev_activateAllResearch_off,0,,Kích hoạt toàn bộ nghiên cứu
dev_activateAllResearch_on,0,,Hoàn tác kích hoạt nghiên cứu
dev_autoconstruct_off,0,,Tự Động Xây Dựng: Tắt
dev_autoconstruct_on,0,,Tự Động Xây Dựng: Bật
dev_autoprod_resources_off,0,,Tự Động Sản Xuất: Tắt
dev_autoprod_resources_on,0,,Tự Động Sản Xuất: Bật
dev_autoprod_worker_off,0,,Sản xuất tức thì: Tắt
dev_autoprod_worker_on,0,,Sản xuất tức thì: Bật
dev_damage_voxel,0,,Gây sát thương khối Voxel
dev_destroy_pile,0,,Phá hủy đống tài nguyên tại điểm
dev_dev,0,,Gỡ lỗi
dev_draw_effect_map,0,,Vẽ bản đồ hiệu ứng
dev_draw_map_mask,0,,Vẽ mặt nạ bản đồ
dev_general_actions,0,,Chung
dev_instant_dig_off,0,,Đào tức thì: Tắt
dev_instant_dig_on,0,,Đào tức thì: Bật
dev_map,0,,Bản đồ
dev_mark_animals_for_attack,0,,Đánh Dấu Toàn Bộ Động Vật Để Săn Bắn
dev_mark_workers_for_attack,0,,Tấn công dân làng
dev_menu_combat,0,,Chiến Đấu
dev_production_speed_max,0,,Tốc độ sản xuất: Tối đa
dev_production_speed_normal,0,,Tốc độ sản xuất: Bình thường
dev_remove_all_attack_marks,0,,Xóa mục tiêu tấn công
dev_remove_worker,0,,Xóa dân làng
dev_reset_workers,0,,Đặt lại dân làng
dev_set_mood_minus_10,0,,Tâm Trạng -10
dev_set_mood_plus_10,0,,Tâm Trạng +10
dev_set_worker_hunger_1,0,,Mức đói sinh vật: Đói lả
dev_set_worker_hunger_100,0,,Mức đói sinh vật: No nê
dev_set_worker_hunger_50,0,,Mức đói sinh vật: Đói
dev_set_worker_sleep,0,,Đặt giấc ngủ sinh vật
dev_set_worker_sleep_1,0,,Giấc ngủ sinh vật: Kiệt sức
dev_set_worker_sleep_100,0,,Giấc ngủ sinh vật: Nghỉ ngơi tốt
dev_set_worker_sleep_50,0,,Giấc ngủ sinh vật: Mệt mỏi
dev_spawn_animal,0,,Tạo Động Vật
dev_spawn_enemy,0,,Tạo 1x kẻ thù
dev_spawn_random_raid,0,,Tạo cuộc đột kích đơn giản
dev_spawn_resource,0,,Tạo Tài Nguyên
dev_spawn_worker_1,0,,Tạo 1 dân làng
dev_spawn_worker_10,0,,Tạo 10 dân làng
dev_start_planer,0,,Bắt đầu bào phẳng
dev_toggle_positionining_box,0,,Bật/Tắt hộp định vị
dev_voxel_info,0,,Hiện thông tin Voxel
dev_weather_view,0,,Hiện thông tin thời tiết
unique_id,0,,Mã định danh duy nhất
map_size_dev_100,0,,dev 100
map_size_dev_512,0,,dev 512
dev_delete_all,0,,Xóa toàn bộ bản lưu
dev_workers,0,,Dân làng
dev_toggle_altCamera_on,0,,Góc nhìn phụ: Bật
dev_toggle_altCamera_off,0,,Góc nhìn phụ: Tắt
dev_toggle_ui_on,0,,Giao diện UI: Tắt
dev_toggle_ui_off,0,,Giao diện UI: Bật
dev_event_interaction_chance_always,0,,Tỉ lệ tương tác sự kiện: 100%
dev_event_interaction_chance_default,0,,Đặt lại tỉ lệ tương tác sự kiện
menu_autoplay,0,,Kiểm Tra Tự Động
dev_spawn_plant,0,,Tạo Thực Vật Tại Vị Trí
dev_spawn_fish,0,,Tạo cá tại điểm
dev_try_fish_spawn,0,,Tạo thêm cá mới
dev_spawn_resource_ctg,0,,Tạo Toàn Bộ Tài Nguyên Theo Danh Mục
dev_spawn_item,0,,Tạo vật phẩm tại điểm
dev_force_exception,0,,Buộc phát sinh lỗi
dev_kill_all_piles,0,,Phá hủy toàn bộ đống tài nguyên
dev_recount_piles,0,,Đếm lại các đống tài nguyên
dev_recount_haul_piles,0,,Đếm lại đống cần vận chuyển
dev_crop_harvest,0,,Buộc cây trồng vào vụ thu hoạch
dev_marketing_mode,0,,Chế độ quảng bá
dev_spawn_blank_npc,0,,Tạo NPC trống
dev_set_npc_behaviour,0,,Thiết lập hành vi NPC
dev_wound_worker,0,,Gây thương tích cho dân làng
dev_set_health_100,0,,Máu = 100
dev_set_health_1,0,,Máu = 1
dev_set_health_0,0,,Máu = 0
dev_set_freshness_100,0,,Độ tươi = 100
dev_set_freshness_1,0,,Độ tươi = 1
dev_set_freshness_0,0,,Độ tươi = 0
dev_set_worker_hunger_minus_100,0,,Mức đói dân làng: Cồn cào
dev_set_worker_stats,0,,Đặt chỉ số dân làng
dev_faint_worker,0,,Làm dân làng bất tỉnh
dev_unfaint_worker,0,,Tỉnh táo dân làng
dev_add_xp_to_skill,0,,Chỉnh sửa điểm kinh nghiệm XP kỹ năng
dev_toggle_combat_damage_popup,0,,Bật/Tắt Hiển Thị Sát Thương Giao Tranh
dev_kill_all_enemies,0,,Tiêu diệt toàn bộ kẻ thù
dev_spawn_trebuchet,0,,Tạo máy bắn đá tại điểm
dev_kill_all_animals,0,,Tiêu Diệt Toàn Bộ Động Vật
dev_kill_all_fish,0,,Tiêu diệt toàn bộ cá
dev_deal_damage,0,,Gây 15 sát thương tại điểm
dev_ladder_falldown,0,,Đẩy dân làng ngã khỏi thang
dev_events,0,,Sự kiện
dev_spawn_event,0,,Kích hoạt sự kiện
dev_schedule_event_group,0,,Lên lịch sự kiện từ nhóm
dev_weather_time,0,,Thời tiết và Thời gian
dev_water_debug,0,,Bật/Tắt UI gỡ lỗi nước
dev_mining_speed_reset,0,,Đặt lại tốc độ đào mỏ
dev_mining_speed_10,0,,Tốc độ đào mỏ: ×10
dev_kill_all_plants,0,,Xóa Bỏ Toàn Bộ Thực Vật
dev_plant_next_phase,0,,Thúc Ép Thực Vật Sang Giai Đoạn Sinh Trưởng Tiếp Theo
dev_crop_next_phase,0,,Đẩy nhanh giai đoạn cây trồng tại điểm
dev_set_low_fuel,0,,Đặt mức nhiên liệu thấp tại điểm
dev_toggle_player_voxel_info,0,,Bật/Tắt thông tin khối Voxel người chơi
dev_thunder,0,,Tia sét đánh tại điểm
dev_toggle_regions,0,,Bật/Tắt hiển thị khu vực
dev_toggle_air_nodes,0,,Bật/Tắt nút lưới không gian
dev_toggle_ground_nodes,0,,Bật/Tắt nút lưới mặt đất
dev_toggle_pathing_lines,0,,Bật/Tắt đường dẫn đường đi
dev_pathfining,0,,Tìm đường đi
dev_refresh_nodes,0,,Làm mới toàn bộ nút
dev_update_node_visualizer,0,,Cập nhật hiển thị trực quan nút
dev_warning_messages,0,,Thông báo cảnh báo
dev_create_warning,0,,Tạo thông báo cảnh báo
dev_update_warning,0,,Cập nhật cảnh báo
dev_remove_warning,0,,Xóa cảnh báo
dev_visual_debug,0,,Hiển thị gỡ lỗi
dev_toggle_all_debug,0,,Bật/Tắt tất cả
dev_toggle_recheability_debug,0,,Bật/Tắt khả năng tiếp cận
dev_toggle_proximity_debug,0,,Bật/Tắt phạm vi lân cận
dev_toggle_relocate_debug,0,,Bật/Tắt di dời đống tài nguyên
dev_effects,0,,Hiệu ứng
dev_spawn_particle_system,0,,Tạo hệ thống hạt (Particle)
dev_trading,0,,Giao thương
dev_spawn_trader,0,,Tạo thương nhân
dev_spawn_trader_with_bodyguards,0,,Tạo thương nhân kèm vệ sĩ
dev_faction_set_friendliness,0,,Đặt mức thân thiện phe phái
dev_animals,0,,Động Vật & Thú Nuôi
dev_mark_for_roping,0,,Đánh dấu buộc dây kéo
dev_domestic,0,,Đặt thành vật nuôi
dev_pet,0,,Đặt thành thú cưng
dev_wild,0,,Đặt thành hoang dã
dev_wild_aggressive,0,,Đặt thành hung dữ hoang dã
dev_pregnant,0,,Đặt con thú mang thai
dev_birth,0,,Cho sinh nở
dev_animal_prod_finish,0,,Hoàn Tất Sản Xuất Sản Vật Động Vật
dev_reset_animal_timers,0,,Đặt Lại Bộ Đếm Thuần Hóa / Huấn Luyện
dev_structure_preset_panel,0,,Bảng mẫu công trình dựng sẵn
dev_toggle_structure_preset_panel,0,,Bật/Tắt bảng mẫu
dev_traps,0,,Bẫy
dev_trigger_trap,0,,Kích hoạt bẫy tại điểm
dev_reset_trap,0,,Đặt lại bẫy
dev_tooltip_spawn_plant,0,,Tạo cây trồng tại vị trí nhấp chuột
dev_tooltip_spawn_fish,0,,Tạo cá tại vị trí nhấp chuột
dev_tooltip_try_fish_spawn,0,,Tạo một con cá khác ở vị trí thích hợp trên bản đồ nếu có thể.
dev_tooltip_spawn_resource,0,,Tạo đống tài nguyên tại vị trí nhấp chuột
dev_tooltip_spawn_resource_ctg,0,,Tạo toàn bộ tài nguyên thuộc danh mục tại vị trí nhấp chuột
dev_tooltip_spawn_item,0,,Tạo vật phẩm tại vị trí nhấp chuột
dev_tooltip_spawn_animal,0,,Tạo động vật tại vị trí nhấp chuột
dev_tooltip_autoconstruct,0,,Chuyển đổi giữa chế độ hoàn thành xây dựng tức thì và xây dựng bình thường
dev_tooltip_activate_all_research,0,,Bật/Tắt mở khóa toàn bộ nghiên cứu
dev_tooltip_production_speed_normal,0,,Đặt hệ số tốc độ sản xuất về 1.
dev_tooltip_production_speed_max,0,,Đặt hệ số tốc độ sản xuất lên 50.
dev_tooltip_force_exception,0,,Buộc phát sinh lỗi ngoại lệ.
dev_tooltip_destroy_pile,0,,Hủy đống tài nguyên tại vị trí nhấp chuột
dev_tooltip_kill_piles,0,,Phá hủy toàn bộ các đống tài nguyên trên bản đồ.
dev_tooltip_toggle_ui,0,,Bật và tắt giao diện trò chơi
dev_tooltip_toggle_alt_camera,0,,Chuyển đổi chế độ camera từ tiêu chuẩn sang góc nhìn đẳng cự (isometric).
dev_tooltip_recount_piles,0,,Đếm lại tất cả các đống tài nguyên trên bản đồ.
dev_tooltip_recount_haul_piles,0,,Đếm lại tất cả các đống tài nguyên cần vận chuyển trên bản đồ.
dev_tooltip_force_crop_harvest_phase,0,,Buộc cây trồng chuyển ngay sang giai đoạn thu hoạch sau khi gieo hạt.
dev_tooltip_marketing_mode,0,,Bật chế độ quảng bá (Marketing Mode)
dev_tooltip_set_interaction_event_chance_always,0,,Đặt tỉ lệ xảy ra sự kiện tương tác thành 100%.
dev_tooltip_set_interaction_event_chance_default,0,,Đặt lại tỉ lệ xảy ra sự kiện tương tác về mặc định.
dev_tooltip_spawn_worker_1,0,,Tạo 1 dân làng tại vị trí nhấp chuột.
dev_tooltip_spawn_worker_10,0,,Tạo 10 dân làng tại vị trí nhấp chuột.
dev_tooltip_remove_worker,0,,Nhấp vào dân làng để tiêu diệt họ.
dev_tooltip_wound_worker,0,,Nhấp vào dân làng để gây thương tích cho họ
dev_tooltip_set_health_100,0,,"Đặt mức máu của sinh vật, thực vật hoặc tài nguyên thành 100."
dev_tooltip_set_health_1,0,,"Đặt mức máu của sinh vật, thực vật hoặc tài nguyên thành 1."
dev_tooltip_set_health_0,0,,"Đặt mức máu của sinh vật, thực vật hoặc tài nguyên thành 0."
dev_tooltip_set_freshness_100,0,,Đặt độ tươi ngon của đống tài nguyên thành 100.
dev_tooltip_set_freshness_1,0,,Đặt độ tươi ngon của đống tài nguyên thành 1.
dev_tooltip_set_freshness_0,0,,Đặt độ tươi ngon của đống tài nguyên thành 0.
dev_tooltip_set_hunger_100,0,,Đặt mức đói của sinh vật thành No Nê.
dev_tooltip_set_hunger_50,0,,Đặt mức đói của sinh vật thành Đói.
dev_tooltip_set_hunger_1,0,,Đặt mức đói của sinh vật thành Đói Lả.
dev_tooltip_set_hunger_-100,0,,Đặt mức đói của sinh vật thành Đói Cồn Cào.
dev_tooltip_set_worker_stats,0,,Thay đổi chỉ số của dân làng bằng cách nhấp vào họ.
dev_tooltip_set_worker_sleep_100,0,,Đặt chỉ số Ngủ của sinh vật thành 100.
dev_tooltip_set_worker_sleep_50,0,,Đặt chỉ số Ngủ của sinh vật thành 50.
dev_tooltip_set_worker_sleep_1,0,,Đặt chỉ số Ngủ của sinh vật thành 1.
dev_tooltip_faint_worker,0,,Làm dân làng bất tỉnh tại vị trí nhấp chuột
dev_tooltip_unfaint_worker,0,,Đánh thức dân làng khỏi trạng thái bất tỉnh tại vị trí nhấp chuột.
dev_tooltip_reset_workers,0,,Đặt lại trạng thái của tất cả dân làng
dev_tooltip_mood_plus,0,,Cộng 10 điểm vào chỉ số tâm trạng của dân làng khi nhấp chuột.
dev_tooltip_mood_minus,0,,Trừ 10 điểm khỏi chỉ số tâm trạng của dân làng khi nhấp chuột.
dev_tooltip_add_xp_to_skill,0,,Thêm hoặc bớt điểm kinh nghiệm XP từ một kỹ năng khi nhấp chuột.
dev_tooltip_hunt_animals,0,,Đánh dấu tất cả động vật trên bản đồ để đi săn
dev_tooltip_hunt_workers,0,,Chế độ săn dân làng
dev_tooltip_toggle_combat_damage_popup,0,,Bật/Tắt hiển thị các con số sát thương chiến đấu nổi trên màn hình.
dev_tooltip_spawn_enemy,0,,Tạo một kẻ thù tại vị trí nhấp chuột.
dev_tooltip_kill_enemies,0,,Tiêu diệt toàn bộ kẻ thù trên bản đồ.
dev_tooltip_spawn_trebuchet,0,,Tạo một máy bắn đá tại vị trí nhấp chuột.
dev_tooltip_kill_all_animals,0,,Tiêu diệt toàn bộ động vật trên bản đồ
dev_tooltip_kill_all_fish,0,,Tiêu diệt toàn bộ cá trên bản đồ.
dev_tooltip_deal_damage,0,,Gây 15 sát thương lên bất cứ thứ gì bạn nhấp vào (ngoại trừ khối voxel).
dev_tooltip_ladder_falldown,0,,Đẩy một sinh vật ngã khỏi thang leo.
dev_tooltip_spawn_event,0,,Kích hoạt sự kiện đã chọn.
dev_tooltip_schedule_event_group,0,,Lên lịch một sự kiện ngẫu nhiên từ nhóm đã chọn.
dev_tooltip_weather_date_time,0,,Chỉnh sửa thời tiết và thời gian.
dev_tooltip_voxel_info,0,,Hiển thị thông tin của khối voxel đang được chọn.
dev_tooltip_toggle_water_debug_ui,0,,Bật/Tắt giao diện chỉnh sửa và thông tin về nước.
dev_tooltip_damage_voxel,0,,Gây sát thương lên các khối voxel xung quanh con trỏ chuột.
dev_tooltip_weather_view,0,,Bật/Tắt bảng thông tin thời tiết trong toàn bộ mùa.
dev_tooltip_instant_dig,0,,Chuyển đổi giữa chế độ đào tức thì và đào bình thường.
dev_tooltip_10_mining_speed,0,,Đặt tốc độ đào mỏ lên ×10
dev_tooltip_revert_mining_speed,0,,Đặt lại tốc độ đào mỏ về bình thường.
dev_tooltip_kill_plants,0,,Phá hủy toàn bộ thực vật trên bản đồ
dev_tooltip_plant_next_phase,0,,Đẩy thực vật được nhấp chọn sang giai đoạn phát triển tiếp theo
dev_tooltip_crop_next_phase,0,,Đẩy cây trồng được nhấp chọn sang giai đoạn phát triển tiếp theo.
dev_tooltip_set_low_fuel,0,,Đặt mức nhiên liệu xuống rất thấp tại vị trí nhấp chuột.
dev_tooltip_toggle_player_voxel_info,0,,Bật/Tắt thông tin voxel cho người chơi.
dev_tooltip_thunder,0,,Nhấp để tạo một tia sét đánh (từ bão giông).
dev_tooltip_toggle_regions,0,,Bật/Tắt hiển thị trực quan khu vực (Region) phục vụ gỡ lỗi.
dev_tooltip_air_grid_nodes,0,,Bật/Tắt hiển thị lưới nút không gian phục vụ gỡ lỗi
dev_tooltip_ground_grid_nodes,0,,Bật/Tắt hiển thị lưới nút mặt đất phục vụ gỡ lỗi
dev_tooltip_pathing_lines,0,,Bật/Tắt đường dẫn hướng tìm đường phục vụ gỡ lỗi.
dev_tooltip_refresh_nodes,0,,Làm mới toàn bộ các nút mạng.
dev_tooltip_node_visualizer,0,,Cập nhật hiển thị trực quan các nút.
dev_tooltip_create_warning_messages,0,,Tạo các thông báo cảnh báo ngẫu nhiên.
dev_tooltip_test_update_warnings,0,,Cập nhật các thông báo cảnh báo.
dev_tooltip_test_remove_warnings,0,,Xóa tạm thời tất cả các thông báo cảnh báo.
dev_tooltip_toggle_all_visual_debug,0,,Bật/Tắt toàn bộ hiển thị trực quan gỡ lỗi.
dev_tooltip_toggle_reachability,0,,Bật/Tắt hiển thị khả năng tiếp cận phục vụ gỡ lỗi.
dev_tooltip_toggle_visual_proximity,0,,Bật/Tắt hiển thị phạm vi lân cận phục vụ gỡ lỗi.
dev_tooltip_toggle_relocate_piles,0,,Bật/Tắt hiển thị di dời đống tài nguyên phục vụ gỡ lỗi.
dev_tooltip_spawn_particle_system,0,,Tạo hệ thống hiệu ứng hạt đã chọn tại vị trí nhấp chuột.
dev_tooltip_spawn_trader,0,,Tạo một thương nhân ngẫu nhiên tại vị trí nhấp chuột.
dev_tooltip_spawn_trader_bodyguards,0,,Tạo một thương nhân ngẫu nhiên kèm vệ sĩ tại vị trí nhấp chuột.
dev_tooltip_faction_set_friendliness,0,,Thay đổi mức độ thân thiện của phe phái.
dev_tooltip_mark_for_roping,0,,Đánh dấu con thú được nhấp chọn để buộc dây kéo dắt.
dev_tooltip_set_domestic,0,,Đặt con thú thành động vật nuôi tại vị trí nhấp chuột.
dev_tooltip_set_pet,0,,Đặt con thú thành thú cưng tại vị trí nhấp chuột.
dev_tooltip_set_wild,0,,Đặt con thú thành động vật hoang dã tại vị trí nhấp chuột.
dev_tooltip_set_wild_aggro,0,,Đặt con thú thành động vật hung dữ hoang dã tại vị trí nhấp chuột.
dev_tooltip_set_pregnant_animal,0,,Buộc con thú cái mang thai tại vị trí nhấp chuột
dev_tooltip_give_birth_animal,0,,Cho con thú cái sinh nở ngay lập tức tại vị trí nhấp chuột
dev_tooltip_finish_animal_production,0,,Hoàn thành ngay việc thu hoạch sản vật từ động vật
dev_tooltip_reset_taming_and_training,0,,Đặt lại bộ đếm thời gian thuần hóa và huấn luyện con thú tại vị trí nhấp chuột.
dev_tooltip_toggle_structure_preset_panel,0,,Bật/Tắt bảng mẫu công trình có sẵn.
dev_tooltip_trigger_traps,0,,Kích hoạt bẫy tại vị trí nhấp chuột.
dev_tooltip_reset_traps,0,,Đặt lại bẫy tại vị trí nhấp chuột.
dev_tooltip_spawn_blank_npc,0,,Tạo một NPC trống tại vị trí nhấp chuột.
dev_tooltip_set_npc_behaviour,0,,Thiết lập hành vi NPC tại vị trí nhấp chuột.
dev_npc_behaviour_select,0,,Chọn loại hành vi NPC để thiết lập:
dev_behaviour_name_tooltip,0,,"Sau khi chọn hành vi, nhấp vào NPC bạn muốn áp dụng."
dev_piles,0,,Tài nguyên & Vật phẩm
Seasons,0,,Mùa
Set Spring,0,,Đặt Mùa Xuân
Set Summer,0,,Đặt Mùa Hè
Set Autumn,0,,Đặt Mùa Thu
Set Winter,0,,Đặt Mùa Đông
dev_tooltip_set_season,0,,Tua nhanh thời gian đến mùa đã chọn.
Day Time,0,,Thời điểm trong ngày
Set Noon,0,,Đặt Buổi trưa
Set Dawn,0,,Đặt bình minh
Set Midnight,0,,Đặt Nửa đêm
Set Dusk,0,,Đặt hoàng hôn
dev_tooltip_set_time_of_day,0,,Thay đổi thời điểm trong ngày sang mốc đã chọn.
Weather,0,,Thời tiết
Set rain,0,,Bắt đầu mưa
Set fog,0,,Sương mù
Set snow,0,,Bắt đầu tuyết rơi
dev_tooltip_set_weather_event,0,,Kích hoạt kiểu thời tiết mưa tuyết đã chọn.
dev_inflict_wound,0,,Chọn vết thương để gây ra:
dev_event_spawn,0,,Chọn sự kiện để tạo:
dev_tooltip_inflict_wound,0,,Gây vết thương đã chọn lên dân làng khi nhấp chuột.
dev_gender_male,0,,Giới tính: Nam
dev_gender_female,0,,Giới tính: Nữ
dev_tooltip_gender,0,,Chuyển đổi giới tính của kẻ thù chuẩn bị tạo.
dev_tooltip_enemy,0,,Tạo kẻ thù đã chọn tại vị trí nhấp chuột.
dev_enemy_spawn,0,,Chọn NPC để tạo:
dev_trebuchet_spawn,0,,Chọn máy bắn đá để tạo:
dev_friendliness_minus,0,,Điểm thân thiện -10
dev_friendliness_plus,0,,Điểm thân thiện +10
dev_tooltip_friendliness_plus,0,,Cộng 10 điểm thân thiện cho phe phái đã chọn.
dev_tooltip_friendliness_minus,0,,Trừ 10 điểm thân thiện cho phe phái đã chọn.
dev_faction_friendliness,0,,Chọn một phe phái...
dev_faction_modify_friendliness,0,,...sau đó chỉnh thân thiện + / - 10.
dev_tooltip_faction,0,,Chọn phe phái bạn muốn thay đổi mức độ thân thiện.
dev_tooltip_particle,0,,Tạo hệ thống hiệu ứng hạt đã chọn tại vị trí nhấp chuột.
dev_particle_system,0,,Chọn hệ thống hiệu ứng hạt để tạo:
dev_tooltip_skill,0,,Thay đổi kỹ năng này trên dân làng theo mức quy định khi nhấp chuột.
dev_select_dropdown,0,,Thay đổi kỹ năng theo:
dev_select_skill,0,,Chọn kỹ năng để chỉnh sửa
dev_select_item,0,,Chọn vật phẩm để tạo tại vị trí nhấp chuột
dev_select_item_quality,0,,Chọn phẩm chất vật phẩm
dev_tooltip_spawn_item_quality,0,,Tạo vật phẩm với phẩm chất đã chọn tại vị trí nhấp chuột.
dev_random_item,0,,Vật phẩm ngẫu nhiên
dev_tooltip_random_item,0,,Tạo 10 vật phẩm ngẫu nhiên tại vị trí nhấp chuột.
resource_name_fish_pike,0,,Cá Chó Sông
resource_name_fish_trout,0,,Cá Hồi Suối
dev_tooltip_fish,0,,Tạo loài cá đã chọn tại vị trí nhấp chuột
dev_select_fish,0,,Chọn loài cá để tạo:
dev_select_plant,0,,Chọn thực vật cần tạo:
dev_tooltip_plant,0,,Tạo thực vật đã chọn tại vị trí nhấp chuột
dev_tooltip_resourceCtg,0,,Tạo mọi tài nguyên thuộc danh mục đã chọn tại vị trí nhấp chuột
dev_select_resourceCtg,0,,Chọn danh mục tài nguyên cần tạo:
dev_tooltip_resource,0,,Tạo chồng tài nguyên đã chọn với số lượng tối đa tại vị trí nhấp chuột
dev_select_resource,0,,Chọn tài nguyên cần tạo:
dev_tooltip_stat_set,0,,Đặt chỉ số đã chọn thành giá trị quy định cho dân làng được nhấp chọn.
dev_stat_0,0,,Chỉ số = 0
dev_stat_25,0,,Chỉ số = 25
dev_stat_50,0,,Chỉ số = 50
dev_stat_75,0,,Chỉ số = 75
dev_stat_100,0,,Chỉ số = 100
dev_tooltip_animal_pet,0,,Tạo con vật đã chọn làm thú cưng tại vị trí nhấp chuột
dev_tooltip_animal_domestic,0,,Tạo động vật nuôi đã thuần hóa tại vị trí nhấp chuột
dev_tooltip_animal,0,,Tạo động vật hoang dã tại vị trí nhấp chuột
dev_tooltip_wild_aggressive_animals,0,,Tạo động vật hoang dã hung dữ tại vị trí nhấp chuột
dev_wild_animals,0,,Động Vật Hoang Dã
dev_domestic_animals,0,,Gia Súc Gia Cầm Thuần Hóa
dev_pet_animals,0,,Thú Cưng
dev_wild_aggressive_animals,0,,Dã Thú Hung Dữ
resource_category_name_CtgAll,0,,Tất Cả Danh Mục
equipment_name_heater_shield,0,,Khiên
equipment_name_macabre_crown,0,,Vương miện
equipment_name_druid_crown,0,,Vương miện
equipment_name_mirror_wall,0,,Gương tường
equipment_name_stone_statue_large,0,,Tượng lớn (đá vôi)
equipment_name_wood_statue_large,0,,Tượng lớn (gỗ)
equipment_name_stone_statue_wall,0,,Phù điêu tường (đá vôi)
equipment_name_wood_statue_wall,0,,Phù điêu tường (gỗ)
equipment_name_rug_large,0,,Thảm (lanh)
equipment_name_hay_rug_large,0,,Chiếu cói
equipment_name_tapestry_vertical_wall,0,,Thảm treo tường
equipment_name_painting_vertical_wall,0,,Tranh
resource_name_heater_shield,0,,Khiên Tam Giác Hiệp Sĩ
resource_name_macabre_crown,0,,Vương Miện Khung Xương
resource_name_druid_crown,0,,Vương Miện Lá Sồi Druid
resource_name_mirror_wall,0,,Gương Soi Treo Tường
resource_name_stone_statue_large,0,,Tượng Đá Vôi Lớn
resource_name_wood_statue_large,0,,Tượng Gỗ Lớn
resource_name_stone_statue_wall,0,,Phù Điêu Đá Treo Tường
resource_name_wood_statue_wall,0,,Phù Điêu Gỗ Treo Tường
resource_name_rug_large,0,,Thảm Trải Sàn Vải Lanh
resource_name_hay_rug_large,0,,Chiếu Cói Bện Rơm
resource_name_tapestry_vertical_wall,0,,Thảm Dệt Nghệ Thuật Treo Tường
resource_name_painting_vertical_wall,0,,Bức Tranh Sơn Dầu Treo Tường
menu_AnimalWild,0,,Độ Hoang Dã Của Động Vật
menu_AnimalUntrained,0,,Độ Chưa Thuần Thục Của Động Vật
menu_Fermentation,0,,Quá Trình Lên Men
menu_SunLight,0,,Lượng Ánh Nắng Tích Lũy
menu_Dryness,0,,Độ Khô Ráo
menu_Breath,0,,Hơi Thở Sinh Tồn
dev_particle_build_particles,0,,Hiệu ứng xây dựng
dev_particle_dust,0,,Bụi mù
dev_particle_wood,0,,Mảnh gỗ
dev_particle_stone,0,,Đá vụn
dev_particle_grass,0,,Mẩu cỏ
dev_particle_arrowbreak,0,,Mũi tên gãy
dev_particle_arrowmiss,0,,Mũi tên trượt
dev_particle_crithit,0,,Đòn đánh chí mạng
dev_particle_trebuchehit,0,,Đạn máy bắn đá trúng đích
dev_particle_vegetables_chopp,0,,Cắt tỉa rau củ
dev_particle_hammer_sparks,0,,Tia lửa búa rèn
dev_particle_blood_splat,0,,Máu bắn
dev_particle_wood_chips,0,,Dăm gỗ vụn
dev_particle_weapon_hit,0,,Vũ khí đánh trúng
dev_particle_trap_activate,0,,Bẫy sập kích hoạt
dev_particle_DustParticles,0,,Bụi mịn
dev_particle_hay_pickup,0,,Nhặt cỏ khô
dev_particle_shrub_destroy,0,,Chặt bụi cây
dev_particle_destroy_building,0,,Hiệu Ứng Phá Hủy Công Trình
dev_particle_drunk,0,,Say xỉn
dev_particle_rebelious,0,,Nổi loạn
dev_particle_pinned,0,,Bị ghim giữ
dev_particle_barley_death,0,,Đại mạch héo tàn
dev_particle_beet_death,0,,Củ dền héo tàn
dev_particle_cabbage_death,0,,Bắp cải héo tàn
dev_particle_carrots_death,0,,Cà rốt héo tàn
dev_particle_flax_death,0,,Cây lanh héo tàn
dev_particle_herbs_death,0,,Thảo mộc héo tàn
dev_particle_mushroom_death,0,,Hiệu Ứng Nấm Héo Tàn
dev_particle_destroy_clay_brick_wall,0,,Hiệu ứng phá hủy tường gạch đất sét
dev_particle_destroy_limestone_block_wall,0,,Hiệu ứng phá hủy tường gạch đá vôi
dev_particle_destroy_liimestone_wall,0,,Hiệu ứng phá hủy tường đá vôi
dev_particle_destroy_clay_wall,0,,Hiệu ứng phá hủy tường đất sét
dev_particle_destroy_wood_wall,0,,Hiệu ứng phá hủy tường gỗ
dev_particle_destroy_wood_floor,0,,Hiệu ứng phá hủy sàn gỗ
dev_particle_destroy_wicker_floor,0,,Hiệu ứng phá hủy sàn liễu đan
dev_particle_destroy_reinforced_wood_door,0,,Hiệu ứng phá hủy cửa gỗ gia cố
dev_particle_destroy_grated_door,0,,Hiệu ứng phá hủy cửa song sắt
dev_particle_destroy_hay_roof,0,,Hiệu ứng phá hủy mái tranh
dev_particle_destroy_wicker_roof,0,,Hiệu ứng phá hủy mái liễu đan
dev_particle_destroy_wood_roof,0,,Hiệu ứng phá hủy mái gỗ
dev_particle_destroy_limestone_roof,0,,Hiệu ứng phá hủy mái đá vôi
dev_particle_destroy_clay_roof,0,,Hiệu ứng phá hủy mái đất sét
dev_particle_destroy_wood_torch,0,,Hiệu ứng phá hủy đuốc gỗ
dev_particle_destroy_iron_torch,0,,Hiệu ứng phá hủy đuốc sắt
dev_particle_destroy_banner,0,,Hiệu ứng phá hủy cờ hiệu
dev_particle_destroy_ground,0,,Hiệu ứng phá hủy mặt đất
dev_particle_destroy_pottery_shelf,0,,Hiệu ứng phá hủy kệ gốm
dev_particle_destroy_book_shelf,0,,Hiệu ứng phá hủy giá sách
dev_particle_spawn_pile,0,,Tạo đống tài nguyên
dev_particle_stylized_dust,0,,Bụi cách điệu
dev_particle_build_finished_particles,0,,Xây dựng hoàn tất
dev_particle_blueprint_placed,0,,Đã đặt bản vẽ
dev_particle_footsteps_dust,0,,Bụi dấu chân
dev_particle_skillup_particles,0,,Tăng cấp kỹ năng
dev_particle_hot_particles,0,,Nhiệt độ nóng
dev_particle_cold_particles,0,,Nhiệt độ lạnh
dev_particle_production_finished_particles,0,,Sản xuất hoàn tất
dev_particle_tame_hearts,0,,Trái tim thuần hóa
dev_particle_eating,0,,Đang ăn
dev_particle_trainsuccess,0,,Huấn luyện thành công
dev_particle_shearing,0,,Xén lông
dev_particle_building_hit,0,,Hiệu Ứng Công Trình Bị Tấn Công
dev_particle_tree_shake_apple,0,,Rung cây táo
dev_particle_paint_splats,0,,Vệt sơn bắn
dev_particle_tree_shake_branches,0,,Rung cành cây
dev_particle_tree_shake_birch,0,,Rung cây bạch dương
dev_particle_tree_shake_maple,0,,Rung cây phong
dev_particle_tree_shake_oak,0,,Rung cây sồi
dev_particle_tree_shake_pine,0,,Rung cây thông
dev_particle_tree_shake_plane,0,,Rung cây tiêu huyền
dev_particle_tree_fall_birch,0,,Cây bạch dương đổ
dev_particle_crows_flying_straight,0,,Đàn quạ bay
dev_particle_ducks_flying_straight,0,,Đàn vịt bay
dev_particle_geese_flying_straight,0,,Đàn ngỗng bay
dev_particle_buzzard_flying_over,0,,Chim ó bay lượn
dev_particle_pigeons_flying_straight,0,,Đàn bồ câu bay
dev_particle_pigeons_scare,0,,Làm kinh động bồ câu
dev_particle_crows_circling,0,,Quạ lượn vòng
dev_particle_crows_scare,0,,Làm kinh động quạ
dev_particle_worker_dirt_left_footprint,0,,Dấu chân trái dân làng (trên đất)
dev_particle_worker_dirt_right_footprint,0,,Dấu chân phải dân làng (trên đất)
dev_particle_bear_dirt_left_footprint,0,,Dấu chân trái của gấu
dev_particle_bear_dirt_right_footprint,0,,Dấu chân phải của gấu
dev_particle_boar_dirt_right_footprint,0,,Dấu chân phải của lợn rừng
dev_particle_boar_dirt_left_footprint,0,,Dấu chân trái của lợn rừng
dev_particle_deer_dirt_footprint,0,,Dấu chân hươu
dev_particle_cow_dirt_footprint,0,,Dấu chân bò
dev_particle_donkey_dirt_footprint,0,,Dấu chân lừa
dev_particle_dog_dirt_footprint,0,,Dấu chân chó
dev_particle_sheep_dirt_footprint,0,,Dấu chân cừu
dev_particle_worker_snow_left_footprint,0,,Dấu chân trái dân làng (trên tuyết)
dev_particle_worker_snow_right_footprint,0,,Dấu chân phải dân làng (trên tuyết)
dev_particle_footsteps_snow_dust,0,,Bụi tuyết dấu chân
dev_particle_footsteps_wet_splash,0,,Vệt nước bắn dấu chân
dev_particle_footsteps_grass_dust,0,,Bụi cỏ dấu chân
dev_particle_water_splash,0,,Bọt nước bắn
dev_particle_water_ripple,0,,Gợn sóng nước
dev_select_event_group,0,,Chọn một nhóm sự kiện để lên lịch:
dev_tooltip_event_group,0,,Lên lịch một sự kiện ngẫu nhiên từ nhóm đã chọn
dev_event_group_Runaway,0,,Dân làng chạy trốn
dev_event_group_Thunderstorm,0,,Bão giông sấm sét
dev_event_group_Hailstorm,0,,Mưa đá
dev_event_group_Blight,0,,Dịch hại mùa màng
dev_event_group_Coldsnap,0,,Đợt rét đậm
dev_event_group_Heatwave,0,,Đợt nắng nóng
dev_event_group_AnimalRaid,0,,Cuộc đột kích của thú hoang
dev_event_group_Newworker,0,,Dân làng mới
dev_event_group_Raid,0,,Cuộc đột kích
dev_event_group_Merchantgeneral,0,,Thương nhân khôn khéo
dev_event_group_Merchantrare,0,,Đoàn buôn thương nhân
dev_event_group_Visitor,0,,Lữ khách đơn độc
dev_event_group_AnimalMiscSmall,0,,Bầy Động Vật Nhỏ
dev_event_group_AnimalWildLarge,0,,Dã Thú Hoang Dã Cỡ Lớn
dev_event_group_AnimalDomesticSingle,0,,Gia Súc Thuần Hóa
dev_event_group_AnimalBearSingle,0,,Gấu Rừng
BlankBehaviour,0,,Mặc định
EnemyBehaviour,0,,Kẻ thù
TraderBehaviour,0,,Thương nhân
TraderBodyguardBehaviour,0,,Thương nhân Bodyguard
dev_make_npc_leave,0,,Trục xuất NPC
dev_tooltip_make_npc_leave,0,,Khiến NPC này rời khỏi bản đồ ngay lập tức.
dev_event_crop_blight,0,,Dịch hại mùa màng
dev_event_season_start_spring,0,,Khởi đầu Mùa Xuân
dev_event_season_start_summer,0,,Khởi đầu Mùa Hè
dev_event_season_start_autumn,0,,Khởi đầu Mùa Thu
dev_event_season_start_winter,0,,Khởi đầu Mùa Đông
dev_event_heat_wave,0,,Đợt nắng nóng
dev_event_cold_snap,0,,Đợt rét đậm
dev_event_hailstorm,0,,Mưa đá
dev_event_thunderstorm,0,,Bão giông sấm sét
dev_event_influence_20,0,,Uy danh gia tăng
dev_event_influence_100,0,,Kỷ nguyên hoàng kim
dev_event_new_worker,0,,Dân làng mới
dev_event_new_worker_hungry,0,,Cơn đói gõ cửa
dev_event_new_worker_wounded,0,,Chốn nương thân an toàn
dev_event_new_worker_wounded_02,0,,Gõ nhầm cửa
dev_event_new_worker_sick,0,,Bệnh tật rồi sẽ qua
dev_event_raid_new,0,,Cuộc đột kích
dev_event_runaway_new,0,,Những kẻ tống tiền bạo lực
dev_event_wolf_raid,0,,Đàn sói hung dữ
dev_event_all_dead,0,,Tất cả đã mất
dev_event_general_goods_trader_small,0,,Người bán hàng rong
dev_event_general_goods_trader_normal,0,,Thương nhân hàng bách hóa
dev_event_general_goods_trader_large,0,,Thương buôn sỉ bách hóa
dev_event_trader_weapons,0,,Thương nhân vũ khí
dev_event_trader_rare,0,,Thương nhân hàng hiếm
dev_event_trader_visitor,0,,Lữ khách đơn độc
game_boar_event,0,,Lợn rừng
game_dog_event,0,,Chó săn
game_cat_event,0,,Mèo
game_deer_event,0,,Hươu
game_goat_event,0,,Dê
game_cow_event,0,,Gia súc
game_sheep_event,0,,Cừu
game_sheep_domestic_event,0,,Domestic Cừu
game_chicken_event,0,,Gà
game_pheasant_event,0,,Gà lôi
game_cow_domestic_event,0,,Domestic Bò
game_fox_event,0,,Cáo
game_polecat_event,0,,Chồn hôi
game_single_polecat_event,0,,Một con chồn hôi
game_bear_event,0,,Gấu
dev_event_shakedown,0,,Tống tiền
dev_event_bard_visitor,0,,Người hát rong
dev_event_priest_visitor,0,,Tuyên úy giáo sĩ
dev_event_shaman_visitor,0,,Tu sĩ Druid
dev_events_seasons_and_weather,0,,Mùa và Thời tiết
dev_event_group_VisitorRole,0,,Chuyến viếng thăm hữu hảo
dev_spawn_bard_visitor,0,,Tạo người hát rong
dev_toggle_invurnelability,0,,Bật/Tắt bất tử sinh vật
dev_toggle_invurnelability_on,0,,Cho phép dân làng nhận sát thương
dev_toggle_invurnelability_off,0,,Làm toàn bộ dân làng bất tử
dev_tooltip_toggle_invurnelability,0,,Bật/Tắt trạng thái bất tử cho bất kỳ sinh vật nào bạn nhấp vào
dev_tooltip_toggle_Invulnerability_all,0,,Bật/Tắt trạng thái bất tử cho toàn bộ dân làng của bạn.
dev_set_npc_faction,0,,Đặt phe phái cho NPC
dev_tooltip_set_npc_faction,0,,Đặt phe phái cho NPC khi nhấp chuột
dev_faction_name_tooltip,0,,Nhấp chuột để gán phe phái của NPC sang phe này
dev_event_prisoner_merchant,0,,Thương nhân buôn tù nhân
dev_event_group_Merchantprisoner,0,,Thương nhân buôn tù nhân
dev_npc_faction_select,0,,Chọn phe phái muốn chuyển đổi sang
dev_buildings,0,,Công Trình Kiến Trúc
dev_unlock_all_variants_off,0,,Mở khóa toàn bộ biến thể: Tắt
dev_unlock_all_variants_on,0,,Mở khóa toàn bộ biến thể: Bật
dev_tooltip_unlock_all_variants,0,,"Nếu bật, tất cả các biến thể của các loại công trình sẽ được mở khóa bất kể bạn đã khám phá nguyên liệu tương ứng hay chưa"
dev_spawn_materials_with_building_off,0,,Tạo Sẵn Vật Liệu Cùng Bản Thiết Kế: Tắt
dev_spawn_materials_with_building_on,0,,Tạo Sẵn Vật Liệu Cùng Bản Thiết Kế: Bật
dev_tooltip_spawn_materials_with_building,0,,"Nếu bật, hệ thống sẽ tự động tạo đủ số vật liệu xây dựng ngay khi bạn đặt bản thiết kế"
dev_craftable_buildings_enabled_off,0,,Menu Công Trình Chế Tác: Tắt
dev_craftable_buildings_enabled_on,0,,Menu công trình có thể chế tác: Bật
dev_tooltip_craftable_buildings_enabled,0,,"Nếu bật, cho phép xây dựng các công trình có thể chế tác trực tiếp từ menu Xây Dựng"
dev_all_placement_allowed_on,0,,Cho phép mọi vị trí đặt: Bật
dev_all_placement_allowed_off,0,,Cho phép mọi vị trí đặt: Tắt
dev_tooltip_all_placement_allowed,0,,"Nếu bật, cho phép đặt các công trình chồng lấn lên nhau và đặt công trình lơ lửng trên không trung, v.v."
dev_switchFactionOwnership,0,,Chuyển quyền sở hữu phe phái
dev_tooltip_switchFactionOwnership,0,,Chuyển đổi quyền sở hữu công trình và đống tài nguyên giữa người chơi và kẻ thù.
dev_convertAllBuildingsToEnemyOwned,0,,Chuyển toàn bộ công trình thuộc sở hữu kẻ thù
dev_tooltip_convertAllBuildingsToEnemyOwned,0,,Chuyển toàn bộ công trình của người chơi thành công trình của kẻ thù.
dev_allowEdgePlacement_off,0,,Đặt ở mép bản đồ: Tắt
dev_allowEdgePlacement_on,0,,Đặt ở mép bản đồ: Bật
dev_tooltip_allowEdgePlacement,0,,Cho phép đặt công trình trong vùng viền đỏ ở rìa bản đồ
dev_destroy_all_buildings,0,,Phá hủy toàn bộ công trình
dev_tooltip_destroy_all_buildings,0,,Phá hủy toàn bộ tất cả công trình trên bản đồ
dev_research,0,,Nghiên cứu
dev_production,0,,Sản xuất
dev_camera,0,,Góc nhìn camera
dev_toggle_altCamera,0,,
dev_fill_storage,0,,Lấp đầy kho chứa
dev_tooltip_fill_storage,0,,Lấp đầy kho chứa bằng các chồng tài nguyên hợp lệ ngẫu nhiên và hủy các đống cũ khi nhấp chuột.
dev_health,0,,Sức khỏe
dev_hunger,0,,Cơn đói
dev_worker_stats,0,,Chỉ số dân làng
dev_sleep,0,,Giấc ngủ
dev_relocate_animal_idle_points,0,,Chuyển Đổi Điểm Nghỉ Ngơi Của Động Vật
dev_tooltip_relocate_animal_idle_points,0,,Làm mới và chuyển đổi ngẫu nhiên các điểm nằm nghỉ ngơi của động vật
dev_refresh_stability_water,0,,Làm mới độ ổn định của nước
dev_tooltip_refresh_stability_water,0,,Làm mới lại cơ chế độ ổn định của nước trên bản đồ.
dev_world_map,0,,Bản đồ thế giới
dev_spawn_map_marker,0,,Tạo đánh dấu bản đồ
dev_spawn_world_marker_tooltip,0,,Tạo một điểm đánh dấu trên bản đồ thế giới theo loại đã chọn
dev_commander_ai,0,,AI Chỉ huy
dev_tooltip_commander_ai,0,,Trải nghiệm các công cụ AI Chỉ huy
dev_create_commander_from_all,0,,Tạo từ toàn bộ kẻ thù
dev_tooltip_create_commander_from_all,0,,Tạo một nhóm AI Chỉ huy từ toàn bộ kẻ thù trên bản đồ
dev_enable_manual_commander_input,0,,Điều khiển thủ công
dev_tooltip_enable_manual_commander_input,0,,Đặt đặc vụ chỉ huy đầu tiên sang chế độ gỡ lỗi điều khiển thủ công
dev_enable_manual_construct_commander_input,0,,Lệnh xây dựng thủ công
dev_tooltip_enable_manual_construct_commander_input,0,,Gán đặc vụ chỉ huy đầu tiên sang chế độ gỡ lỗi xây dựng thủ công
dev_enable_manual_dig_commander_input,0,,Lệnh đào thủ công
dev_tooltip_enable_manual_dig_commander_input,0,,Đặt đặc vụ chỉ huy đầu tiên sang chế độ gỡ lỗi đào thủ công
dev_voxel,0,,Khối Voxel
dev_plants,0,,Cây Trồng & Thực Vật
dev_spawn_mature_plant,0,,Tạo Cây Trưởng Thành Tại Điểm Chỉ Định
dev_tooltip_spawn_mature_plant,0,,Tạo một cây trồng đã phát triển trọn vẹn tại vị trí nhấp chuột
dev_instant_cut_off,0,,Chặt hạ tức thì: Tắt
dev_instant_cut_on,0,,Chặt hạ tức thì: Bật
dev_tooltip_instant_cut,0,,Bật hoặc tắt tính năng chặt hạ thực vật tức thì khi dùng lệnh Chặt
dev_crops,0,,Cây trồng
dev_force_crop_harvest_phase_off,0,,Buộc vào giai đoạn thu hoạch: Tắt
dev_force_crop_harvest_phase_on,0,,Buộc vào giai đoạn thu hoạch: Bật
dev_force_plant_crops_off,0,,Tự động gieo hạt cây trồng: Tắt
dev_force_plant_crops_on,0,,Tự động gieo hạt cây trồng: Bật
dev_tooltip_force_plant_crops,0,,"Khi bật, các ô ruộng được đặt hoặc mở rộng sẽ tự động được gieo hạt"
dev_fuel,0,,Nhiên liệu
dev_regions,0,,Khu vực
dev_pathfinding,0,,Tìm đường đi
dev_fish,0,,Loài cá
dev_second_map,0,,Bản đồ phụ
dev_second_map_timer_on,0,,Hẹn giờ bản đồ phụ: Bật
dev_second_map_timer_off,0,,Hẹn giờ bản đồ phụ: Tắt
dev_tooltip_second_map_timer,0,,Bật/Tắt bộ đếm thời gian của bản đồ phụ.
dev_ambush_caravan,0,,Kích hoạt phục kích đoàn buôn
dev_ambush_caravan_tooltip,0,,Buộc xảy ra phục kích đối với một đoàn buôn đang hoạt động
dev_unlock_all_room_types,0,,Mở Khóa Toàn Bộ Quy Hoạch Loại Phòng
dev_tooltip_unlock_all_room_types,0,,Mở khóa toàn bộ các loại phòng để phục vụ hệ thống tự động nhận diện quy hoạch
dev_toggle_tooltips_on,0,,Chú giải công cụ: Bật
dev_toggle_tooltips_off,0,,Chú giải công cụ: Tắt
dev_tooltip_toggle_tooltips,0,,Bật và tắt hiển thị chú giải công cụ
dev_rotation,0,,Xoay góc
dev_kill_all_workers_but_one,0,,Giết toàn bộ chỉ giữ lại 1 dân làng
dev_tooltip_kill_all_workers_but_one,0,,Giết toàn bộ dân làng ngoại trừ 1 người duy nhất.
dev_grass_chunks_checkerboard,0,,Cỏ bàn cờ
dev_tooltip_grass_chunks_checkerboard,0,,Biến thảm cỏ thành họa tiết bàn cờ. Không thể hoàn tác. Chỉ dành cho gỡ lỗi.
religious_influence_50,0,,Phục Hưng +50
religious_influence_100,0,,Phục Hưng +100
pagan_influence_50,0,,Huynh Đệ Cây Sồi +50
pagan_influence_100,0,,Huynh Đệ Cây Sồi +100
military_influence_50,0,,Quân sự +50
military_influence_100,0,,Quân sự +100
trade_influence_50,0,,Thương mại +50
trade_influence_100,0,,Thương mại +100
cultural_influence_50,0,,Học thức +50
cultural_influence_100,0,,Học thức +100
infamy_50,0,,Tai tiếng +50
infamy_100,0,,Tai tiếng +100
dev_event_twitch_thunder,0,,Sấm sét Twitch
dev_event_deer_raid,0,,Hươu hung dữ
dev_event_hare_raid,0,,Thỏ rừng hung dữ
dev_event_fox_raid,0,,Cáo hung dữ
dev_event_polecat_raid,0,,Chồn hung dữ
dev_event_boar_raid,0,,Lợn rừng hung dữ
dev_event_rat_raid,0,,Chuột hung dữ
dev_event_dog_raid,0,,Chó hung dữ
dev_event_bear_raid,0,,Gấu hung dữ
dev_event_rats_pest,0,,Đại dịch chuột hoành hành
dev_event_all_dead_second_map,0,,Tất cả đã mất (Bản đồ phụ)
dev_event_beggar,0,,Kẻ ăn xin cơ nhỡ
dev_event_room_flood,0,,Hầm Chứa Bị Ngập Nước
game_event_type_nuisance,0,,Phiền toái quấy rối
game_event_type_grand_objective,0,,Mục tiêu lớn
dev_event_religious_final,0,,Trung tâm hành hương
dev_event_pagan_final,0,,Thánh địa ngoại giáo
dev_event_intellectual_final,0,,Đại học mới
dev_event_trade_final,0,,Hội chợ đặc quyền
dev_event_uncover_relic_location,0,,Phát hiện thánh tích
dev_event_uncover_mighty_oak_location,0,,Phát hiện Cây Sồi Đại Ngàn
dev_event_uncover_grand_research_table_location,0,,Phát hiện Bàn Nghiên Cứu Lớn
dev_event_pilgrims_visit_relic,0,,Hành hương viếng thánh tích
dev_event_pilgrims_visit_mighty_oak,0,,Hành hương viếng Cây Sồi Đại Ngàn
dev_event_uncover_trade_deal_location,0,,Phát hiện giao dịch thương mại
dev_event_end_game,0,,Hồi kết đã điểm
dev_event_raid_infamy,0,,Cuộc đột kích ô danh
dev_event_group_CellarFlood,0,,Hầm ngập nước
dev_event_group_AnimalRaidWolf,0,,Thú hoang đột kích (Sói)
dev_event_group_AnimalRaidRare,0,,Thú hoang đột kích (Hiếm)
dev_event_group_AnimalInfestation,0,,Đại dịch thú hoang hoành hành
dev_event_group_VisitorBeggar,0,,Kẻ ăn xin
dev_event_gorup_UncoverPilgrimRelicLocation,0,,Phát hiện vị trí thánh tích
dev_event_gorup_TradeDealBroker,0,,Phát hiện vị trí giao dịch thương mại
dev_event_gorup_UncoverMightyOakLocation,0,,Phát hiện vị trí Cây Sồi Đại Ngàn
dev_event_gorup_UncoverGrandREsearchDeskLocation,0,,Phát hiện vị trí Bàn Nghiên Cứu Lớn
dev_event_gorup_PilgrimRelicVisitor,0,,Khách hành hương viếng thánh tích
dev_event_gorup_PilgrimMightyOakVisitor,0,,Khách hành hương viếng Cây Sồi Đại Ngàn
dev_finish_all_blueprints,0,,Hoàn tất toàn bộ bản vẽ
dev_tooltip_finish_all_blueprints,0,,Biến toàn bộ bản vẽ ổn định thành công trình hoàn chỉnh
dev_set_prisoner_recruited_0,0,,Tù nhân - Chiêu mộ: 0%
dev_set_prisoner_recruited_50,0,,Tù nhân - Chiêu mộ: 50%
dev_set_prisoner_recruited_99,0,,Tù nhân - Chiêu mộ: 99%
dev_tooltip_set_prisoner_recruited_0,0,,Đặt chỉ số chiêu mộ của tù nhân được nhấp chọn về 0%
dev_tooltip_set_prisoner_recruited_50,0,,Đặt chỉ số chiêu mộ của tù nhân được nhấp chọn thành 50%
dev_tooltip_set_prisoner_recruited_99,0,,"Đặt chỉ số chiêu mộ của tù nhân được nhấp chọn thành 99%, để lần chiêu mộ thành công tiếp theo sẽ biến tù nhân thành dân làng."
dev_reset_prisoner_recruit_attempt,0,,Đặt lại lượt chiêu mộ tù nhân
dev_tooltip_reset_prisoner_recruit_attempt,0,,Đặt lại bộ đếm thời gian thử chiêu mộ tù nhân để bạn có thể thử chiêu mộ thêm một lần nữa
dev_advance_building_phase,0,,Đẩy nhanh giai đoạn xây dựng
dev_tooltip_advance_building_phase,0,,"Nhấp vào một công trình để chuyển đổi giai đoạn xây dựng từ bản vẽ sang nền móng, và từ nền móng sang hoàn tất"
dev_trigger_altered_state,0,,Kích hoạt trạng thái cảm xúc
dev_tooltip_trigger_altered_state,0,,Nhấp vào một dân làng để kích hoạt trạng thái Nổi Loạn hoặc Hân Hoan
dev_fill_workers_food_storage,0,,Lấp đầy túi thức ăn của dân làng
dev_tooltip_fill_workers_food_storage,0,,Lấp đầy túi thức ăn của tất cả dân làng bằng 1 phần cơm gói
dev_add_perk,0,,Thêm đặc điểm
dev_tooltip_add_perk,0,,Nhấp vào một dân làng để thêm đặc điểm đã chọn cho họ
dev_tooltip_trigger_rebellious,0,,Nhấp vào một dân làng để kích hoạt trạng thái Nổi Loạn lên người họ
dev_tooltip_trigger_merry,0,,Nhấp vào một dân làng để kích hoạt trạng thái Hân Hoan lên người họ
dev_trigger_rebellious,0,,Kích hoạt Nổi Loạn
dev_trigger_merry,0,,Kích hoạt Hân Hoan
dev_toggle_debug_serialize,0,,Bật/Tắt tuần tự hóa gỡ lỗi
dev_tooltip_toggle_debug_serialize,0,,Bật hoặc tắt tính năng tuần tự hóa phục vụ gỡ lỗi
